{
  "type": "FeatureCollection",
  "features": [
    {
      "type": "Feature",
      "properties": {
        "region_id": "north_franks_tract",
        "region_name": "North of Franks Tract",
        "kind": "reviewed_polygon",
        "geometry_note": "Uses the reviewed North of Franks Tract geometry from inputs/waterway_regions."
      },
      "geometry": {
        "type": "Polygon",
        "coordinates": [
          [
            [
              -121.676594,
              38.061037
            ],
            [
              -121.67475,
              38.068998
            ],
            [
              -121.676251,
              38.075643
            ],
            [
              -121.677352,
              38.081876
            ],
            [
              -121.676419,
              38.085103
            ],
            [
              -121.676713,
              38.087062
            ],
            [
              -121.675548,
              38.088888
            ],
            [
              -121.670739,
              38.091448
            ],
            [
              -121.665655,
              38.092925
            ],
            [
              -121.660915,
              38.09329
            ],
            [
              -121.659486,
              38.092797
            ],
            [
              -121.654172,
              38.089639
            ],
            [
              -121.651149,
              38.08726
            ],
            [
              -121.649218,
              38.086374
            ],
            [
              -121.647393,
              38.085638
            ],
            [
              -121.647325,
              38.084992
            ],
            [
              -121.647709,
              38.084452
            ],
            [
              -121.649755,
              38.084028
            ],
            [
              -121.65015,
              38.082293
            ],
            [
              -121.649245,
              38.0805
            ],
            [
              -121.648532,
              38.078773
            ],
            [
              -121.64847,
              38.072784
            ],
            [
              -121.649069,
              38.069801
            ],
            [
              -121.648987,
              38.061773
            ],
            [
              -121.648745,
              38.061475
            ],
            [
              -121.64807,
              38.061517
            ],
            [
              -121.647714,
              38.061922
            ],
            [
              -121.64775,
              38.065853
            ],
            [
              -121.647661,
              38.070647
            ],
            [
              -121.647291,
              38.072115
            ],
            [
              -121.646873,
              38.073366
            ],
            [
              -121.646547,
              38.078765
            ],
            [
              -121.646387,
              38.082063
            ],
            [
              -121.646114,
              38.083445
            ],
            [
              -121.64578,
              38.084082
            ],
            [
              -121.644021,
              38.084622
            ],
            [
              -121.639886,
              38.085037
            ],
            [
              -121.638001,
              38.085063
            ],
            [
              -121.636104,
              38.085276
            ],
            [
              -121.630584,
              38.086634
            ],
            [
              -121.628188,
              38.087072
            ],
            [
              -121.626233,
              38.088026
            ],
            [
              -121.624622,
              38.089407
            ],
            [
              -121.623617,
              38.090411
            ],
            [
              -121.622947,
              38.092287
            ],
            [
              -121.623376,
              38.094478
            ],
            [
              -121.62367,
              38.096733
            ],
            [
              -121.622843,
              38.097655
            ],
            [
              -121.621692,
              38.098392
            ],
            [
              -121.618051,
              38.099151
            ],
            [
              -121.614062,
              38.099867
            ],
            [
              -121.606798,
              38.100934
            ],
            [
              -121.605783,
              38.100858
            ],
            [
              -121.604758,
              38.100711
            ],
            [
              -121.602014,
              38.099734
            ],
            [
              -121.594619,
              38.097347
            ],
            [
              -121.593375,
              38.096565
            ],
            [
              -121.592039,
              38.094953
            ],
            [
              -121.590953,
              38.093846
            ],
            [
              -121.590276,
              38.09372
            ],
            [
              -121.58618,
              38.094273
            ],
            [
              -121.58423,
              38.094166
            ],
            [
              -121.581759,
              38.093361
            ],
            [
              -121.578998,
              38.092389
            ],
            [
              -121.578698,
              38.091389
            ],
            [
              -121.578496,
              38.088721
            ],
            [
              -121.578276,
              38.084406
            ],
            [
              -121.578076,
              38.080985
            ],
            [
              -121.577437,
              38.07901
            ],
            [
              -121.576628,
              38.077378
            ],
            [
              -121.573027,
              38.073812
            ],
            [
              -121.572096,
              38.072295
            ],
            [
              -121.571416,
              38.071275
            ],
            [
              -121.570833,
              38.070549
            ],
            [
              -121.564352,
              38.068531
            ],
            [
              -121.562946,
              38.067403
            ],
            [
              -121.562027,
              38.06602
            ],
            [
              -121.561566,
              38.064013
            ],
            [
              -121.561269,
              38.061928
            ],
            [
              -121.560485,
              38.060395
            ],
            [
              -121.558587,
              38.058368
            ],
            [
              -121.55503,
              38.056767
            ],
            [
              -121.553081,
              38.056407
            ],
            [
              -121.552081,
              38.056471
            ],
            [
              -121.549107,
              38.056046
            ],
            [
              -121.548296,
              38.056131
            ],
            [
              -121.54735,
              38.05662
            ],
            [
              -121.538352,
              38.055576
            ],
            [
              -121.537001,
              38.05498
            ],
            [
              -121.536109,
              38.054597
            ],
            [
              -121.534811,
              38.054405
            ],
            [
              -121.533324,
              38.054533
            ],
            [
              -121.531757,
              38.055512
            ],
            [
              -121.531108,
              38.056044
            ],
            [
              -121.530378,
              38.056896
            ],
            [
              -121.529313,
              38.060068
            ],
            [
              -121.52914,
              38.062806
            ],
            [
              -121.529897,
              38.065424
            ],
            [
              -121.530789,
              38.067531
            ],
            [
              -121.532225,
              38.068534
            ],
            [
              -121.534117,
              38.0693
            ],
            [
              -121.535253,
              38.069385
            ],
            [
              -121.536415,
              38.069236
            ],
            [
              -121.53801,
              38.068661
            ],
            [
              -121.541659,
              38.066363
            ],
            [
              -121.547086,
              38.06323
            ],
            [
              -121.553847,
              38.06074
            ],
            [
              -121.555037,
              38.060932
            ],
            [
              -121.555064,
              38.061549
            ],
            [
              -121.553913,
              38.063394
            ],
            [
              -121.552376,
              38.064499
            ],
            [
              -121.551806,
              38.065741
            ],
            [
              -121.551806,
              38.067208
            ],
            [
              -121.552442,
              38.069519
            ],
            [
              -121.553165,
              38.070434
            ],
            [
              -121.553932,
              38.071107
            ],
            [
              -121.554765,
              38.071917
            ],
            [
              -121.555225,
              38.072694
            ],
            [
              -121.557926,
              38.073965
            ],
            [
              -121.559898,
              38.074672
            ],
            [
              -121.561994,
              38.07603
            ],
            [
              -121.565608,
              38.077936
            ],
            [
              -121.569113,
              38.080294
            ],
            [
              -121.569512,
              38.082385
            ],
            [
              -121.569539,
              38.08456
            ],
            [
              -121.569436,
              38.085978
            ],
            [
              -121.569526,
              38.08653
            ],
            [
              -121.569294,
              38.088354
            ],
            [
              -121.569294,
              38.089949
            ],
            [
              -121.569848,
              38.091116
            ],
            [
              -121.570375,
              38.091848
            ],
            [
              -121.571205,
              38.092274
            ],
            [
              -121.571506,
              38.092819
            ],
            [
              -121.571136,
              38.09342
            ],
            [
              -121.570902,
              38.094099
            ],
            [
              -121.570653,
              38.094928
            ],
            [
              -121.570435,
              38.095869
            ],
            [
              -121.570255,
              38.096436
            ],
            [
              -121.570217,
              38.097063
            ],
            [
              -121.570141,
              38.097489
            ],
            [
              -121.570225,
              38.097992
            ],
            [
              -121.571144,
              38.098665
            ],
            [
              -121.572316,
              38.099825
            ],
            [
              -121.575136,
              38.101134
            ],
            [
              -121.57973,
              38.102181
            ],
            [
              -121.584196,
              38.102843
            ],
            [
              -121.584655,
              38.102746
            ],
            [
              -121.584983,
              38.10293
            ],
            [
              -121.587675,
              38.103206
            ],
            [
              -121.591505,
              38.103335
            ],
            [
              -121.592052,
              38.10354
            ],
            [
              -121.592398,
              38.103952
            ],
            [
              -121.592814,
              38.10431
            ],
            [
              -121.593971,
              38.105118
            ],
            [
              -121.595167,
              38.10566
            ],
            [
              -121.596454,
              38.106079
            ],
            [
              -121.598174,
              38.107144
            ],
            [
              -121.599695,
              38.107717
            ],
            [
              -121.601333,
              38.108167
            ],
            [
              -121.604605,
              38.10894
            ],
            [
              -121.610044,
              38.10828
            ],
            [
              -121.611664,
              38.107979
            ],
            [
              -121.61299,
              38.107887
            ],
            [
              -121.613497,
              38.107345
            ],
            [
              -121.61442,
              38.107027
            ],
            [
              -121.614797,
              38.107079
            ],
            [
              -121.615263,
              38.106319
            ],
            [
              -121.615772,
              38.105603
            ],
            [
              -121.617191,
              38.10495
            ],
            [
              -121.619681,
              38.104276
            ],
            [
              -121.62292,
              38.10396
            ],
            [
              -121.626017,
              38.10327
            ],
            [
              -121.626535,
              38.103328
            ],
            [
              -121.627499,
              38.103075
            ],
            [
              -121.630221,
              38.101732
            ],
            [
              -121.630859,
              38.100596
            ],
            [
              -121.632068,
              38.099751
            ],
            [
              -121.632925,
              38.098635
            ],
            [
              -121.633862,
              38.096401
            ],
            [
              -121.634229,
              38.092747
            ],
            [
              -121.635527,
              38.090726
            ],
            [
              -121.636497,
              38.089963
            ],
            [
              -121.636999,
              38.089846
            ],
            [
              -121.642803,
              38.091096
            ],
            [
              -121.64373,
              38.091478
            ],
            [
              -121.644629,
              38.091938
            ],
            [
              -121.645741,
              38.093577
            ],
            [
              -121.646152,
              38.094016
            ],
            [
              -121.647193,
              38.094049
            ],
            [
              -121.64812,
              38.09479
            ],
            [
              -121.649304,
              38.095015
            ],
            [
              -121.650574,
              38.095767
            ],
            [
              -121.654364,
              38.097196
            ],
            [
              -121.661099,
              38.098392
            ],
            [
              -121.665954,
              38.09832
            ],
            [
              -121.66925,
              38.09758
            ],
            [
              -121.673037,
              38.096427
            ],
            [
              -121.677059,
              38.094676
            ],
            [
              -121.679619,
              38.092854
            ],
            [
              -121.681426,
              38.090988
            ],
            [
              -121.683368,
              38.087521
            ],
            [
              -121.683915,
              38.087326
            ],
            [
              -121.684747,
              38.091662
            ],
            [
              -121.685032,
              38.099441
            ],
            [
              -121.683902,
              38.104837
            ],
            [
              -121.68323,
              38.107194
            ],
            [
              -121.682419,
              38.109319
            ],
            [
              -121.682108,
              38.111391
            ],
            [
              -121.682067,
              38.115077
            ],
            [
              -121.682261,
              38.115679
            ],
            [
              -121.682815,
              38.116268
            ],
            [
              -121.683326,
              38.116314
            ],
            [
              -121.683821,
              38.116226
            ],
            [
              -121.683983,
              38.116072
            ],
            [
              -121.684744,
              38.116126
            ],
            [
              -121.685043,
              38.115964
            ],
            [
              -121.687393,
              38.11544
            ],
            [
              -121.689036,
              38.114603
            ],
            [
              -121.69055,
              38.113569
            ],
            [
              -121.691796,
              38.112419
            ],
            [
              -121.692824,
              38.111258
            ],
            [
              -121.693685,
              38.109975
            ],
            [
              -121.694455,
              38.10853
            ],
            [
              -121.695213,
              38.10663
            ],
            [
              -121.695836,
              38.105745
            ],
            [
              -121.696953,
              38.105685
            ],
            [
              -121.698019,
              38.105836
            ],
            [
              -121.69956,
              38.106473
            ],
            [
              -121.70019,
              38.106352
            ],
            [
              -121.700601,
              38.106079
            ],
            [
              -121.700935,
              38.105664
            ],
            [
              -121.700999,
              38.105301
            ],
            [
              -121.70087,
              38.105119
            ],
            [
              -121.700433,
              38.104977
            ],
            [
              -121.698875,
              38.104302
            ],
            [
              -121.697463,
              38.10406
            ],
            [
              -121.696439,
              38.104098
            ],
            [
              -121.695914,
              38.104168
            ],
            [
              -121.695412,
              38.104305
            ],
            [
              -121.694517,
              38.104843
            ],
            [
              -121.69384,
              38.105435
            ],
            [
              -121.691913,
              38.108993
            ],
            [
              -121.689265,
              38.112221
            ],
            [
              -121.686964,
              38.113655
            ],
            [
              -121.685667,
              38.114153
            ],
            [
              -121.684275,
              38.114378
            ],
            [
              -121.683839,
              38.113809
            ],
            [
              -121.684425,
              38.109437
            ],
            [
              -121.686052,
              38.104191
            ],
            [
              -121.686753,
              38.101391
            ],
            [
              -121.68695,
              38.100192
            ],
            [
              -121.68697,
              38.099043
            ],
            [
              -121.686793,
              38.09698
            ],
            [
              -121.686854,
              38.092902
            ],
            [
              -121.686647,
              38.086748
            ],
            [
              -121.685519,
              38.082417
            ],
            [
              -121.684338,
              38.079609
            ],
            [
              -121.683993,
              38.078141
            ],
            [
              -121.683307,
              38.075885
            ],
            [
              -121.683668,
              38.07472
            ],
            [
              -121.683717,
              38.073449
            ],
            [
              -121.683331,
              38.071304
            ],
            [
              -121.682945,
              38.070602
            ],
            [
              -121.683018,
              38.069672
            ],
            [
              -121.682415,
              38.067236
            ],
            [
              -121.683285,
              38.064762
            ],
            [
              -121.685204,
              38.061991
            ],
            [
              -121.693382,
              38.055713
            ],
            [
              -121.693262,
              38.054441
            ],
            [
              -121.692045,
              38.05341
            ],
            [
              -121.690984,
              38.052119
            ],
            [
              -121.689794,
              38.051763
            ],
            [
              -121.688815,
              38.052176
            ],
            [
              -121.685189,
              38.054279
            ],
            [
              -121.682576,
              38.055652
            ],
            [
              -121.679959,
              38.056755
            ],
            [
              -121.678441,
              38.058102
            ],
            [
              -121.677235,
              38.059412
            ],
            [
              -121.676594,
              38.061037
            ]
          ]
        ]
      }
    },
    {
      "type": "Feature",
      "properties": {
        "region_id": "clifton_court_forebay",
        "region_name": "Clifton Court Forebay",
        "kind": "reviewed_polygon",
        "geometry_note": "Uses the reviewed Clifton Court Forebay geometry from inputs/waterway_regions."
      },
      "geometry": {
        "type": "Polygon",
        "coordinates": [
          [
            [
              -121.582521,
              37.856632
            ],
            [
              -121.582988,
              37.85377
            ],
            [
              -121.583168,
              37.853485,
              0
            ],
            [
              -121.584035,
              37.852912
            ],
            [
              -121.584485,
              37.85242
            ],
            [
              -121.584535,
              37.851925
            ],
            [
              -121.583949,
              37.851001,
              0
            ],
            [
              -121.583762,
              37.850623
            ],
            [
              -121.583286,
              37.850267
            ],
            [
              -121.58281,
              37.850054
            ],
            [
              -121.58229,
              37.849506
            ],
            [
              -121.582115,
              37.84903
            ],
            [
              -121.582185,
              37.848488
            ],
            [
              -121.582449,
              37.848052,
              0
            ],
            [
              -121.583502,
              37.847292
            ],
            [
              -121.584029,
              37.846948
            ],
            [
              -121.584593,
              37.84681,
              0
            ],
            [
              -121.586673,
              37.846618
            ],
            [
              -121.58751,
              37.846655
            ],
            [
              -121.588471,
              37.846984
            ],
            [
              -121.589069,
              37.847109
            ],
            [
              -121.589461,
              37.847067
            ],
            [
              -121.589995,
              37.846697
            ],
            [
              -121.590205,
              37.846285
            ],
            [
              -121.590104,
              37.845518,
              0
            ],
            [
              -121.590075,
              37.844005,
              0
            ],
            [
              -121.591102,
              37.841047
            ],
            [
              -121.591211,
              37.840489,
              0
            ],
            [
              -121.59119,
              37.839823
            ],
            [
              -121.591035,
              37.839165
            ],
            [
              -121.590677,
              37.838195
            ],
            [
              -121.59082,
              37.837601
            ],
            [
              -121.591402,
              37.8372
            ],
            [
              -121.592822,
              37.837153
            ],
            [
              -121.592988,
              37.836884
            ],
            [
              -121.592988,
              37.836351
            ],
            [
              -121.592958,
              37.833785
            ],
            [
              -121.592846,
              37.833566
            ],
            [
              -121.592856,
              37.833389
            ],
            [
              -121.592914,
              37.833306
            ],
            [
              -121.593049,
              37.833261
            ],
            [
              -121.593322,
              37.833267
            ],
            [
              -121.593342,
              37.832834
            ],
            [
              -121.593222,
              37.831682
            ],
            [
              -121.592909,
              37.8316
            ],
            [
              -121.592847,
              37.831431
            ],
            [
              -121.593003,
              37.831159
            ],
            [
              -121.592989,
              37.831001
            ],
            [
              -121.593002,
              37.82933
            ],
            [
              -121.592958,
              37.828915
            ],
            [
              -121.592935,
              37.82835
            ],
            [
              -121.592993,
              37.828128
            ],
            [
              -121.593037,
              37.827808
            ],
            [
              -121.592701,
              37.827244
            ],
            [
              -121.592875,
              37.826334
            ],
            [
              -121.592728,
              37.825815
            ],
            [
              -121.592259,
              37.825371
            ],
            [
              -121.587045,
              37.821428
            ],
            [
              -121.585933,
              37.821015
            ],
            [
              -121.584566,
              37.820835
            ],
            [
              -121.583467,
              37.820994
            ],
            [
              -121.581819,
              37.82165
            ],
            [
              -121.581095,
              37.821968
            ],
            [
              -121.580505,
              37.822487
            ],
            [
              -121.575721,
              37.826904,
              0
            ],
            [
              -121.574938,
              37.827021
            ],
            [
              -121.565934,
              37.826957
            ],
            [
              -121.564824,
              37.827085
            ],
            [
              -121.559917,
              37.828016
            ],
            [
              -121.559056,
              37.828267
            ],
            [
              -121.558211,
              37.828678
            ],
            [
              -121.557618,
              37.829199
            ],
            [
              -121.557409,
              37.829645
            ],
            [
              -121.557069,
              37.829844
            ],
            [
              -121.556997,
              37.830153
            ],
            [
              -121.556686,
              37.830381
            ],
            [
              -121.555359,
              37.830639
            ],
            [
              -121.554846,
              37.830707
            ],
            [
              -121.554731,
              37.830839
            ],
            [
              -121.555126,
              37.831809
            ],
            [
              -121.561823,
              37.848651,
              0
            ],
            [
              -121.5619,
              37.848898
            ],
            [
              -121.56264,
              37.849895,
              0
            ],
            [
              -121.564781,
              37.851399
            ],
            [
              -121.565921,
              37.852414,
              0
            ],
            [
              -121.567143,
              37.854974
            ],
            [
              -121.567794,
              37.855644
            ],
            [
              -121.568373,
              37.855938
            ],
            [
              -121.580812,
              37.857158,
              0
            ],
            [
              -121.581445,
              37.857173
            ],
            [
              -121.582051,
              37.857057
            ],
            [
              -121.582306,
              37.856872
            ],
            [
              -121.582521,
              37.856632
            ]
          ]
        ]
      }
    },
    {
      "type": "Feature",
      "properties": {
        "region_id": "franks_tract",
        "region_name": "Franks Tract",
        "kind": "reviewed_polygon",
        "geometry_note": "Uses the reviewed Franks Tract geometry from inputs/waterway_regions."
      },
      "geometry": {
        "type": "Polygon",
        "coordinates": [
          [
            [
              -121.657203,
              38.055304
            ],
            [
              -121.658586,
              38.053001
            ],
            [
              -121.658652,
              38.052196
            ],
            [
              -121.65854,
              38.051708
            ],
            [
              -121.658262,
              38.051198
            ],
            [
              -121.657417,
              38.050449
            ],
            [
              -121.656731,
              38.050024
            ],
            [
              -121.655777,
              38.04952
            ],
            [
              -121.655134,
              38.049166
            ],
            [
              -121.654409,
              38.048616
            ],
            [
              -121.653781,
              38.048046
            ],
            [
              -121.653293,
              38.047393
            ],
            [
              -121.653333,
              38.0471
            ],
            [
              -121.653344,
              38.046942
            ],
            [
              -121.653263,
              38.046808
            ],
            [
              -121.653123,
              38.046689
            ],
            [
              -121.652916,
              38.046579
            ],
            [
              -121.652715,
              38.046529
            ],
            [
              -121.652538,
              38.04651
            ],
            [
              -121.652347,
              38.046518
            ],
            [
              -121.6522,
              38.046563
            ],
            [
              -121.650006,
              38.046588
            ],
            [
              -121.649488,
              38.046542
            ],
            [
              -121.649146,
              38.04631
            ],
            [
              -121.649131,
              38.045918
            ],
            [
              -121.649875,
              38.043483
            ],
            [
              -121.64966,
              38.042941
            ],
            [
              -121.649282,
              38.042438
            ],
            [
              -121.648524,
              38.042157
            ],
            [
              -121.647849,
              38.042136
            ],
            [
              -121.646512,
              38.042708
            ],
            [
              -121.646299,
              38.043798
            ],
            [
              -121.646152,
              38.044934
            ],
            [
              -121.645615,
              38.045256
            ],
            [
              -121.644899,
              38.04544
            ],
            [
              -121.644339,
              38.045832
            ],
            [
              -121.644091,
              38.046273
            ],
            [
              -121.643976,
              38.046819
            ],
            [
              -121.643958,
              38.047737
            ],
            [
              -121.643563,
              38.04808
            ],
            [
              -121.642894,
              38.048154
            ],
            [
              -121.642256,
              38.04786
            ],
            [
              -121.641385,
              38.046978
            ],
            [
              -121.640638,
              38.046406
            ],
            [
              -121.639269,
              38.046173
            ],
            [
              -121.638258,
              38.046271
            ],
            [
              -121.636874,
              38.045977
            ],
            [
              -121.635723,
              38.045843
            ],
            [
              -121.635419,
              38.04553
            ],
            [
              -121.635077,
              38.044538
            ],
            [
              -121.634501,
              38.043607
            ],
            [
              -121.634252,
              38.042443
            ],
            [
              -121.633448,
              38.041275
            ],
            [
              -121.632351,
              38.040988
            ],
            [
              -121.631153,
              38.040866
            ],
            [
              -121.629271,
              38.041503
            ],
            [
              -121.628446,
              38.041074
            ],
            [
              -121.628011,
              38.04051
            ],
            [
              -121.627953,
              38.039982
            ],
            [
              -121.62828,
              38.038892
            ],
            [
              -121.628188,
              38.038141
            ],
            [
              -121.627088,
              38.037613
            ],
            [
              -121.625315,
              38.037258
            ],
            [
              -121.624306,
              38.035688
            ],
            [
              -121.623139,
              38.034683
            ],
            [
              -121.623087,
              38.03441
            ],
            [
              -121.622029,
              38.033956
            ],
            [
              -121.620581,
              38.033605
            ],
            [
              -121.620262,
              38.033488
            ],
            [
              -121.619842,
              38.033157
            ],
            [
              -121.619126,
              38.032111
            ],
            [
              -121.617477,
              38.031376
            ],
            [
              -121.61701,
              38.030849
            ],
            [
              -121.616454,
              38.030377
            ],
            [
              -121.614822,
              38.029947
            ],
            [
              -121.613026,
              38.027676
            ],
            [
              -121.611172,
              38.024547
            ],
            [
              -121.609741,
              38.021876
            ],
            [
              -121.607573,
              38.019089
            ],
            [
              -121.607345,
              38.018497
            ],
            [
              -121.607067,
              38.018093
            ],
            [
              -121.606554,
              38.017725
            ],
            [
              -121.605729,
              38.017603
            ],
            [
              -121.60478,
              38.017738
            ],
            [
              -121.60436,
              38.01786
            ],
            [
              -121.603532,
              38.018289
            ],
            [
              -121.599881,
              38.020446
            ],
            [
              -121.595221,
              38.025186
            ],
            [
              -121.585213,
              38.029926
            ],
            [
              -121.584672,
              38.029961
            ],
            [
              -121.584607,
              38.029532
            ],
            [
              -121.584381,
              38.028673
            ],
            [
              -121.583868,
              38.028587
            ],
            [
              -121.58323,
              38.028869
            ],
            [
              -121.583128,
              38.029393
            ],
            [
              -121.581955,
              38.02904
            ],
            [
              -121.58138,
              38.02915
            ],
            [
              -121.580649,
              38.029199
            ],
            [
              -121.580432,
              38.029052
            ],
            [
              -121.580976,
              38.028697
            ],
            [
              -121.580774,
              38.028403
            ],
            [
              -121.580369,
              38.028219
            ],
            [
              -121.579685,
              38.028207
            ],
            [
              -121.579141,
              38.02855
            ],
            [
              -121.57923,
              38.029049
            ],
            [
              -121.579233,
              38.02989
            ],
            [
              -121.579788,
              38.030505
            ],
            [
              -121.579851,
              38.030843
            ],
            [
              -121.579758,
              38.031245
            ],
            [
              -121.578707,
              38.031722
            ],
            [
              -121.577607,
              38.032525
            ],
            [
              -121.57697,
              38.034219
            ],
            [
              -121.577059,
              38.034685
            ],
            [
              -121.577589,
              38.036704
            ],
            [
              -121.578309,
              38.037227
            ],
            [
              -121.579233,
              38.037779
            ],
            [
              -121.579649,
              38.038334
            ],
            [
              -121.579872,
              38.03935
            ],
            [
              -121.579521,
              38.040706
            ],
            [
              -121.578958,
              38.041688
            ],
            [
              -121.578369,
              38.04224
            ],
            [
              -121.577269,
              38.042843
            ],
            [
              -121.576759,
              38.043244
            ],
            [
              -121.576425,
              38.04347
            ],
            [
              -121.576361,
              38.043846
            ],
            [
              -121.576648,
              38.044311
            ],
            [
              -121.577269,
              38.044737
            ],
            [
              -121.579216,
              38.045268
            ],
            [
              -121.579645,
              38.045874
            ],
            [
              -121.57982,
              38.046725
            ],
            [
              -121.58002,
              38.048592
            ],
            [
              -121.579462,
              38.051538
            ],
            [
              -121.57988,
              38.053808
            ],
            [
              -121.580441,
              38.056059
            ],
            [
              -121.580662,
              38.057176
            ],
            [
              -121.580616,
              38.058742
            ],
            [
              -121.580443,
              38.059933
            ],
            [
              -121.580372,
              38.060277
            ],
            [
              -121.580558,
              38.060708
            ],
            [
              -121.580589,
              38.061115
            ],
            [
              -121.580938,
              38.061711
            ],
            [
              -121.581601,
              38.062324
            ],
            [
              -121.582566,
              38.062965
            ],
            [
              -121.58342,
              38.063097
            ],
            [
              -121.584507,
              38.063231
            ],
            [
              -121.587471,
              38.063871
            ],
            [
              -121.590546,
              38.064172
            ],
            [
              -121.596861,
              38.064791
            ],
            [
              -121.597833,
              38.064715
            ],
            [
              -121.598741,
              38.064389
            ],
            [
              -121.599984,
              38.063248
            ],
            [
              -121.6018,
              38.062144
            ],
            [
              -121.604864,
              38.061061
            ],
            [
              -121.614255,
              38.063589
            ],
            [
              -121.617935,
              38.063802
            ],
            [
              -121.622492,
              38.061494
            ],
            [
              -121.625155,
              38.057207
            ],
            [
              -121.627026,
              38.05243
            ],
            [
              -121.627583,
              38.05189
            ],
            [
              -121.628309,
              38.051475
            ],
            [
              -121.629735,
              38.050894
            ],
            [
              -121.630884,
              38.051127
            ],
            [
              -121.631815,
              38.051427
            ],
            [
              -121.633051,
              38.052274
            ],
            [
              -121.633326,
              38.052846
            ],
            [
              -121.633573,
              38.053546
            ],
            [
              -121.633961,
              38.053923
            ],
            [
              -121.636809,
              38.054634
            ],
            [
              -121.639848,
              38.0553
            ],
            [
              -121.64283,
              38.056269
            ],
            [
              -121.646692,
              38.056991
            ],
            [
              -121.647469,
              38.057217
            ],
            [
              -121.647835,
              38.057265
            ],
            [
              -121.648176,
              38.057317
            ],
            [
              -121.648359,
              38.057341
            ],
            [
              -121.648476,
              38.057293
            ],
            [
              -121.64872,
              38.057085
            ],
            [
              -121.648862,
              38.056969
            ],
            [
              -121.64904,
              38.056893
            ],
            [
              -121.649045,
              38.056825
            ],
            [
              -121.648974,
              38.056757
            ],
            [
              -121.64907,
              38.056546
            ],
            [
              -121.649771,
              38.056383
            ],
            [
              -121.650616,
              38.05626
            ],
            [
              -121.652311,
              38.056104
            ],
            [
              -121.652544,
              38.056134
            ],
            [
              -121.653196,
              38.056202
            ],
            [
              -121.653526,
              38.056248
            ],
            [
              -121.653861,
              38.056242
            ],
            [
              -121.654247,
              38.056222
            ],
            [
              -121.654625,
              38.056146
            ],
            [
              -121.655327,
              38.055997
            ],
            [
              -121.655984,
              38.055836
            ],
            [
              -121.656489,
              38.055678
            ],
            [
              -121.656931,
              38.055485
            ],
            [
              -121.657203,
              38.055304
            ]
          ]
        ]
      }
    },
    {
      "type": "Feature",
      "properties": {
        "region_id": "bf_freshwater_pathway",
        "region_name": "Freshwater Corridor",
        "kind": "reviewed_polygon",
        "geometry_note": "Uses the reviewed Freshwater Corridor geometry from inputs/waterway_regions."
      },
      "geometry": {
        "type": "GeometryCollection",
        "geometries": [
          {
            "type": "Polygon",
            "coordinates": [
              [
                [
                  -121.583648,
                  38.048887
                ],
                [
                  -121.583404,
                  38.046523
                ],
                [
                  -121.583622,
                  38.045403
                ],
                [
                  -121.583719,
                  38.045002
                ],
                [
                  -121.585041,
                  38.042875
                ],
                [
                  -121.58537,
                  38.042306
                ],
                [
                  -121.585567,
                  38.041716
                ],
                [
                  -121.585653,
                  38.041157
                ],
                [
                  -121.585657,
                  38.040195
                ],
                [
                  -121.585284,
                  38.038989
                ],
                [
                  -121.585131,
                  38.037689
                ],
                [
                  -121.585041,
                  38.037097
                ],
                [
                  -121.584887,
                  38.036492
                ],
                [
                  -121.584683,
                  38.036205
                ],
                [
                  -121.584649,
                  38.035998
                ],
                [
                  -121.58451,
                  38.035639
                ],
                [
                  -121.584314,
                  38.035388
                ],
                [
                  -121.583998,
                  38.034784
                ],
                [
                  -121.583906,
                  38.03446
                ],
                [
                  -121.583913,
                  38.034093
                ],
                [
                  -121.583855,
                  38.033897
                ],
                [
                  -121.582946,
                  38.032998
                ],
                [
                  -121.581995,
                  38.032215
                ],
                [
                  -121.581815,
                  38.031877
                ],
                [
                  -121.581834,
                  38.031696
                ],
                [
                  -121.582051,
                  38.031423
                ],
                [
                  -121.582382,
                  38.031276
                ],
                [
                  -121.582964,
                  38.031223
                ],
                [
                  -121.58323,
                  38.03116
                ],
                [
                  -121.583416,
                  38.031111
                ],
                [
                  -121.583621,
                  38.031047
                ],
                [
                  -121.583792,
                  38.030994
                ],
                [
                  -121.583983,
                  38.030932
                ],
                [
                  -121.584091,
                  38.030868
                ],
                [
                  -121.584105,
                  38.030799
                ],
                [
                  -121.584037,
                  38.030632
                ],
                [
                  -121.584089,
                  38.030267
                ],
                [
                  -121.584375,
                  38.029999
                ],
                [
                  -121.584658,
                  38.029879
                ],
                [
                  -121.58445,
                  38.029275
                ],
                [
                  -121.582611,
                  38.01829
                ],
                [
                  -121.580671,
                  38.00657
                ],
                [
                  -121.580284,
                  37.99446,
                  0
                ],
                [
                  -121.581982,
                  37.989033,
                  0
                ],
                [
                  -121.582782,
                  37.9838
                ],
                [
                  -121.581275,
                  37.977907,
                  0
                ],
                [
                  -121.581053,
                  37.97636
                ],
                [
                  -121.581351,
                  37.97306
                ],
                [
                  -121.581802,
                  37.97258
                ],
                [
                  -121.581783,
                  37.972137
                ],
                [
                  -121.581519,
                  37.971839
                ],
                [
                  -121.581164,
                  37.971532
                ],
                [
                  -121.580864,
                  37.971397
                ],
                [
                  -121.580268,
                  37.971587
                ],
                [
                  -121.579065,
                  37.971831
                ],
                [
                  -121.578137,
                  37.972188,
                  0
                ],
                [
                  -121.576662,
                  37.972659
                ],
                [
                  -121.576054,
                  37.972714
                ],
                [
                  -121.574847,
                  37.971922
                ],
                [
                  -121.574145,
                  37.970917
                ],
                [
                  -121.574648,
                  37.967332
                ],
                [
                  -121.574697,
                  37.966076
                ],
                [
                  -121.573901,
                  37.963959
                ],
                [
                  -121.574262,
                  37.963418
                ],
                [
                  -121.574064,
                  37.962917
                ],
                [
                  -121.573399,
                  37.962493
                ],
                [
                  -121.572311,
                  37.962638
                ],
                [
                  -121.570925,
                  37.96178
                ],
                [
                  -121.566994,
                  37.960364
                ],
                [
                  -121.566188,
                  37.959907
                ],
                [
                  -121.565679,
                  37.959394
                ],
                [
                  -121.565736,
                  37.958925
                ],
                [
                  -121.566068,
                  37.958604
                ],
                [
                  -121.567201,
                  37.958172
                ],
                [
                  -121.568397,
                  37.958022
                ],
                [
                  -121.569531,
                  37.958042
                ],
                [
                  -121.570243,
                  37.958282
                ],
                [
                  -121.571114,
                  37.9584
                ],
                [
                  -121.571695,
                  37.958343
                ],
                [
                  -121.574562,
                  37.95699
                ],
                [
                  -121.5753,
                  37.956337
                ],
                [
                  -121.575695,
                  37.955133
                ],
                [
                  -121.574934,
                  37.954204
                ],
                [
                  -121.573953,
                  37.953421
                ],
                [
                  -121.573037,
                  37.95313
                ],
                [
                  -121.570274,
                  37.953682
                ],
                [
                  -121.56713,
                  37.954284
                ],
                [
                  -121.566418,
                  37.954259,
                  0
                ],
                [
                  -121.565354,
                  37.95354,
                  0
                ],
                [
                  -121.565332,
                  37.952694,
                  0
                ],
                [
                  -121.566454,
                  37.951553,
                  0
                ],
                [
                  -121.568,
                  37.950215
                ],
                [
                  -121.569091,
                  37.949096
                ],
                [
                  -121.569527,
                  37.948064
                ],
                [
                  -121.569524,
                  37.947087
                ],
                [
                  -121.569454,
                  37.945799
                ],
                [
                  -121.568713,
                  37.943991
                ],
                [
                  -121.568036,
                  37.9434
                ],
                [
                  -121.567189,
                  37.943114
                ],
                [
                  -121.565327,
                  37.943267
                ],
                [
                  -121.564334,
                  37.943092,
                  0
                ],
                [
                  -121.563585,
                  37.942427
                ],
                [
                  -121.563295,
                  37.941721
                ],
                [
                  -121.563871,
                  37.941186
                ],
                [
                  -121.565831,
                  37.940136
                ],
                [
                  -121.566193,
                  37.939908
                ],
                [
                  -121.571517,
                  37.939715
                ],
                [
                  -121.571223,
                  37.939205
                ],
                [
                  -121.570352,
                  37.938709
                ],
                [
                  -121.567111,
                  37.938804
                ],
                [
                  -121.563337,
                  37.93867
                ],
                [
                  -121.56276,
                  37.938332,
                  0
                ],
                [
                  -121.562956,
                  37.936239,
                  0
                ],
                [
                  -121.562367,
                  37.934709
                ],
                [
                  -121.560533,
                  37.933113
                ],
                [
                  -121.558494,
                  37.931431
                ],
                [
                  -121.55922,
                  37.929578
                ],
                [
                  -121.560184,
                  37.928042
                ],
                [
                  -121.560208,
                  37.926418,
                  0
                ],
                [
                  -121.559071,
                  37.923974
                ],
                [
                  -121.557501,
                  37.92281
                ],
                [
                  -121.55737,
                  37.922408
                ],
                [
                  -121.557531,
                  37.922122
                ],
                [
                  -121.561327,
                  37.920801
                ],
                [
                  -121.565238,
                  37.919669
                ],
                [
                  -121.565651,
                  37.919327
                ],
                [
                  -121.566578,
                  37.918127
                ],
                [
                  -121.566949,
                  37.916501
                ],
                [
                  -121.566979,
                  37.91626
                ],
                [
                  -121.566844,
                  37.915989
                ],
                [
                  -121.566646,
                  37.915612
                ],
                [
                  -121.566254,
                  37.915397
                ],
                [
                  -121.565908,
                  37.915228,
                  0
                ],
                [
                  -121.563689,
                  37.912405,
                  0
                ],
                [
                  -121.563354,
                  37.911605
                ],
                [
                  -121.563592,
                  37.910785
                ],
                [
                  -121.564517,
                  37.909935
                ],
                [
                  -121.572158,
                  37.905686
                ],
                [
                  -121.572855,
                  37.90505
                ],
                [
                  -121.573209,
                  37.904351
                ],
                [
                  -121.572971,
                  37.902915
                ],
                [
                  -121.571902,
                  37.902106
                ],
                [
                  -121.568047,
                  37.89996
                ],
                [
                  -121.56728,
                  37.899364
                ],
                [
                  -121.566622,
                  37.898289
                ],
                [
                  -121.566609,
                  37.89618
                ],
                [
                  -121.568086,
                  37.892673
                ],
                [
                  -121.568739,
                  37.892072
                ],
                [
                  -121.569891,
                  37.891614
                ],
                [
                  -121.569957,
                  37.89142
                ],
                [
                  -121.570864,
                  37.891198
                ],
                [
                  -121.572896,
                  37.890512
                ],
                [
                  -121.574965,
                  37.889886
                ],
                [
                  -121.575705,
                  37.889491
                ],
                [
                  -121.57615,
                  37.888994
                ],
                [
                  -121.576401,
                  37.88844
                ],
                [
                  -121.576613,
                  37.887561
                ],
                [
                  -121.576597,
                  37.886953
                ],
                [
                  -121.576478,
                  37.886798
                ],
                [
                  -121.576472,
                  37.886601
                ],
                [
                  -121.576343,
                  37.886172,
                  0
                ],
                [
                  -121.575942,
                  37.885288
                ],
                [
                  -121.575719,
                  37.885095
                ],
                [
                  -121.575487,
                  37.88466
                ],
                [
                  -121.57477,
                  37.883815
                ],
                [
                  -121.574697,
                  37.883566
                ],
                [
                  -121.574706,
                  37.883298
                ],
                [
                  -121.575108,
                  37.882368
                ],
                [
                  -121.57552,
                  37.881719
                ],
                [
                  -121.576877,
                  37.879595
                ],
                [
                  -121.579324,
                  37.874629,
                  0
                ],
                [
                  -121.579561,
                  37.87401
                ],
                [
                  -121.579983,
                  37.872334
                ],
                [
                  -121.58028,
                  37.8703
                ],
                [
                  -121.579618,
                  37.869338
                ],
                [
                  -121.57629,
                  37.867438
                ],
                [
                  -121.573874,
                  37.865482
                ],
                [
                  -121.573852,
                  37.865055
                ],
                [
                  -121.574255,
                  37.864477,
                  0
                ],
                [
                  -121.576704,
                  37.863247
                ],
                [
                  -121.58012,
                  37.861609
                ],
                [
                  -121.580371,
                  37.861322
                ],
                [
                  -121.580401,
                  37.860697
                ],
                [
                  -121.580281,
                  37.86046
                ],
                [
                  -121.58,
                  37.860286
                ],
                [
                  -121.579698,
                  37.859905
                ],
                [
                  -121.579399,
                  37.858335
                ],
                [
                  -121.57904,
                  37.857815
                ],
                [
                  -121.578591,
                  37.85752
                ],
                [
                  -121.574582,
                  37.857284
                ],
                [
                  -121.570763,
                  37.85685,
                  0
                ],
                [
                  -121.569198,
                  37.856658
                ],
                [
                  -121.568024,
                  37.856762,
                  0
                ],
                [
                  -121.567148,
                  37.857236
                ],
                [
                  -121.566924,
                  37.857437
                ],
                [
                  -121.56655,
                  37.857496
                ],
                [
                  -121.566236,
                  37.857402
                ],
                [
                  -121.56604,
                  37.857244,
                  0
                ],
                [
                  -121.562513,
                  37.852596
                ],
                [
                  -121.56231,
                  37.852223
                ],
                [
                  -121.562148,
                  37.85213
                ],
                [
                  -121.561796,
                  37.852158
                ],
                [
                  -121.561567,
                  37.852272
                ],
                [
                  -121.561416,
                  37.85234
                ],
                [
                  -121.561667,
                  37.853014
                ],
                [
                  -121.561317,
                  37.853327
                ],
                [
                  -121.561195,
                  37.853435
                ],
                [
                  -121.561073,
                  37.853639
                ],
                [
                  -121.561087,
                  37.854069
                ],
                [
                  -121.561302,
                  37.854562
                ],
                [
                  -121.561589,
                  37.854874
                ],
                [
                  -121.562041,
                  37.856016,
                  0
                ],
                [
                  -121.562041,
                  37.856459
                ],
                [
                  -121.562105,
                  37.856737
                ],
                [
                  -121.562328,
                  37.857043
                ],
                [
                  -121.562572,
                  37.85727
                ],
                [
                  -121.564111,
                  37.857212
                ],
                [
                  -121.564862,
                  37.857551
                ],
                [
                  -121.565673,
                  37.858049
                ],
                [
                  -121.567583,
                  37.859945
                ],
                [
                  -121.569317,
                  37.861821
                ],
                [
                  -121.574073,
                  37.867289
                ],
                [
                  -121.577619,
                  37.869354
                ],
                [
                  -121.578784,
                  37.870013
                ],
                [
                  -121.579065,
                  37.871903
                ],
                [
                  -121.577601,
                  37.8751,
                  0
                ],
                [
                  -121.575383,
                  37.879698
                ],
                [
                  -121.573458,
                  37.882274
                ],
                [
                  -121.573091,
                  37.883202
                ],
                [
                  -121.573933,
                  37.884424
                ],
                [
                  -121.574489,
                  37.885435
                ],
                [
                  -121.575293,
                  37.886905
                ],
                [
                  -121.575413,
                  37.888406
                ],
                [
                  -121.574026,
                  37.889351
                ],
                [
                  -121.572242,
                  37.88961
                ],
                [
                  -121.568268,
                  37.890825
                ],
                [
                  -121.567015,
                  37.892176
                ],
                [
                  -121.56659,
                  37.893786
                ],
                [
                  -121.565807,
                  37.895059
                ],
                [
                  -121.565496,
                  37.896412
                ],
                [
                  -121.565474,
                  37.897715
                ],
                [
                  -121.566091,
                  37.899409
                ],
                [
                  -121.568463,
                  37.901551
                ],
                [
                  -121.571217,
                  37.902988
                ],
                [
                  -121.572043,
                  37.904077
                ],
                [
                  -121.571578,
                  37.904817
                ],
                [
                  -121.570164,
                  37.905518
                ],
                [
                  -121.562906,
                  37.909059
                ],
                [
                  -121.562105,
                  37.909805
                ],
                [
                  -121.561795,
                  37.911146
                ],
                [
                  -121.561893,
                  37.912526
                ],
                [
                  -121.561896,
                  37.912796
                ],
                [
                  -121.562093,
                  37.913124
                ],
                [
                  -121.562478,
                  37.913354
                ],
                [
                  -121.562623,
                  37.913625
                ],
                [
                  -121.562925,
                  37.913871
                ],
                [
                  -121.563202,
                  37.914011
                ],
                [
                  -121.563954,
                  37.915484
                ],
                [
                  -121.564884,
                  37.917384
                ],
                [
                  -121.563847,
                  37.91856
                ],
                [
                  -121.560157,
                  37.919141
                ],
                [
                  -121.555834,
                  37.919955
                ],
                [
                  -121.554567,
                  37.920761
                ],
                [
                  -121.554132,
                  37.921402
                ],
                [
                  -121.554194,
                  37.921911,
                  0
                ],
                [
                  -121.554435,
                  37.922863
                ],
                [
                  -121.556957,
                  37.924775,
                  0
                ],
                [
                  -121.558116,
                  37.927244
                ],
                [
                  -121.557095,
                  37.929287
                ],
                [
                  -121.555923,
                  37.930212
                ],
                [
                  -121.555866,
                  37.931595
                ],
                [
                  -121.557189,
                  37.933161
                ],
                [
                  -121.560061,
                  37.935126
                ],
                [
                  -121.56076,
                  37.936408
                ],
                [
                  -121.560874,
                  37.937601
                ],
                [
                  -121.56021,
                  37.939155
                ],
                [
                  -121.559813,
                  37.939304
                ],
                [
                  -121.556151,
                  37.93924
                ],
                [
                  -121.555621,
                  37.939583
                ],
                [
                  -121.555375,
                  37.940045
                ],
                [
                  -121.555262,
                  37.940448
                ],
                [
                  -121.555621,
                  37.940985
                ],
                [
                  -121.558293,
                  37.94095,
                  0
                ],
                [
                  -121.559601,
                  37.941443,
                  0
                ],
                [
                  -121.559666,
                  37.942135
                ],
                [
                  -121.557562,
                  37.944557
                ],
                [
                  -121.557239,
                  37.945406,
                  0
                ],
                [
                  -121.556878,
                  37.946212
                ],
                [
                  -121.557069,
                  37.946873,
                  0
                ],
                [
                  -121.562766,
                  37.954717
                ],
                [
                  -121.563949,
                  37.960079
                ],
                [
                  -121.564647,
                  37.960866
                ],
                [
                  -121.571473,
                  37.964716
                ],
                [
                  -121.572336,
                  37.9667
                ],
                [
                  -121.572527,
                  37.967801
                ],
                [
                  -121.572287,
                  37.968904
                ],
                [
                  -121.572032,
                  37.970097
                ],
                [
                  -121.572199,
                  37.970946
                ],
                [
                  -121.573832,
                  37.974214
                ],
                [
                  -121.573902,
                  37.975184
                ],
                [
                  -121.57359,
                  37.975777
                ],
                [
                  -121.571499,
                  37.97786
                ],
                [
                  -121.571145,
                  37.978539
                ],
                [
                  -121.572032,
                  37.980317
                ],
                [
                  -121.573702,
                  37.981112,
                  0
                ],
                [
                  -121.579488,
                  37.981955,
                  0
                ],
                [
                  -121.580278,
                  37.982714
                ],
                [
                  -121.579543,
                  37.986291
                ],
                [
                  -121.579077,
                  37.987665
                ],
                [
                  -121.576455,
                  37.989061,
                  0
                ],
                [
                  -121.575645,
                  37.989465
                ],
                [
                  -121.575078,
                  37.989943
                ],
                [
                  -121.574717,
                  37.990481
                ],
                [
                  -121.574575,
                  37.991232
                ],
                [
                  -121.574588,
                  37.992817
                ],
                [
                  -121.574343,
                  37.994188
                ],
                [
                  -121.574144,
                  37.995461
                ],
                [
                  -121.573006,
                  37.996495
                ],
                [
                  -121.572024,
                  37.997223
                ],
                [
                  -121.572263,
                  37.998165
                ],
                [
                  -121.572741,
                  37.999419
                ],
                [
                  -121.573218,
                  38.000695
                ],
                [
                  -121.573602,
                  38.002353
                ],
                [
                  -121.573629,
                  38.003754
                ],
                [
                  -121.573655,
                  38.004507
                ],
                [
                  -121.573762,
                  38.005574
                ],
                [
                  -121.573973,
                  38.006662
                ],
                [
                  -121.574008,
                  38.007859
                ],
                [
                  -121.574079,
                  38.008832
                ],
                [
                  -121.574409,
                  38.01003
                ],
                [
                  -121.574957,
                  38.011184
                ],
                [
                  -121.575433,
                  38.011699
                ],
                [
                  -121.576034,
                  38.01188
                ],
                [
                  -121.577366,
                  38.01153
                ],
                [
                  -121.578189,
                  38.011138
                ],
                [
                  -121.579312,
                  38.010354
                ],
                [
                  -121.579463,
                  38.010529
                ],
                [
                  -121.580283,
                  38.015872,
                  0
                ],
                [
                  -121.579715,
                  38.017674,
                  0
                ],
                [
                  -121.579884,
                  38.019141
                ],
                [
                  -121.579794,
                  38.02021
                ],
                [
                  -121.579941,
                  38.020717
                ],
                [
                  -121.580306,
                  38.021118
                ],
                [
                  -121.580744,
                  38.021442
                ],
                [
                  -121.581012,
                  38.022516
                ],
                [
                  -121.580912,
                  38.022895
                ],
                [
                  -121.580284,
                  38.023713
                ],
                [
                  -121.579591,
                  38.025473
                ],
                [
                  -121.57919,
                  38.026067
                ],
                [
                  -121.579022,
                  38.026581
                ],
                [
                  -121.578989,
                  38.028373
                ],
                [
                  -121.579181,
                  38.028828
                ],
                [
                  -121.579315,
                  38.029382
                ],
                [
                  -121.579228,
                  38.029977
                ],
                [
                  -121.579851,
                  38.030594
                ],
                [
                  -121.579865,
                  38.03097
                ],
                [
                  -121.579756,
                  38.031259
                ],
                [
                  -121.578568,
                  38.031773
                ],
                [
                  -121.577988,
                  38.032275
                ],
                [
                  -121.577438,
                  38.032772
                ],
                [
                  -121.577227,
                  38.033611,
                  0
                ],
                [
                  -121.576979,
                  38.034314
                ],
                [
                  -121.577066,
                  38.035033
                ],
                [
                  -121.577714,
                  38.036829
                ],
                [
                  -121.579386,
                  38.037873
                ],
                [
                  -121.579618,
                  38.038227
                ],
                [
                  -121.579878,
                  38.039326
                ],
                [
                  -121.579621,
                  38.04065
                ],
                [
                  -121.578934,
                  38.041746
                ],
                [
                  -121.57746,
                  38.042265
                ],
                [
                  -121.577017,
                  38.04267
                ],
                [
                  -121.576702,
                  38.043065
                ],
                [
                  -121.576401,
                  38.043527
                ],
                [
                  -121.576444,
                  38.044226
                ],
                [
                  -121.576773,
                  38.044609
                ],
                [
                  -121.578018,
                  38.044868
                ],
                [
                  -121.579066,
                  38.045167,
                  0
                ],
                [
                  -121.579507,
                  38.045567
                ],
                [
                  -121.579808,
                  38.046187
                ],
                [
                  -121.579997,
                  38.048742
                ],
                [
                  -121.579752,
                  38.050163
                ],
                [
                  -121.579444,
                  38.051592
                ],
                [
                  -121.580591,
                  38.057036
                ],
                [
                  -121.580602,
                  38.058507
                ],
                [
                  -121.580463,
                  38.060041
                ],
                [
                  -121.579852,
                  38.060473
                ],
                [
                  -121.579226,
                  38.060765
                ],
                [
                  -121.578413,
                  38.061286
                ],
                [
                  -121.577566,
                  38.062108
                ],
                [
                  -121.576832,
                  38.062976
                ],
                [
                  -121.57667,
                  38.063954
                ],
                [
                  -121.576739,
                  38.064912
                ],
                [
                  -121.5766,
                  38.065789
                ],
                [
                  -121.576612,
                  38.066611
                ],
                [
                  -121.577099,
                  38.067972
                ],
                [
                  -121.57711,
                  38.068536
                ],
                [
                  -121.576664,
                  38.0691
                ],
                [
                  -121.576238,
                  38.069396
                ],
                [
                  -121.575451,
                  38.069706
                ],
                [
                  -121.57418,
                  38.069904
                ],
                [
                  -121.573226,
                  38.070114
                ],
                [
                  -121.57256,
                  38.070399
                ],
                [
                  -121.572472,
                  38.070762
                ],
                [
                  -121.572652,
                  38.071131
                ],
                [
                  -121.57299,
                  38.071598
                ],
                [
                  -121.573258,
                  38.071947
                ],
                [
                  -121.573593,
                  38.072165
                ],
                [
                  -121.574125,
                  38.072487
                ],
                [
                  -121.574505,
                  38.072692
                ],
                [
                  -121.574889,
                  38.07281
                ],
                [
                  -121.575564,
                  38.072718
                ],
                [
                  -121.576559,
                  38.072566
                ],
                [
                  -121.577994,
                  38.072359
                ],
                [
                  -121.579706,
                  38.071984,
                  0
                ],
                [
                  -121.580099,
                  38.071904
                ],
                [
                  -121.580685,
                  38.071628
                ],
                [
                  -121.581178,
                  38.071252
                ],
                [
                  -121.581764,
                  38.070468
                ],
                [
                  -121.582256,
                  38.069139
                ],
                [
                  -121.582718,
                  38.066741
                ],
                [
                  -121.582806,
                  38.065015
                ],
                [
                  -121.583037,
                  38.064176
                ],
                [
                  -121.583296,
                  38.06387
                ],
                [
                  -121.58352,
                  38.063544
                ],
                [
                  -121.583586,
                  38.063474
                ],
                [
                  -121.583597,
                  38.06343
                ],
                [
                  -121.58358,
                  38.063388
                ],
                [
                  -121.583499,
                  38.06326
                ],
                [
                  -121.583401,
                  38.063106
                ],
                [
                  -121.583336,
                  38.062965
                ],
                [
                  -121.583263,
                  38.062894
                ],
                [
                  -121.583192,
                  38.062819
                ],
                [
                  -121.58304,
                  38.062748
                ],
                [
                  -121.583013,
                  38.062711
                ],
                [
                  -121.583019,
                  38.062658
                ],
                [
                  -121.583076,
                  38.062517
                ],
                [
                  -121.583106,
                  38.062397
                ],
                [
                  -121.583129,
                  38.062288
                ],
                [
                  -121.583192,
                  38.062133
                ],
                [
                  -121.583388,
                  38.061848
                ],
                [
                  -121.583571,
                  38.061528
                ],
                [
                  -121.583869,
                  38.060988
                ],
                [
                  -121.583992,
                  38.060748
                ],
                [
                  -121.584058,
                  38.060351
                ],
                [
                  -121.584124,
                  38.060012
                ],
                [
                  -121.584168,
                  38.059749
                ],
                [
                  -121.584238,
                  38.059539
                ],
                [
                  -121.58419,
                  38.059342
                ],
                [
                  -121.584241,
                  38.059147
                ],
                [
                  -121.584313,
                  38.057597
                ],
                [
                  -121.583308,
                  38.053714
                ],
                [
                  -121.583327,
                  38.053453
                ],
                [
                  -121.583274,
                  38.052507
                ],
                [
                  -121.583648,
                  38.048887
                ]
              ]
            ]
          }
        ]
      }
    },
    {
      "type": "Feature",
      "properties": {
        "region_id": "suisun_marsh",
        "region_name": "Suisun Marsh",
        "kind": "reviewed_polygon",
        "geometry_note": "Uses the reviewed Suisun Marsh geometry from inputs/waterway_regions."
      },
      "geometry": {
        "type": "Polygon",
        "coordinates": [
          [
            [
              -121.999968,
              38.141538
            ],
            [
              -121.999801,
              38.140905
            ],
            [
              -121.995991,
              38.137899
            ],
            [
              -121.996211,
              38.137356
            ],
            [
              -121.996155,
              38.136748
            ],
            [
              -121.995564,
              38.136283
            ],
            [
              -121.994525,
              38.135702
            ],
            [
              -121.993624,
              38.135339
            ],
            [
              -121.992617,
              38.135078
            ],
            [
              -121.990914,
              38.133614
            ],
            [
              -121.988256,
              38.130571
            ],
            [
              -121.982513,
              38.121776
            ],
            [
              -121.98223,
              38.121689
            ],
            [
              -121.98189,
              38.121699
            ],
            [
              -121.981643,
              38.121864
            ],
            [
              -121.981571,
              38.122143
            ],
            [
              -121.981515,
              38.124913
            ],
            [
              -121.981628,
              38.125398
            ],
            [
              -121.981462,
              38.125722
            ],
            [
              -121.980328,
              38.125211
            ],
            [
              -121.97836,
              38.122783
            ],
            [
              -121.976851,
              38.117564
            ],
            [
              -121.978703,
              38.114365
            ],
            [
              -121.981245,
              38.113508
            ],
            [
              -121.981079,
              38.112842
            ],
            [
              -121.981316,
              38.112514
            ],
            [
              -121.981982,
              38.112072
            ],
            [
              -121.983908,
              38.111749
            ],
            [
              -121.984905,
              38.111577
            ],
            [
              -121.986559,
              38.111136
            ],
            [
              -121.98757,
              38.111158
            ],
            [
              -121.988955,
              38.110653
            ],
            [
              -121.988337,
              38.109133
            ],
            [
              -121.988742,
              38.107359
            ],
            [
              -121.989295,
              38.106966
            ],
            [
              -121.989366,
              38.106423
            ],
            [
              -121.989609,
              38.106051
            ],
            [
              -121.989852,
              38.106073
            ],
            [
              -121.989954,
              38.106213
            ],
            [
              -121.99896,
              38.103131
            ],
            [
              -122.00007,
              38.102229
            ],
            [
              -122.003301,
              38.100935
            ],
            [
              -122.004144,
              38.101138
            ],
            [
              -122.005118,
              38.101117
            ],
            [
              -122.009842,
              38.098167
            ],
            [
              -122.010849,
              38.098026
            ],
            [
              -122.011823,
              38.097582
            ],
            [
              -122.011956,
              38.09721
            ],
            [
              -122.012206,
              38.096872
            ],
            [
              -122.012585,
              38.096739
            ],
            [
              -122.012951,
              38.096758
            ],
            [
              -122.013668,
              38.097151
            ],
            [
              -122.014156,
              38.09763
            ],
            [
              -122.014497,
              38.098352
            ],
            [
              -122.015594,
              38.098454
            ],
            [
              -122.016023,
              38.0981
            ],
            [
              -122.016621,
              38.098446
            ],
            [
              -122.0171,
              38.098179
            ],
            [
              -122.017499,
              38.098116
            ],
            [
              -122.017219,
              38.097912
            ],
            [
              -122.017509,
              38.097559
            ],
            [
              -122.018815,
              38.097308
            ],
            [
              -122.02063,
              38.097253
            ],
            [
              -122.020131,
              38.096358
            ],
            [
              -122.019743,
              38.096303
            ],
            [
              -122.019344,
              38.096233
            ],
            [
              -122.019064,
              38.095934
            ],
            [
              -122.018416,
              38.095416
            ],
            [
              -122.017638,
              38.09533
            ],
            [
              -122.016821,
              38.095299
            ],
            [
              -122.014427,
              38.094388
            ],
            [
              -122.013685,
              38.094239
            ],
            [
              -122.013196,
              38.094129
            ],
            [
              -122.012957,
              38.09387
            ],
            [
              -122.011531,
              38.093937
            ],
            [
              -122.006759,
              38.091815
            ],
            [
              -122.005476,
              38.091515
            ],
            [
              -122.004675,
              38.091108
            ],
            [
              -122.003158,
              38.090438
            ],
            [
              -122.001772,
              38.089525
            ],
            [
              -121.997565,
              38.087519
            ],
            [
              -121.995122,
              38.086655
            ],
            [
              -121.992952,
              38.085772
            ],
            [
              -121.99246,
              38.08566
            ],
            [
              -121.991742,
              38.085974
            ],
            [
              -121.991012,
              38.086351
            ],
            [
              -121.987199,
              38.086316
            ],
            [
              -121.985414,
              38.085711
            ],
            [
              -121.983771,
              38.084587
            ],
            [
              -121.982085,
              38.082171
            ],
            [
              -121.981834,
              38.08141
            ],
            [
              -121.981475,
              38.080848
            ],
            [
              -121.980973,
              38.080691
            ],
            [
              -121.980355,
              38.080699
            ],
            [
              -121.980065,
              38.080912
            ],
            [
              -121.978587,
              38.081309
            ],
            [
              -121.977779,
              38.081521
            ],
            [
              -121.977263,
              38.081767
            ],
            [
              -121.976842,
              38.081701
            ],
            [
              -121.976684,
              38.080521
            ],
            [
              -121.976345,
              38.079752
            ],
            [
              -121.976142,
              38.078248
            ],
            [
              -121.975284,
              38.07678
            ],
            [
              -121.974535,
              38.075399
            ],
            [
              -121.973737,
              38.074284
            ],
            [
              -121.972909,
              38.074087
            ],
            [
              -121.972531,
              38.073993
            ],
            [
              -121.971463,
              38.074033
            ],
            [
              -121.968771,
              38.074833
            ],
            [
              -121.968552,
              38.074927
            ],
            [
              -121.968332,
              38.075084
            ],
            [
              -121.967913,
              38.075493
            ],
            [
              -121.967381,
              38.075886
            ],
            [
              -121.966747,
              38.077244
            ],
            [
              -121.965442,
              38.077819
            ],
            [
              -121.964881,
              38.078615
            ],
            [
              -121.963574,
              38.078758
            ],
            [
              -121.963594,
              38.07897
            ],
            [
              -121.963654,
              38.079198
            ],
            [
              -121.96432,
              38.079582
            ],
            [
              -121.96508,
              38.079912
            ],
            [
              -121.965229,
              38.080085
            ],
            [
              -121.964806,
              38.080995
            ],
            [
              -121.964517,
              38.081003
            ],
            [
              -121.963536,
              38.080794
            ],
            [
              -121.960973,
              38.080645
            ],
            [
              -121.959198,
              38.080684
            ],
            [
              -121.958739,
              38.080221
            ],
            [
              -121.957505,
              38.080223
            ],
            [
              -121.95561,
              38.080608
            ],
            [
              -121.955089,
              38.080869
            ],
            [
              -121.95461,
              38.081097
            ],
            [
              -121.954196,
              38.081605
            ],
            [
              -121.95276,
              38.084362
            ],
            [
              -121.951544,
              38.085503
            ],
            [
              -121.945835,
              38.086881
            ],
            [
              -121.943832,
              38.088597
            ],
            [
              -121.941789,
              38.087269
            ],
            [
              -121.939947,
              38.086749
            ],
            [
              -121.93408,
              38.088965
            ],
            [
              -121.932761,
              38.088858
            ],
            [
              -121.929938,
              38.08486
            ],
            [
              -121.928982,
              38.084741
            ],
            [
              -121.926944,
              38.084657
            ],
            [
              -121.925236,
              38.084742
            ],
            [
              -121.92295,
              38.085823
            ],
            [
              -121.922583,
              38.085907
            ],
            [
              -121.922393,
              38.085804
            ],
            [
              -121.920116,
              38.083543
            ],
            [
              -121.918976,
              38.08347
            ],
            [
              -121.918253,
              38.083442
            ],
            [
              -121.917715,
              38.083596
            ],
            [
              -121.914922,
              38.085124
            ],
            [
              -121.914649,
              38.085034
            ],
            [
              -121.913426,
              38.084338
            ],
            [
              -121.911896,
              38.084681
            ],
            [
              -121.911744,
              38.084681
            ],
            [
              -121.911668,
              38.084567
            ],
            [
              -121.911265,
              38.083505
            ],
            [
              -121.910503,
              38.083336
            ],
            [
              -121.909815,
              38.083305
            ],
            [
              -121.909432,
              38.083102
            ],
            [
              -121.9093,
              38.082766
            ],
            [
              -121.907815,
              38.081417
            ],
            [
              -121.905821,
              38.079595
            ],
            [
              -121.905745,
              38.079329
            ],
            [
              -121.905887,
              38.079077
            ],
            [
              -121.906172,
              38.07889
            ],
            [
              -121.907625,
              38.078409
            ],
            [
              -121.907816,
              38.078205
            ],
            [
              -121.907766,
              38.077959
            ],
            [
              -121.906772,
              38.076986
            ],
            [
              -121.906646,
              38.076776
            ],
            [
              -121.906691,
              38.075493
            ],
            [
              -121.906799,
              38.075294
            ],
            [
              -121.906974,
              38.075139
            ],
            [
              -121.908351,
              38.074941
            ],
            [
              -121.908658,
              38.074815
            ],
            [
              -121.908908,
              38.074563
            ],
            [
              -121.909531,
              38.073238
            ],
            [
              -121.910362,
              38.071567
            ],
            [
              -121.910537,
              38.071339
            ],
            [
              -121.910665,
              38.071297
            ],
            [
              -121.910866,
              38.071272
            ],
            [
              -121.911328,
              38.071259
            ],
            [
              -121.91182,
              38.071365
            ],
            [
              -121.912117,
              38.071469
            ],
            [
              -121.912748,
              38.071584
            ],
            [
              -121.913461,
              38.071603
            ],
            [
              -121.913813,
              38.071547
            ],
            [
              -121.91398,
              38.071472
            ],
            [
              -121.914523,
              38.071491
            ],
            [
              -121.914667,
              38.071368
            ],
            [
              -121.914935,
              38.071476
            ],
            [
              -121.915395,
              38.071396
            ],
            [
              -121.916687,
              38.070577
            ],
            [
              -121.91732,
              38.070511
            ],
            [
              -121.917958,
              38.0703
            ],
            [
              -121.917916,
              38.070149
            ],
            [
              -121.918047,
              38.069924
            ],
            [
              -121.918704,
              38.069929
            ],
            [
              -121.919074,
              38.069303
            ],
            [
              -121.918967,
              38.068969
            ],
            [
              -121.918864,
              38.068361
            ],
            [
              -121.919288,
              38.067971
            ],
            [
              -121.918592,
              38.067548
            ],
            [
              -121.918902,
              38.067121
            ],
            [
              -121.918365,
              38.066562
            ],
            [
              -121.918198,
              38.066253
            ],
            [
              -121.918544,
              38.065821
            ],
            [
              -121.918268,
              38.065314
            ],
            [
              -121.918441,
              38.06459
            ],
            [
              -121.918074,
              38.064328
            ],
            [
              -121.917943,
              38.064009
            ],
            [
              -121.917809,
              38.063614
            ],
            [
              -121.918206,
              38.062589
            ],
            [
              -121.91863,
              38.061828
            ],
            [
              -121.918419,
              38.061529
            ],
            [
              -121.918586,
              38.06004
            ],
            [
              -121.918992,
              38.059923
            ],
            [
              -121.918694,
              38.0598
            ],
            [
              -121.918615,
              38.059483
            ],
            [
              -121.919056,
              38.059189
            ],
            [
              -121.919122,
              38.058645
            ],
            [
              -121.919616,
              38.058248
            ],
            [
              -121.920365,
              38.057954
            ],
            [
              -121.921201,
              38.057866
            ],
            [
              -121.922581,
              38.05736
            ],
            [
              -121.923651,
              38.057074
            ],
            [
              -121.924349,
              38.056509
            ],
            [
              -121.925132,
              38.056308
            ],
            [
              -121.926666,
              38.056239
            ],
            [
              -121.927295,
              38.055832
            ],
            [
              -121.927899,
              38.055438
            ],
            [
              -121.928339,
              38.055381
            ],
            [
              -121.928824,
              38.05547
            ],
            [
              -121.929748,
              38.055687
            ],
            [
              -121.931563,
              38.055944
            ],
            [
              -121.932068,
              38.055742
            ],
            [
              -121.932347,
              38.054771
            ],
            [
              -121.933034,
              38.053531
            ],
            [
              -121.932972,
              38.053391
            ],
            [
              -121.932755,
              38.053305
            ],
            [
              -121.932546,
              38.053201
            ],
            [
              -121.932453,
              38.05305
            ],
            [
              -121.931927,
              38.052909
            ],
            [
              -121.931739,
              38.052824
            ],
            [
              -121.931532,
              38.052776
            ],
            [
              -121.931447,
              38.052702
            ],
            [
              -121.931339,
              38.052627
            ],
            [
              -121.931132,
              38.052742
            ],
            [
              -121.930883,
              38.052783
            ],
            [
              -121.930388,
              38.052679
            ],
            [
              -121.929951,
              38.0526
            ],
            [
              -121.929679,
              38.052458
            ],
            [
              -121.929528,
              38.05222
            ],
            [
              -121.929423,
              38.051982
            ],
            [
              -121.929295,
              38.051781
            ],
            [
              -121.929028,
              38.051726
            ],
            [
              -121.928738,
              38.051608
            ],
            [
              -121.928419,
              38.051544
            ],
            [
              -121.928059,
              38.051585
            ],
            [
              -121.927879,
              38.051735
            ],
            [
              -121.927653,
              38.05179
            ],
            [
              -121.927508,
              38.051749
            ],
            [
              -121.927235,
              38.051475
            ],
            [
              -121.926773,
              38.051287
            ],
            [
              -121.926438,
              38.051329
            ],
            [
              -121.926062,
              38.051405
            ],
            [
              -121.925768,
              38.051481
            ],
            [
              -121.925544,
              38.051521
            ],
            [
              -121.925315,
              38.051521
            ],
            [
              -121.925099,
              38.051491
            ],
            [
              -121.924939,
              38.05144
            ],
            [
              -121.924665,
              38.05146
            ],
            [
              -121.924387,
              38.051367
            ],
            [
              -121.924098,
              38.051389
            ],
            [
              -121.92374,
              38.051323
            ],
            [
              -121.923458,
              38.051323
            ],
            [
              -121.923256,
              38.05123
            ],
            [
              -121.922838,
              38.051163
            ],
            [
              -121.922485,
              38.051152
            ],
            [
              -121.922198,
              38.050989
            ],
            [
              -121.921913,
              38.050889
            ],
            [
              -121.921475,
              38.050852
            ],
            [
              -121.921134,
              38.050896
            ],
            [
              -121.920724,
              38.050847
            ],
            [
              -121.920564,
              38.050848
            ],
            [
              -121.920475,
              38.05074
            ],
            [
              -121.920254,
              38.050703
            ],
            [
              -121.920188,
              38.050836
            ],
            [
              -121.919929,
              38.050844
            ],
            [
              -121.919642,
              38.05077
            ],
            [
              -121.919341,
              38.050755
            ],
            [
              -121.918683,
              38.050703
            ],
            [
              -121.918029,
              38.050596
            ],
            [
              -121.917591,
              38.050418
            ],
            [
              -121.917229,
              38.050433
            ],
            [
              -121.916796,
              38.05021
            ],
            [
              -121.916559,
              38.050245
            ],
            [
              -121.916501,
              38.050414
            ],
            [
              -121.91583,
              38.050514
            ],
            [
              -121.915724,
              38.050747
            ],
            [
              -121.915802,
              38.050981
            ],
            [
              -121.91542,
              38.050903
            ],
            [
              -121.915201,
              38.050703
            ],
            [
              -121.915158,
              38.050586
            ],
            [
              -121.915108,
              38.050442
            ],
            [
              -121.914974,
              38.05033
            ],
            [
              -121.914266,
              38.050427
            ],
            [
              -121.913521,
              38.050768
            ],
            [
              -121.913025,
              38.050683
            ],
            [
              -121.912573,
              38.050748
            ],
            [
              -121.912,
              38.050668
            ],
            [
              -121.911726,
              38.050758
            ],
            [
              -121.911331,
              38.050698
            ],
            [
              -121.910599,
              38.050632
            ],
            [
              -121.909909,
              38.050715
            ],
            [
              -121.909466,
              38.050653
            ],
            [
              -121.909081,
              38.050705
            ],
            [
              -121.908833,
              38.05085
            ],
            [
              -121.908533,
              38.05069
            ],
            [
              -121.908024,
              38.050924
            ],
            [
              -121.907827,
              38.050669
            ],
            [
              -121.90769,
              38.050678
            ],
            [
              -121.907209,
              38.050748
            ],
            [
              -121.906064,
              38.050798
            ],
            [
              -121.905783,
              38.050688
            ],
            [
              -121.905421,
              38.050718
            ],
            [
              -121.905307,
              38.050618
            ],
            [
              -121.905058,
              38.050613
            ],
            [
              -121.904765,
              38.050698
            ],
            [
              -121.904606,
              38.050653
            ],
            [
              -121.904428,
              38.050633
            ],
            [
              -121.904191,
              38.050563
            ],
            [
              -121.903846,
              38.050603
            ],
            [
              -121.903546,
              38.050698
            ],
            [
              -121.903387,
              38.050648
            ],
            [
              -121.902762,
              38.050529
            ],
            [
              -121.902476,
              38.050538
            ],
            [
              -121.902203,
              38.050588
            ],
            [
              -121.901693,
              38.050513
            ],
            [
              -121.901183,
              38.05059
            ],
            [
              -121.900763,
              38.050715
            ],
            [
              -121.900285,
              38.05063
            ],
            [
              -121.899788,
              38.050615
            ],
            [
              -121.89926,
              38.050625
            ],
            [
              -121.898922,
              38.05051
            ],
            [
              -121.898426,
              38.050494
            ],
            [
              -121.898343,
              38.050653
            ],
            [
              -121.898203,
              38.050688
            ],
            [
              -121.897992,
              38.050833
            ],
            [
              -121.897699,
              38.050908
            ],
            [
              -121.897395,
              38.050918
            ],
            [
              -121.897215,
              38.051028
            ],
            [
              -121.897121,
              38.05127
            ],
            [
              -121.896676,
              38.051476
            ],
            [
              -121.896331,
              38.05144
            ],
            [
              -121.896211,
              38.051526
            ],
            [
              -121.896249,
              38.051672
            ],
            [
              -121.896133,
              38.051772
            ],
            [
              -121.895816,
              38.051747
            ],
            [
              -121.895287,
              38.052014
            ],
            [
              -121.895217,
              38.052149
            ],
            [
              -121.894822,
              38.052248
            ],
            [
              -121.894343,
              38.052662
            ],
            [
              -121.894013,
              38.052662
            ],
            [
              -121.893808,
              38.052786
            ],
            [
              -121.893645,
              38.052867
            ],
            [
              -121.893217,
              38.053086
            ],
            [
              -121.892845,
              38.053266
            ],
            [
              -121.892371,
              38.053394
            ],
            [
              -121.891864,
              38.053456
            ],
            [
              -121.891404,
              38.053614
            ],
            [
              -121.891032,
              38.053712
            ],
            [
              -121.890702,
              38.053903
            ],
            [
              -121.890316,
              38.054203
            ],
            [
              -121.88973,
              38.054403
            ],
            [
              -121.887539,
              38.05519
            ],
            [
              -121.885282,
              38.055845
            ],
            [
              -121.883535,
              38.056053
            ],
            [
              -121.881759,
              38.056191
            ],
            [
              -121.87968,
              38.057382
            ],
            [
              -121.877643,
              38.058591
            ],
            [
              -121.873452,
              38.061025
            ],
            [
              -121.86948,
              38.062747
            ],
            [
              -121.869191,
              38.062903
            ],
            [
              -121.869011,
              38.063063
            ],
            [
              -121.866512,
              38.065841
            ],
            [
              -121.866414,
              38.065968
            ],
            [
              -121.866391,
              38.066042
            ],
            [
              -121.866185,
              38.068166
            ],
            [
              -121.866209,
              38.068281
            ],
            [
              -121.866147,
              38.0684
            ],
            [
              -121.865301,
              38.07022
            ],
            [
              -121.865273,
              38.070344
            ],
            [
              -121.865283,
              38.070494
            ],
            [
              -121.865414,
              38.070659
            ],
            [
              -121.865626,
              38.07078
            ],
            [
              -121.865771,
              38.070815
            ],
            [
              -121.866546,
              38.0709
            ],
            [
              -121.86748,
              38.07088
            ],
            [
              -121.868279,
              38.070979
            ],
            [
              -121.869348,
              38.070999
            ],
            [
              -121.872401,
              38.071311
            ],
            [
              -121.874767,
              38.071479
            ],
            [
              -121.875481,
              38.071545
            ],
            [
              -121.876164,
              38.071803
            ],
            [
              -121.878553,
              38.072704
            ],
            [
              -121.879521,
              38.073194
            ],
            [
              -121.880142,
              38.073499
            ],
            [
              -121.880655,
              38.07387
            ],
            [
              -121.881547,
              38.074533
            ],
            [
              -121.883037,
              38.076004
            ],
            [
              -121.884107,
              38.07711
            ],
            [
              -121.885192,
              38.078222
            ],
            [
              -121.885652,
              38.079307
            ],
            [
              -121.885975,
              38.080241
            ],
            [
              -121.886014,
              38.080384
            ],
            [
              -121.885967,
              38.080619
            ],
            [
              -121.885712,
              38.081234
            ],
            [
              -121.885403,
              38.081775
            ],
            [
              -121.885398,
              38.081835
            ],
            [
              -121.885475,
              38.08186
            ],
            [
              -121.88573,
              38.081828
            ],
            [
              -121.890011,
              38.081096
            ],
            [
              -121.890265,
              38.081089
            ],
            [
              -121.890433,
              38.08111
            ],
            [
              -121.893294,
              38.081653
            ],
            [
              -121.894306,
              38.082426
            ],
            [
              -121.893429,
              38.08406
            ],
            [
              -121.893481,
              38.084646
            ],
            [
              -121.894551,
              38.084594
            ],
            [
              -121.896692,
              38.083986
            ],
            [
              -121.897689,
              38.084446
            ],
            [
              -121.897474,
              38.085008
            ],
            [
              -121.897284,
              38.086002
            ],
            [
              -121.897237,
              38.086451
            ],
            [
              -121.897199,
              38.086884
            ],
            [
              -121.897094,
              38.0874
            ],
            [
              -121.896772,
              38.087497
            ],
            [
              -121.896259,
              38.087564
            ],
            [
              -121.890913,
              38.089119
            ],
            [
              -121.886162,
              38.09048
            ],
            [
              -121.885724,
              38.090571
            ],
            [
              -121.885325,
              38.09043
            ],
            [
              -121.883973,
              38.089333
            ],
            [
              -121.882694,
              38.088153
            ],
            [
              -121.882488,
              38.087838
            ],
            [
              -121.882237,
              38.087694
            ],
            [
              -121.877265,
              38.086013
            ],
            [
              -121.876944,
              38.08596
            ],
            [
              -121.876864,
              38.086176
            ],
            [
              -121.876658,
              38.086967
            ],
            [
              -121.876596,
              38.08977
            ],
            [
              -121.876642,
              38.090103
            ],
            [
              -121.876825,
              38.090238
            ],
            [
              -121.878631,
              38.09103
            ],
            [
              -121.879335,
              38.092987
            ],
            [
              -121.880283,
              38.094885
            ],
            [
              -121.881087,
              38.096797
            ],
            [
              -121.881968,
              38.098677
            ],
            [
              -121.882042,
              38.098995
            ],
            [
              -121.881946,
              38.09937
            ],
            [
              -121.881172,
              38.100124
            ],
            [
              -121.881151,
              38.100204
            ],
            [
              -121.881177,
              38.100653
            ],
            [
              -121.881151,
              38.101312
            ],
            [
              -121.881228,
              38.101406
            ],
            [
              -121.881334,
              38.101469
            ],
            [
              -121.882828,
              38.102066
            ],
            [
              -121.882946,
              38.102074
            ],
            [
              -121.882997,
              38.102055
            ],
            [
              -121.8831,
              38.101925
            ],
            [
              -121.883274,
              38.101625
            ],
            [
              -121.883503,
              38.101333
            ],
            [
              -121.883779,
              38.101051
            ],
            [
              -121.884117,
              38.100612
            ],
            [
              -121.884638,
              38.100073
            ],
            [
              -121.884938,
              38.09994
            ],
            [
              -121.88527,
              38.099813
            ],
            [
              -121.885471,
              38.099824
            ],
            [
              -121.88567,
              38.099904
            ],
            [
              -121.885823,
              38.100005
            ],
            [
              -121.886045,
              38.101348
            ],
            [
              -121.886084,
              38.101422
            ],
            [
              -121.886196,
              38.101477
            ],
            [
              -121.887001,
              38.101734
            ],
            [
              -121.887619,
              38.101939
            ],
            [
              -121.887912,
              38.102025
            ],
            [
              -121.888094,
              38.10209
            ],
            [
              -121.888224,
              38.10215
            ],
            [
              -121.888374,
              38.102317
            ],
            [
              -121.888519,
              38.102512
            ],
            [
              -121.889052,
              38.103233
            ],
            [
              -121.889228,
              38.103457
            ],
            [
              -121.889269,
              38.103577
            ],
            [
              -121.889863,
              38.10471
            ],
            [
              -121.891317,
              38.110573
            ],
            [
              -121.891687,
              38.112251
            ],
            [
              -121.891587,
              38.113702
            ],
            [
              -121.891301,
              38.115179
            ],
            [
              -121.889289,
              38.119901
            ],
            [
              -121.88918,
              38.120386
            ],
            [
              -121.889162,
              38.120784
            ],
            [
              -121.889527,
              38.122396
            ],
            [
              -121.89007,
              38.1239
            ],
            [
              -121.890271,
              38.12419
            ],
            [
              -121.890704,
              38.124595
            ],
            [
              -121.891671,
              38.125242
            ],
            [
              -121.892761,
              38.125734
            ],
            [
              -121.893585,
              38.125841
            ],
            [
              -121.894563,
              38.125825
            ],
            [
              -121.895873,
              38.12565
            ],
            [
              -121.896711,
              38.125316
            ],
            [
              -121.897514,
              38.124903
            ],
            [
              -121.898637,
              38.12401
            ],
            [
              -121.899959,
              38.122304
            ],
            [
              -121.901186,
              38.120612
            ],
            [
              -121.901946,
              38.119733
            ],
            [
              -121.903065,
              38.119109
            ],
            [
              -121.904317,
              38.118626
            ],
            [
              -121.906741,
              38.118419
            ],
            [
              -121.909042,
              38.118331
            ],
            [
              -121.911163,
              38.119118
            ],
            [
              -121.913149,
              38.1201
            ],
            [
              -121.91402,
              38.121192
            ],
            [
              -121.914955,
              38.122744
            ],
            [
              -121.914983,
              38.122954
            ],
            [
              -121.91499,
              38.123379
            ],
            [
              -121.915012,
              38.12405
            ],
            [
              -121.914765,
              38.124768
            ],
            [
              -121.914206,
              38.125228
            ],
            [
              -121.913424,
              38.125439
            ],
            [
              -121.9127,
              38.125703
            ],
            [
              -121.912605,
              38.125936
            ],
            [
              -121.912072,
              38.133411
            ],
            [
              -121.910691,
              38.134894
            ],
            [
              -121.909487,
              38.136451
            ],
            [
              -121.909216,
              38.136842
            ],
            [
              -121.909007,
              38.138044
            ],
            [
              -121.908655,
              38.139185
            ],
            [
              -121.908706,
              38.139564
            ],
            [
              -121.909118,
              38.140013
            ],
            [
              -121.909697,
              38.140232
            ],
            [
              -121.909831,
              38.143278
            ],
            [
              -121.910263,
              38.144644
            ],
            [
              -121.911173,
              38.146201
            ],
            [
              -121.912585,
              38.147084
            ],
            [
              -121.914974,
              38.148487
            ],
            [
              -121.91667,
              38.149394
            ],
            [
              -121.917202,
              38.14944
            ],
            [
              -121.917804,
              38.149203
            ],
            [
              -121.918591,
              38.148357
            ],
            [
              -121.918927,
              38.148303
            ],
            [
              -121.919367,
              38.148403
            ],
            [
              -121.923147,
              38.150814
            ],
            [
              -121.926984,
              38.154013
            ],
            [
              -121.929051,
              38.157301
            ],
            [
              -121.931964,
              38.16067
            ],
            [
              -121.934941,
              38.162867
            ],
            [
              -121.936987,
              38.166161
            ],
            [
              -121.937233,
              38.166778
            ],
            [
              -121.936812,
              38.167774
            ],
            [
              -121.936351,
              38.168736
            ],
            [
              -121.935656,
              38.169356
            ],
            [
              -121.933765,
              38.17216
            ],
            [
              -121.933465,
              38.173227
            ],
            [
              -121.933284,
              38.173775
            ],
            [
              -121.933293,
              38.174087
            ],
            [
              -121.933473,
              38.174308
            ],
            [
              -121.93519,
              38.175557
            ],
            [
              -121.935267,
              38.175897
            ],
            [
              -121.935329,
              38.176128
            ],
            [
              -121.935343,
              38.17638
            ],
            [
              -121.93525,
              38.176605
            ],
            [
              -121.934731,
              38.177256
            ],
            [
              -121.932782,
              38.178013
            ],
            [
              -121.930655,
              38.178709
            ],
            [
              -121.928587,
              38.179298
            ],
            [
              -121.926263,
              38.179623
            ],
            [
              -121.924431,
              38.18001
            ],
            [
              -121.922619,
              38.180074
            ],
            [
              -121.919665,
              38.180133
            ],
            [
              -121.918928,
              38.180883
            ],
            [
              -121.917508,
              38.181698
            ],
            [
              -121.916941,
              38.181838
            ],
            [
              -121.916196,
              38.182423
            ],
            [
              -121.915376,
              38.182823
            ],
            [
              -121.914756,
              38.183242
            ],
            [
              -121.913653,
              38.183071
            ],
            [
              -121.912734,
              38.182684
            ],
            [
              -121.911667,
              38.181929
            ],
            [
              -121.911067,
              38.181681
            ],
            [
              -121.909755,
              38.181667
            ],
            [
              -121.909276,
              38.181625
            ],
            [
              -121.908092,
              38.180904
            ],
            [
              -121.907684,
              38.180555
            ],
            [
              -121.907153,
              38.180207
            ],
            [
              -121.906851,
              38.180235
            ],
            [
              -121.906301,
              38.180175
            ],
            [
              -121.905769,
              38.180527
            ],
            [
              -121.904404,
              38.18143
            ],
            [
              -121.903145,
              38.182475
            ],
            [
              -121.902976,
              38.183006
            ],
            [
              -121.902925,
              38.183483
            ],
            [
              -121.902947,
              38.183912
            ],
            [
              -121.903031,
              38.184313
            ],
            [
              -121.902942,
              38.184494
            ],
            [
              -121.902791,
              38.184957
            ],
            [
              -121.902893,
              38.185606
            ],
            [
              -121.903262,
              38.186359
            ],
            [
              -121.903988,
              38.187369
            ],
            [
              -121.906471,
              38.189187
            ],
            [
              -121.9083,
              38.18987
            ],
            [
              -121.908764,
              38.190284
            ],
            [
              -121.909112,
              38.190792
            ],
            [
              -121.909271,
              38.191589
            ],
            [
              -121.909122,
              38.191987
            ],
            [
              -121.909132,
              38.192448
            ],
            [
              -121.90934,
              38.192643
            ],
            [
              -121.909877,
              38.192823
            ],
            [
              -121.910911,
              38.192768
            ],
            [
              -121.911431,
              38.19264
            ],
            [
              -121.912171,
              38.192625
            ],
            [
              -121.912626,
              38.192864
            ],
            [
              -121.912777,
              38.193148
            ],
            [
              -121.912797,
              38.193469
            ],
            [
              -121.91239,
              38.195242
            ],
            [
              -121.912837,
              38.195664
            ],
            [
              -121.913225,
              38.195851
            ],
            [
              -121.913751,
              38.196367
            ],
            [
              -121.91407,
              38.196242
            ],
            [
              -121.914285,
              38.196082
            ],
            [
              -121.915582,
              38.196816
            ],
            [
              -121.915985,
              38.197266
            ],
            [
              -121.916121,
              38.198075
            ],
            [
              -121.916258,
              38.198202
            ],
            [
              -121.91637,
              38.198981
            ],
            [
              -121.916773,
              38.199709
            ],
            [
              -121.916985,
              38.199818
            ],
            [
              -121.917343,
              38.199844
            ],
            [
              -121.918083,
              38.199751
            ],
            [
              -121.918634,
              38.199381
            ],
            [
              -121.918984,
              38.198579
            ],
            [
              -121.91928,
              38.198345
            ],
            [
              -121.920222,
              38.198569
            ],
            [
              -121.921123,
              38.199171
            ],
            [
              -121.921769,
              38.199774
            ],
            [
              -121.921963,
              38.201146
            ],
            [
              -121.924006,
              38.203514
            ],
            [
              -121.927747,
              38.204705
            ],
            [
              -121.929308,
              38.199296
            ],
            [
              -121.929503,
              38.198814
            ],
            [
              -121.929407,
              38.198328
            ],
            [
              -121.928962,
              38.197692
            ],
            [
              -121.928519,
              38.196821
            ],
            [
              -121.928404,
              38.195812
            ],
            [
              -121.928526,
              38.194801
            ],
            [
              -121.92874,
              38.192727
            ],
            [
              -121.929292,
              38.191592
            ],
            [
              -121.929745,
              38.190431
            ],
            [
              -121.930448,
              38.18934
            ],
            [
              -121.931586,
              38.188373
            ],
            [
              -121.934365,
              38.186416
            ],
            [
              -121.937505,
              38.184672
            ],
            [
              -121.939638,
              38.183821
            ],
            [
              -121.942422,
              38.182422
            ],
            [
              -121.943441,
              38.181714
            ],
            [
              -121.944563,
              38.181494
            ],
            [
              -121.945807,
              38.181664
            ],
            [
              -121.947228,
              38.18205
            ],
            [
              -121.9484,
              38.182749
            ],
            [
              -121.949287,
              38.183782
            ],
            [
              -121.95084,
              38.183111
            ],
            [
              -121.951467,
              38.180734
            ],
            [
              -121.952148,
              38.180101
            ],
            [
              -121.953238,
              38.179744
            ],
            [
              -121.954475,
              38.180074
            ],
            [
              -121.95477,
              38.181046
            ],
            [
              -121.953782,
              38.183491
            ],
            [
              -121.954032,
              38.18391
            ],
            [
              -121.954384,
              38.183651
            ],
            [
              -121.955269,
              38.184606
            ],
            [
              -121.956018,
              38.184668
            ],
            [
              -121.956926,
              38.184267
            ],
            [
              -121.95713,
              38.183615
            ],
            [
              -121.956869,
              38.181635
            ],
            [
              -121.957255,
              38.180395
            ],
            [
              -121.958392,
              38.179815
            ],
            [
              -121.960771,
              38.179662
            ],
            [
              -121.962163,
              38.178921
            ],
            [
              -121.96366,
              38.17904
            ],
            [
              -121.964927,
              38.179498
            ],
            [
              -121.965609,
              38.180153
            ],
            [
              -121.966026,
              38.18138
            ],
            [
              -121.967291,
              38.182869
            ],
            [
              -121.969327,
              38.18393
            ],
            [
              -121.970887,
              38.184155
            ],
            [
              -121.972603,
              38.184286
            ],
            [
              -121.974765,
              38.18507
            ],
            [
              -121.976984,
              38.185698
            ],
            [
              -121.978871,
              38.185751
            ],
            [
              -121.980768,
              38.185604
            ],
            [
              -121.981575,
              38.185222
            ],
            [
              -121.981852,
              38.184484
            ],
            [
              -121.982534,
              38.184676
            ],
            [
              -121.985831,
              38.182334
            ],
            [
              -121.987347,
              38.181958
            ],
            [
              -121.990043,
              38.182467
            ],
            [
              -121.991821,
              38.181709
            ],
            [
              -121.993008,
              38.180597
            ],
            [
              -121.995677,
              38.179755
            ],
            [
              -121.996224,
              38.179755
            ],
            [
              -122.001151,
              38.179037
            ],
            [
              -122.005083,
              38.178163
            ],
            [
              -122.009817,
              38.176162
            ],
            [
              -122.010907,
              38.176204
            ],
            [
              -122.012048,
              38.17685
            ],
            [
              -122.012618,
              38.177388
            ],
            [
              -122.012771,
              38.178002
            ],
            [
              -122.012732,
              38.182821
            ],
            [
              -122.01381,
              38.183597
            ],
            [
              -122.016388,
              38.185476
            ],
            [
              -122.01774,
              38.186228
            ],
            [
              -122.018696,
              38.186979
            ],
            [
              -122.020588,
              38.188712
            ],
            [
              -122.021575,
              38.189305
            ],
            [
              -122.022739,
              38.189534
            ],
            [
              -122.02351,
              38.190279
            ],
            [
              -122.023448,
              38.191145
            ],
            [
              -122.023677,
              38.192485
            ],
            [
              -122.024363,
              38.193302
            ],
            [
              -122.025148,
              38.193399
            ],
            [
              -122.027352,
              38.192942
            ],
            [
              -122.028433,
              38.1925
            ],
            [
              -122.029451,
              38.192174
            ],
            [
              -122.03072,
              38.1925
            ],
            [
              -122.031842,
              38.193154
            ],
            [
              -122.032451,
              38.194172
            ],
            [
              -122.032535,
              38.194364
            ],
            [
              -122.032475,
              38.194558
            ],
            [
              -122.032395,
              38.194797
            ],
            [
              -122.032434,
              38.195081
            ],
            [
              -122.03266,
              38.195214
            ],
            [
              -122.032932,
              38.195192
            ],
            [
              -122.033519,
              38.195032
            ],
            [
              -122.033901,
              38.194797
            ],
            [
              -122.034175,
              38.19471
            ],
            [
              -122.034546,
              38.194466
            ],
            [
              -122.035003,
              38.194158
            ],
            [
              -122.035196,
              38.194111
            ],
            [
              -122.036228,
              38.193917
            ],
            [
              -122.037034,
              38.193762
            ],
            [
              -122.037677,
              38.193417
            ],
            [
              -122.037838,
              38.192925
            ],
            [
              -122.038124,
              38.192432
            ],
            [
              -122.038751,
              38.192418
            ],
            [
              -122.039802,
              38.192812
            ],
            [
              -122.041736,
              38.193952
            ],
            [
              -122.042954,
              38.194529
            ],
            [
              -122.043602,
              38.194831
            ],
            [
              -122.044289,
              38.195048
            ],
            [
              -122.045348,
              38.195785
            ],
            [
              -122.045989,
              38.196859
            ],
            [
              -122.04581,
              38.197506
            ],
            [
              -122.045507,
              38.19803
            ],
            [
              -122.043141,
              38.199224
            ],
            [
              -122.041726,
              38.199548
            ],
            [
              -122.040812,
              38.199928
            ],
            [
              -122.040536,
              38.200206
            ],
            [
              -122.040546,
              38.200462
            ],
            [
              -122.040896,
              38.201312
            ],
            [
              -122.041344,
              38.202088
            ],
            [
              -122.04171,
              38.202546
            ],
            [
              -122.042094,
              38.203268
            ],
            [
              -122.042079,
              38.204087
            ],
            [
              -122.041812,
              38.205065
            ],
            [
              -122.040847,
              38.205824
            ],
            [
              -122.040021,
              38.206116
            ],
            [
              -122.038765,
              38.206125
            ],
            [
              -122.037556,
              38.205961
            ],
            [
              -122.035463,
              38.205501
            ],
            [
              -122.034953,
              38.205736
            ],
            [
              -122.034488,
              38.206111
            ],
            [
              -122.034263,
              38.206942
            ],
            [
              -122.034469,
              38.208045
            ],
            [
              -122.034141,
              38.208816
            ],
            [
              -122.033884,
              38.20968
            ],
            [
              -122.034819,
              38.213591
            ],
            [
              -122.034749,
              38.2144
            ],
            [
              -122.033767,
              38.214712
            ],
            [
              -122.032248,
              38.215667
            ],
            [
              -122.031407,
              38.215795
            ],
            [
              -122.030448,
              38.216493
            ],
            [
              -122.029581,
              38.216781
            ],
            [
              -122.029899,
              38.218204
            ],
            [
              -122.030039,
              38.21892
            ],
            [
              -122.029517,
              38.219455
            ],
            [
              -122.028571,
              38.219217
            ],
            [
              -122.027566,
              38.218556
            ],
            [
              -122.026281,
              38.218942
            ],
            [
              -122.025184,
              38.219461
            ],
            [
              -122.025325,
              38.219718
            ],
            [
              -122.026073,
              38.219755
            ],
            [
              -122.026306,
              38.220526
            ],
            [
              -122.025885,
              38.220985
            ],
            [
              -122.025348,
              38.221445
            ],
            [
              -122.02453,
              38.22194
            ],
            [
              -122.023198,
              38.222675
            ],
            [
              -122.022707,
              38.223134
            ],
            [
              -122.022262,
              38.223813
            ],
            [
              -122.022367,
              38.22435
            ],
            [
              -122.022788,
              38.224864
            ],
            [
              -122.024097,
              38.225599
            ],
            [
              -122.024167,
              38.225966
            ],
            [
              -122.02391,
              38.226333
            ],
            [
              -122.023115,
              38.226737
            ],
            [
              -122.022484,
              38.226608
            ],
            [
              -122.021783,
              38.226113
            ],
            [
              -122.021385,
              38.225837
            ],
            [
              -122.021085,
              38.226056
            ],
            [
              -122.020893,
              38.226626
            ],
            [
              -122.021147,
              38.227218
            ],
            [
              -122.021299,
              38.227847
            ],
            [
              -122.021117,
              38.228166
            ],
            [
              -122.019829,
              38.228507
            ],
            [
              -122.019255,
              38.228463
            ],
            [
              -122.019005,
              38.227922
            ],
            [
              -122.019241,
              38.22722
            ],
            [
              -122.018667,
              38.226923
            ],
            [
              -122.018205,
              38.226692
            ],
            [
              -122.016794,
              38.226889
            ],
            [
              -122.015856,
              38.226581
            ],
            [
              -122.015394,
              38.226141
            ],
            [
              -122.015226,
              38.225789
            ],
            [
              -122.014929,
              38.225506
            ],
            [
              -122.014635,
              38.225638
            ],
            [
              -122.014313,
              38.22599
            ],
            [
              -122.013893,
              38.226551
            ],
            [
              -122.013207,
              38.226551
            ],
            [
              -122.012227,
              38.226078
            ],
            [
              -122.011905,
              38.225143
            ],
            [
              -122.011272,
              38.224921
            ],
            [
              -122.01078,
              38.225084
            ],
            [
              -122.010054,
              38.224932
            ],
            [
              -122.008819,
              38.224139
            ],
            [
              -122.008455,
              38.224139
            ],
            [
              -122.008174,
              38.224303
            ],
            [
              -122.007826,
              38.224392
            ],
            [
              -122.007696,
              38.224756
            ],
            [
              -122.007734,
              38.224993
            ],
            [
              -122.007645,
              38.225297
            ],
            [
              -122.00726,
              38.225622
            ],
            [
              -122.007069,
              38.225875
            ],
            [
              -122.007383,
              38.234549
            ],
            [
              -122.007855,
              38.23476
            ],
            [
              -122.014754,
              38.233813
            ],
            [
              -122.01596,
              38.232584
            ],
            [
              -122.020037,
              38.232906
            ],
            [
              -122.020282,
              38.2428
            ],
            [
              -122.022514,
              38.242215
            ],
            [
              -122.029438,
              38.243525
            ],
            [
              -122.029401,
              38.236191
            ],
            [
              -122.029335,
              38.235627
            ],
            [
              -122.029463,
              38.235043
            ],
            [
              -122.030002,
              38.234358
            ],
            [
              -122.031874,
              38.233492
            ],
            [
              -122.033233,
              38.233351
            ],
            [
              -122.034721,
              38.234277
            ],
            [
              -122.036121,
              38.235184
            ],
            [
              -122.036748,
              38.234977
            ],
            [
              -122.037005,
              38.234655
            ],
            [
              -122.033901,
              38.227745
            ],
            [
              -122.033803,
              38.227184
            ],
            [
              -122.034162,
              38.226741
            ],
            [
              -122.034495,
              38.226076
            ],
            [
              -122.035034,
              38.225955
            ],
            [
              -122.035572,
              38.226882
            ],
            [
              -122.036162,
              38.2267
            ],
            [
              -122.036059,
              38.226116
            ],
            [
              -122.036803,
              38.225592
            ],
            [
              -122.038085,
              38.226438
            ],
            [
              -122.03847,
              38.226035
            ],
            [
              -122.039137,
              38.225834
            ],
            [
              -122.041367,
              38.226539
            ],
            [
              -122.041932,
              38.225935
            ],
            [
              -122.042548,
              38.225512
            ],
            [
              -122.042789,
              38.224062
            ],
            [
              -122.042136,
              38.223497
            ],
            [
              -122.039252,
              38.224847
            ],
            [
              -122.037177,
              38.224134
            ],
            [
              -122.035459,
              38.224567
            ],
            [
              -122.034195,
              38.22421
            ],
            [
              -122.033449,
              38.223497
            ],
            [
              -122.032671,
              38.221995
            ],
            [
              -122.031731,
              38.219754
            ],
            [
              -122.031999,
              38.217697
            ],
            [
              -122.033449,
              38.216825
            ],
            [
              -122.036318,
              38.213934
            ],
            [
              -122.038523,
              38.213425
            ],
            [
              -122.039463,
              38.212967
            ],
            [
              -122.041051,
              38.212355
            ],
            [
              -122.045158,
              38.212816
            ],
            [
              -122.046,
              38.212842
            ],
            [
              -122.046843,
              38.212867
            ],
            [
              -122.047187,
              38.213478
            ],
            [
              -122.046701,
              38.214166
            ],
            [
              -122.04707,
              38.214675
            ],
            [
              -122.047641,
              38.214777
            ],
            [
              -122.048127,
              38.214395
            ],
            [
              -122.048873,
              38.2133
            ],
            [
              -122.050623,
              38.21274
            ],
            [
              -122.052345,
              38.213107
            ],
            [
              -122.054355,
              38.21275
            ],
            [
              -122.055552,
              38.212437
            ],
            [
              -122.057594,
              38.212641
            ],
            [
              -122.059993,
              38.213278
            ],
            [
              -122.067411,
              38.214227
            ],
            [
              -122.071035,
              38.213232
            ],
            [
              -122.071873,
              38.212029
            ],
            [
              -122.103363,
              38.202534
            ],
            [
              -122.106186,
              38.201674
            ],
            [
              -122.10931,
              38.203048
            ],
            [
              -122.110377,
              38.206256
            ],
            [
              -122.115771,
              38.209039
            ],
            [
              -122.117192,
              38.212074
            ],
            [
              -122.12346,
              38.210585
            ],
            [
              -122.124408,
              38.20964
            ],
            [
              -122.121565,
              38.206547
            ],
            [
              -122.121012,
              38.204069
            ],
            [
              -122.121201,
              38.20271
            ],
            [
              -122.120575,
              38.201575
            ],
            [
              -122.121565,
              38.199273
            ],
            [
              -122.121665,
              38.197849
            ],
            [
              -122.119191,
              38.197533
            ],
            [
              -122.11891,
              38.197036
            ],
            [
              -122.119402,
              38.195986
            ],
            [
              -122.117048,
              38.194247
            ],
            [
              -122.12079,
              38.193238
            ],
            [
              -122.120039,
              38.190952
            ],
            [
              -122.117645,
              38.189552
            ],
            [
              -122.115292,
              38.189496
            ],
            [
              -122.115004,
              38.191671
            ],
            [
              -122.11416,
              38.192002
            ],
            [
              -122.113001,
              38.191698
            ],
            [
              -122.109874,
              38.191422
            ],
            [
              -122.109241,
              38.19098
            ],
            [
              -122.109663,
              38.190345
            ],
            [
              -122.11286,
              38.189102
            ],
            [
              -122.113359,
              38.188143
            ],
            [
              -122.113127,
              38.186736
            ],
            [
              -122.115643,
              38.186817
            ],
            [
              -122.117308,
              38.184744
            ],
            [
              -122.117408,
              38.179944
            ],
            [
              -122.116314,
              38.178898
            ],
            [
              -122.111178,
              38.176954
            ],
            [
              -122.110275,
              38.175533
            ],
            [
              -122.11056,
              38.173851
            ],
            [
              -122.113176,
              38.17157
            ],
            [
              -122.113794,
              38.170149
            ],
            [
              -122.113413,
              38.168616
            ],
            [
              -122.110577,
              38.167053
            ],
            [
              -122.108104,
              38.163762
            ],
            [
              -122.108627,
              38.163127
            ],
            [
              -122.11178,
              38.163181
            ],
            [
              -122.113824,
              38.162022
            ],
            [
              -122.114503,
              38.157242
            ],
            [
              -122.111932,
              38.150798
            ],
            [
              -122.109933,
              38.149807
            ],
            [
              -122.109398,
              38.148701
            ],
            [
              -122.109933,
              38.14682
            ],
            [
              -122.108863,
              38.143259
            ],
            [
              -122.110144,
              38.137876
            ],
            [
              -122.109958,
              38.135909
            ],
            [
              -122.098341,
              38.135933
            ],
            [
              -122.097196,
              38.138062
            ],
            [
              -122.095356,
              38.13738
            ],
            [
              -122.093655,
              38.136588
            ],
            [
              -122.091225,
              38.135714
            ],
            [
              -122.088483,
              38.135141
            ],
            [
              -122.086123,
              38.134868
            ],
            [
              -122.085706,
              38.13454
            ],
            [
              -122.085672,
              38.13323
            ],
            [
              -122.088206,
              38.131318
            ],
            [
              -122.090913,
              38.129926
            ],
            [
              -122.092688,
              38.129731
            ],
            [
              -122.093487,
              38.12883
            ],
            [
              -122.095194,
              38.128484
            ],
            [
              -122.096548,
              38.127801
            ],
            [
              -122.097173,
              38.128047
            ],
            [
              -122.09811,
              38.130231
            ],
            [
              -122.098549,
              38.130581
            ],
            [
              -122.098792,
              38.130008
            ],
            [
              -122.098445,
              38.129598
            ],
            [
              -122.098549,
              38.12837
            ],
            [
              -122.100389,
              38.127004
            ],
            [
              -122.100297,
              38.126436
            ],
            [
              -122.099463,
              38.124606
            ],
            [
              -122.099151,
              38.122777
            ],
            [
              -122.097485,
              38.121603
            ],
            [
              -122.09568,
              38.120701
            ],
            [
              -122.095987,
              38.119519
            ],
            [
              -122.096577,
              38.117908
            ],
            [
              -122.099007,
              38.117116
            ],
            [
              -122.099354,
              38.116129
            ],
            [
              -122.098591,
              38.11165
            ],
            [
              -122.100015,
              38.109191
            ],
            [
              -122.101021,
              38.106569
            ],
            [
              -122.102268,
              38.099543
            ],
            [
              -122.092858,
              38.099527
            ],
            [
              -122.091777,
              38.098825
            ],
            [
              -122.091636,
              38.098123
            ],
            [
              -122.091918,
              38.09742
            ],
            [
              -122.093128,
              38.096064
            ],
            [
              -122.091609,
              38.095444
            ],
            [
              -122.091747,
              38.093714
            ],
            [
              -122.094842,
              38.0913
            ],
            [
              -122.089056,
              38.088685
            ],
            [
              -122.075663,
              38.100483
            ],
            [
              -122.06947,
              38.107273
            ],
            [
              -122.067074,
              38.113227
            ],
            [
              -122.066513,
              38.115128
            ],
            [
              -122.066649,
              38.116867
            ],
            [
              -122.067845,
              38.11808
            ],
            [
              -122.06898,
              38.118919
            ],
            [
              -122.070869,
              38.119556
            ],
            [
              -122.074069,
              38.120375
            ],
            [
              -122.077234,
              38.121095
            ],
            [
              -122.078621,
              38.121672
            ],
            [
              -122.079393,
              38.122764
            ],
            [
              -122.078961,
              38.124354
            ],
            [
              -122.077457,
              38.125992
            ],
            [
              -122.072137,
              38.127902
            ],
            [
              -122.068412,
              38.130488
            ],
            [
              -122.064364,
              38.133308
            ],
            [
              -122.063086,
              38.135266
            ],
            [
              -122.062009,
              38.135703
            ],
            [
              -122.060552,
              38.136031
            ],
            [
              -122.058434,
              38.135839
            ],
            [
              -122.057219,
              38.13543
            ],
            [
              -122.055964,
              38.13416
            ],
            [
              -122.054488,
              38.134008
            ],
            [
              -122.052945,
              38.134249
            ],
            [
              -122.05084,
              38.135403
            ],
            [
              -122.049007,
              38.13679
            ],
            [
              -122.046531,
              38.137485
            ],
            [
              -122.04216,
              38.138172
            ],
            [
              -122.041542,
              38.137774
            ],
            [
              -122.040564,
              38.137488
            ],
            [
              -122.039819,
              38.137734
            ],
            [
              -122.039246,
              38.138058
            ],
            [
              -122.037962,
              38.137501
            ],
            [
              -122.036448,
              38.137329
            ],
            [
              -122.035081,
              38.138133
            ],
            [
              -122.034239,
              38.139127
            ],
            [
              -122.031723,
              38.139006
            ],
            [
              -122.028587,
              38.138479
            ],
            [
              -122.02647,
              38.138377
            ],
            [
              -122.022578,
              38.139229
            ],
            [
              -122.019811,
              38.137932
            ],
            [
              -122.016308,
              38.138832
            ],
            [
              -122.015265,
              38.13976
            ],
            [
              -122.011953,
              38.140902
            ],
            [
              -122.011043,
              38.141824
            ],
            [
              -122.002332,
              38.142564
            ],
            [
              -122.000802,
              38.142033
            ],
            [
              -121.999968,
              38.141538
            ]
          ]
        ]
      }
    },
    {
      "type": "Feature",
      "properties": {
        "region_id": "montezuma_slough",
        "region_name": "Montezuma Slough",
        "kind": "reviewed_polygon",
        "geometry_note": "Uses the reviewed Montezuma Slough geometry from inputs/waterway_regions."
      },
      "geometry": {
        "type": "Polygon",
        "coordinates": [
          [
            [
              -121.979176,
              38.188097
            ],
            [
              -121.982928,
              38.186898
            ],
            [
              -121.985011,
              38.185925
            ],
            [
              -121.986637,
              38.184877
            ],
            [
              -121.988248,
              38.184775
            ],
            [
              -121.989169,
              38.184461
            ],
            [
              -121.990396,
              38.183808
            ],
            [
              -121.996685,
              38.181944
            ],
            [
              -121.998995,
              38.181442
            ],
            [
              -122.001857,
              38.181037
            ],
            [
              -122.007256,
              38.179946
            ],
            [
              -122.010308,
              38.179006
            ],
            [
              -122.012653,
              38.178042
            ],
            [
              -122.014893,
              38.176342
            ],
            [
              -122.019706,
              38.171978
            ],
            [
              -122.021296,
              38.170979
            ],
            [
              -122.023041,
              38.170586
            ],
            [
              -122.025418,
              38.170477
            ],
            [
              -122.029691,
              38.171603
            ],
            [
              -122.03303,
              38.172113,
              0
            ],
            [
              -122.035595,
              38.172168
            ],
            [
              -122.03829,
              38.171574
            ],
            [
              -122.038955,
              38.171162,
              0
            ],
            [
              -122.040916,
              38.170013
            ],
            [
              -122.042661,
              38.168477
            ],
            [
              -122.045996,
              38.164872
            ],
            [
              -122.052673,
              38.156322
            ],
            [
              -122.053532,
              38.155675
            ],
            [
              -122.05434,
              38.154855
            ],
            [
              -122.058182,
              38.150372
            ],
            [
              -122.062451,
              38.144818
            ],
            [
              -122.062972,
              38.14044
            ],
            [
              -122.06275,
              38.140002
            ],
            [
              -122.061797,
              38.139723
            ],
            [
              -122.061252,
              38.139723
            ],
            [
              -122.060735,
              38.139895
            ],
            [
              -122.060326,
              38.140195
            ],
            [
              -122.060028,
              38.140604
            ],
            [
              -122.0581,
              38.145186
            ],
            [
              -122.057292,
              38.146416
            ],
            [
              -122.052021,
              38.152336
            ],
            [
              -122.046915,
              38.158451
            ],
            [
              -122.042375,
              38.164238
            ],
            [
              -122.038128,
              38.169583
            ],
            [
              -122.03618,
              38.170529
            ],
            [
              -122.034408,
              38.170816
            ],
            [
              -122.030214,
              38.169772
            ],
            [
              -122.02851,
              38.168948
            ],
            [
              -122.026332,
              38.168481
            ],
            [
              -122.023777,
              38.168531
            ],
            [
              -122.021588,
              38.169084
            ],
            [
              -122.017284,
              38.171426
            ],
            [
              -122.013695,
              38.174151
            ],
            [
              -122.010881,
              38.175687
            ],
            [
              -122.008276,
              38.176793
            ],
            [
              -122.005174,
              38.178179
            ],
            [
              -122.001545,
              38.178973
            ],
            [
              -121.995792,
              38.179703
            ],
            [
              -121.99318,
              38.180599
            ],
            [
              -121.991182,
              38.182143,
              0
            ],
            [
              -121.989953,
              38.182468
            ],
            [
              -121.989046,
              38.182435
            ],
            [
              -121.987252,
              38.182759
            ],
            [
              -121.986138,
              38.1831
            ],
            [
              -121.984702,
              38.183446
            ],
            [
              -121.982784,
              38.184532
            ],
            [
              -121.982619,
              38.185131
            ],
            [
              -121.981134,
              38.185942
            ],
            [
              -121.97816,
              38.186479
            ],
            [
              -121.975396,
              38.186301
            ],
            [
              -121.968056,
              38.184632
            ],
            [
              -121.965961,
              38.183647
            ],
            [
              -121.964373,
              38.181281
            ],
            [
              -121.964002,
              38.179352
            ],
            [
              -121.964154,
              38.176298
            ],
            [
              -121.963391,
              38.172716
            ],
            [
              -121.962489,
              38.171512
            ],
            [
              -121.961721,
              38.171047,
              0
            ],
            [
              -121.960634,
              38.170507
            ],
            [
              -121.959458,
              38.170507
            ],
            [
              -121.955953,
              38.17101
            ],
            [
              -121.955396,
              38.172258
            ],
            [
              -121.954839,
              38.173506
            ],
            [
              -121.951192,
              38.175093
            ],
            [
              -121.949514,
              38.174594
            ],
            [
              -121.948141,
              38.172174
            ],
            [
              -121.947402,
              38.169645
            ],
            [
              -121.946385,
              38.168346
            ],
            [
              -121.944985,
              38.167419
            ],
            [
              -121.943079,
              38.166987
            ],
            [
              -121.935588,
              38.166872
            ],
            [
              -121.93457,
              38.166456
            ],
            [
              -121.932395,
              38.164638
            ],
            [
              -121.92874,
              38.159109
            ],
            [
              -121.920575,
              38.152437
            ],
            [
              -121.917998,
              38.150334
            ],
            [
              -121.911105,
              38.146154
            ],
            [
              -121.909888,
              38.144298
            ],
            [
              -121.909379,
              38.140817
            ],
            [
              -121.909944,
              38.139516
            ],
            [
              -121.911114,
              38.138435
            ],
            [
              -121.912488,
              38.13822
            ],
            [
              -121.913289,
              38.137005
            ],
            [
              -121.915757,
              38.134544
            ],
            [
              -121.916714,
              38.12941
            ],
            [
              -121.916943,
              38.12835
            ],
            [
              -121.91679,
              38.12763
            ],
            [
              -121.915875,
              38.126469
            ],
            [
              -121.915614,
              38.124856
            ],
            [
              -121.915055,
              38.123095
            ],
            [
              -121.914005,
              38.121199
            ],
            [
              -121.912936,
              38.120102,
              0
            ],
            [
              -121.910978,
              38.118998
            ],
            [
              -121.908855,
              38.118418,
              0
            ],
            [
              -121.906864,
              38.118404
            ],
            [
              -121.904931,
              38.118684
            ],
            [
              -121.903247,
              38.119057,
              0
            ],
            [
              -121.901637,
              38.120141
            ],
            [
              -121.900289,
              38.122122
            ],
            [
              -121.898601,
              38.124159,
              0
            ],
            [
              -121.897745,
              38.125131
            ],
            [
              -121.896041,
              38.125671
            ],
            [
              -121.894219,
              38.126076,
              0
            ],
            [
              -121.892251,
              38.125831
            ],
            [
              -121.890796,
              38.124814,
              0
            ],
            [
              -121.889827,
              38.123744
            ],
            [
              -121.888949,
              38.121096
            ],
            [
              -121.889193,
              38.119606
            ],
            [
              -121.889621,
              38.118436
            ],
            [
              -121.890528,
              38.116617
            ],
            [
              -121.891139,
              38.115047
            ],
            [
              -121.891444,
              38.113508
            ],
            [
              -121.891467,
              38.111631
            ],
            [
              -121.890425,
              38.108189
            ],
            [
              -121.889665,
              38.105778
            ],
            [
              -121.889655,
              38.104738
            ],
            [
              -121.891552,
              38.102814
            ],
            [
              -121.893509,
              38.101544
            ],
            [
              -121.894916,
              38.100505
            ],
            [
              -121.895691,
              38.099639
            ],
            [
              -121.896412,
              38.09849
            ],
            [
              -121.896538,
              38.097254
            ],
            [
              -121.895676,
              38.096355
            ],
            [
              -121.893822,
              38.095666
            ],
            [
              -121.891765,
              38.095489
            ],
            [
              -121.8892,
              38.094544
            ],
            [
              -121.886757,
              38.093071
            ],
            [
              -121.885508,
              38.09074
            ],
            [
              -121.883965,
              38.088885
            ],
            [
              -121.883211,
              38.087731
            ],
            [
              -121.882685,
              38.086742
            ],
            [
              -121.882787,
              38.085315
            ],
            [
              -121.8835,
              38.083856
            ],
            [
              -121.88458,
              38.082605
            ],
            [
              -121.885211,
              38.08198
            ],
            [
              -121.885578,
              38.081435
            ],
            [
              -121.885965,
              38.080794
            ],
            [
              -121.885876,
              38.079818
            ],
            [
              -121.885557,
              38.078729
            ],
            [
              -121.88352,
              38.076228
            ],
            [
              -121.881259,
              38.0744
            ],
            [
              -121.88018,
              38.07347
            ],
            [
              -121.878611,
              38.07278
            ],
            [
              -121.876138,
              38.072
            ],
            [
              -121.873917,
              38.071519
            ],
            [
              -121.869538,
              38.07099
            ],
            [
              -121.867215,
              38.070941
            ],
            [
              -121.865728,
              38.070909
            ],
            [
              -121.865202,
              38.070592
            ],
            [
              -121.864935,
              38.070916
            ],
            [
              -121.864935,
              38.071476
            ],
            [
              -121.866032,
              38.071695
            ],
            [
              -121.870677,
              38.071743
            ],
            [
              -121.873427,
              38.072064
            ],
            [
              -121.876666,
              38.072786
            ],
            [
              -121.878112,
              38.073539
            ],
            [
              -121.880424,
              38.074704
            ],
            [
              -121.882135,
              38.075971
            ],
            [
              -121.883296,
              38.077174
            ],
            [
              -121.884457,
              38.078521
            ],
            [
              -121.885252,
              38.080076
            ],
            [
              -121.88513,
              38.080718
            ],
            [
              -121.884849,
              38.081189
            ],
            [
              -121.883052,
              38.083664
            ],
            [
              -121.882359,
              38.08477
            ],
            [
              -121.882176,
              38.085347
            ],
            [
              -121.882152,
              38.085967
            ],
            [
              -121.882315,
              38.08709
            ],
            [
              -121.882641,
              38.088004
            ],
            [
              -121.883756,
              38.089826
            ],
            [
              -121.884673,
              38.091013
            ],
            [
              -121.885488,
              38.092327
            ],
            [
              -121.885574,
              38.093213
            ],
            [
              -121.886016,
              38.093834
            ],
            [
              -121.887006,
              38.094074
            ],
            [
              -121.88755,
              38.094336
            ],
            [
              -121.888895,
              38.095121
            ],
            [
              -121.890628,
              38.095859
            ],
            [
              -121.894945,
              38.097093
            ],
            [
              -121.895291,
              38.097721
            ],
            [
              -121.895271,
              38.098202
            ],
            [
              -121.894986,
              38.098827
            ],
            [
              -121.894058,
              38.099848
            ],
            [
              -121.892245,
              38.101355
            ],
            [
              -121.890717,
              38.102124
            ],
            [
              -121.889038,
              38.103731
            ],
            [
              -121.888712,
              38.104468
            ],
            [
              -121.888651,
              38.105526
            ],
            [
              -121.888793,
              38.106248
            ],
            [
              -121.888598,
              38.10675
            ],
            [
              -121.889043,
              38.108505
            ],
            [
              -121.88959,
              38.109696
            ],
            [
              -121.890103,
              38.112833
            ],
            [
              -121.889346,
              38.115608
            ],
            [
              -121.888358,
              38.117523
            ],
            [
              -121.888012,
              38.119045
            ],
            [
              -121.887869,
              38.120087
            ],
            [
              -121.88789,
              38.121144
            ],
            [
              -121.888172,
              38.122109,
              0
            ],
            [
              -121.888944,
              38.12469
            ],
            [
              -121.890193,
              38.125763,
              0
            ],
            [
              -121.892327,
              38.126791
            ],
            [
              -121.894295,
              38.126901,
              0
            ],
            [
              -121.896702,
              38.126631
            ],
            [
              -121.898126,
              38.125911
            ],
            [
              -121.89978,
              38.12477
            ],
            [
              -121.901102,
              38.12319
            ],
            [
              -121.902858,
              38.120688
            ],
            [
              -121.904835,
              38.11941,
              0
            ],
            [
              -121.907465,
              38.119059
            ],
            [
              -121.909859,
              38.119318
            ],
            [
              -121.911904,
              38.12035,
              0
            ],
            [
              -121.913598,
              38.12238
            ],
            [
              -121.914313,
              38.124701
            ],
            [
              -121.914339,
              38.125262
            ],
            [
              -121.914949,
              38.129304
            ],
            [
              -121.914844,
              38.13085,
              0
            ],
            [
              -121.914603,
              38.131992
            ],
            [
              -121.91418,
              38.133084
            ],
            [
              -121.912832,
              38.135004
            ],
            [
              -121.909563,
              38.138415
            ],
            [
              -121.908927,
              38.138575
            ],
            [
              -121.908031,
              38.139689
            ],
            [
              -121.907828,
              38.141717
            ],
            [
              -121.908158,
              38.14203
            ],
            [
              -121.90821,
              38.143836
            ],
            [
              -121.908668,
              38.144236
            ],
            [
              -121.908714,
              38.144993
            ],
            [
              -121.91052,
              38.147414
            ],
            [
              -121.914615,
              38.149314
            ],
            [
              -121.917268,
              38.151157
            ],
            [
              -121.919583,
              38.153257
            ],
            [
              -121.922839,
              38.156408
            ],
            [
              -121.927349,
              38.159888,
              0
            ],
            [
              -121.93177,
              38.165239
            ],
            [
              -121.932483,
              38.166537
            ],
            [
              -121.933195,
              38.167402
            ],
            [
              -121.933302,
              38.167649
            ],
            [
              -121.93354,
              38.167944
            ],
            [
              -121.934027,
              38.168219
            ],
            [
              -121.934608,
              38.168375
            ],
            [
              -121.935052,
              38.168474
            ],
            [
              -121.935438,
              38.168433
            ],
            [
              -121.941222,
              38.16791
            ],
            [
              -121.943513,
              38.16819
            ],
            [
              -121.945125,
              38.169526
            ],
            [
              -121.946542,
              38.173508
            ],
            [
              -121.948518,
              38.175459
            ],
            [
              -121.950424,
              38.176182
            ],
            [
              -121.952536,
              38.176218
            ],
            [
              -121.954701,
              38.175505
            ],
            [
              -121.956578,
              38.174581
            ],
            [
              -121.958042,
              38.172733
            ],
            [
              -121.959217,
              38.171841
            ],
            [
              -121.960654,
              38.17182
            ],
            [
              -121.961355,
              38.172696
            ],
            [
              -121.961623,
              38.175046
            ],
            [
              -121.962393,
              38.178396
            ],
            [
              -121.963189,
              38.182427
            ],
            [
              -121.964241,
              38.183724
            ],
            [
              -121.965705,
              38.184826
            ],
            [
              -121.968448,
              38.186301
            ],
            [
              -121.970076,
              38.186641
            ],
            [
              -121.971437,
              38.18716
            ],
            [
              -121.975603,
              38.188132
            ],
            [
              -121.979176,
              38.188097
            ]
          ]
        ]
      }
    },
    {
      "type": "Feature",
      "properties": {
        "region_id": "suisun_bay",
        "region_name": "Suisun Bay",
        "kind": "reviewed_polygon",
        "geometry_note": "Uses the reviewed Suisun Bay geometry from inputs/waterway_regions."
      },
      "geometry": {
        "type": "Polygon",
        "coordinates": [
          [
            [
              -122.127159,
              38.049902
            ],
            [
              -122.123187,
              38.04492
            ],
            [
              -122.11962,
              38.040315
            ],
            [
              -122.116861,
              38.036289
            ],
            [
              -122.112595,
              38.038838
            ],
            [
              -122.106835,
              38.040505
            ],
            [
              -122.094294,
              38.043749
            ],
            [
              -122.092896,
              38.043691
            ],
            [
              -122.091867,
              38.04401
            ],
            [
              -122.091499,
              38.044763
            ],
            [
              -122.090984,
              38.045864
            ],
            [
              -122.088189,
              38.046588
            ],
            [
              -122.088667,
              38.047428
            ],
            [
              -122.087895,
              38.047688
            ],
            [
              -122.086754,
              38.047543
            ],
            [
              -122.084264,
              38.047714
            ],
            [
              -122.083271,
              38.047598
            ],
            [
              -122.082499,
              38.047743
            ],
            [
              -122.081212,
              38.048322
            ],
            [
              -122.079888,
              38.048351
            ],
            [
              -122.079065,
              38.048797
            ],
            [
              -122.075828,
              38.048652
            ],
            [
              -122.073893,
              38.048786
            ],
            [
              -122.072569,
              38.049104
            ],
            [
              -122.07198,
              38.049713
            ],
            [
              -122.071272,
              38.049984
            ],
            [
              -122.070794,
              38.050997
            ],
            [
              -122.072228,
              38.05149
            ],
            [
              -122.072044,
              38.051895
            ],
            [
              -122.071382,
              38.051895
            ],
            [
              -122.071272,
              38.05259
            ],
            [
              -122.070279,
              38.053314
            ],
            [
              -122.069396,
              38.053083
            ],
            [
              -122.068219,
              38.052127
            ],
            [
              -122.066638,
              38.052069
            ],
            [
              -122.064836,
              38.052631
            ],
            [
              -122.063659,
              38.052515
            ],
            [
              -122.06246,
              38.052779
            ],
            [
              -122.05976,
              38.052544
            ],
            [
              -122.057076,
              38.051472
            ],
            [
              -122.055384,
              38.05098
            ],
            [
              -122.053876,
              38.050661
            ],
            [
              -122.052442,
              38.050488
            ],
            [
              -122.051081,
              38.050835
            ],
            [
              -122.049133,
              38.051172
            ],
            [
              -122.048173,
              38.051745
            ],
            [
              -122.046316,
              38.052845
            ],
            [
              -122.045101,
              38.053513
            ],
            [
              -122.044211,
              38.05378
            ],
            [
              -122.043139,
              38.054127
            ],
            [
              -122.042201,
              38.054702
            ],
            [
              -122.041905,
              38.054691
            ],
            [
              -122.041721,
              38.054813
            ],
            [
              -122.041721,
              38.054936
            ],
            [
              -122.041537,
              38.055102
            ],
            [
              -122.041212,
              38.054947
            ],
            [
              -122.039842,
              38.055492
            ],
            [
              -122.039418,
              38.055748
            ],
            [
              -122.039022,
              38.05567
            ],
            [
              -122.038161,
              38.055848
            ],
            [
              -122.036253,
              38.056159
            ],
            [
              -122.034657,
              38.05646
            ],
            [
              -122.033739,
              38.056827
            ],
            [
              -122.031662,
              38.057227
            ],
            [
              -122.03102,
              38.057323
            ],
            [
              -122.030559,
              38.057437
            ],
            [
              -122.030241,
              38.057481
            ],
            [
              -122.030018,
              38.057572
            ],
            [
              -122.029641,
              38.057717
            ],
            [
              -122.029139,
              38.057554
            ],
            [
              -122.028879,
              38.057467
            ],
            [
              -122.028625,
              38.057546
            ],
            [
              -122.028572,
              38.057638
            ],
            [
              -122.028265,
              38.0576
            ],
            [
              -122.028058,
              38.057642
            ],
            [
              -122.027942,
              38.057729
            ],
            [
              -122.027608,
              38.057729
            ],
            [
              -122.027439,
              38.057559
            ],
            [
              -122.027058,
              38.057538
            ],
            [
              -122.027005,
              38.057634
            ],
            [
              -122.02655,
              38.057734
            ],
            [
              -122.026311,
              38.057617
            ],
            [
              -122.025634,
              38.057734
            ],
            [
              -122.025215,
              38.057742
            ],
            [
              -122.024993,
              38.05783
            ],
            [
              -122.024073,
              38.0578
            ],
            [
              -122.024047,
              38.057613
            ],
            [
              -122.022644,
              38.057609
            ],
            [
              -122.022602,
              38.057817
            ],
            [
              -122.022067,
              38.057671
            ],
            [
              -122.021404,
              38.057836
            ],
            [
              -122.021133,
              38.057559
            ],
            [
              -122.020688,
              38.057588
            ],
            [
              -122.01979,
              38.057753
            ],
            [
              -122.01975,
              38.057426
            ],
            [
              -122.019591,
              38.057374
            ],
            [
              -122.019453,
              38.057592
            ],
            [
              -122.018899,
              38.057496
            ],
            [
              -122.018301,
              38.057379
            ],
            [
              -122.017612,
              38.057354
            ],
            [
              -122.017045,
              38.057221
            ],
            [
              -122.016193,
              38.057121
            ],
            [
              -122.01559,
              38.057075
            ],
            [
              -122.015087,
              38.057117
            ],
            [
              -122.014218,
              38.05705
            ],
            [
              -122.014242,
              38.056702
            ],
            [
              -122.013611,
              38.056819
            ],
            [
              -122.013013,
              38.056765
            ],
            [
              -122.012526,
              38.056498
            ],
            [
              -122.011938,
              38.056565
            ],
            [
              -122.011859,
              38.056452
            ],
            [
              -122.011663,
              38.056415
            ],
            [
              -122.011398,
              38.056373
            ],
            [
              -122.011128,
              38.05644
            ],
            [
              -122.010768,
              38.056289
            ],
            [
              -122.010502,
              38.056389
            ],
            [
              -122.009701,
              38.055944
            ],
            [
              -122.008718,
              38.05588
            ],
            [
              -122.007735,
              38.055584
            ],
            [
              -122.007074,
              38.055254
            ],
            [
              -122.006228,
              38.055013
            ],
            [
              -122.005312,
              38.054778
            ],
            [
              -122.004653,
              38.054512
            ],
            [
              -122.004407,
              38.054639
            ],
            [
              -122.003489,
              38.054328
            ],
            [
              -122.002933,
              38.054277
            ],
            [
              -122.001733,
              38.054063
            ],
            [
              -122.000993,
              38.054028
            ],
            [
              -122.000156,
              38.05382
            ],
            [
              -121.998722,
              38.053947
            ],
            [
              -121.998665,
              38.053775
            ],
            [
              -121.998126,
              38.05368
            ],
            [
              -121.997545,
              38.053813
            ],
            [
              -121.996401,
              38.053484
            ],
            [
              -121.995682,
              38.053808
            ],
            [
              -121.994916,
              38.053827
            ],
            [
              -121.994538,
              38.053592
            ],
            [
              -121.993926,
              38.053361
            ],
            [
              -121.992877,
              38.053707
            ],
            [
              -121.992992,
              38.054344
            ],
            [
              -121.992829,
              38.054582
            ],
            [
              -121.992541,
              38.054652
            ],
            [
              -121.992293,
              38.054308
            ],
            [
              -121.991989,
              38.054106
            ],
            [
              -121.991713,
              38.053817
            ],
            [
              -121.991495,
              38.053729
            ],
            [
              -121.991075,
              38.05328
            ],
            [
              -121.990552,
              38.053172
            ],
            [
              -121.990219,
              38.053046
            ],
            [
              -121.989979,
              38.052755
            ],
            [
              -121.989341,
              38.052424
            ],
            [
              -121.989044,
              38.052401
            ],
            [
              -121.988253,
              38.052081
            ],
            [
              -121.987336,
              38.051989
            ],
            [
              -121.986246,
              38.051521
            ],
            [
              -121.985912,
              38.051263
            ],
            [
              -121.985723,
              38.051224
            ],
            [
              -121.985223,
              38.050818
            ],
            [
              -121.984497,
              38.050387
            ],
            [
              -121.983569,
              38.049839
            ],
            [
              -121.983562,
              38.049645
            ],
            [
              -121.983184,
              38.049703
            ],
            [
              -121.982496,
              38.048945
            ],
            [
              -121.981662,
              38.048717
            ],
            [
              -121.981418,
              38.048746
            ],
            [
              -121.98121,
              38.048455
            ],
            [
              -121.980658,
              38.048472
            ],
            [
              -121.979549,
              38.047895
            ],
            [
              -121.97922,
              38.048037
            ],
            [
              -121.979157,
              38.047889
            ],
            [
              -121.9787,
              38.047912
            ],
            [
              -121.978356,
              38.047517
            ],
            [
              -121.977812,
              38.047797
            ],
            [
              -121.977636,
              38.047247
            ],
            [
              -121.9773,
              38.047175
            ],
            [
              -121.977259,
              38.047801
            ],
            [
              -121.977015,
              38.047872
            ],
            [
              -121.975629,
              38.047575
            ],
            [
              -121.975397,
              38.04734
            ],
            [
              -121.974939,
              38.047518
            ],
            [
              -121.974351,
              38.047397
            ],
            [
              -121.974157,
              38.047099
            ],
            [
              -121.97368,
              38.04741
            ],
            [
              -121.973447,
              38.046979
            ],
            [
              -121.973108,
              38.046947
            ],
            [
              -121.972835,
              38.047328
            ],
            [
              -121.972625,
              38.047195
            ],
            [
              -121.972277,
              38.047503
            ],
            [
              -121.97077,
              38.047554
            ],
            [
              -121.970351,
              38.047478
            ],
            [
              -121.969795,
              38.047624
            ],
            [
              -121.969521,
              38.047681
            ],
            [
              -121.969441,
              38.047548
            ],
            [
              -121.969223,
              38.047681
            ],
            [
              -121.96899,
              38.047789
            ],
            [
              -121.969078,
              38.047967
            ],
            [
              -121.968635,
              38.048068
            ],
            [
              -121.968311,
              38.047945
            ],
            [
              -121.967441,
              38.047996
            ],
            [
              -121.966369,
              38.047786
            ],
            [
              -121.966015,
              38.047475
            ],
            [
              -121.965338,
              38.047824
            ],
            [
              -121.965007,
              38.047539
            ],
            [
              -121.964685,
              38.04764
            ],
            [
              -121.964524,
              38.048002
            ],
            [
              -121.964057,
              38.048103
            ],
            [
              -121.96309,
              38.047685
            ],
            [
              -121.962752,
              38.047558
            ],
            [
              -121.962397,
              38.047761
            ],
            [
              -121.96222,
              38.047774
            ],
            [
              -121.961882,
              38.047996
            ],
            [
              -121.961761,
              38.048072
            ],
            [
              -121.961559,
              38.048084
            ],
            [
              -121.961332,
              38.048377
            ],
            [
              -121.960905,
              38.04839
            ],
            [
              -121.960486,
              38.048168
            ],
            [
              -121.960494,
              38.04792
            ],
            [
              -121.960293,
              38.047844
            ],
            [
              -121.959987,
              38.047768
            ],
            [
              -121.959801,
              38.047831
            ],
            [
              -121.959068,
              38.047768
            ],
            [
              -121.958722,
              38.048231
            ],
            [
              -121.957739,
              38.048466
            ],
            [
              -121.957143,
              38.048764
            ],
            [
              -121.956804,
              38.049354
            ],
            [
              -121.956418,
              38.049233
            ],
            [
              -121.955895,
              38.049166
            ],
            [
              -121.955814,
              38.048855
            ],
            [
              -121.95612,
              38.04876
            ],
            [
              -121.955716,
              38.048558
            ],
            [
              -121.955113,
              38.048481
            ],
            [
              -121.954778,
              38.048567
            ],
            [
              -121.954399,
              38.048453
            ],
            [
              -121.953602,
              38.048402
            ],
            [
              -121.953006,
              38.047787
            ],
            [
              -121.952804,
              38.047463
            ],
            [
              -121.952522,
              38.04745
            ],
            [
              -121.952418,
              38.047882
            ],
            [
              -121.951781,
              38.048193
            ],
            [
              -121.951588,
              38.049125
            ],
            [
              -121.951032,
              38.049468
            ],
            [
              -121.950847,
              38.049074
            ],
            [
              -121.95046,
              38.049487
            ],
            [
              -121.949944,
              38.049544
            ],
            [
              -121.949745,
              38.049965
            ],
            [
              -121.949782,
              38.050283
            ],
            [
              -121.949574,
              38.050438
            ],
            [
              -121.949096,
              38.050051
            ],
            [
              -121.947894,
              38.049849
            ],
            [
              -121.94555,
              38.050191
            ],
            [
              -121.943171,
              38.050597
            ],
            [
              -121.940989,
              38.05106
            ],
            [
              -121.937777,
              38.051745
            ],
            [
              -121.936037,
              38.05217
            ],
            [
              -121.934653,
              38.052572
            ],
            [
              -121.933027,
              38.053601
            ],
            [
              -121.932377,
              38.054778
            ],
            [
              -121.932095,
              38.055763
            ],
            [
              -121.93158,
              38.055975
            ],
            [
              -121.929717,
              38.055705
            ],
            [
              -121.928785,
              38.055473
            ],
            [
              -121.928344,
              38.055396
            ],
            [
              -121.927914,
              38.055444
            ],
            [
              -121.926687,
              38.056253
            ],
            [
              -121.925135,
              38.056328
            ],
            [
              -121.924359,
              38.056521
            ],
            [
              -121.923678,
              38.057079
            ],
            [
              -121.922581,
              38.057386
            ],
            [
              -121.921205,
              38.05789
            ],
            [
              -121.920388,
              38.057976
            ],
            [
              -121.919626,
              38.058276
            ],
            [
              -121.919173,
              38.058654
            ],
            [
              -121.919077,
              38.059203
            ],
            [
              -121.918655,
              38.059493
            ],
            [
              -121.918736,
              38.059793
            ],
            [
              -121.919072,
              38.059943
            ],
            [
              -121.918614,
              38.060061
            ],
            [
              -121.918573,
              38.06049
            ],
            [
              -121.918451,
              38.061541
            ],
            [
              -121.918664,
              38.061819
            ],
            [
              -121.918242,
              38.06258
            ],
            [
              -121.918432,
              38.062974
            ],
            [
              -121.918378,
              38.063542
            ],
            [
              -121.917969,
              38.064003
            ],
            [
              -121.918092,
              38.064304
            ],
            [
              -121.918473,
              38.064582
            ],
            [
              -121.918296,
              38.065311
            ],
            [
              -121.918582,
              38.065826
            ],
            [
              -121.918228,
              38.066265
            ],
            [
              -121.918392,
              38.066561
            ],
            [
              -121.918936,
              38.067123
            ],
            [
              -121.918623,
              38.06753
            ],
            [
              -121.919326,
              38.067971
            ],
            [
              -121.918882,
              38.068369
            ],
            [
              -121.919004,
              38.069008
            ],
            [
              -121.919241,
              38.069754
            ],
            [
              -121.918681,
              38.069942
            ],
            [
              -121.918039,
              38.069949
            ],
            [
              -121.917957,
              38.070123
            ],
            [
              -121.917984,
              38.07031
            ],
            [
              -121.917361,
              38.07052
            ],
            [
              -121.916719,
              38.070592
            ],
            [
              -121.915994,
              38.071047
            ],
            [
              -121.915407,
              38.071415
            ],
            [
              -121.914921,
              38.071495
            ],
            [
              -121.914673,
              38.071386
            ],
            [
              -121.914536,
              38.071502
            ],
            [
              -121.913976,
              38.071487
            ],
            [
              -121.913424,
              38.071794
            ],
            [
              -121.913056,
              38.071714
            ],
            [
              -121.912781,
              38.071841
            ],
            [
              -121.912359,
              38.071786
            ],
            [
              -121.911975,
              38.071613
            ],
            [
              -121.911516,
              38.071476
            ],
            [
              -121.910966,
              38.071418
            ],
            [
              -121.910443,
              38.07157
            ],
            [
              -121.909994,
              38.072473
            ],
            [
              -121.909535,
              38.073491
            ],
            [
              -121.909232,
              38.074516
            ],
            [
              -121.908965,
              38.074862
            ],
            [
              -121.908739,
              38.075011
            ],
            [
              -121.908374,
              38.0751
            ],
            [
              -121.907017,
              38.075179
            ],
            [
              -121.906866,
              38.075307
            ],
            [
              -121.906854,
              38.076039
            ],
            [
              -121.906891,
              38.076643
            ],
            [
              -121.907268,
              38.077197
            ],
            [
              -121.907796,
              38.077296
            ],
            [
              -121.908399,
              38.077296
            ],
            [
              -121.909116,
              38.077167
            ],
            [
              -121.909315,
              38.077074
            ],
            [
              -121.909464,
              38.077109
            ],
            [
              -121.909392,
              38.077197
            ],
            [
              -121.909003,
              38.077405
            ],
            [
              -121.908688,
              38.07787
            ],
            [
              -121.908864,
              38.078473
            ],
            [
              -121.90899,
              38.079076
            ],
            [
              -121.908824,
              38.079314
            ],
            [
              -121.909717,
              38.080234
            ],
            [
              -121.910244,
              38.08063
            ],
            [
              -121.910496,
              38.081206
            ],
            [
              -121.910345,
              38.0815
            ],
            [
              -121.910672,
              38.081688
            ],
            [
              -121.911363,
              38.082245
            ],
            [
              -121.911514,
              38.082519
            ],
            [
              -121.911765,
              38.082747
            ],
            [
              -121.912431,
              38.082641
            ],
            [
              -121.913185,
              38.083115
            ],
            [
              -121.913652,
              38.082971
            ],
            [
              -121.913911,
              38.083137
            ],
            [
              -121.914502,
              38.083068
            ],
            [
              -121.914891,
              38.083127
            ],
            [
              -121.915406,
              38.083097
            ],
            [
              -121.915839,
              38.082862
            ],
            [
              -121.916542,
              38.082971
            ],
            [
              -121.917372,
              38.082783
            ],
            [
              -121.917874,
              38.082427
            ],
            [
              -121.917962,
              38.082813
            ],
            [
              -121.918427,
              38.082833
            ],
            [
              -121.918817,
              38.082852
            ],
            [
              -121.919107,
              38.082694
            ],
            [
              -121.919458,
              38.082595
            ],
            [
              -121.919847,
              38.082308
            ],
            [
              -121.920446,
              38.08216
            ],
            [
              -121.92154,
              38.081834
            ],
            [
              -121.92213,
              38.081586
            ],
            [
              -121.922522,
              38.0813
            ],
            [
              -121.923917,
              38.081122
            ],
            [
              -121.924806,
              38.080843
            ],
            [
              -121.925538,
              38.080993
            ],
            [
              -121.92677,
              38.080776
            ],
            [
              -121.927697,
              38.080843
            ],
            [
              -121.928463,
              38.080507
            ],
            [
              -121.928853,
              38.080546
            ],
            [
              -121.928714,
              38.0811
            ],
            [
              -121.929129,
              38.081229
            ],
            [
              -121.929494,
              38.081357
            ],
            [
              -121.929858,
              38.081308
            ],
            [
              -121.930789,
              38.081034
            ],
            [
              -121.931367,
              38.080975
            ],
            [
              -121.931883,
              38.080678
            ],
            [
              -121.932482,
              38.08062
            ],
            [
              -121.933265,
              38.080045
            ],
            [
              -121.93359,
              38.079968
            ],
            [
              -121.933891,
              38.080225
            ],
            [
              -121.934268,
              38.080186
            ],
            [
              -121.934542,
              38.079762
            ],
            [
              -121.935102,
              38.07981
            ],
            [
              -121.935592,
              38.079919
            ],
            [
              -121.936258,
              38.079711
            ],
            [
              -121.93715,
              38.079927
            ],
            [
              -121.937326,
              38.080186
            ],
            [
              -121.937778,
              38.080194
            ],
            [
              -121.938671,
              38.080164
            ],
            [
              -121.939701,
              38.07968
            ],
            [
              -121.940594,
              38.079294
            ],
            [
              -121.941473,
              38.07869
            ],
            [
              -121.942309,
              38.078163
            ],
            [
              -121.943693,
              38.078042
            ],
            [
              -121.945187,
              38.077755
            ],
            [
              -121.947375,
              38.076853
            ],
            [
              -121.947757,
              38.077371
            ],
            [
              -121.948267,
              38.077571
            ],
            [
              -121.948967,
              38.077454
            ],
            [
              -121.949647,
              38.077237
            ],
            [
              -121.949753,
              38.076853
            ],
            [
              -121.949881,
              38.076401
            ],
            [
              -121.951124,
              38.075309
            ],
            [
              -121.95111,
              38.075742
            ],
            [
              -121.952002,
              38.075742
            ],
            [
              -121.952059,
              38.076161
            ],
            [
              -121.952738,
              38.076211
            ],
            [
              -121.953481,
              38.076562
            ],
            [
              -121.954586,
              38.076779
            ],
            [
              -121.95584,
              38.076996
            ],
            [
              -121.956327,
              38.077465
            ],
            [
              -121.956263,
              38.078267
            ],
            [
              -121.956624,
              38.078635
            ],
            [
              -121.957499,
              38.078737
            ],
            [
              -121.959477,
              38.079539
            ],
            [
              -121.960145,
              38.079181
            ],
            [
              -121.961104,
              38.076728
            ],
            [
              -121.962243,
              38.077011
            ],
            [
              -121.9641,
              38.074936
            ],
            [
              -121.965639,
              38.074654
            ],
            [
              -121.969627,
              38.07397
            ],
            [
              -121.973761,
              38.073981
            ],
            [
              -121.97604,
              38.07798
            ],
            [
              -121.978497,
              38.079112
            ],
            [
              -121.980175,
              38.079207
            ],
            [
              -121.981601,
              38.080348
            ],
            [
              -121.982272,
              38.082367
            ],
            [
              -121.983762,
              38.084383
            ],
            [
              -121.985328,
              38.085622
            ],
            [
              -121.987226,
              38.086263
            ],
            [
              -121.991013,
              38.086316
            ],
            [
              -121.992271,
              38.085467
            ],
            [
              -121.996766,
              38.087165
            ],
            [
              -122.003837,
              38.089948
            ],
            [
              -122.009051,
              38.092307
            ],
            [
              -122.016829,
              38.095221
            ],
            [
              -122.018531,
              38.095333
            ],
            [
              -122.019205,
              38.095974
            ],
            [
              -122.020219,
              38.096369
            ],
            [
              -122.020711,
              38.097289
            ],
            [
              -122.018827,
              38.097365
            ],
            [
              -122.01755,
              38.097591
            ],
            [
              -122.017614,
              38.098144
            ],
            [
              -122.016624,
              38.098495
            ],
            [
              -122.016018,
              38.098144
            ],
            [
              -122.015603,
              38.098495
            ],
            [
              -122.014517,
              38.09842
            ],
            [
              -122.013112,
              38.098043
            ],
            [
              -122.012187,
              38.098244
            ],
            [
              -122.01142,
              38.098621
            ],
            [
              -122.011101,
              38.098973
            ],
            [
              -122.009792,
              38.099249
            ],
            [
              -122.00909,
              38.099073
            ],
            [
              -122.008355,
              38.099727
            ],
            [
              -122.007557,
              38.100279
            ],
            [
              -122.007781,
              38.100656
            ],
            [
              -122.007014,
              38.100882
            ],
            [
              -122.006599,
              38.101008
            ],
            [
              -122.006248,
              38.10136
            ],
            [
              -122.006826,
              38.101953
            ],
            [
              -122.005677,
              38.102053
            ],
            [
              -122.004528,
              38.101551
            ],
            [
              -122.003251,
              38.10135
            ],
            [
              -122.002293,
              38.102279
            ],
            [
              -122.001175,
              38.10243
            ],
            [
              -122.000058,
              38.103108
            ],
            [
              -122.00009,
              38.103912
            ],
            [
              -121.999803,
              38.104138
            ],
            [
              -121.998047,
              38.103862
            ],
            [
              -121.996802,
              38.104038
            ],
            [
              -121.996128,
              38.105428
            ],
            [
              -121.994084,
              38.105478
            ],
            [
              -121.992712,
              38.105629
            ],
            [
              -121.991626,
              38.106483
            ],
            [
              -121.991307,
              38.106784
            ],
            [
              -121.991562,
              38.107337
            ],
            [
              -121.991083,
              38.108141
            ],
            [
              -121.993478,
              38.108718
            ],
            [
              -121.992999,
              38.109547
            ],
            [
              -121.991977,
              38.109774
            ],
            [
              -121.990924,
              38.110728
            ],
            [
              -121.98987,
              38.111004
            ],
            [
              -121.989583,
              38.111507
            ],
            [
              -121.98837,
              38.111783
            ],
            [
              -121.987862,
              38.112277
            ],
            [
              -121.986608,
              38.112209
            ],
            [
              -121.98518,
              38.112554
            ],
            [
              -121.983776,
              38.113734
            ],
            [
              -121.986298,
              38.119612
            ],
            [
              -121.988309,
              38.123178
            ],
            [
              -121.989219,
              38.125297
            ],
            [
              -121.990911,
              38.127733
            ],
            [
              -121.992699,
              38.129969
            ],
            [
              -121.996417,
              38.134023
            ],
            [
              -121.998709,
              38.136332
            ],
            [
              -122.001423,
              38.138315
            ],
            [
              -122.002412,
              38.138592
            ],
            [
              -122.002795,
              38.13927
            ],
            [
              -122.003721,
              38.139772
            ],
            [
              -122.005541,
              38.139998
            ],
            [
              -122.00701,
              38.140801
            ],
            [
              -122.009021,
              38.140726
            ],
            [
              -122.010968,
              38.140525
            ],
            [
              -122.014515,
              38.139392
            ],
            [
              -122.015281,
              38.138714
            ],
            [
              -122.02023,
              38.137358
            ],
            [
              -122.021252,
              38.13771
            ],
            [
              -122.02288,
              38.138136
            ],
            [
              -122.024511,
              38.138162
            ],
            [
              -122.026523,
              38.137509
            ],
            [
              -122.028245,
              38.13728
            ],
            [
              -122.030341,
              38.137714
            ],
            [
              -122.031702,
              38.137541
            ],
            [
              -122.033882,
              38.137669
            ],
            [
              -122.037145,
              38.136557
            ],
            [
              -122.037881,
              38.136846
            ],
            [
              -122.038653,
              38.136904
            ],
            [
              -122.039362,
              38.136483
            ],
            [
              -122.040465,
              38.13683
            ],
            [
              -122.041716,
              38.136802
            ],
            [
              -122.042411,
              38.13646
            ],
            [
              -122.043187,
              38.13712
            ],
            [
              -122.044069,
              38.137062
            ],
            [
              -122.046055,
              38.136802
            ],
            [
              -122.04749,
              38.135731
            ],
            [
              -122.048446,
              38.135789
            ],
            [
              -122.049292,
              38.135413
            ],
            [
              -122.050171,
              38.134175
            ],
            [
              -122.051017,
              38.134061
            ],
            [
              -122.052047,
              38.133799
            ],
            [
              -122.052856,
              38.133107
            ],
            [
              -122.053981,
              38.133018
            ],
            [
              -122.057527,
              38.131311
            ],
            [
              -122.060689,
              38.128591
            ],
            [
              -122.061646,
              38.127087
            ],
            [
              -122.06183,
              38.125988
            ],
            [
              -122.062722,
              38.124922
            ],
            [
              -122.062893,
              38.124228
            ],
            [
              -122.063899,
              38.123765
            ],
            [
              -122.064818,
              38.122665
            ],
            [
              -122.06537,
              38.120987
            ],
            [
              -122.065094,
              38.11973
            ],
            [
              -122.064403,
              38.118567
            ],
            [
              -122.064035,
              38.117207
            ],
            [
              -122.064182,
              38.11495
            ],
            [
              -122.064836,
              38.112785
            ],
            [
              -122.066418,
              38.108821
            ],
            [
              -122.068975,
              38.105393
            ],
            [
              -122.072506,
              38.101399
            ],
            [
              -122.076772,
              38.097839
            ],
            [
              -122.085248,
              38.091256
            ],
            [
              -122.094589,
              38.084106
            ],
            [
              -122.099066,
              38.079739
            ],
            [
              -122.105024,
              38.074904
            ],
            [
              -122.110909,
              38.069576
            ],
            [
              -122.11802,
              38.061681
            ],
            [
              -122.123537,
              38.055166
            ],
            [
              -122.127159,
              38.049902
            ]
          ]
        ]
      }
    }
  ]
}
