{"type":"FeatureCollection","metadata":{"count":386,"source":"ALL POINT STATIONS_FINAL REVISION_MAY 2026.xlsx","selection":"Unique union of five baseline team station lists","sourceCoordinateSystem":"UTM Zone 10N meters","outputCoordinateSystem":"WGS84 longitude/latitude"},"features":[{"type":"Feature","properties":{"stationNumber":"2","region":"South Bay","longName":"South Central South Bay near Calaveras Point","shortName":"ECO1","origin":"ECO","archiveIndex":"","x":582550.8,"y":4147010.0,"geographicSubarea":"South Bay"},"geometry":{"type":"Point","coordinates":[-122.066493,37.4662849]}},{"type":"Feature","properties":{"stationNumber":"3","region":"South Bay","longName":"South Bay at East Palo Alto","shortName":"ECO2","origin":"ECO","archiveIndex":"","x":579010.6,"y":4148910.0,"geographicSubarea":"South Bay"},"geometry":{"type":"Point","coordinates":[-122.1063181,37.4837183]}},{"type":"Feature","properties":{"stationNumber":"7","region":"South Bay","longName":"South Bay at Redwood City","shortName":"ECO3","origin":"ECO","archiveIndex":"","x":573508.4,"y":4153212.0,"geographicSubarea":"South Bay"},"geometry":{"type":"Point","coordinates":[-122.1681166,37.5229453]}},{"type":"Feature","properties":{"stationNumber":"8","region":"South Bay","longName":"South Bay at Alameda Creek South","shortName":"ECO4","origin":"ECO","archiveIndex":"","x":576758.1,"y":4156141.0,"geographicSubarea":"South Bay"},"geometry":{"type":"Point","coordinates":[-122.1310378,37.5490784]}},{"type":"Feature","properties":{"stationNumber":"9","region":"South Bay","longName":"North Central South Bay","shortName":"ECO5","origin":"ECO","archiveIndex":"","x":571643.3,"y":4158390.0,"geographicSubarea":"South Bay"},"geometry":{"type":"Point","coordinates":[-122.1887161,37.5697598]}},{"type":"Feature","properties":{"stationNumber":"10","region":"South Bay","longName":"South Bay at Foster City","shortName":"ECO6","origin":"ECO","archiveIndex":"","x":568124.4,"y":4158602.0,"geographicSubarea":"South Bay"},"geometry":{"type":"Point","coordinates":[-122.2285408,37.5719376]}},{"type":"Feature","properties":{"stationNumber":"11","region":"South Bay","longName":"San Francisco Bay at San Mateo Bridge Near Foster City","shortName":"mateo","origin":"DWR","archiveIndex":"91.0","x":566147.7,"y":4159966.4,"geographicSubarea":"South Bay"},"geometry":{"type":"Point","coordinates":[-122.2508005,37.5843788]}},{"type":"Feature","properties":{"stationNumber":"12","region":"South Bay","longName":"South Bay at Alameda Creek North","shortName":"ECO7","origin":"ECO","archiveIndex":"","x":573919.6,"y":4161550.0,"geographicSubarea":"South Bay"},"geometry":{"type":"Point","coordinates":[-122.1626229,37.5980596]}},{"type":"Feature","properties":{"stationNumber":"13","region":"Central Bay","longName":"San Francisco Bay near Coyote Point","shortName":"ECO8","origin":"ECO","archiveIndex":"","x":561435.7,"y":4161086.0,"geographicSubarea":"Southern Central Bay"},"geometry":{"type":"Point","coordinates":[-122.3040717,37.5947962]}},{"type":"Feature","properties":{"stationNumber":"14","region":"Central Bay","longName":"South Central San Francisco Bay","shortName":"ECO9","origin":"ECO","archiveIndex":"","x":565890.6,"y":4164982.0,"geographicSubarea":"Southern Central Bay"},"geometry":{"type":"Point","coordinates":[-122.2532604,37.6296015]}},{"type":"Feature","properties":{"stationNumber":"15","region":"Central Bay","longName":"San Francisco Bay at San Lorenzo","shortName":"ECO10","origin":"ECO","archiveIndex":"","x":572889.2,"y":4168419.0,"geographicSubarea":"Southern Central Bay"},"geometry":{"type":"Point","coordinates":[-122.1736092,37.6600489]}},{"type":"Feature","properties":{"stationNumber":"16","region":"Central Bay","longName":"Central San Francisco Bay","shortName":"ECO11","origin":"ECO","archiveIndex":"","x":562701.6,"y":4170024.0,"geographicSubarea":"Southern Central Bay"},"geometry":{"type":"Point","coordinates":[-122.2889656,37.6752669]}},{"type":"Feature","properties":{"stationNumber":"17","region":"Central Bay","longName":"South East of Bay View","shortName":"ECO12","origin":"ECO","archiveIndex":"","x":556269.1,"y":4172028.0,"geographicSubarea":"Southern Central Bay"},"geometry":{"type":"Point","coordinates":[-122.3617509,37.6937458]}},{"type":"Feature","properties":{"stationNumber":"18","region":"Central Bay","longName":"San Francisco Bay near Oakland Airport","shortName":"ECO13","origin":"ECO","archiveIndex":"","x":565936.7,"y":4174390.0,"geographicSubarea":"Southern Central Bay"},"geometry":{"type":"Point","coordinates":[-122.2518872,37.7143891]}},{"type":"Feature","properties":{"stationNumber":"19","region":"Central Bay","longName":"North Central San Francisco Bay","shortName":"ECO14","origin":"ECO","archiveIndex":"","x":560590.6,"y":4177121.0,"geographicSubarea":"Southern Central Bay"},"geometry":{"type":"Point","coordinates":[-122.3123119,37.7393719]}},{"type":"Feature","properties":{"stationNumber":"20","region":"Central Bay","longName":"North East of Bay View","shortName":"ECO15","origin":"ECO","archiveIndex":"","x":556819.7,"y":4179986.0,"geographicSubarea":"Southern Central Bay"},"geometry":{"type":"Point","coordinates":[-122.3548839,37.7654352]}},{"type":"Feature","properties":{"stationNumber":"22","region":"Central Bay","longName":"San Francisco Bay at Pier 17","shortName":"sfp17","origin":"DWR","archiveIndex":"241.0","x":553143.4,"y":4184169.8,"geographicSubarea":"Northern Central Bay"},"geometry":{"type":"Point","coordinates":[-122.3963149,37.8033638]}},{"type":"Feature","properties":{"stationNumber":"23","region":"Central Bay","longName":"San Francisco","shortName":"sffpx","origin":"DWR","archiveIndex":"74.0","x":547094.8,"y":4184503.1,"geographicSubarea":"Northern Central Bay"},"geometry":{"type":"Point","coordinates":[-122.4649996,37.8066998]}},{"type":"Feature","properties":{"stationNumber":"24","region":"Central Bay","longName":"San Francisco Bay at Northeast Shore Alcatraz Island","shortName":"alk","origin":"DWR","archiveIndex":"185.0","x":550895.2,"y":4186802.8,"geographicSubarea":"Northern Central Bay"},"geometry":{"type":"Point","coordinates":[-122.4216671,37.8272224]}},{"type":"Feature","properties":{"stationNumber":"25","region":"Central Bay","longName":"South of Mount Caroline Livermore","shortName":"ECO16","origin":"ECO","archiveIndex":"","x":552530.9,"y":4188625.0,"geographicSubarea":"Northern Central Bay"},"geometry":{"type":"Point","coordinates":[-122.4029488,37.8435525]}},{"type":"Feature","properties":{"stationNumber":"26","region":"Central Bay","longName":"North East of Treasure Island","shortName":"ECO17","origin":"ECO","archiveIndex":"","x":557239.0,"y":4189258.0,"geographicSubarea":"Northern Central Bay"},"geometry":{"type":"Point","coordinates":[-122.3493908,37.848974]}},{"type":"Feature","properties":{"stationNumber":"27","region":"Central Bay","longName":"West of Richmond Inner Harbor","shortName":"ECO18","origin":"ECO","archiveIndex":"","x":554069.2,"y":4193567.0,"geographicSubarea":"Northern Central Bay"},"geometry":{"type":"Point","coordinates":[-122.3850959,37.8880028]}},{"type":"Feature","properties":{"stationNumber":"30","region":"Central Bay","longName":"Southampton Shoal Channel LB 6","shortName":"sham","origin":"DWR","archiveIndex":"71.0","x":550775.4,"y":4196680.1,"geographicSubarea":"Northern Central Bay"},"geometry":{"type":"Point","coordinates":[-122.4223336,37.9162496]}},{"type":"Feature","properties":{"stationNumber":"31","region":"Central Bay","longName":"Richmond","shortName":"richm","origin":"DWR","archiveIndex":"79.0","x":552736.0,"y":4198019.3,"geographicSubarea":"Northern Central Bay"},"geometry":{"type":"Point","coordinates":[-122.3999311,37.9282076]}},{"type":"Feature","properties":{"stationNumber":"32","region":"San Pablo Bay","longName":"San Francisco Bay at Richmond-San Rafael Bridge","shortName":"richb","origin":"DWR","archiveIndex":"138.0","x":548648.5,"y":4198778.5,"geographicSubarea":"San Pablo Bay"},"geometry":{"type":"Point","coordinates":[-122.4463883,37.9352779]}},{"type":"Feature","properties":{"stationNumber":"33","region":"San Pablo Bay","longName":"San Pablo Bay near Point San Pablo","shortName":"ECO19","origin":"ECO","archiveIndex":"","x":552668.1,"y":4204855.0,"geographicSubarea":"San Pablo Bay"},"geometry":{"type":"Point","coordinates":[-122.4002029,37.989818]}},{"type":"Feature","properties":{"stationNumber":"34","region":"San Pablo Bay","longName":"China Camp","shortName":"scqc1","origin":"DWR","archiveIndex":"73.0","x":547485.2,"y":4206082.9,"geographicSubarea":"San Pablo Bay"},"geometry":{"type":"Point","coordinates":[-122.4591432,38.0011707]}},{"type":"Feature","properties":{"stationNumber":"35","region":"San Pablo Bay","longName":"San Pablo Bay near Rat Rock","shortName":"ECO20","origin":"ECO","archiveIndex":"","x":548195.0,"y":4206748.0,"geographicSubarea":"San Pablo Bay"},"geometry":{"type":"Point","coordinates":[-122.4510142,38.0071274]}},{"type":"Feature","properties":{"stationNumber":"36","region":"San Pablo Bay","longName":"San Pablo Bay near Pinole Point","shortName":"ECO21","origin":"ECO","archiveIndex":"","x":558310.1,"y":4208495.0,"geographicSubarea":"San Pablo Bay"},"geometry":{"type":"Point","coordinates":[-122.3356582,38.0222776]}},{"type":"Feature","properties":{"stationNumber":"37","region":"San Pablo Bay","longName":"San Pablo Bay near Santa Venetia Hamilton Wetlands","shortName":"ECO22","origin":"ECO","archiveIndex":"","x":545526.6,"y":4209614.0,"geographicSubarea":"San Pablo Bay"},"geometry":{"type":"Point","coordinates":[-122.4812265,38.0330952]}},{"type":"Feature","properties":{"stationNumber":"38","region":"San Pablo Bay","longName":"South Central San Pablo Bay","shortName":"ECO23","origin":"ECO","archiveIndex":"","x":551425.9,"y":4210609.0,"geographicSubarea":"San Pablo Bay"},"geometry":{"type":"Point","coordinates":[-122.4139359,38.0417467]}},{"type":"Feature","properties":{"stationNumber":"39","region":"San Pablo Bay","longName":"San Pablo Bay near Rodeo","shortName":"ECO24","origin":"ECO","archiveIndex":"","x":562748.8,"y":4211288.0,"geographicSubarea":"San Pablo Bay"},"geometry":{"type":"Point","coordinates":[-122.2848458,38.0471519]}},{"type":"Feature","properties":{"stationNumber":"40","region":"San Pablo Bay","longName":"Carquinez Strait at Carquinez Bridge near Crockett","shortName":"carqb","origin":"DWR","archiveIndex":"132.0","x":567940.8,"y":4212900.6,"geographicSubarea":"Carquinez Strait"},"geometry":{"type":"Point","coordinates":[-122.2255237,38.0613098]}},{"type":"Feature","properties":{"stationNumber":"41","region":"San Pablo Bay","longName":"East Central San Pablo Bay","shortName":"ECO25","origin":"ECO","archiveIndex":"","x":557911.0,"y":4213772.0,"geographicSubarea":"San Pablo Bay"},"geometry":{"type":"Point","coordinates":[-122.3397781,38.0698607]}},{"type":"Feature","properties":{"stationNumber":"42","region":"San Pablo Bay","longName":"Mare Island","shortName":"mare","origin":"DWR","archiveIndex":"140.0","x":565785.8,"y":4213847.2,"geographicSubarea":"Carquinez Strait"},"geometry":{"type":"Point","coordinates":[-122.2500001,38.0699998]}},{"type":"Feature","properties":{"stationNumber":"43","region":"San Pablo Bay","longName":"San Pablo Bay near Bel Marin Keys","shortName":"ECO26","origin":"ECO","archiveIndex":"","x":546702.2,"y":4214780.0,"geographicSubarea":"San Pablo Bay"},"geometry":{"type":"Point","coordinates":[-122.4674939,38.0795935]}},{"type":"Feature","properties":{"stationNumber":"44","region":"San Pablo Bay","longName":"North Central San Pablo Bay","shortName":"ECO27","origin":"ECO","archiveIndex":"","x":552603.1,"y":4214936.0,"geographicSubarea":"San Pablo Bay"},"geometry":{"type":"Point","coordinates":[-122.4002026,38.0806753]}},{"type":"Feature","properties":{"stationNumber":"45","region":"San Pablo Bay","longName":"San Pablo Bay near Sears Point","shortName":"ECO28","origin":"ECO","archiveIndex":"","x":550775.6,"y":4218282.0,"geographicSubarea":"San Pablo Bay"},"geometry":{"type":"Point","coordinates":[-122.4208014,38.110935]}},{"type":"Feature","properties":{"stationNumber":"46","region":"San Pablo Bay","longName":"San Pablo Bay near Skaggs Island","shortName":"ECO29","origin":"ECO","archiveIndex":"","x":557150.4,"y":4219163.0,"geographicSubarea":"San Pablo Bay"},"geometry":{"type":"Point","coordinates":[-122.3480174,38.1184937]}},{"type":"Feature","properties":{"stationNumber":"47","region":"Suisun Bay","longName":"Carquinez Straight at Benecia","shortName":"ECO30","origin":"ECO","archiveIndex":"","x":572625.2,"y":4211850.0,"geographicSubarea":"Carquinez Strait"},"geometry":{"type":"Point","coordinates":[-122.1722366,38.0514779]}},{"type":"Feature","properties":{"stationNumber":"48","region":"Suisun Bay","longName":"Carquinez Straight at Ozol","shortName":"ECO31","origin":"ECO","archiveIndex":"","x":574209.1,"y":4209944.0,"geographicSubarea":"Carquinez Strait"},"geometry":{"type":"Point","coordinates":[-122.154383,38.0341729]}},{"type":"Feature","properties":{"stationNumber":"50","region":"Suisun Bay","longName":"Suisun Bay at Benicia Bridge","shortName":"benbr","origin":"DWR","archiveIndex":"130.0","x":576633.3,"y":4211159.0,"geographicSubarea":"Carquinez Strait"},"geometry":{"type":"Point","coordinates":[-122.126632,38.0449203]}},{"type":"Feature","properties":{"stationNumber":"52","region":"Suisun Bay","longName":"Cordelia Slough at Ibis club","shortName":"REibs","origin":"DWR Revised","archiveIndex":"58.0","x":577637.36,"y":4223643.42,"geographicSubarea":"Cordelia–Goodyear/Suisun Sloughs"},"geometry":{"type":"Point","coordinates":[-122.1138324,38.1573401]}},{"type":"Feature","properties":{"stationNumber":"53","region":"Suisun Bay","longName":"Suisun Bay near Highway 680 Bridge","shortName":"EJ1","origin":"EJ","archiveIndex":"","x":578478.91,"y":4211910.17,"geographicSubarea":"Suisun Bay"},"geometry":{"type":"Point","coordinates":[-122.1055181,38.0515315]}},{"type":"Feature","properties":{"stationNumber":"54","region":"Suisun Bay","longName":"Goodyear Slough at Fleet","shortName":"flt","origin":"DWR","archiveIndex":"197.0","x":579121.9,"y":4214883.0,"geographicSubarea":"Cordelia–Goodyear/Suisun Sloughs"},"geometry":{"type":"Point","coordinates":[-122.0978614,38.0782657]}},{"type":"Feature","properties":{"stationNumber":"55","region":"Suisun Bay","longName":"Goodyear Slough at Morrow Island club","shortName":"gys","origin":"DWR","archiveIndex":"55.0","x":579253.0,"y":4219416.0,"geographicSubarea":"Cordelia–Goodyear/Suisun Sloughs"},"geometry":{"type":"Point","coordinates":[-122.0958635,38.1191039]}},{"type":"Feature","properties":{"stationNumber":"56","region":"Suisun Bay","longName":"Cygnus-Cordelia Slough","shortName":"cyg","origin":"DWR","archiveIndex":"255.0","x":579678.0,"y":4223160.0,"geographicSubarea":"Cordelia–Goodyear/Suisun Sloughs"},"geometry":{"type":"Point","coordinates":[-122.090597,38.1528057]}},{"type":"Feature","properties":{"stationNumber":"57","region":"Suisun Bay","longName":"Chadbourne Slough at Sunrise Duck Club","shortName":"snc","origin":"DWR","archiveIndex":"54.0","x":580303.5,"y":4226742.3,"geographicSubarea":"Western Suisun Marsh sloughs"},"geometry":{"type":"Point","coordinates":[-122.0830543,38.1850321]}},{"type":"Feature","properties":{"stationNumber":"58","region":"Suisun Bay","longName":"Suisun Bay near Point Edith","shortName":"ECO32","origin":"ECO","archiveIndex":"","x":580440.5,"y":4213603.0,"geographicSubarea":"Suisun Bay"},"geometry":{"type":"Point","coordinates":[-122.0829726,38.0666144]}},{"type":"Feature","properties":{"stationNumber":"59","region":"Suisun Bay","longName":"Godfather II on Suisun Slough","shortName":"REgod","origin":"DWR Revised","archiveIndex":"256.0","x":580585.88,"y":4220050.89,"geographicSubarea":"Cordelia–Goodyear/Suisun Sloughs"},"geometry":{"type":"Point","coordinates":[-122.0805878,38.1247072]}},{"type":"Feature","properties":{"stationNumber":"60","region":"Suisun bay","longName":"Boynton Slough","shortName":"bts","origin":"DWR","archiveIndex":"142.0","x":582199.0,"y":4228990.87,"geographicSubarea":"Western Suisun Marsh sloughs"},"geometry":{"type":"Point","coordinates":[-122.0611531,38.2051238]}},{"type":"Feature","properties":{"stationNumber":"61","region":"Suisun Bay","longName":"Suisun Bay near Preston Point","shortName":"EJ2","origin":"EJ","archiveIndex":"","x":582270.67,"y":4214310.92,"geographicSubarea":"Suisun Bay"},"geometry":{"type":"Point","coordinates":[-122.0620297,38.0728293]}},{"type":"Feature","properties":{"stationNumber":"62","region":"Suisun Bay","longName":"Grizzly Bay at Head of Montezuma Slough Buoy","shortName":"gzm","origin":"DWR","archiveIndex":"221.0","x":582354.0,"y":4221910.0,"geographicSubarea":"Montezuma Slough–eastern Suisun Marsh"},"geometry":{"type":"Point","coordinates":[-122.0602028,38.141301]}},{"type":"Feature","properties":{"stationNumber":"63","region":"Suisun Bay","longName":"Grizzly Bay at Suisun Slough","shortName":"grizzb","origin":"DWR","archiveIndex":"220.0","x":582761.0,"y":4218277.6,"geographicSubarea":"Grizzly Bay"},"geometry":{"type":"Point","coordinates":[-122.0559804,38.1085304]}},{"type":"Feature","properties":{"stationNumber":"64","region":"Suisun Bay","longName":"Suisun Bay near Garnet Point","shortName":"ECO33","origin":"ECO","archiveIndex":"","x":582937.3,"y":4216867.0,"geographicSubarea":"Grizzly Bay"},"geometry":{"type":"Point","coordinates":[-122.0541336,38.0958026]}},{"type":"Feature","properties":{"stationNumber":"65","region":"Suisun Bay","longName":"Hunter Cut at Montezuma Slough","shortName":"REhun","origin":"DWR Revised","archiveIndex":"257.0","x":582986.79,"y":4223472.99,"geographicSubarea":"Montezuma Slough–eastern Suisun Marsh"},"geometry":{"type":"Point","coordinates":[-122.0528003,38.1553278]}},{"type":"Feature","properties":{"stationNumber":"66","region":"Suisun Bay","longName":"Suisun Slough 300\u0027 south of Volanti Slough","shortName":"vol","origin":"DWR","archiveIndex":"56.0","x":583348.0,"y":4226330.0,"geographicSubarea":"Western Suisun Marsh sloughs"},"geometry":{"type":"Point","coordinates":[-122.0483434,38.1810401]}},{"type":"Feature","properties":{"stationNumber":"67","region":"Suisun Bay","longName":"Grizzly Bay","shortName":"gzl","origin":"DWR","archiveIndex":"206.0","x":584309.02,"y":4220037.89,"geographicSubarea":"Grizzly Bay"},"geometry":{"type":"Point","coordinates":[-122.038117,38.12425]}},{"type":"Feature","properties":{"stationNumber":"68","region":"Suisun Bay","longName":"First Mallard Branch","shortName":"fmb","origin":"DWR","archiveIndex":"227.0","x":584692.1,"y":4227881.3,"geographicSubarea":"Western Suisun Marsh sloughs"},"geometry":{"type":"Point","coordinates":[-122.0328138,38.194894]}},{"type":"Feature","properties":{"stationNumber":"69","region":"Suisun Bay","longName":"Suisun Bay below Ryer Island","shortName":"EJ3","origin":"EJ","archiveIndex":"","x":585057.5,"y":4214921.78,"geographicSubarea":"Suisun Bay"},"geometry":{"type":"Point","coordinates":[-122.0301884,38.0780762]}},{"type":"Feature","properties":{"stationNumber":"70","region":"Suisun Bay","longName":"Port Chicago","shortName":"pct","origin":"DWR","archiveIndex":"89.0","x":585550.4,"y":4212803.2,"geographicSubarea":"Suisun Bay"},"geometry":{"type":"Point","coordinates":[-122.0248226,38.0589381]}},{"type":"Feature","properties":{"stationNumber":"71","region":"Suisun Bay","longName":"Hill Slough","shortName":"hsl","origin":"DWR","archiveIndex":"262.0","x":585680.0,"y":4231386.0,"geographicSubarea":"Western Suisun Marsh sloughs"},"geometry":{"type":"Point","coordinates":[-122.0211105,38.2263823]}},{"type":"Feature","properties":{"stationNumber":"72","region":"Suisun Bay","longName":"Grizzly Bay Buoy","shortName":"gzb","origin":"DWR","archiveIndex":"259.0","x":586986.9,"y":4219943.0,"geographicSubarea":"Grizzly Bay"},"geometry":{"type":"Point","coordinates":[-122.0075808,38.1231408]}},{"type":"Feature","properties":{"stationNumber":"73","region":"Suisun Bay","longName":"Grizzly Bay near Pelican Point","shortName":"EJ4","origin":"EJ","archiveIndex":"","x":587145.99,"y":4217997.83,"geographicSubarea":"Grizzly Bay"},"geometry":{"type":"Point","coordinates":[-122.0060036,38.1055968]}},{"type":"Feature","properties":{"stationNumber":"74","region":"Suisun Bay","longName":"Montezuma Slough at Tree Slough","shortName":"EJ5","origin":"EJ","archiveIndex":"","x":587905.1,"y":4226349.84,"geographicSubarea":"Montezuma Slough–eastern Suisun Marsh"},"geometry":{"type":"Point","coordinates":[-121.9963157,38.1807857]}},{"type":"Feature","properties":{"stationNumber":"75","region":"Suisun Bay","longName":"Suisun Bay Cutoff Near Ryer","shortName":"ryc","origin":"DWR","archiveIndex":"205.0","x":588041.6,"y":4215616.3,"geographicSubarea":"Suisun Bay"},"geometry":{"type":"Point","coordinates":[-121.9960833,38.0840491]}},{"type":"Feature","properties":{"stationNumber":"76","region":"Suisun Bay","longName":"Suisun Bay West Reach","shortName":"EJ6","origin":"EJ","archiveIndex":"","x":588097.27,"y":4212803.79,"geographicSubarea":"Suisun Bay"},"geometry":{"type":"Point","coordinates":[-121.9957952,38.058699]}},{"type":"Feature","properties":{"stationNumber":"77","region":"Suisun Bay","longName":"Suisun Bay near Snag Island","shortName":"EJ7","origin":"EJ","archiveIndex":"","x":588959.7,"y":4214252.73,"geographicSubarea":"Suisun Bay"},"geometry":{"type":"Point","coordinates":[-121.9857857,38.0716716]}},{"type":"Feature","properties":{"stationNumber":"78","region":"Suisun Bay","longName":"Montezuma Slough near Beldons Landing","shortName":"bdl","origin":"DWR","archiveIndex":"57.0","x":590134.7,"y":4227040.1,"geographicSubarea":"Montezuma Slough–eastern Suisun Marsh"},"geometry":{"type":"Point","coordinates":[-121.9707748,38.1867854]}},{"type":"Feature","properties":{"stationNumber":"79","region":"Suisun Bay","longName":"Suisun Bay at Channel Marker 24A Near Bay Point","shortName":"c24","origin":"DWR","archiveIndex":"278.0","x":591743.04,"y":4212444.61,"geographicSubarea":"Suisun Bay"},"geometry":{"type":"Point","coordinates":[-121.95429,38.0551]}},{"type":"Feature","properties":{"stationNumber":"80","region":"Suisun Bay","longName":"Honker Bay","shortName":"hon","origin":"DWR","archiveIndex":"204.0","x":593045.1,"y":4214379.2,"geographicSubarea":"Suisun Bay"},"geometry":{"type":"Point","coordinates":[-121.9391995,38.0724001]}},{"type":"Feature","properties":{"stationNumber":"81","region":"Suisun Bay","longName":"Montezuma Slough near Cross Slough","shortName":"EJ8","origin":"EJ","archiveIndex":"","x":593349.67,"y":4224951.83,"geographicSubarea":"Montezuma Slough–eastern Suisun Marsh"},"geometry":{"type":"Point","coordinates":[-121.9343437,38.1676403]}},{"type":"Feature","properties":{"stationNumber":"82","region":"Suisun Bay","longName":"Sacramento River at Mallard Island","shortName":"mal","origin":"DWR","archiveIndex":"23.0","x":594757.5,"y":4211123.3,"geographicSubarea":"Lower Sacramento River at Collinsville"},"geometry":{"type":"Point","coordinates":[-121.920111,38.0428827]}},{"type":"Feature","properties":{"stationNumber":"83","region":"Suisun Bay","longName":"Montezuma Slough at Meins Landing","shortName":"EJ9","origin":"EJ","archiveIndex":"","x":595597.5,"y":4221857.01,"geographicSubarea":"Montezuma Slough–eastern Suisun Marsh"},"geometry":{"type":"Point","coordinates":[-121.9091029,38.1395172]}},{"type":"Feature","properties":{"stationNumber":"84","region":"Suisun Bay","longName":"Blacklock (NE1)","shortName":"REbll","origin":"DWR Revised","archiveIndex":"254.0","x":595735.33,"y":4226395.83,"geographicSubarea":"Montezuma Slough–eastern Suisun Marsh"},"geometry":{"type":"Point","coordinates":[-121.9069198,38.1804019]}},{"type":"Feature","properties":{"stationNumber":"85","region":"Suisun Bay","longName":"Pittsburg","shortName":"pts","origin":"DWR","archiveIndex":"85.0","x":597238.3,"y":4211183.7,"geographicSubarea":"Lower Sacramento River at Collinsville"},"geometry":{"type":"Point","coordinates":[-121.8918355,38.0431639]}},{"type":"Feature","properties":{"stationNumber":"86","region":"Suisun Bay","longName":"Montezuma Slough at National Steel","shortName":"nsl","origin":"DWR","archiveIndex":"63.0","x":597451.6,"y":4219938.0,"geographicSubarea":"Montezuma Slough–eastern Suisun Marsh"},"geometry":{"type":"Point","coordinates":[-121.8882111,38.1220266]}},{"type":"Feature","properties":{"stationNumber":"87","region":"Suisun Bay","longName":"Montezuma Slough at Roaring River","shortName":"msl","origin":"DWR","archiveIndex":"258.0","x":597578.3,"y":4216762.68,"geographicSubarea":"Montezuma Slough–eastern Suisun Marsh"},"geometry":{"type":"Point","coordinates":[-121.8872,38.0934]}},{"type":"Feature","properties":{"stationNumber":"88","region":"Suisun Bay","longName":"Suisun Bay At Van Sickle Island","shortName":"confl","origin":"DWR","archiveIndex":"218.0","x":597605.9,"y":4211894.6,"geographicSubarea":"Lower Sacramento River at Collinsville"},"geometry":{"type":"Point","coordinates":[-121.88755,38.0495304]}},{"type":"Feature","properties":{"stationNumber":"89","region":"Suisun Bay","longName":"Sacramento River near Montezuma Slough","shortName":"EJ10","origin":"EJ","archiveIndex":"","x":599775.27,"y":4213937.86,"geographicSubarea":"Lower Sacramento River at Collinsville"},"geometry":{"type":"Point","coordinates":[-121.8625443,38.0677057]}},{"type":"Feature","properties":{"stationNumber":"90","region":"Suisun Bay","longName":"Collinsville","shortName":"cll","origin":"DWR","archiveIndex":"82.0","x":600858.7,"y":4214644.1,"geographicSubarea":"Lower Sacramento River at Collinsville"},"geometry":{"type":"Point","coordinates":[-121.8500957,38.0739494]}},{"type":"Feature","properties":{"stationNumber":"92","region":"Confluence","longName":"San Joaquin River near Pittsburg Point","shortName":"EJ11","origin":"EJ","archiveIndex":"","x":600702.05,"y":4209923.48,"geographicSubarea":"San Joaquin River–Antioch Reach"},"geometry":{"type":"Point","coordinates":[-121.8525457,38.0314293]}},{"type":"Feature","properties":{"stationNumber":"93","region":"Confluence","longName":"San Joaquin River South of Confluence","shortName":"EJ12","origin":"EJ","archiveIndex":"","x":601697.91,"y":4212238.49,"geographicSubarea":"Pittsburg–Antioch Confluence Reach"},"geometry":{"type":"Point","coordinates":[-121.8408716,38.0521786]}},{"type":"Feature","properties":{"stationNumber":"94","region":"Confluence","longName":"Suisun Bay at Channel Marker 5 at Collinsville","shortName":"co5","origin":"DWR","archiveIndex":"280.0","x":602123.11,"y":4213753.24,"geographicSubarea":"Pittsburg–Antioch Confluence Reach"},"geometry":{"type":"Point","coordinates":[-121.8358099,38.06578]}},{"type":"Feature","properties":{"stationNumber":"95","region":"Confluence","longName":"San Joaquin River near Antioch Point","shortName":"EJ13","origin":"EJ","archiveIndex":"","x":603220.52,"y":4209290.75,"geographicSubarea":"San Joaquin River–Antioch Reach"},"geometry":{"type":"Point","coordinates":[-121.8239455,38.0254443]}},{"type":"Feature","properties":{"stationNumber":"96","region":"Confluence","longName":"San Joaquin at Antioch","shortName":"anh2","origin":"DWR","archiveIndex":"1.0","x":605075.1,"y":4208474.7,"geographicSubarea":"San Joaquin River–Antioch Reach"},"geometry":{"type":"Point","coordinates":[-121.802939,38.0178777]}},{"type":"Feature","properties":{"stationNumber":"97","region":"Confluence","longName":"Suisun Bay at Channel Marker 10 Near Collinsville","shortName":"c10","origin":"DWR","archiveIndex":"281.0","x":605282.66,"y":4213133.12,"geographicSubarea":"Pittsburg–Antioch Confluence Reach"},"geometry":{"type":"Point","coordinates":[-121.79989,38.05983]}},{"type":"Feature","properties":{"stationNumber":"98","region":"Confluence","longName":"Antioch Reach","shortName":"EJ14","origin":"EJ","archiveIndex":"","x":605823.76,"y":4209147.49,"geographicSubarea":"San Joaquin River–Antioch Reach"},"geometry":{"type":"Point","coordinates":[-121.7943124,38.023853]}},{"type":"Feature","properties":{"stationNumber":"99","region":"Confluence","longName":"Sherman Lake","shortName":"EJ15","origin":"EJ","archiveIndex":"","x":605828.57,"y":4211651.22,"geographicSubarea":"Sherman Lake and Sherman Island"},"geometry":{"type":"Point","coordinates":[-121.7938876,38.0464132]}},{"type":"Feature","properties":{"stationNumber":"100","region":"Confluence","longName":"Donlon Island","shortName":"62176.0","origin":"ECON","archiveIndex":"399.0","x":606624.08,"y":4210274.31,"geographicSubarea":"Sherman Lake and Sherman Island"},"geometry":{"type":"Point","coordinates":[-121.7850282,38.0339128]}},{"type":"Feature","properties":{"stationNumber":"101","region":"Confluence","longName":"San Joaquin River below West Island Antioch","shortName":"EJ16","origin":"EJ","archiveIndex":"","x":607218.8,"y":4208490.6,"geographicSubarea":"San Joaquin River–Antioch Reach"},"geometry":{"type":"Point","coordinates":[-121.7785197,38.0177699]}},{"type":"Feature","properties":{"stationNumber":"102","region":"Confluence","longName":"Sacramento River near Sherman Island","shortName":"ssi","origin":"DWR","archiveIndex":"201.0","x":608608.2,"y":4214765.6,"geographicSubarea":"Sacramento River–Sherman Island"},"geometry":{"type":"Point","coordinates":[-121.7617424,38.0741467]}},{"type":"Feature","properties":{"stationNumber":"103","region":"Confluence","longName":"San Joaquin River near Antioch Bridge","shortName":"EJ17","origin":"EJ","archiveIndex":"","x":608731.83,"y":4209363.12,"geographicSubarea":"San Joaquin River–Antioch Reach"},"geometry":{"type":"Point","coordinates":[-121.761154,38.0254516]}},{"type":"Feature","properties":{"stationNumber":"104","region":"Confluence","longName":"Sacramento River at Emmaton","shortName":"emm2","origin":"DWR","archiveIndex":"9.0","x":610598.8,"y":4215917.6,"geographicSubarea":"Sacramento River–Sherman Island"},"geometry":{"type":"Point","coordinates":[-121.738874,38.0842856]}},{"type":"Feature","properties":{"stationNumber":"106","region":"Confluence","longName":"San Joaquin River at Big Break","shortName":"EJ18","origin":"EJ","archiveIndex":"","x":611695.74,"y":4209153.21,"geographicSubarea":"Big Break"},"geometry":{"type":"Point","coordinates":[-121.7274247,38.0231996]}},{"type":"Feature","properties":{"stationNumber":"107","region":"Confluence","longName":"San Joaquin River at Blind Point","shortName":"blp","origin":"DWR","archiveIndex":"172.0","x":612410.9,"y":4210203.7,"geographicSubarea":"Big Break"},"geometry":{"type":"Point","coordinates":[-121.7191138,38.0325767]}},{"type":"Feature","properties":{"stationNumber":"108","region":"Confluence","longName":"Oakley at Big Break Regional Shoreline","shortName":"EJ19","origin":"EJ","archiveIndex":"","x":613026.28,"y":4207527.34,"geographicSubarea":"Big Break"},"geometry":{"type":"Point","coordinates":[-121.7125254,38.0083845]}},{"type":"Feature","properties":{"stationNumber":"109","region":"Confluence","longName":"Sacramento River at Horeshoe Bend","shortName":"62165.0","origin":"ECON","archiveIndex":"398.0","x":613244.49,"y":4216945.97,"geographicSubarea":"Sacramento River–Sherman Island"},"geometry":{"type":"Point","coordinates":[-121.70855,38.0932241]}},{"type":"Feature","properties":{"stationNumber":"110","region":"Confluence","longName":"Sacramento River near Sandy Beach","shortName":"EJ20","origin":"EJ","archiveIndex":"","x":613619.89,"y":4219509.86,"geographicSubarea":"Sacramento River–Sherman Island"},"geometry":{"type":"Point","coordinates":[-121.7038617,38.1162787]}},{"type":"Feature","properties":{"stationNumber":"111","region":"Confluence","longName":"Sacramento River at Threemile Slough","shortName":"tms","origin":"DWR","archiveIndex":"38.0","x":613974.4,"y":4218374.1,"geographicSubarea":"Sacramento River–Sherman Island"},"geometry":{"type":"Point","coordinates":[-121.7,38.1060004]}},{"type":"Feature","properties":{"stationNumber":"112","region":"Confluence","longName":"Marsh Creek at Big Break","shortName":"EJ21","origin":"EJ","archiveIndex":"","x":614251.0,"y":4208491.44,"geographicSubarea":"Big Break"},"geometry":{"type":"Point","coordinates":[-121.6984244,38.016918]}},{"type":"Feature","properties":{"stationNumber":"113","region":"Confluence","longName":"San Joaquin River at Jersey Point","shortName":"sjj","origin":"DWR","archiveIndex":"116.0","x":615029.0,"y":4212420.9,"geographicSubarea":"Three Mile Slough–Twitchell/False River"},"geometry":{"type":"Point","coordinates":[-121.6889323,38.0522259]}},{"type":"Feature","properties":{"stationNumber":"114","region":"Confluence","longName":"Sacramento River at Rio Vista","shortName":"REsrv","origin":"DWR Revised","archiveIndex":"129.0","x":615045.86,"y":4222954.99,"geographicSubarea":"Rio Vista–Cache Slough entrance"},"geometry":{"type":"Point","coordinates":[-121.6870426,38.1471399]}},{"type":"Feature","properties":{"stationNumber":"115","region":"Confluence","longName":"Threemile Slough at San Joaquin River","shortName":"sr3","origin":"DWR","archiveIndex":"148.0","x":615180.4,"y":4216618.4,"geographicSubarea":"Three Mile Slough–Twitchell/False River"},"geometry":{"type":"Point","coordinates":[-121.6865308,38.0900279]}},{"type":"Feature","properties":{"stationNumber":"116","region":"Confluence","longName":"Threemile Slough near San Joaquin River","shortName":"tss","origin":"DWR","archiveIndex":"149.0","x":615192.53,"y":4218085.21,"geographicSubarea":"Three Mile Slough–Twitchell/False River"},"geometry":{"type":"Point","coordinates":[-121.6861559,38.1032429]}},{"type":"Feature","properties":{"stationNumber":"117","region":"Confluence","longName":"Threemile Slough near Rio Vista","shortName":"tsl","origin":"DWR","archiveIndex":"115.0","x":615196.3,"y":4218095.3,"geographicSubarea":"Three Mile Slough–Twitchell/False River"},"geometry":{"type":"Point","coordinates":[-121.6861113,38.1033333]}},{"type":"Feature","properties":{"stationNumber":"118","region":"Confluence","longName":"Rio Vista","shortName":"riv","origin":"DWR","archiveIndex":"87.0","x":615252.9,"y":4224292.9,"geographicSubarea":"Rio Vista–Cache Slough entrance"},"geometry":{"type":"Point","coordinates":[-121.6844638,38.1591684]}},{"type":"Feature","properties":{"stationNumber":"119","region":"Confluence","longName":"San Joaquin River below Three Mile Slough","shortName":"EJ22","origin":"EJ","archiveIndex":"","x":615795.51,"y":4214975.72,"geographicSubarea":"Three Mile Slough–Twitchell/False River"},"geometry":{"type":"Point","coordinates":[-121.6797843,38.0751481]}},{"type":"Feature","properties":{"stationNumber":"120","region":"Confluence","longName":"San Joaquin River at Twitchell Island","shortName":"twi","origin":"DWR","archiveIndex":"200.0","x":616731.0,"y":4217465.0,"geographicSubarea":"Three Mile Slough–Twitchell/False River"},"geometry":{"type":"Point","coordinates":[-121.6687144,38.0974571]}},{"type":"Feature","properties":{"stationNumber":"121","region":"Confluence","longName":"False River near Oakley","shortName":"fal","origin":"DWR","archiveIndex":"109.0","x":616952.5,"y":4212848.6,"geographicSubarea":"Three Mile Slough–Twitchell/False River"},"geometry":{"type":"Point","coordinates":[-121.6669443,38.0558331]}},{"type":"Feature","properties":{"stationNumber":"122","region":"Confluence","longName":"Sacramento River Downstream of Isleton","shortName":"soi","origin":"DWR","archiveIndex":"198.0","x":617644.9,"y":4226137.5,"geographicSubarea":"Rio Vista–Cache Slough entrance"},"geometry":{"type":"Point","coordinates":[-121.6568625,38.1754796]}},{"type":"Feature","properties":{"stationNumber":"123","region":"Confluence","longName":"Sacramento River near Ida Island","shortName":"26178.0","origin":"ECON","archiveIndex":"336.0","x":618008.6,"y":4225944.07,"geographicSubarea":"Rio Vista–Cache Slough entrance"},"geometry":{"type":"Point","coordinates":[-121.6527434,38.1736892]}},{"type":"Feature","properties":{"stationNumber":"124","region":"Confluence","longName":"Fisherman\u0027s Cut","shortName":"fct","origin":"DWR","archiveIndex":"196.0","x":618521.7,"y":4214201.8,"geographicSubarea":"Fisherman\u0027s Cut–Piper Slough"},"geometry":{"type":"Point","coordinates":[-121.6488384,38.0678217]}},{"type":"Feature","properties":{"stationNumber":"125","region":"Confluence","longName":"Vieras Resort at Sacramento River","shortName":"JT11","origin":"EJ SAFER Proxy","archiveIndex":"317.0","x":619104.5059,"y":4225821.553,"geographicSubarea":"Sacramento River–Ryde/Isleton"},"geometry":{"type":"Point","coordinates":[-121.6402556,38.1724411]}},{"type":"Feature","properties":{"stationNumber":"126","region":"Confluence","longName":"Isleton at Sacramento River","shortName":"JT10","origin":"EJ SAFER Proxy","archiveIndex":"316.0","x":621359.0124,"y":4224793.3,"geographicSubarea":"Sacramento River–Ryde/Isleton"},"geometry":{"type":"Point","coordinates":[-121.6146995,38.1628757]}},{"type":"Feature","properties":{"stationNumber":"127","region":"Confluence","longName":"Brannan Marinas at San Joaquin River","shortName":"JT14","origin":"EJ SAFER Proxy","archiveIndex":"320.0","x":621505.607,"y":4218554.016,"geographicSubarea":"Brannan–Andrus Island junction"},"geometry":{"type":"Point","coordinates":[-121.6140903,38.1066397]}},{"type":"Feature","properties":{"stationNumber":"128","region":"Confluence","longName":"Oxbow Marina South","shortName":"EJ23","origin":"EJ","archiveIndex":"","x":623222.18,"y":4223516.8,"geographicSubarea":"Georgiana Slough–Oxbow reach"},"geometry":{"type":"Point","coordinates":[-121.5936585,38.1511218]}},{"type":"Feature","properties":{"stationNumber":"129","region":"Confluence","longName":"San Andreas Landing","shortName":"REsal","origin":"DWR Revised","archiveIndex":"35.0","x":623496.91,"y":4218191.59,"geographicSubarea":"Brannan–Andrus Island junction"},"geometry":{"type":"Point","coordinates":[-121.5914462,38.1031042]}},{"type":"Feature","properties":{"stationNumber":"130","region":"Confluence","longName":"Oxbow Marina North","shortName":"EJ24","origin":"EJ","archiveIndex":"","x":623728.3,"y":4224207.32,"geographicSubarea":"Georgiana Slough–Oxbow reach"},"geometry":{"type":"Point","coordinates":[-121.5877637,38.157274]}},{"type":"Feature","properties":{"stationNumber":"131","region":"Confluence","longName":"Georgiana Slough at Mokelumne River","shortName":"gsm","origin":"DWR","archiveIndex":"145.0","x":624430.5,"y":4221190.9,"geographicSubarea":"Georgiana Slough–Oxbow reach"},"geometry":{"type":"Point","coordinates":[-121.5802779,38.1299997]}},{"type":"Feature","properties":{"stationNumber":"132","region":"Confluence","longName":"Old River at Franks Tract","shortName":"osj","origin":"DWR","archiveIndex":"110.0","x":624652.3,"y":4214658.4,"geographicSubarea":"Old River at Franks Tract"},"geometry":{"type":"Point","coordinates":[-121.5788886,38.0711115]}},{"type":"Feature","properties":{"stationNumber":"133","region":"Confluence","longName":"Mokelumne River at Andrus Island","shortName":"mok","origin":"DWR","archiveIndex":"114.0","x":625274.8,"y":4218552.5,"geographicSubarea":"Brannan–Andrus Island junction"},"geometry":{"type":"Point","coordinates":[-121.5711108,38.1061112]}},{"type":"Feature","properties":{"stationNumber":"134","region":"Confluence","longName":"Brannan Marinas at Mokelumne and San Joaquin River Confluence","shortName":"JT13","origin":"EJ SAFER Proxy","archiveIndex":"319.0","x":625296.7464,"y":4217494.545,"geographicSubarea":"Brannan–Andrus Island junction"},"geometry":{"type":"Point","coordinates":[-121.5710462,38.096576]}},{"type":"Feature","properties":{"stationNumber":"135","region":"Confluence","longName":"North Mokelumne RIver above Georgiana Slough","shortName":"53866.0","origin":"ECON","archiveIndex":"365.0","x":626435.1,"y":4222074.3,"geographicSubarea":"North Mokelumne–Staten Island/Eagle Tree"},"geometry":{"type":"Point","coordinates":[-121.5572558,38.1376804]}},{"type":"Feature","properties":{"stationNumber":"136","region":"Confluence","longName":"Potato Slough at North Venice Island","shortName":"REssa","origin":"DWR Revised","archiveIndex":"288.0","x":627374.62,"y":4216506.42,"geographicSubarea":"Potato–Little Connection Slough"},"geometry":{"type":"Point","coordinates":[-121.5475322,38.0873826]}},{"type":"Feature","properties":{"stationNumber":"137","region":"Confluence","longName":"South Mokelumne River above Islemouth Slough","shortName":"EJ25","origin":"EJ","archiveIndex":"","x":631256.82,"y":4221227.13,"geographicSubarea":"South Mokelumne–Terminous"},"geometry":{"type":"Point","coordinates":[-121.5024085,38.1293592]}},{"type":"Feature","properties":{"stationNumber":"138","region":"Confluence","longName":"Mokelumne River (South Fork) @ Staten Island","shortName":"sti","origin":"DWR","archiveIndex":"37.0","x":631586.4,"y":4219845.0,"geographicSubarea":"South Mokelumne–Terminous"},"geometry":{"type":"Point","coordinates":[-121.4989043,38.1168587]}},{"type":"Feature","properties":{"stationNumber":"139","region":"Confluence","longName":"Little Potato Slough at Terminous","shortName":"lps","origin":"DWR","archiveIndex":"113.0","x":631868.1,"y":4217577.6,"geographicSubarea":"South Mokelumne–Terminous"},"geometry":{"type":"Point","coordinates":[-121.4961107,38.0963892]}},{"type":"Feature","properties":{"stationNumber":"140","region":"North Delta","longName":"North Delta Aggregate Area","shortName":"Y173","origin":"ECON","archiveIndex":"401.0","x":605331.31,"y":4236886.57,"geographicSubarea":"Calhoun–Lindsey Slough/Hastings Tract"},"geometry":{"type":"Point","coordinates":[-121.7958192,38.2738585]}},{"type":"Feature","properties":{"stationNumber":"141","region":"North Delta","longName":"Calhoun Slough near Barkers Cut","shortName":"17838.0","origin":"ECON","archiveIndex":"332.0","x":605735.5948,"y":4235357.665,"geographicSubarea":"Calhoun–Lindsey Slough/Hastings Tract"},"geometry":{"type":"Point","coordinates":[-121.7914265,38.2600348]}},{"type":"Feature","properties":{"stationNumber":"142","region":"North Delta","longName":"Hastings Tract","shortName":"57403.0","origin":"ECON","archiveIndex":"393.0","x":607118.01,"y":4235426.1,"geographicSubarea":"Calhoun–Lindsey Slough/Hastings Tract"},"geometry":{"type":"Point","coordinates":[-121.7756183,38.2604876]}},{"type":"Feature","properties":{"stationNumber":"143","region":"North Delta","longName":"Hastings Tract at Ulatis Creek","shortName":"20016.0","origin":"ECON","archiveIndex":"333.0","x":607313.4295,"y":4238818.131,"geographicSubarea":"Cache Slough–Ulatis/Haas/Lookout Slough"},"geometry":{"type":"Point","coordinates":[-121.7728707,38.2910279]}},{"type":"Feature","properties":{"stationNumber":"144","region":"North Delta","longName":"Ulatis Creek Near Elmira","shortName":"ulc","origin":"DWR","archiveIndex":"215.0","x":608463.8,"y":4239164.3,"geographicSubarea":"Cache Slough–Ulatis/Haas/Lookout Slough"},"geometry":{"type":"Point","coordinates":[-121.759666,38.2940086]}},{"type":"Feature","properties":{"stationNumber":"145","region":"North Delta","longName":"Lindsey Slough at the Big Ditch","shortName":"EJ26","origin":"EJ","archiveIndex":"","x":608637.23,"y":4235120.79,"geographicSubarea":"Calhoun–Lindsey Slough/Hastings Tract"},"geometry":{"type":"Point","coordinates":[-121.7583038,38.2575542]}},{"type":"Feature","properties":{"stationNumber":"146","region":"North Delta","longName":"Cache Slough","shortName":"ccs","origin":"DWR","archiveIndex":"3.0","x":609500.3,"y":4239525.4,"geographicSubarea":"Cache Slough–Ulatis/Haas/Lookout Slough"},"geometry":{"type":"Point","coordinates":[-121.7477598,38.2971363]}},{"type":"Feature","properties":{"stationNumber":"147","region":"North Delta","longName":"Haas Slough North of Sycamore Slough","shortName":"58312.0","origin":"ECON","archiveIndex":"394.0","x":611183.34,"y":4240379.02,"geographicSubarea":"Cache Slough–Ulatis/Haas/Lookout Slough"},"geometry":{"type":"Point","coordinates":[-121.7283827,38.3046206]}},{"type":"Feature","properties":{"stationNumber":"148","region":"North Delta","longName":"Hass Slough Near Elmira","shortName":"has","origin":"DWR","archiveIndex":"219.0","x":611430.5,"y":4239220.3,"geographicSubarea":"Cache Slough–Ulatis/Haas/Lookout Slough"},"geometry":{"type":"Point","coordinates":[-121.7257392,38.2941496]}},{"type":"Feature","properties":{"stationNumber":"149","region":"North Delta","longName":"Lookout Slough","shortName":"58480.0","origin":"ECON","archiveIndex":"395.0","x":612602.24,"y":4239137.9,"geographicSubarea":"Cache Slough–Ulatis/Haas/Lookout Slough"},"geometry":{"type":"Point","coordinates":[-121.712356,38.2932609]}},{"type":"Feature","properties":{"stationNumber":"150","region":"North Delta","longName":"Cache Slough Near Hastings Tract Near Rio Vista","shortName":"ucs","origin":"DWR","archiveIndex":"216.0","x":612908.6,"y":4237177.1,"geographicSubarea":"Cache Slough–Ulatis/Haas/Lookout Slough"},"geometry":{"type":"Point","coordinates":[-121.7091665,38.2755553]}},{"type":"Feature","properties":{"stationNumber":"151","region":"North Delta","longName":"Lindsey Slough","shortName":"EJ27","origin":"EJ","archiveIndex":"","x":613676.84,"y":4234003.2,"geographicSubarea":"Lower Cache Slough–Liberty/Prospect/Lindsey"},"geometry":{"type":"Point","coordinates":[-121.7008951,38.2468609]}},{"type":"Feature","properties":{"stationNumber":"153","region":"North Delta","longName":"Shag Slough at Liberty Island near Courtland","shortName":"sgg","origin":"DWR","archiveIndex":"126.0","x":614250.8,"y":4241943.7,"geographicSubarea":"Liberty Island–Toe Drain/Shag Slough"},"geometry":{"type":"Point","coordinates":[-121.6930551,38.318333]}},{"type":"Feature","properties":{"stationNumber":"154","region":"North Delta","longName":"Cache Slough below Shag Slough","shortName":"cbs","origin":"DWR","archiveIndex":"269.0","x":614881.0,"y":4234438.0,"geographicSubarea":"Lower Cache Slough–Liberty/Prospect/Lindsey"},"geometry":{"type":"Point","coordinates":[-121.6870667,38.2506254]}},{"type":"Feature","properties":{"stationNumber":"155","region":"North Delta","longName":"Cache Slough at Liberty Island","shortName":"lib","origin":"DWR","archiveIndex":"189.0","x":615115.0,"y":4233613.0,"geographicSubarea":"Lower Cache Slough–Liberty/Prospect/Lindsey"},"geometry":{"type":"Point","coordinates":[-121.684527,38.2431621]}},{"type":"Feature","properties":{"stationNumber":"156","region":"North Delta","longName":"Prospect Slough Near Five Points","shortName":"psf","origin":"DWR","archiveIndex":"265.0","x":615325.0,"y":4233252.0,"geographicSubarea":"Lower Cache Slough–Liberty/Prospect/Lindsey"},"geometry":{"type":"Point","coordinates":[-121.6821866,38.2398825]}},{"type":"Feature","properties":{"stationNumber":"160","region":"North Delta","longName":"Liberty Cut at Liberty Island near Courtland","shortName":"libc","origin":"DWR","archiveIndex":"124.0","x":616502.5,"y":4242438.4,"geographicSubarea":"Liberty Island–Toe Drain/Shag Slough"},"geometry":{"type":"Point","coordinates":[-121.667222,38.3225004]}},{"type":"Feature","properties":{"stationNumber":"161","region":"North Delta","longName":"Cache Slough at Ryer Island","shortName":"ryi","origin":"DWR","archiveIndex":"128.0","x":616525.5,"y":4230277.3,"geographicSubarea":"Rio Vista–Cache Slough entrance"},"geometry":{"type":"Point","coordinates":[-121.6689605,38.2129253]}},{"type":"Feature","properties":{"stationNumber":"162","region":"North Delta","longName":"Liberty Cut at Five Points","shortName":"lcts","origin":"DWR","archiveIndex":"270.0","x":616555.0,"y":4239591.0,"geographicSubarea":"Liberty Island–Toe Drain/Shag Slough"},"geometry":{"type":"Point","coordinates":[-121.6670913,38.2968386]}},{"type":"Feature","properties":{"stationNumber":"163","region":"North Delta","longName":"Sacramento River Deep Water Ship Channel Near Rio Vista","shortName":"dws","origin":"DWR","archiveIndex":"127.0","x":616657.3,"y":4235072.2,"geographicSubarea":"Sacramento Deep Water Ship Channel"},"geometry":{"type":"Point","coordinates":[-121.6666666,38.2561108]}},{"type":"Feature","properties":{"stationNumber":"164","region":"North Delta","longName":"Miner Slough Near Sacramento River and Prospect Island","shortName":"mss","origin":"DWR","archiveIndex":"229.0","x":616742.4,"y":4232792.7,"geographicSubarea":"Miner Slough"},"geometry":{"type":"Point","coordinates":[-121.6660697,38.2355612]}},{"type":"Feature","properties":{"stationNumber":"165","region":"North Delta","longName":"Toe Drain at Five Points","shortName":"toes","origin":"DWR","archiveIndex":"266.0","x":617130.0,"y":4239083.0,"geographicSubarea":"Liberty Island–Toe Drain/Shag Slough"},"geometry":{"type":"Point","coordinates":[-121.6606015,38.2921866]}},{"type":"Feature","properties":{"stationNumber":"166","region":"North Delta","longName":"Little Holland Tract at North Breach Near Holland Tract","shortName":"lhtn","origin":"DWR","archiveIndex":"267.0","x":617274.0,"y":4243882.0,"geographicSubarea":"Liberty Island–Toe Drain/Shag Slough"},"geometry":{"type":"Point","coordinates":[-121.6581585,38.3354065]}},{"type":"Feature","properties":{"stationNumber":"167","region":"North Delta","longName":"Cache Slough Above Ryer Island Ferry","shortName":"ryf","origin":"DWR","archiveIndex":"217.0","x":617515.3,"y":4228186.2,"geographicSubarea":"Rio Vista–Cache Slough entrance"},"geometry":{"type":"Point","coordinates":[-121.6580031,38.1939556]}},{"type":"Feature","properties":{"stationNumber":"170","region":"North Delta","longName":"Sacramento River Deep Water Ship Channel Near Courtland","shortName":"cm62","origin":"DWR","archiveIndex":"224.0","x":618511.0,"y":4244595.0,"geographicSubarea":"Sacramento Deep Water Ship Channel"},"geometry":{"type":"Point","coordinates":[-121.6438887,38.3416677]}},{"type":"Feature","properties":{"stationNumber":"171","region":"North Delta","longName":"Miner Slough at Five Points","shortName":"mfv","origin":"DWR","archiveIndex":"211.0","x":618522.3,"y":4238860.6,"geographicSubarea":"Miner Slough"},"geometry":{"type":"Point","coordinates":[-121.6447217,38.29]}},{"type":"Feature","properties":{"stationNumber":"172","region":"North Delta","longName":"Toe Drain South","shortName":"471.0","origin":"ECON","archiveIndex":"329.0","x":618601.8806,"y":4246101.069,"geographicSubarea":"Liberty Island–Toe Drain/Shag Slough"},"geometry":{"type":"Point","coordinates":[-121.6425958,38.3552251]}},{"type":"Feature","properties":{"stationNumber":"173","region":"North Delta","longName":"Miner Slough at Elevator Road","shortName":"EJ28","origin":"EJ","archiveIndex":"","x":618891.93,"y":4236490.06,"geographicSubarea":"Miner Slough"},"geometry":{"type":"Point","coordinates":[-121.6408945,38.2685927]}},{"type":"Feature","properties":{"stationNumber":"174","region":"North Delta","longName":"Toe Drain at Mallard Road","shortName":"toen","origin":"DWR","archiveIndex":"212.0","x":619009.8,"y":4247207.4,"geographicSubarea":"Liberty Island–Toe Drain/Shag Slough"},"geometry":{"type":"Point","coordinates":[-121.6377415,38.3651388]}},{"type":"Feature","properties":{"stationNumber":"175","region":"North Delta","longName":"Toe Drain Central","shortName":"12021.0","origin":"ECON","archiveIndex":"331.0","x":619252.5605,"y":4247936.569,"geographicSubarea":"Liberty Island–Toe Drain/Shag Slough"},"geometry":{"type":"Point","coordinates":[-121.63484,38.3716761]}},{"type":"Feature","properties":{"stationNumber":"176","region":"North Delta","longName":"Steamboat Slough near Sacramento River","shortName":"sxs","origin":"DWR","archiveIndex":"195.0","x":619281.8,"y":4227913.6,"geographicSubarea":"Steamboat Slough"},"geometry":{"type":"Point","coordinates":[-121.6378811,38.1912671]}},{"type":"Feature","properties":{"stationNumber":"178","region":"North Delta","longName":"Toe Drain North","shortName":"21974.0","origin":"ECON","archiveIndex":"334.0","x":620405.8211,"y":4251209.831,"geographicSubarea":"Liberty Island–Toe Drain/Shag Slough"},"geometry":{"type":"Point","coordinates":[-121.6210815,38.4010128]}},{"type":"Feature","properties":{"stationNumber":"179","region":"North Delta","longName":"Sacramento River Deep Water Ship Channel Near Clarksburg","shortName":"cm66","origin":"DWR","archiveIndex":"214.0","x":620970.0,"y":4251599.2,"geographicSubarea":"Sacramento Deep Water Ship Channel"},"geometry":{"type":"Point","coordinates":[-121.6145551,38.4044447]}},{"type":"Feature","properties":{"stationNumber":"180","region":"North Delta","longName":"Grand Island","shortName":"54784.0","origin":"ECON","archiveIndex":"380.0","x":621100.6566,"y":4228298.392,"geographicSubarea":"Steamboat Slough"},"geometry":{"type":"Point","coordinates":[-121.6170509,38.1944913]}},{"type":"Feature","properties":{"stationNumber":"181","region":"North Delta","longName":"Snug Harbor Marina at Steamboat Slough","shortName":"JT12","origin":"EJ SAFER Proxy","archiveIndex":"318.0","x":621482.1727,"y":4228795.042,"geographicSubarea":"Steamboat Slough"},"geometry":{"type":"Point","coordinates":[-121.6126103,38.1989147]}},{"type":"Feature","properties":{"stationNumber":"183","region":"North Delta","longName":"Sutter Slough at Miner Slough","shortName":"EJ29","origin":"EJ","archiveIndex":"","x":621932.57,"y":4238475.47,"geographicSubarea":"Sutter–Elk Slough/Merritt Island"},"geometry":{"type":"Point","coordinates":[-121.6058029,38.2860731]}},{"type":"Feature","properties":{"stationNumber":"184","region":"North Delta","longName":"Steamboat Slough Below Sutter Slough","shortName":"sus","origin":"DWR","archiveIndex":"165.0","x":622318.4,"y":4234477.5,"geographicSubarea":"Steamboat Slough"},"geometry":{"type":"Point","coordinates":[-121.6020832,38.2499997]}},{"type":"Feature","properties":{"stationNumber":"185","region":"North Delta","longName":"Steamboat Slough near Walker Landing","shortName":"EJ30","origin":"EJ","archiveIndex":"","x":622366.41,"y":4231479.7,"geographicSubarea":"Steamboat Slough"},"geometry":{"type":"Point","coordinates":[-121.602052,38.2229835]}},{"type":"Feature","properties":{"stationNumber":"186","region":"North Delta","longName":"Sutter Slough","shortName":"EJ31","origin":"EJ","archiveIndex":"","x":622527.43,"y":4241135.71,"geographicSubarea":"Sutter–Elk Slough/Merritt Island"},"geometry":{"type":"Point","coordinates":[-121.598542,38.3099602]}},{"type":"Feature","properties":{"stationNumber":"188","region":"North Delta","longName":"Sacramento River Deep Water Ship Channel Near Freeport","shortName":"cm72","origin":"DWR","archiveIndex":"213.0","x":623525.5,"y":4259677.4,"geographicSubarea":"Sacramento Deep Water Ship Channel"},"geometry":{"type":"Point","coordinates":[-121.5838742,38.4768754]}},{"type":"Feature","properties":{"stationNumber":"189","region":"North Delta","longName":"Steamboat Slough Intake","shortName":"53753.0","origin":"ECON","archiveIndex":"361.0","x":623585.1212,"y":4238407.545,"geographicSubarea":"Steamboat Slough"},"geometry":{"type":"Point","coordinates":[-121.5869245,38.2852351]}},{"type":"Feature","properties":{"stationNumber":"190","region":"North Delta","longName":"Steamboat Slough between Sacramento River and Sutter Slough","shortName":"sss","origin":"DWR","archiveIndex":"119.0","x":623598.2,"y":4238356.2,"geographicSubarea":"Steamboat Slough"},"geometry":{"type":"Point","coordinates":[-121.586784,38.2847707]}},{"type":"Feature","properties":{"stationNumber":"191","region":"North Delta","longName":"Sutter Slough at Elk Slough","shortName":"EJ32","origin":"EJ","archiveIndex":"","x":623765.66,"y":4243614.87,"geographicSubarea":"Sutter–Elk Slough/Merritt Island"},"geometry":{"type":"Point","coordinates":[-121.5839487,38.3321265]}},{"type":"Feature","properties":{"stationNumber":"192","region":"North Delta","longName":"Sacramento River at Tyler Island","shortName":"53448.0","origin":"ECON","archiveIndex":"355.0","x":624193.22,"y":4227521.18,"geographicSubarea":"Sacramento River–Ryde/Isleton"},"geometry":{"type":"Point","coordinates":[-121.5818801,38.1870675]}},{"type":"Feature","properties":{"stationNumber":"193","region":"North Delta","longName":"Sutter Slough at Courtland","shortName":"sut","origin":"DWR","archiveIndex":"118.0","x":624348.3,"y":4243212.4,"geographicSubarea":"Sutter–Elk Slough/Merritt Island"},"geometry":{"type":"Point","coordinates":[-121.5773552,38.3284197]}},{"type":"Feature","properties":{"stationNumber":"194","region":"North Delta","longName":"Steamboat Slough Upstream at Sacramento River","shortName":"54352.0","origin":"ECON","archiveIndex":"374.0","x":624452.82,"y":4240486.28,"geographicSubarea":"Steamboat Slough"},"geometry":{"type":"Point","coordinates":[-121.5766401,38.3038439]}},{"type":"Feature","properties":{"stationNumber":"195","region":"North Delta","longName":"Elk Slough","shortName":"EJ33","origin":"EJ","archiveIndex":"","x":624697.44,"y":4245394.46,"geographicSubarea":"Sutter–Elk Slough/Merritt Island"},"geometry":{"type":"Point","coordinates":[-121.5729763,38.3480306]}},{"type":"Feature","properties":{"stationNumber":"196","region":"North Delta","longName":"Courtland Intake","shortName":"27138.0","origin":"ECON","archiveIndex":"337.0","x":624928.67,"y":4243748.31,"geographicSubarea":"Sacramento River–Courtland/Hood"},"geometry":{"type":"Point","coordinates":[-121.5706224,38.3331673]}},{"type":"Feature","properties":{"stationNumber":"197","region":"North Delta","longName":"Courtland at Sacramento River","shortName":"JT3","origin":"EJ SAFER Proxy","archiveIndex":"309.0","x":624956.7612,"y":4243645.846,"geographicSubarea":"Sacramento River–Courtland/Hood"},"geometry":{"type":"Point","coordinates":[-121.5703192,38.3322402]}},{"type":"Feature","properties":{"stationNumber":"198","region":"North Delta","longName":"Sacramento River South of Steamboat Slough 1","shortName":"55731.0","origin":"ECON","archiveIndex":"389.0","x":625325.47,"y":4239737.01,"geographicSubarea":"Sacramento River–Vorden"},"geometry":{"type":"Point","coordinates":[-121.5667954,38.2969717]}},{"type":"Feature","properties":{"stationNumber":"199","region":"North Delta","longName":"Sacramento River above Sacramento Weir","shortName":"REssw","origin":"DWR Revised","archiveIndex":"287.0","x":625523.63,"y":4274248.45,"geographicSubarea":"Sacramento–West Sacramento"},"geometry":{"type":"Point","coordinates":[-121.5583551,38.6078699]}},{"type":"Feature","properties":{"stationNumber":"200","region":"North Delta","longName":"Georgiana Slough downstream towards Broad Slough","shortName":"EJ34","origin":"EJ","archiveIndex":"","x":625809.51,"y":4227392.57,"geographicSubarea":"Georgiana Slough–Oxbow reach"},"geometry":{"type":"Point","coordinates":[-121.5634523,38.1856845]}},{"type":"Feature","properties":{"stationNumber":"201","region":"North Delta","longName":"Pocket Sacramento","shortName":"EJ35","origin":"EJ","archiveIndex":"","x":626096.89,"y":4261182.35,"geographicSubarea":"Sacramento River–Freeport/Clarksburg"},"geometry":{"type":"Point","coordinates":[-121.5541328,38.4900738]}},{"type":"Feature","properties":{"stationNumber":"202","region":"North Delta","longName":"Ryde at Sacramento River","shortName":"JT8","origin":"EJ SAFER Proxy","archiveIndex":"314.0","x":626164.8291,"y":4233119.342,"geographicSubarea":"Sacramento River–Ryde/Isleton"},"geometry":{"type":"Point","coordinates":[-121.5583786,38.2372314]}},{"type":"Feature","properties":{"stationNumber":"203","region":"North Delta","longName":"Sacramento Deep Water Shipping Channel at Lake Washington","shortName":"EJ36","origin":"EJ","archiveIndex":"","x":626208.85,"y":4269253.45,"geographicSubarea":"Sacramento–West Sacramento"},"geometry":{"type":"Point","coordinates":[-121.5513921,38.5627722]}},{"type":"Feature","properties":{"stationNumber":"204","region":"North Delta","longName":"Trailer Park at Sacramento River","shortName":"JT9","origin":"EJ SAFER Proxy","archiveIndex":"315.0","x":626325.6434,"y":4231599.925,"geographicSubarea":"Sacramento River–Ryde/Isleton"},"geometry":{"type":"Point","coordinates":[-121.5568122,38.2235193]}},{"type":"Feature","properties":{"stationNumber":"205","region":"North Delta","longName":"Sacramento River South of Steamboat Slough 2","shortName":"54709.0","origin":"ECON","archiveIndex":"377.0","x":626364.47,"y":4238530.45,"geographicSubarea":"Sacramento River–Vorden"},"geometry":{"type":"Point","coordinates":[-121.5551326,38.2859554]}},{"type":"Feature","properties":{"stationNumber":"206","region":"North Delta","longName":"Sacramento River below Ryde","shortName":"53739.0","origin":"ECON","archiveIndex":"360.0","x":626387.42,"y":4231857.9,"geographicSubarea":"Sacramento River–Ryde/Isleton"},"geometry":{"type":"Point","coordinates":[-121.5560607,38.2258349]}},{"type":"Feature","properties":{"stationNumber":"207","region":"North Delta","longName":"Merritt Island","shortName":"54485.0","origin":"ECON","archiveIndex":"376.0","x":626428.1755,"y":4247613.218,"geographicSubarea":"Sutter–Elk Slough/Merritt Island"},"geometry":{"type":"Point","coordinates":[-121.5527778,38.3677778]}},{"type":"Feature","properties":{"stationNumber":"208","region":"North Delta","longName":"South Mokelumne River at Highway 12","shortName":"EJ37","origin":"EJ","archiveIndex":"","x":626851.1,"y":4219775.6,"geographicSubarea":"South Mokelumne River at Highway 12"},"geometry":{"type":"Point","coordinates":[-121.5529193,38.1169111]}},{"type":"Feature","properties":{"stationNumber":"209","region":"North Delta","longName":"Green\u0027s Landing","shortName":"gln","origin":"DWR","archiveIndex":"15.0","x":626989.2,"y":4245160.4,"geographicSubarea":"Sacramento River–Courtland/Hood"},"geometry":{"type":"Point","coordinates":[-121.5467995,38.3455998]}},{"type":"Feature","properties":{"stationNumber":"210","region":"North Delta","longName":"Georgiana Slough below Race Track Road","shortName":"64640.0","origin":"ECON","archiveIndex":"400.0","x":627536.52,"y":4231568.89,"geographicSubarea":"Georgiana Slough–Oxbow reach"},"geometry":{"type":"Point","coordinates":[-121.5429884,38.2230688]}},{"type":"Feature","properties":{"stationNumber":"211","region":"North Delta","longName":"Sacramento River at Vorden","shortName":"57393.0","origin":"ECON","archiveIndex":"392.0","x":627638.43,"y":4237351.18,"geographicSubarea":"Sacramento River–Vorden"},"geometry":{"type":"Point","coordinates":[-121.5407831,38.2751504]}},{"type":"Feature","properties":{"stationNumber":"212","region":"North Delta","longName":"Randall Island","shortName":"52394.0","origin":"ECON","archiveIndex":"350.0","x":627677.599,"y":4245314.075,"geographicSubarea":"Sacramento River–Courtland/Hood"},"geometry":{"type":"Point","coordinates":[-121.5388964,38.3468865]}},{"type":"Feature","properties":{"stationNumber":"213","region":"North Delta","longName":"Georgiana Slough","shortName":"53762.0","origin":"ECON","archiveIndex":"362.0","x":627769.4453,"y":4230065.071,"geographicSubarea":"Georgiana Slough–Oxbow reach"},"geometry":{"type":"Point","coordinates":[-121.5405989,38.2094869]}},{"type":"Feature","properties":{"stationNumber":"214","region":"North Delta","longName":"Sacramento River near Snodgrass Slough Intake","shortName":"52469.0","origin":"ECON","archiveIndex":"351.0","x":628049.59,"y":4245752.98,"geographicSubarea":"Sacramento River–Courtland/Hood"},"geometry":{"type":"Point","coordinates":[-121.534561,38.3507876]}},{"type":"Feature","properties":{"stationNumber":"215","region":"North Delta","longName":"Sacramento River at Snodgrass","shortName":"snod","origin":"DWR","archiveIndex":"147.0","x":628119.1,"y":4245666.2,"geographicSubarea":"Sacramento River–Courtland/Hood"},"geometry":{"type":"Point","coordinates":[-121.5337815,38.3499958]}},{"type":"Feature","properties":{"stationNumber":"216","region":"North Delta","longName":"Clarksburg near Pumphouse Road","shortName":"53158.0","origin":"ECON","archiveIndex":"353.0","x":628193.57,"y":4254969.93,"geographicSubarea":"Sacramento River–Freeport/Clarksburg"},"geometry":{"type":"Point","coordinates":[-121.5312346,38.4338056]}},{"type":"Feature","properties":{"stationNumber":"217","region":"North Delta","longName":"North Mokelumne River at Staten Island","shortName":"EJ38","origin":"EJ","archiveIndex":"","x":628439.16,"y":4224842.9,"geographicSubarea":"North Mokelumne–Staten Island/Eagle Tree"},"geometry":{"type":"Point","coordinates":[-121.5338952,38.1623416]}},{"type":"Feature","properties":{"stationNumber":"218","region":"North Delta","longName":"Georgiana Slough at Race Track Road","shortName":"55746.0","origin":"ECON","archiveIndex":"391.0","x":628691.25,"y":4232036.42,"geographicSubarea":"Georgiana Slough–Oxbow reach"},"geometry":{"type":"Point","coordinates":[-121.5297157,38.2271166]}},{"type":"Feature","properties":{"stationNumber":"219","region":"North Delta","longName":"Clarksburg at Sacramento River","shortName":"JT1","origin":"EJ SAFER Proxy","archiveIndex":"307.0","x":628751.9151,"y":4253281.675,"geographicSubarea":"Sacramento River–Freeport/Clarksburg"},"geometry":{"type":"Point","coordinates":[-121.5251488,38.4185153]}},{"type":"Feature","properties":{"stationNumber":"220","region":"North Delta","longName":"Sacramento near Isleton","shortName":"55604.0","origin":"ECON","archiveIndex":"387.0","x":628872.33,"y":4233324.7,"geographicSubarea":"Sacramento River–Ryde/Isleton"},"geometry":{"type":"Point","coordinates":[-121.5274134,38.2386975]}},{"type":"Feature","properties":{"stationNumber":"221","region":"North Delta","longName":"Lisbon District","shortName":"55001.0","origin":"ECON","archiveIndex":"385.0","x":628880.1141,"y":4255175.145,"geographicSubarea":"Sacramento River–Freeport/Clarksburg"},"geometry":{"type":"Point","coordinates":[-121.5233333,38.4355556]}},{"type":"Feature","properties":{"stationNumber":"222","region":"North Delta","longName":"Hood at Sacramento River","shortName":"JT2","origin":"EJ SAFER Proxy","archiveIndex":"308.0","x":629216.1949,"y":4247704.932,"geographicSubarea":"Sacramento River–Courtland/Hood"},"geometry":{"type":"Point","coordinates":[-121.5208563,38.3682058]}},{"type":"Feature","properties":{"stationNumber":"223","region":"North Delta","longName":"Sacramento River below Georgiana Slough","shortName":"ges","origin":"DWR","archiveIndex":"122.0","x":629219.1,"y":4233351.8,"geographicSubarea":"Sacramento River–Ryde/Isleton"},"geometry":{"type":"Point","coordinates":[-121.5234472,38.2388919]}},{"type":"Feature","properties":{"stationNumber":"224","region":"North Delta","longName":"Sacramento River at Hood","shortName":"srh","origin":"DWR","archiveIndex":"50.0","x":629247.7,"y":4247651.0,"geographicSubarea":"Sacramento River–Courtland/Hood"},"geometry":{"type":"Point","coordinates":[-121.5205056,38.3677154]}},{"type":"Feature","properties":{"stationNumber":"225","region":"North Delta","longName":"Sacramento River above Delta Cross Channel","shortName":"sdc","origin":"DWR","archiveIndex":"120.0","x":629664.2,"y":4235427.1,"geographicSubarea":"Walnut Grove–Delta Cross Channel"},"geometry":{"type":"Point","coordinates":[-121.5179831,38.2575252]}},{"type":"Feature","properties":{"stationNumber":"226","region":"North Delta","longName":"Georgiana Slough near Sacramento River","shortName":"gss","origin":"DWR","archiveIndex":"121.0","x":629727.3,"y":4233179.3,"geographicSubarea":"Georgiana Slough–Oxbow reach"},"geometry":{"type":"Point","coordinates":[-121.5176735,38.2372646]}},{"type":"Feature","properties":{"stationNumber":"227","region":"North Delta","longName":"Sacramento River at Walnut Grove","shortName":"swe","origin":"DWR","archiveIndex":"146.0","x":629874.3,"y":4233686.1,"geographicSubarea":"Walnut Grove–Delta Cross Channel"},"geometry":{"type":"Point","coordinates":[-121.5159015,38.2418094]}},{"type":"Feature","properties":{"stationNumber":"228","region":"North Delta","longName":"East Courtland","shortName":"R3","origin":"REC","archiveIndex":"408.0","x":630084.0,"y":4241117.0,"geographicSubarea":"Courtland–Snodgrass/Machado reach"},"geometry":{"type":"Point","coordinates":[-121.5121402,38.3087272]}},{"type":"Feature","properties":{"stationNumber":"229","region":"North Delta","longName":"Sacramento River at I Street","shortName":"ist","origin":"DWR","archiveIndex":"144.0","x":630173.3,"y":4272187.3,"geographicSubarea":"Sacramento–West Sacramento"},"geometry":{"type":"Point","coordinates":[-121.5053552,38.5886312]}},{"type":"Feature","properties":{"stationNumber":"230","region":"North Delta","longName":"North Mokelumne River at Eagle Tree","shortName":"EJ39","origin":"EJ","archiveIndex":"","x":630188.09,"y":4229316.57,"geographicSubarea":"North Mokelumne–Staten Island/Eagle Tree"},"geometry":{"type":"Point","coordinates":[-121.5131185,38.2023966]}},{"type":"Feature","properties":{"stationNumber":"231","region":"North Delta","longName":"Walnut Grove Cross Channel at Sacramento River","shortName":"JT5","origin":"EJ SAFER Proxy","archiveIndex":"311.0","x":630261.3809,"y":4234182.444,"geographicSubarea":"Walnut Grove–Delta Cross Channel"},"geometry":{"type":"Point","coordinates":[-121.5113884,38.2462251]}},{"type":"Feature","properties":{"stationNumber":"232","region":"North Delta","longName":"Old Walnut Grove at Snodgrass Slough","shortName":"JT6","origin":"EJ SAFER Proxy","archiveIndex":"312.0","x":630311.5921,"y":4232287.076,"geographicSubarea":"Snodgrass Slough–Mokelumne junction"},"geometry":{"type":"Point","coordinates":[-121.5111631,38.2291416]}},{"type":"Feature","properties":{"stationNumber":"233","region":"North Delta","longName":"Locke at Sacramento River","shortName":"JT4","origin":"EJ SAFER Proxy","archiveIndex":"310.0","x":630329.207,"y":4234636.176,"geographicSubarea":"Walnut Grove–Delta Cross Channel"},"geometry":{"type":"Point","coordinates":[-121.5105301,38.2503032]}},{"type":"Feature","properties":{"stationNumber":"234","region":"North Delta","longName":"Snodgrass Slough at Machado Ranch","shortName":"EJ40","origin":"EJ","archiveIndex":"","x":630449.61,"y":4239354.28,"geographicSubarea":"Courtland–Snodgrass/Machado reach"},"geometry":{"type":"Point","coordinates":[-121.5082851,38.2927931]}},{"type":"Feature","properties":{"stationNumber":"235","region":"North Delta","longName":"Freeport Intake","shortName":"53153.0","origin":"ECON","archiveIndex":"352.0","x":630547.73,"y":4257931.66,"geographicSubarea":"Sacramento River–Freeport/Clarksburg"},"geometry":{"type":"Point","coordinates":[-121.5037195,38.4601471]}},{"type":"Feature","properties":{"stationNumber":"236","region":"North Delta","longName":"North Mokelumne River below Snodgrass Slough","shortName":"mkn","origin":"DWR","archiveIndex":"194.0","x":630666.9,"y":4231648.1,"geographicSubarea":"Snodgrass Slough–Mokelumne junction"},"geometry":{"type":"Point","coordinates":[-121.5072226,38.2233332]}},{"type":"Feature","properties":{"stationNumber":"237","region":"North Delta","longName":"Sacramento River at Freeport","shortName":"fpt","origin":"DWR","archiveIndex":"117.0","x":630762.5,"y":4257477.0,"geographicSubarea":"Sacramento River–Freeport/Clarksburg"},"geometry":{"type":"Point","coordinates":[-121.5013435,38.4560195]}},{"type":"Feature","properties":{"stationNumber":"238","region":"North Delta","longName":"Delta Cross Channel near Walnut Grove","shortName":"dlc","origin":"DWR","archiveIndex":"112.0","x":630802.2,"y":4234030.6,"geographicSubarea":"Walnut Grove–Delta Cross Channel"},"geometry":{"type":"Point","coordinates":[-121.505238,38.2447786]}},{"type":"Feature","properties":{"stationNumber":"239","region":"North Delta","longName":"Locke","shortName":"R2","origin":"REC","archiveIndex":"407.0","x":630882.0,"y":4235051.0,"geographicSubarea":"Walnut Grove–Delta Cross Channel"},"geometry":{"type":"Point","coordinates":[-121.5041379,38.2539602]}},{"type":"Feature","properties":{"stationNumber":"240","region":"North Delta","longName":"South Mokelumne River at Sycamore Slough","shortName":"EJ41","origin":"EJ","archiveIndex":"","x":631119.36,"y":4222570.89,"geographicSubarea":"Sycamore Slough"},"geometry":{"type":"Point","coordinates":[-121.5037291,38.1414859]}},{"type":"Feature","properties":{"stationNumber":"241","region":"North Delta","longName":"Snodgrass Slough at Horse Cut","shortName":"EJ42","origin":"EJ","archiveIndex":"","x":631490.1,"y":4233376.47,"geographicSubarea":"Snodgrass Slough–Mokelumne junction"},"geometry":{"type":"Point","coordinates":[-121.4975007,38.2387849]}},{"type":"Feature","properties":{"stationNumber":"242","region":"North Delta","longName":"Delta Meadows","shortName":"R1","origin":"REC","archiveIndex":"406.0","x":631559.0,"y":4236277.0,"geographicSubarea":"Delta Meadows–North Mokelumne"},"geometry":{"type":"Point","coordinates":[-121.4961751,38.2649068]}},{"type":"Feature","properties":{"stationNumber":"243","region":"North Delta","longName":"Wimpy\u0027s Marina at Mokelumne Confluence","shortName":"JT7","origin":"EJ SAFER Proxy","archiveIndex":"313.0","x":631947.7875,"y":4232115.647,"geographicSubarea":"Snodgrass Slough–Mokelumne junction"},"geometry":{"type":"Point","coordinates":[-121.4925071,38.2273585]}},{"type":"Feature","properties":{"stationNumber":"244","region":"North Delta","longName":"South Mokelumne River at New Hope Bridge near Walnut Grove","shortName":"smr","origin":"DWR","archiveIndex":"192.0","x":632073.2,"y":4231917.6,"geographicSubarea":"Snodgrass Slough–Mokelumne junction"},"geometry":{"type":"Point","coordinates":[-121.4911116,38.2255558]}},{"type":"Feature","properties":{"stationNumber":"245","region":"North Delta","longName":"South Mokelumne River at Hog Slough","shortName":"EJ43","origin":"EJ","archiveIndex":"","x":632079.56,"y":4225194.3,"geographicSubarea":"Hog Slough"},"geometry":{"type":"Point","coordinates":[-121.4922887,38.1649815]}},{"type":"Feature","properties":{"stationNumber":"246","region":"North Delta","longName":"New Hope Tract","shortName":"53786.0","origin":"ECON","archiveIndex":"364.0","x":632446.4867,"y":4233228.109,"geographicSubarea":"New Hope–Mokelumne reach"},"geometry":{"type":"Point","coordinates":[-121.4866036,38.2373078]}},{"type":"Feature","properties":{"stationNumber":"247","region":"North Delta","longName":"North Mokelumne River at McCormack Williamson Tract","shortName":"EJ44","origin":"EJ","archiveIndex":"","x":632549.07,"y":4236657.49,"geographicSubarea":"Delta Meadows–North Mokelumne"},"geometry":{"type":"Point","coordinates":[-121.4847903,38.2681892]}},{"type":"Feature","properties":{"stationNumber":"249","region":"North Delta","longName":"South Mokelumne River at Beaver Slough","shortName":"EJ45","origin":"EJ","archiveIndex":"","x":633232.1,"y":4228486.4,"geographicSubarea":"Beaver Slough"},"geometry":{"type":"Point","coordinates":[-121.4785197,38.1944719]}},{"type":"Feature","properties":{"stationNumber":"250","region":"North Delta","longName":"Glanville","shortName":"52113.0","origin":"ECON","archiveIndex":"348.0","x":634690.1529,"y":4235639.697,"geographicSubarea":"New Hope–Mokelumne reach"},"geometry":{"type":"Point","coordinates":[-121.4605165,38.2587011]}},{"type":"Feature","properties":{"stationNumber":"251","region":"North Delta","longName":"Beaver Slough","shortName":"EJ46","origin":"EJ","archiveIndex":"","x":634838.04,"y":4229024.87,"geographicSubarea":"Beaver Slough"},"geometry":{"type":"Point","coordinates":[-121.4600841,38.1990841]}},{"type":"Feature","properties":{"stationNumber":"252","region":"North Delta","longName":"Sycamore Slough","shortName":"EJ47","origin":"EJ","archiveIndex":"","x":635044.25,"y":4222480.39,"geographicSubarea":"Sycamore Slough"},"geometry":{"type":"Point","coordinates":[-121.4589721,38.1400915]}},{"type":"Feature","properties":{"stationNumber":"253","region":"North Delta","longName":"Hog Slough","shortName":"EJ48","origin":"EJ","archiveIndex":"","x":635261.76,"y":4225776.53,"geographicSubarea":"Hog Slough"},"geometry":{"type":"Point","coordinates":[-121.4558646,38.1697551]}},{"type":"Feature","properties":{"stationNumber":"254","region":"North Delta","longName":"North Mokelumne River at Cosumnes River Preserve","shortName":"EJ49","origin":"EJ","archiveIndex":"","x":635354.11,"y":4237139.02,"geographicSubarea":"Delta Meadows–North Mokelumne"},"geometry":{"type":"Point","coordinates":[-121.4526436,38.272109]}},{"type":"Feature","properties":{"stationNumber":"255","region":"North Delta","longName":"Galt Mokelumne South Sacramento County Area","shortName":"28670.0","origin":"ECON","archiveIndex":"339.0","x":636040.1125,"y":4229638.269,"geographicSubarea":"Beaver Slough"},"geometry":{"type":"Point","coordinates":[-121.446243,38.2044295]}},{"type":"Feature","properties":{"stationNumber":"256","region":"North Delta","longName":"Mokelumne River at Benson\u0027s Ferry","shortName":"ben","origin":"DWR","archiveIndex":"2.0","x":636491.3,"y":4235314.6,"geographicSubarea":"New Hope–Mokelumne reach"},"geometry":{"type":"Point","coordinates":[-121.4399994,38.2555004]}},{"type":"Feature","properties":{"stationNumber":"257","region":"Central Delta","longName":"Lower Dutch Slough near Big Break","shortName":"54824.0","origin":"ECON","archiveIndex":"381.0","x":615922.29,"y":4207787.95,"geographicSubarea":"Dutch Slough–Big Break"},"geometry":{"type":"Point","coordinates":[-121.679503,38.010367]}},{"type":"Feature","properties":{"stationNumber":"258","region":"Central Delta","longName":"Lower Dutch Slough near Contra Costa Intake","shortName":"54755.0","origin":"ECON","archiveIndex":"378.0","x":616081.0,"y":4206746.03,"geographicSubarea":"Dutch Slough–Big Break"},"geometry":{"type":"Point","coordinates":[-121.6778642,38.0009584]}},{"type":"Feature","properties":{"stationNumber":"259","region":"Central Delta","longName":"Dutch Slough Intake","shortName":"54757.0","origin":"ECON","archiveIndex":"379.0","x":616087.241,"y":4207104.591,"geographicSubarea":"Dutch Slough–Big Break"},"geometry":{"type":"Point","coordinates":[-121.6777351,38.0041885]}},{"type":"Feature","properties":{"stationNumber":"260","region":"Central Delta","longName":"Dutch Sl below Jersey Island","shortName":"dsj","origin":"DWR","archiveIndex":"107.0","x":616676.6,"y":4208098.2,"geographicSubarea":"Dutch Slough–Big Break"},"geometry":{"type":"Point","coordinates":[-121.6708621,38.0130657]}},{"type":"Feature","properties":{"stationNumber":"261","region":"Central Delta","longName":"Taylor Slough","shortName":"JT17","origin":"EJ SAFER Proxy","archiveIndex":"323.0","x":617340.4291,"y":4209698.694,"geographicSubarea":"Taylor Slough–Piper Slough"},"geometry":{"type":"Point","coordinates":[-121.6630399,38.0274011]}},{"type":"Feature","properties":{"stationNumber":"262","region":"Central Delta","longName":"Dutch Slough","shortName":"JT15","origin":"EJ SAFER Proxy","archiveIndex":"321.0","x":617841.3362,"y":4208013.677,"geographicSubarea":"Dutch Slough–Big Break"},"geometry":{"type":"Point","coordinates":[-121.6576111,38.0121534]}},{"type":"Feature","properties":{"stationNumber":"263","region":"Central Delta","longName":"Little Frank\u0027s Tract at Piper Slough","shortName":"EJ50","origin":"EJ","archiveIndex":"","x":618188.1,"y":4211870.31,"geographicSubarea":"Taylor Slough–Piper Slough"},"geometry":{"type":"Point","coordinates":[-121.6530257,38.0468579]}},{"type":"Feature","properties":{"stationNumber":"264","region":"Central Delta","longName":"Taylor Slough and Dutch Slough Confluence","shortName":"JT16","origin":"EJ SAFER Proxy","archiveIndex":"322.0","x":618563.8111,"y":4208603.888,"geographicSubarea":"Taylor Slough–Piper Slough"},"geometry":{"type":"Point","coordinates":[-121.6492855,38.0173772]}},{"type":"Feature","properties":{"stationNumber":"265","region":"Central Delta","longName":"Little Franks Tract at Fisherman\u0027s Cut","shortName":"EJ51","origin":"EJ","archiveIndex":"","x":618643.3,"y":4212933.4,"geographicSubarea":"Fisherman\u0027s Cut–Piper Slough"},"geometry":{"type":"Point","coordinates":[-121.6476629,38.0563771]}},{"type":"Feature","properties":{"stationNumber":"266","region":"Central Delta","longName":"San Joaquin River at Fisherman\u0027s Cut","shortName":"EJ52","origin":"EJ","archiveIndex":"","x":619061.54,"y":4216359.13,"geographicSubarea":"Fisherman\u0027s Cut–Piper Slough"},"geometry":{"type":"Point","coordinates":[-121.6423264,38.0871888]}},{"type":"Feature","properties":{"stationNumber":"267","region":"Central Delta","longName":"Farrar Park","shortName":"frp","origin":"DWR","archiveIndex":"13.0","x":619475.5,"y":4208005.7,"geographicSubarea":"Bethel Island–Delta Coves/Sand Mound"},"geometry":{"type":"Point","coordinates":[-121.6390017,38.0118675]}},{"type":"Feature","properties":{"stationNumber":"268","region":"Central Delta","longName":"Rock Slough at Contra Costa Canal","shortName":"rsl","origin":"DWR","archiveIndex":"34.0","x":619885.2,"y":4204031.0,"geographicSubarea":"Rock Slough–Sand Mound/Summer Lake"},"geometry":{"type":"Point","coordinates":[-121.6349998,37.976]}},{"type":"Feature","properties":{"stationNumber":"269","region":"Central Delta","longName":"Delta Coves Bethel Island","shortName":"EJ53","origin":"EJ","archiveIndex":"","x":620079.01,"y":4208472.09,"geographicSubarea":"Bethel Island–Delta Coves/Sand Mound"},"geometry":{"type":"Point","coordinates":[-121.6320505,38.0159901]}},{"type":"Feature","properties":{"stationNumber":"270","region":"Central Delta","longName":"Frank\u0027s Tract at False River","shortName":"EJ54","origin":"EJ","archiveIndex":"","x":620266.22,"y":4212209.0,"geographicSubarea":"Franks Tract"},"geometry":{"type":"Point","coordinates":[-121.6292909,38.0496358]}},{"type":"Feature","properties":{"stationNumber":"271","region":"Central Delta","longName":"Willow Park Marina at Sand Mound Slough","shortName":"JT18","origin":"EJ SAFER Proxy","archiveIndex":"324.0","x":620449.0372,"y":4207500.072,"geographicSubarea":"Bethel Island–Delta Coves/Sand Mound"},"geometry":{"type":"Point","coordinates":[-121.6279995,38.0071828]}},{"type":"Feature","properties":{"stationNumber":"272","region":"Central Delta","longName":"Rock Slough Intake","shortName":"54122.0","origin":"ECON","archiveIndex":"372.0","x":620566.8895,"y":4204020.256,"geographicSubarea":"Rock Slough–Sand Mound/Summer Lake"},"geometry":{"type":"Point","coordinates":[-121.627242,37.9758129]}},{"type":"Feature","properties":{"stationNumber":"273","region":"Central Delta","longName":"Summer Lake at Sand Mound Slough","shortName":"JT19","origin":"EJ SAFER Proxy","archiveIndex":"325.0","x":620857.0017,"y":4205640.185,"geographicSubarea":"Rock Slough–Sand Mound/Summer Lake"},"geometry":{"type":"Point","coordinates":[-121.623667,37.9903704]}},{"type":"Feature","properties":{"stationNumber":"274","region":"Central Delta","longName":"Piper Slough at Bethal Tract","shortName":"bet","origin":"DWR","archiveIndex":"171.0","x":620980.0,"y":4210523.0,"geographicSubarea":"Franks Tract"},"geometry":{"type":"Point","coordinates":[-121.6214428,38.0343495]}},{"type":"Feature","properties":{"stationNumber":"275","region":"Central Delta","longName":"Rock Slough at Delta Road Bridge","shortName":"rsd","origin":"DWR","archiveIndex":"167.0","x":621194.1,"y":4204133.5,"geographicSubarea":"Rock Slough–Sand Mound/Summer Lake"},"geometry":{"type":"Point","coordinates":[-121.6200834,37.9767497]}},{"type":"Feature","properties":{"stationNumber":"276","region":"Central Delta","longName":"North West Franks Tract","shortName":"ECO34","origin":"ECO","archiveIndex":"","x":621609.0,"y":4212194.0,"geographicSubarea":"Franks Tract"},"geometry":{"type":"Point","coordinates":[-121.6139935,38.0493212]}},{"type":"Feature","properties":{"stationNumber":"277","region":"Central Delta","longName":"Bethel Island at Delta Coves","shortName":"JT20","origin":"EJ SAFER Proxy","archiveIndex":"326.0","x":621892.5711,"y":4208420.185,"geographicSubarea":"Bethel Island–Delta Coves/Sand Mound"},"geometry":{"type":"Point","coordinates":[-121.6114047,38.0152803]}},{"type":"Feature","properties":{"stationNumber":"278","region":"Central Delta","longName":"Orowood at Old River","shortName":"JT22","origin":"EJ SAFER Proxy","archiveIndex":"328.0","x":621944.2518,"y":4200024.257,"geographicSubarea":"Discovery Bay–Indian Slough"},"geometry":{"type":"Point","coordinates":[-121.6122415,37.9396236]}},{"type":"Feature","properties":{"stationNumber":"279","region":"Central Delta","longName":"Discovery Bay","shortName":"EJ55","origin":"EJ","archiveIndex":"","x":622164.4,"y":4196198.39,"geographicSubarea":"Discovery Bay–Indian Slough"},"geometry":{"type":"Point","coordinates":[-121.6103858,37.9051216]}},{"type":"Feature","properties":{"stationNumber":"280","region":"Central Delta","longName":"Werner Dredge Cut above Discovery Bay","shortName":"EJ56","origin":"EJ","archiveIndex":"","x":622503.9,"y":4197581.34,"geographicSubarea":"Discovery Bay–Indian Slough"},"geometry":{"type":"Point","coordinates":[-121.6062899,37.9175369]}},{"type":"Feature","properties":{"stationNumber":"281","region":"Central Delta","longName":"South Franks Tract at Bethel Island","shortName":"EJ57","origin":"EJ","archiveIndex":"","x":622504.2,"y":4209074.75,"geographicSubarea":"Franks Tract"},"geometry":{"type":"Point","coordinates":[-121.604327,38.0210956]}},{"type":"Feature","properties":{"stationNumber":"282","region":"Central Delta","longName":"South Central Franks Tract","shortName":"ECO35","origin":"ECO","archiveIndex":"","x":622841.1,"y":4210411.0,"geographicSubarea":"Franks Tract"},"geometry":{"type":"Point","coordinates":[-121.6002607,38.0330898]}},{"type":"Feature","properties":{"stationNumber":"283","region":"Central Delta","longName":"Franks Tract","shortName":"frk","origin":"DWR","archiveIndex":"203.0","x":623008.4,"y":4211892.7,"geographicSubarea":"Franks Tract"},"geometry":{"type":"Point","coordinates":[-121.5981004,38.0464174]}},{"type":"Feature","properties":{"stationNumber":"284","region":"Central Delta","longName":"Italian Slough West of Clifton Court Forebay","shortName":"Y154","origin":"ECON","archiveIndex":"403.0","x":623239.0877,"y":4188802.821,"geographicSubarea":"Clifton Court–Old River/Victoria Canal"},"geometry":{"type":"Point","coordinates":[-121.5994269,37.8383397]}},{"type":"Feature","properties":{"stationNumber":"285","region":"Central Delta","longName":"Frank\u0027s Tract North East","shortName":"EJ58","origin":"EJ","archiveIndex":"","x":623372.36,"y":4213091.68,"geographicSubarea":"Franks Tract"},"geometry":{"type":"Point","coordinates":[-121.5937469,38.0571708]}},{"type":"Feature","properties":{"stationNumber":"286","region":"Central Delta","longName":"Werner Dredger Cut near Palm Tract","shortName":"wdcut","origin":"DWR","archiveIndex":"169.0","x":623426.6,"y":4202761.2,"geographicSubarea":"Holland Cut–Bacon Island"},"geometry":{"type":"Point","coordinates":[-121.5949069,37.9640841]}},{"type":"Feature","properties":{"stationNumber":"288","region":"Central Delta","longName":"Byron Area","shortName":"61882.0","origin":"ECON","archiveIndex":"396.0","x":623954.1172,"y":4189922.698,"geographicSubarea":"Clifton Court–Old River/Victoria Canal"},"geometry":{"type":"Point","coordinates":[-121.5911111,37.8483333]}},{"type":"Feature","properties":{"stationNumber":"289","region":"Central Delta","longName":"Discovery Bay at Indian Slough","shortName":"REdbi","origin":"DWR Revised","archiveIndex":"7.0","x":624180.26,"y":4197673.23,"geographicSubarea":"Discovery Bay–Indian Slough"},"geometry":{"type":"Point","coordinates":[-121.5872077,37.9181374]}},{"type":"Feature","properties":{"stationNumber":"290","region":"Central Delta","longName":"Discovery Bay Area","shortName":"38984.0","origin":"ECON","archiveIndex":"340.0","x":624206.6299,"y":4197995.818,"geographicSubarea":"Discovery Bay–Indian Slough"},"geometry":{"type":"Point","coordinates":[-121.5868521,37.9210404]}},{"type":"Feature","properties":{"stationNumber":"291","region":"Central Delta","longName":"Frank\u0027s Tract at Sheep Slough","shortName":"EJ59","origin":"EJ","archiveIndex":"","x":624269.45,"y":4210133.86,"geographicSubarea":"Holland Tract–Quimby/Youngs Slough"},"geometry":{"type":"Point","coordinates":[-121.5840377,38.0303978]}},{"type":"Feature","properties":{"stationNumber":"292","region":"Central Delta","longName":"Frank\u0027s Tract at Old River","shortName":"EJ60","origin":"EJ","archiveIndex":"","x":624417.72,"y":4211861.59,"geographicSubarea":"Franks Tract"},"geometry":{"type":"Point","coordinates":[-121.5820486,38.0459445]}},{"type":"Feature","properties":{"stationNumber":"293","region":"Central Delta","longName":"Holland Cut near Bethel Island","shortName":"hol","origin":"DWR","archiveIndex":"106.0","x":624476.9,"y":4208582.2,"geographicSubarea":"Holland Tract–Quimby/Youngs Slough"},"geometry":{"type":"Point","coordinates":[-121.5819442,38.0163887]}},{"type":"Feature","properties":{"stationNumber":"294","region":"Central Delta","longName":"Holland Tract","shortName":"hll","origin":"DWR","archiveIndex":"17.0","x":624614.6,"y":4207543.5,"geographicSubarea":"Holland Tract–Quimby/Youngs Slough"},"geometry":{"type":"Point","coordinates":[-121.5805564,38.007011]}},{"type":"Feature","properties":{"stationNumber":"295","region":"Central Delta","longName":"Holland Cut at Holland Marina","shortName":"holm","origin":"DWR","archiveIndex":"168.0","x":624631.5,"y":4203880.0,"geographicSubarea":"Holland Cut–Bacon Island"},"geometry":{"type":"Point","coordinates":[-121.5810001,37.974]}},{"type":"Feature","properties":{"stationNumber":"296","region":"Central Delta","longName":"Old River below Rhode Island","shortName":"EJ61","origin":"EJ","archiveIndex":"","x":624636.01,"y":4205387.0,"geographicSubarea":"Holland Cut–Bacon Island"},"geometry":{"type":"Point","coordinates":[-121.5806872,37.9875777]}},{"type":"Feature","properties":{"stationNumber":"297","region":"Central Delta","longName":"CCWD Old River near Discovery Bay","shortName":"idb","origin":"DWR","archiveIndex":"19.0","x":625220.4,"y":4194097.8,"geographicSubarea":"Old River–Fay/Woodward/Byron reach"},"geometry":{"type":"Point","coordinates":[-121.5759984,37.8857793]}},{"type":"Feature","properties":{"stationNumber":"298","region":"Central Delta","longName":"Old River at Bacon Island","shortName":"bac","origin":"DWR","archiveIndex":"30.0","x":625406.5,"y":4203423.6,"geographicSubarea":"Holland Cut–Bacon Island"},"geometry":{"type":"Point","coordinates":[-121.5722584,37.969781]}},{"type":"Feature","properties":{"stationNumber":"299","region":"Central Delta","longName":"Old River at Fay Island","shortName":"EJ62","origin":"EJ","archiveIndex":"","x":625783.15,"y":4201088.47,"geographicSubarea":"Old River–Fay/Woodward/Byron reach"},"geometry":{"type":"Point","coordinates":[-121.5683801,37.9486891]}},{"type":"Feature","properties":{"stationNumber":"300","region":"Central Delta","longName":"Old River at Quimby Island","shortName":"orq","origin":"DWR","archiveIndex":"108.0","x":625994.6,"y":4209807.9,"geographicSubarea":"Holland Tract–Quimby/Youngs Slough"},"geometry":{"type":"Point","coordinates":[-121.5644438,38.0272226]}},{"type":"Feature","properties":{"stationNumber":"301","region":"Central Delta","longName":"San Joaquin River at Prisoners Point","shortName":"pri","origin":"DWR","archiveIndex":"111.0","x":626573.0,"y":4213393.1,"geographicSubarea":"Prisoners Point–Mandeville Reach"},"geometry":{"type":"Point","coordinates":[-121.5572217,38.0594445]}},{"type":"Feature","properties":{"stationNumber":"302","region":"Central Delta","longName":"Woodward Island","shortName":"54173.0","origin":"ECON","archiveIndex":"373.0","x":626723.3208,"y":4199437.725,"geographicSubarea":"Old River–Fay/Woodward/Byron reach"},"geometry":{"type":"Point","coordinates":[-121.5579732,37.933685]}},{"type":"Feature","properties":{"stationNumber":"303","region":"Central Delta","longName":"Railroad Cut South","shortName":"rrcs","origin":"DWR","archiveIndex":"306.0","x":626846.15,"y":4200085.17,"geographicSubarea":"Old River–Fay/Woodward/Byron reach"},"geometry":{"type":"Point","coordinates":[-121.5564618,37.9395014]}},{"type":"Feature","properties":{"stationNumber":"304","region":"Central Delta","longName":"Railroad Cut North","shortName":"rrcn","origin":"DWR","archiveIndex":"305.0","x":626914.51,"y":4200211.09,"geographicSubarea":"Old River–Fay/Woodward/Byron reach"},"geometry":{"type":"Point","coordinates":[-121.5556619,37.9406264]}},{"type":"Feature","properties":{"stationNumber":"305","region":"Central Delta","longName":"Old River above Youngs Slough","shortName":"EJ63","origin":"EJ","archiveIndex":"","x":626943.71,"y":4208156.54,"geographicSubarea":"Holland Tract–Quimby/Youngs Slough"},"geometry":{"type":"Point","coordinates":[-121.5539255,38.0122113]}},{"type":"Feature","properties":{"stationNumber":"306","region":"Central Delta","longName":"Woodward Cut","shortName":"wwc","origin":"DWR","archiveIndex":"304.0","x":626991.48,"y":4197231.37,"geographicSubarea":"Old River–Fay/Woodward/Byron reach"},"geometry":{"type":"Point","coordinates":[-121.5553117,37.913768]}},{"type":"Feature","properties":{"stationNumber":"307","region":"Central Delta","longName":"Prisoners Point","shortName":"ppt","origin":"DWR","archiveIndex":"33.0","x":627213.4,"y":4213060.7,"geographicSubarea":"Prisoners Point–Mandeville Reach"},"geometry":{"type":"Point","coordinates":[-121.5499832,38.0563598]}},{"type":"Feature","properties":{"stationNumber":"308","region":"Central Delta","longName":"Middle River at Mildred Island","shortName":"EJ64","origin":"EJ","archiveIndex":"","x":628470.16,"y":4203767.14,"geographicSubarea":"Middle River–Mildred/Bacon/Holt"},"geometry":{"type":"Point","coordinates":[-121.5373279,37.9724479]}},{"type":"Feature","properties":{"stationNumber":"309","region":"Central Delta","longName":"San Joaquin River at Mandeville Reach","shortName":"EJ65","origin":"EJ","archiveIndex":"","x":628631.2,"y":4213035.27,"geographicSubarea":"Prisoners Point–Mandeville Reach"},"geometry":{"type":"Point","coordinates":[-121.5338321,38.0559302]}},{"type":"Feature","properties":{"stationNumber":"310","region":"Central Delta","longName":"Old River at Coney Island","shortName":"cis","origin":"DWR","archiveIndex":"5.0","x":628727.8,"y":4189748.3,"geographicSubarea":"Clifton Court–Old River/Victoria Canal"},"geometry":{"type":"Point","coordinates":[-121.5368994,37.8461004]}},{"type":"Feature","properties":{"stationNumber":"311","region":"Central Delta","longName":"Middle River at Middle River","shortName":"mdm","origin":"DWR","archiveIndex":"99.0","x":628839.5,"y":4200455.0,"geographicSubarea":"Middle River–Mildred/Woodward"},"geometry":{"type":"Point","coordinates":[-121.5337176,37.9425531]}},{"type":"Feature","properties":{"stationNumber":"312","region":"Central Delta","longName":"Mildred Island","shortName":"53660.0","origin":"ECON","archiveIndex":"358.0","x":629163.43,"y":4202708.11,"geographicSubarea":"Middle River–Mildred/Woodward"},"geometry":{"type":"Point","coordinates":[-121.5296275,37.9628077]}},{"type":"Feature","properties":{"stationNumber":"313","region":"Central Delta","longName":"Victoria Canal Intake","shortName":"Y51","origin":"ECON","archiveIndex":"404.0","x":629284.7279,"y":4192510.349,"geographicSubarea":"Clifton Court–Old River/Victoria Canal"},"geometry":{"type":"Point","coordinates":[-121.5300771,37.870908]}},{"type":"Feature","properties":{"stationNumber":"314","region":"Central Delta","longName":"Middle River above Indian Slough","shortName":"EJ66","origin":"EJ","archiveIndex":"","x":629296.8,"y":4198337.78,"geographicSubarea":"Middle River–Mildred/Woodward"},"geometry":{"type":"Point","coordinates":[-121.5288951,37.923412]}},{"type":"Feature","properties":{"stationNumber":"315","region":"Central Delta","longName":"Middle River below Three River Reach","shortName":"EJ67","origin":"EJ","archiveIndex":"","x":629442.75,"y":4210706.08,"geographicSubarea":"Middle River–Venice/Fern Island"},"geometry":{"type":"Point","coordinates":[-121.5250059,38.0348289]}},{"type":"Feature","properties":{"stationNumber":"316","region":"Central Delta","longName":"Middle River at Bacon Island","shortName":"REbir","origin":"DWR Revised","archiveIndex":"152.0","x":629650.03,"y":4207052.07,"geographicSubarea":"Middle River–Mildred/Bacon/Holt"},"geometry":{"type":"Point","coordinates":[-121.5233056,38.0018771]}},{"type":"Feature","properties":{"stationNumber":"317","region":"Central Delta","longName":"Latham Slough at Mildred Island","shortName":"EJ68","origin":"EJ","archiveIndex":"","x":630225.44,"y":4205286.23,"geographicSubarea":"Middle River–Mildred/Bacon/Holt"},"geometry":{"type":"Point","coordinates":[-121.5170741,37.9858846]}},{"type":"Feature","properties":{"stationNumber":"318","region":"Central Delta","longName":"Middle River near Holt","shortName":"hlt","origin":"DWR","archiveIndex":"100.0","x":630737.3,"y":4207200.2,"geographicSubarea":"Middle River–Mildred/Bacon/Holt"},"geometry":{"type":"Point","coordinates":[-121.5108985,38.0030556]}},{"type":"Feature","properties":{"stationNumber":"319","region":"Central Delta","longName":"Middle River below Woodward Cut","shortName":"EJ69","origin":"EJ","archiveIndex":"","x":631181.5,"y":4196566.05,"geographicSubarea":"Middle River–Mildred/Woodward"},"geometry":{"type":"Point","coordinates":[-121.5077807,37.9071788]}},{"type":"Feature","properties":{"stationNumber":"320","region":"Central Delta","longName":"Little Connection Slough at Venice Island","shortName":"EJ70","origin":"EJ","archiveIndex":"","x":631286.62,"y":4214844.11,"geographicSubarea":"Potato–Little Connection Slough"},"geometry":{"type":"Point","coordinates":[-121.5032424,38.071846]}},{"type":"Feature","properties":{"stationNumber":"321","region":"Central Delta","longName":"Columbia Cut","shortName":"EJ71","origin":"EJ","archiveIndex":"","x":631521.16,"y":4209885.28,"geographicSubarea":"Middle River–Venice/Fern Island"},"geometry":{"type":"Point","coordinates":[-121.5014806,38.0271342]}},{"type":"Feature","properties":{"stationNumber":"322","region":"Central Delta","longName":"Venice Island","shortName":"vni","origin":"DWR","archiveIndex":"47.0","x":631822.4,"y":4212328.2,"geographicSubarea":"Middle River–Venice/Fern Island"},"geometry":{"type":"Point","coordinates":[-121.4975997,38.0491005]}},{"type":"Feature","properties":{"stationNumber":"323","region":"Central Delta","longName":"Empire Cut","shortName":"REtrn","origin":"DWR Revised","archiveIndex":"156.0","x":632520.94,"y":4203721.09,"geographicSubarea":"Empire Cut–Whiskey Slough"},"geometry":{"type":"Point","coordinates":[-121.4912315,37.9714506]}},{"type":"Feature","properties":{"stationNumber":"324","region":"Central Delta","longName":"San Joaquin River at Fern Island","shortName":"EJ72","origin":"EJ","archiveIndex":"","x":632656.08,"y":4210996.27,"geographicSubarea":"Middle River–Venice/Fern Island"},"geometry":{"type":"Point","coordinates":[-121.488348,38.0369784]}},{"type":"Feature","properties":{"stationNumber":"325","region":"Central Delta","longName":"Middle River at Union Point","shortName":"mup","origin":"DWR","archiveIndex":"154.0","x":632905.7,"y":4194776.6,"geographicSubarea":"Middle River–Union Point/Tracy Boulevard"},"geometry":{"type":"Point","coordinates":[-121.4885036,37.8908057]}},{"type":"Feature","properties":{"stationNumber":"326","region":"Central Delta","longName":"Middle River Intake West of Tracy Blvd 1","shortName":"52041.0","origin":"ECON","archiveIndex":"347.0","x":633205.06,"y":4194110.73,"geographicSubarea":"Middle River–Union Point/Tracy Boulevard"},"geometry":{"type":"Point","coordinates":[-121.4852231,37.8847625]}},{"type":"Feature","properties":{"stationNumber":"327","region":"Central Delta","longName":"White Slough at Empire Tract","shortName":"EJ73","origin":"EJ","archiveIndex":"","x":634171.33,"y":4215975.89,"geographicSubarea":"White Slough–Bishop Cut"},"geometry":{"type":"Point","coordinates":[-121.470153,38.0816195]}},{"type":"Feature","properties":{"stationNumber":"328","region":"Central Delta","longName":"Middle River Intake West of Tracy Blvd 2","shortName":"51506.0","origin":"ECON","archiveIndex":"343.0","x":634660.7778,"y":4193790.622,"geographicSubarea":"Middle River–Union Point/Tracy Boulevard"},"geometry":{"type":"Point","coordinates":[-121.4687342,37.8816642]}},{"type":"Feature","properties":{"stationNumber":"330","region":"Central Delta","longName":"King Island Marina Trailer Park at White Slough","shortName":"JT21","origin":"EJ SAFER Proxy","archiveIndex":"327.0","x":635179.1257,"y":4213007.632,"geographicSubarea":"Disappointment–Fourteen Mile Slough"},"geometry":{"type":"Point","coordinates":[-121.4592269,38.0547267]}},{"type":"Feature","properties":{"stationNumber":"331","region":"Central Delta","longName":"San Joaquin River near Hay Press Reach","shortName":"EJ74","origin":"EJ","archiveIndex":"","x":635624.33,"y":4207924.08,"geographicSubarea":"Hay Press–Turner Cut/Rindge"},"geometry":{"type":"Point","coordinates":[-121.4551166,38.0088595]}},{"type":"Feature","properties":{"stationNumber":"332","region":"Central Delta","longName":"Drexler Tract","shortName":"51829.0","origin":"ECON","archiveIndex":"345.0","x":635643.9,"y":4193794.14,"geographicSubarea":"Middle River–Union Point/Tracy Boulevard"},"geometry":{"type":"Point","coordinates":[-121.4575579,37.88155]}},{"type":"Feature","properties":{"stationNumber":"333","region":"Central Delta","longName":"Turner Cut near Holt","shortName":"trn2","origin":"DWR","archiveIndex":"97.0","x":635762.3,"y":4206110.6,"geographicSubarea":"Hay Press–Turner Cut/Rindge"},"geometry":{"type":"Point","coordinates":[-121.4538887,37.9925001]}},{"type":"Feature","properties":{"stationNumber":"334","region":"Central Delta","longName":"Bishop Cut at King Island","shortName":"54035.0","origin":"ECON","archiveIndex":"368.0","x":635970.2,"y":4215678.48,"geographicSubarea":"White Slough–Bishop Cut"},"geometry":{"type":"Point","coordinates":[-121.4497054,38.0786712]}},{"type":"Feature","properties":{"stationNumber":"335","region":"Central Delta","longName":"Whiskey Slough at Lower Jones Tract","shortName":"EJ75","origin":"EJ","archiveIndex":"","x":636363.4,"y":4201398.4,"geographicSubarea":"Empire Cut–Whiskey Slough"},"geometry":{"type":"Point","coordinates":[-121.4479397,37.9499548]}},{"type":"Feature","properties":{"stationNumber":"336","region":"Central Delta","longName":"Bishop Cut near Shin Knee Tract","shortName":"EJ76","origin":"EJ","archiveIndex":"","x":637181.95,"y":4216223.2,"geographicSubarea":"White Slough–Bishop Cut"},"geometry":{"type":"Point","coordinates":[-121.4357895,38.0833958]}},{"type":"Feature","properties":{"stationNumber":"337","region":"Central Delta","longName":"Disappointment Slough West of Bishop Cut","shortName":"EJ77","origin":"EJ","archiveIndex":"","x":637984.34,"y":4211610.6,"geographicSubarea":"Disappointment–Fourteen Mile Slough"},"geometry":{"type":"Point","coordinates":[-121.4275333,38.0417169]}},{"type":"Feature","properties":{"stationNumber":"338","region":"Central Delta","longName":"San Joaquin River at Rindge Pump","shortName":"rindg","origin":"DWR","archiveIndex":"143.0","x":638779.3,"y":4206684.9,"geographicSubarea":"Hay Press–Turner Cut/Rindge"},"geometry":{"type":"Point","coordinates":[-121.4194308,37.9972176]}},{"type":"Feature","properties":{"stationNumber":"339","region":"Central Delta","longName":"Bishop Cut at Telephone Cut","shortName":"EJ78","origin":"EJ","archiveIndex":"","x":638797.43,"y":4215044.87,"geographicSubarea":"White Slough–Bishop Cut"},"geometry":{"type":"Point","coordinates":[-121.4176043,38.0725332]}},{"type":"Feature","properties":{"stationNumber":"340","region":"Central Delta","longName":"Fourteen Mile Slough Stockton","shortName":"EJ79","origin":"EJ","archiveIndex":"","x":640289.54,"y":4210113.79,"geographicSubarea":"Disappointment–Fourteen Mile Slough"},"geometry":{"type":"Point","coordinates":[-121.4015658,38.0278774]}},{"type":"Feature","properties":{"stationNumber":"341","region":"Central Delta","longName":"Pixley Slough North Stockton","shortName":"EJ80","origin":"EJ","archiveIndex":"","x":640911.75,"y":4211990.03,"geographicSubarea":"Disappointment–Fourteen Mile Slough"},"geometry":{"type":"Point","coordinates":[-121.3941099,38.0446844]}},{"type":"Feature","properties":{"stationNumber":"342","region":"Central Delta","longName":"Rindge Tract near Fourteen Mile Slough","shortName":"EJ81","origin":"EJ","archiveIndex":"","x":640917.51,"y":4207918.7,"geographicSubarea":"Disappointment–Fourteen Mile Slough"},"geometry":{"type":"Point","coordinates":[-121.3948449,38.0080036]}},{"type":"Feature","properties":{"stationNumber":"343","region":"Central Delta","longName":"San Joaquin River near Buckley Cove","shortName":"sjc","origin":"DWR","archiveIndex":"251.0","x":641772.0,"y":4204855.0,"geographicSubarea":"Stockton Ship Channel–lower San Joaquin/Garwood"},"geometry":{"type":"Point","coordinates":[-121.3857204,37.9802685]}},{"type":"Feature","properties":{"stationNumber":"344","region":"Central Delta","longName":"Burns Cutoff","shortName":"EJ82","origin":"EJ","archiveIndex":"","x":642999.64,"y":4200963.98,"geographicSubarea":"Stockton Ship Channel–lower San Joaquin/Garwood"},"geometry":{"type":"Point","coordinates":[-121.3725212,37.9450204]}},{"type":"Feature","properties":{"stationNumber":"345","region":"Central Delta","longName":"Fourteen Mile Slough at Five Mile Slough Stockton","shortName":"EJ83","origin":"EJ","archiveIndex":"","x":643087.25,"y":4208569.84,"geographicSubarea":"Disappointment–Fourteen Mile Slough"},"geometry":{"type":"Point","coordinates":[-121.3700092,38.01353]}},{"type":"Feature","properties":{"stationNumber":"346","region":"Central Delta","longName":"Stockton Ship Channel below Burns Cut-off","shortName":"rri","origin":"DWR","archiveIndex":"67.0","x":643575.2,"y":4202944.9,"geographicSubarea":"Stockton Ship Channel–lower San Joaquin/Garwood"},"geometry":{"type":"Point","coordinates":[-121.3655777,37.9627764]}},{"type":"Feature","properties":{"stationNumber":"347","region":"Central Delta","longName":"Rough and Ready Island","shortName":"51566.0","origin":"ECON","archiveIndex":"344.0","x":644132.0189,"y":4200510.799,"geographicSubarea":"Stockton Ship Channel–lower San Joaquin/Garwood"},"geometry":{"type":"Point","coordinates":[-121.3597292,37.9407587]}},{"type":"Feature","properties":{"stationNumber":"348","region":"Central Delta","longName":"Calaveras River Stockton","shortName":"EJ84","origin":"EJ","archiveIndex":"","x":644877.97,"y":4204052.29,"geographicSubarea":"Stockton Ship Channel–lower San Joaquin/Garwood"},"geometry":{"type":"Point","coordinates":[-121.3505297,37.9725461]}},{"type":"Feature","properties":{"stationNumber":"349","region":"Central Delta","longName":"San Joaquin Rver at Rough and Ready Island","shortName":"EJ85","origin":"EJ","archiveIndex":"","x":646160.3,"y":4201442.49,"geographicSubarea":"Stockton Ship Channel–lower San Joaquin/Garwood"},"geometry":{"type":"Point","coordinates":[-121.3364663,37.9488284]}},{"type":"Feature","properties":{"stationNumber":"350","region":"Central Delta","longName":"San Joaquin River at French Camp Slough","shortName":"EJ86","origin":"EJ","archiveIndex":"","x":647744.69,"y":4198277.52,"geographicSubarea":"Stockton Ship Channel–lower San Joaquin/Garwood"},"geometry":{"type":"Point","coordinates":[-121.3190902,37.9200586]}},{"type":"Feature","properties":{"stationNumber":"351","region":"Central Delta","longName":"San Joaquin River at Port of Stockton","shortName":"EJ87","origin":"EJ","archiveIndex":"","x":647838.86,"y":4201887.32,"geographicSubarea":"Stockton Ship Channel–lower San Joaquin/Garwood"},"geometry":{"type":"Point","coordinates":[-121.3172777,37.9525643]}},{"type":"Feature","properties":{"stationNumber":"352","region":"Central Delta","longName":"American Legion Park Stockton","shortName":"EJ88","origin":"EJ","archiveIndex":"","x":648547.4,"y":4203511.87,"geographicSubarea":"Stockton Ship Channel–lower San Joaquin/Garwood"},"geometry":{"type":"Point","coordinates":[-121.3088806,37.9670843]}},{"type":"Feature","properties":{"stationNumber":"353","region":"Central Delta","longName":"French Camp Slough","shortName":"EJ89","origin":"EJ","archiveIndex":"","x":648917.42,"y":4197847.52,"geographicSubarea":"Stockton Ship Channel–lower San Joaquin/Garwood"},"geometry":{"type":"Point","coordinates":[-121.3058421,37.9159934]}},{"type":"Feature","properties":{"stationNumber":"355","region":"South Delta","longName":"Old River at Italian Slough","shortName":"EJ90","origin":"EJ","archiveIndex":"","x":625502.38,"y":4191817.97,"geographicSubarea":"Clifton Court–Old River/Victoria Canal"},"geometry":{"type":"Point","coordinates":[-121.573189,37.8651985]}},{"type":"Feature","properties":{"stationNumber":"356","region":"South Delta","longName":"Old River at Byron","shortName":"orb","origin":"DWR","archiveIndex":"32.0","x":625738.9,"y":4194696.3,"geographicSubarea":"Old River–Fay/Woodward/Byron reach"},"geometry":{"type":"Point","coordinates":[-121.5699994,37.8911004]}},{"type":"Feature","properties":{"stationNumber":"357","region":"South Delta","longName":"Old River at Clifton Court","shortName":"REvcu2","origin":"DWR Revised","archiveIndex":"157.0","x":626333.22,"y":4190716.09,"geographicSubarea":"Clifton Court–Old River/Victoria Canal"},"geometry":{"type":"Point","coordinates":[-121.5639388,37.8551554]}},{"type":"Feature","properties":{"stationNumber":"358","region":"South Delta","longName":"Tracy Pumping Plant","shortName":"trp","origin":"DWR","archiveIndex":"43.0","x":626865.0,"y":4186450.0,"geographicSubarea":"Banks/Jones export intake reach"},"geometry":{"type":"Point","coordinates":[-121.5586439,37.8166428]}},{"type":"Feature","properties":{"stationNumber":"359","region":"South Delta","longName":"Clifton Court","shortName":"clc","origin":"DWR","archiveIndex":"6.0","x":626952.0,"y":4187911.6,"geographicSubarea":"Clifton Court–Old River/Victoria Canal"},"geometry":{"type":"Point","coordinates":[-121.5573994,37.8298002]}},{"type":"Feature","properties":{"stationNumber":"360","region":"South Delta","longName":"West Canal near Clifton Court Intake","shortName":"wci","origin":"DWR","archiveIndex":"60.0","x":627243.2,"y":4188117.2,"geographicSubarea":"Clifton Court–Old River/Victoria Canal"},"geometry":{"type":"Point","coordinates":[-121.5540552,37.8316122]}},{"type":"Feature","properties":{"stationNumber":"362","region":"South Delta","longName":"Grant Line Canal near Clifton Court Forebay - WQ","shortName":"glc2","origin":"DWR","archiveIndex":"159.0","x":627753.0,"y":4186838.8,"geographicSubarea":"Banks/Jones export intake reach"},"geometry":{"type":"Point","coordinates":[-121.5484894,37.8200222]}},{"type":"Feature","properties":{"stationNumber":"363","region":"South Delta","longName":"Old River below Dam","shortName":"obd","origin":"DWR","archiveIndex":"29.0","x":627898.6,"y":4185906.3,"geographicSubarea":"Banks/Jones export intake reach"},"geometry":{"type":"Point","coordinates":[-121.5470003,37.8115997]}},{"type":"Feature","properties":{"stationNumber":"364","region":"South Delta","longName":"Old River South of Delta Mendota Canal 1","shortName":"54416.0","origin":"ECON","archiveIndex":"375.0","x":628996.3947,"y":4185291.228,"geographicSubarea":"Bethany–Old River reach"},"geometry":{"type":"Point","coordinates":[-121.534642,37.8059033]}},{"type":"Feature","properties":{"stationNumber":"365","region":"South Delta","longName":"Victoria Canal before Clifton Court Forebay","shortName":"REvcu","origin":"DWR Revised","archiveIndex":"98.0","x":629270.8,"y":4192548.77,"geographicSubarea":"Clifton Court–Old River/Victoria Canal"},"geometry":{"type":"Point","coordinates":[-121.5302286,37.8712562]}},{"type":"Feature","properties":{"stationNumber":"366","region":"South Delta","longName":"Old River South of Delta Mendota Canal 2","shortName":"54928.0","origin":"ECON","archiveIndex":"382.0","x":629274.7907,"y":4185024.071,"geographicSubarea":"Bethany–Old River reach"},"geometry":{"type":"Point","coordinates":[-121.5315282,37.8034567]}},{"type":"Feature","properties":{"stationNumber":"367","region":"South Delta","longName":"Grant Line Canal West","shortName":"REglw","origin":"DWR Revised","archiveIndex":"302.0","x":630162.61,"y":4186864.96,"geographicSubarea":"Grant Line Canal"},"geometry":{"type":"Point","coordinates":[-121.5211154,37.8199174]}},{"type":"Feature","properties":{"stationNumber":"368","region":"South Delta","longName":"Old River upstream of Mountain House Creek","shortName":"orm","origin":"DWR","archiveIndex":"247.0","x":630537.0,"y":4183977.0,"geographicSubarea":"Bethany–Old River reach"},"geometry":{"type":"Point","coordinates":[-121.5173834,37.7938429]}},{"type":"Feature","properties":{"stationNumber":"369","region":"South Delta","longName":"Wicklund Cut at Bethany Road Bridge","shortName":"wcbr","origin":"DWR","archiveIndex":"295.0","x":630566.0,"y":4182484.0,"geographicSubarea":"Bethany–Old River reach"},"geometry":{"type":"Point","coordinates":[-121.5173229,37.7803865]}},{"type":"Feature","properties":{"stationNumber":"373","region":"South Delta","longName":"Old River Flux Station Upstream","shortName":"REorfu","origin":"DWR Revised","archiveIndex":"299.0","x":633788.35,"y":4183121.52,"geographicSubarea":"Bethany–Old River reach"},"geometry":{"type":"Point","coordinates":[-121.4806247,37.7856645]}},{"type":"Feature","properties":{"stationNumber":"374","region":"South Delta","longName":"Grant Line Canal West of Tracy Blvd 1","shortName":"54943.0","origin":"ECON","archiveIndex":"383.0","x":634964.3047,"y":4186989.164,"geographicSubarea":"Grant Line Canal"},"geometry":{"type":"Point","coordinates":[-121.4665538,37.8203389]}},{"type":"Feature","properties":{"stationNumber":"375","region":"South Delta","longName":"Middle River at Tracy Blvd","shortName":"mtb","origin":"DWR","archiveIndex":"27.0","x":635780.8,"y":4193802.0,"geographicSubarea":"Middle River–Union Point/Tracy Boulevard"},"geometry":{"type":"Point","coordinates":[-121.4560002,37.8816004]}},{"type":"Feature","properties":{"stationNumber":"377","region":"South Delta","longName":"Honker Lake Tract","shortName":"51858.0","origin":"ECON","archiveIndex":"346.0","x":636017.532,"y":4193819.149,"geographicSubarea":"Middle River–Union Point/Tracy Boulevard"},"geometry":{"type":"Point","coordinates":[-121.4533059,37.8817196]}},{"type":"Feature","properties":{"stationNumber":"378","region":"South Delta","longName":"Grant Line Canal West of Tracy Blvd 2","shortName":"53246.0","origin":"ECON","archiveIndex":"354.0","x":636184.5204,"y":4187019.148,"geographicSubarea":"Grant Line Canal"},"geometry":{"type":"Point","coordinates":[-121.4526889,37.8204278]}},{"type":"Feature","properties":{"stationNumber":"380","region":"South Delta","longName":"Grantline Canal above Dam","shortName":"glab","origin":"DWR","archiveIndex":"150.0","x":636598.9,"y":4186932.5,"geographicSubarea":"Grant Line Canal"},"geometry":{"type":"Point","coordinates":[-121.4479987,37.8195852]}},{"type":"Feature","properties":{"stationNumber":"381","region":"South Delta","longName":"Old River above Tracy Drain","shortName":"otbd","origin":"DWR","archiveIndex":"292.0","x":637086.0,"y":4184987.0,"geographicSubarea":"Old River–Doughty/Tom Paine complex"},"geometry":{"type":"Point","coordinates":[-121.4428345,37.8019834]}},{"type":"Feature","properties":{"stationNumber":"383","region":"South Delta","longName":"Doughty Cut above Grant Line Canal","shortName":"dgl","origin":"DWR","archiveIndex":"8.0","x":638631.8,"y":4186457.6,"geographicSubarea":"Old River–Doughty/Tom Paine complex"},"geometry":{"type":"Point","coordinates":[-121.4250003,37.8149999]}},{"type":"Feature","properties":{"stationNumber":"384","region":"South Delta","longName":"Old River near Old River Golf Course","shortName":"52195.0","origin":"ECON","archiveIndex":"349.0","x":638884.2827,"y":4184846.962,"geographicSubarea":"Old River–Doughty/Tom Paine complex"},"geometry":{"type":"Point","coordinates":[-121.4224417,37.80045]}},{"type":"Feature","properties":{"stationNumber":"385","region":"South Delta","longName":"Sugar Cut at Golden Anchor","shortName":"sga","origin":"DWR","archiveIndex":"207.0","x":638981.8,"y":4184006.2,"geographicSubarea":"Old River–Doughty/Tom Paine complex"},"geometry":{"type":"Point","coordinates":[-121.4214956,37.7928601]}},{"type":"Feature","properties":{"stationNumber":"389","region":"South Delta","longName":"Tom Paine Slough above intake","shortName":"tpi","origin":"DWR","archiveIndex":"39.0","x":639269.0,"y":4183712.9,"geographicSubarea":"Old River–Doughty/Tom Paine complex"},"geometry":{"type":"Point","coordinates":[-121.4182912,37.7901738]}},{"type":"Feature","properties":{"stationNumber":"390","region":"South Delta","longName":"Old River at Paradise Cut Confluence Upstream","shortName":"pccu","origin":"DWR","archiveIndex":"290.0","x":639555.0,"y":4185573.0,"geographicSubarea":"Old River–Doughty/Tom Paine complex"},"geometry":{"type":"Point","coordinates":[-121.4146859,37.8068892]}},{"type":"Feature","properties":{"stationNumber":"392","region":"South Delta","longName":"Old River downstream of Tracy WW Outfall","shortName":"otww","origin":"DWR","archiveIndex":"289.0","x":640088.0,"y":4185530.0,"geographicSubarea":"Old River–Doughty/Tom Paine complex"},"geometry":{"type":"Point","coordinates":[-121.4086416,37.8064201]}},{"type":"Feature","properties":{"stationNumber":"393","region":"South Delta","longName":"Drexler Pocket","shortName":"53977.0","origin":"ECON","archiveIndex":"366.0","x":640422.43,"y":4194394.358,"geographicSubarea":"Middle River–Howard Road reach"},"geometry":{"type":"Point","coordinates":[-121.4031222,37.8862333]}},{"type":"Feature","properties":{"stationNumber":"394","region":"South Delta","longName":"Tom Paine Slough near W Canal Blvd","shortName":"53681.0","origin":"ECON","archiveIndex":"359.0","x":641827.0698,"y":4182354.408,"geographicSubarea":"Tom Paine Slough–Paradise Cut/Pescadero"},"geometry":{"type":"Point","coordinates":[-121.3895147,37.7775407]}},{"type":"Feature","properties":{"stationNumber":"395","region":"South Delta","longName":"Old River above Doughty Cut","shortName":"orx","origin":"DWR","archiveIndex":"183.0","x":642021.8,"y":4186071.2,"geographicSubarea":"Old River Head–Roberts Island/Doughty Cut"},"geometry":{"type":"Point","coordinates":[-121.3865761,37.8109974]}},{"type":"Feature","properties":{"stationNumber":"396","region":"South Delta","longName":"Middle River at Howard Road Bridge","shortName":"mhr","origin":"DWR","archiveIndex":"25.0","x":642165.8,"y":4193399.5,"geographicSubarea":"Middle River–Howard Road reach"},"geometry":{"type":"Point","coordinates":[-121.3834999,37.8769996]}},{"type":"Feature","properties":{"stationNumber":"397","region":"South Delta","longName":"Middle River Intake below Howard Road Bridge 1","shortName":"54971.0","origin":"ECON","archiveIndex":"384.0","x":642184.2275,"y":4193308.601,"geographicSubarea":"Middle River–Howard Road reach"},"geometry":{"type":"Point","coordinates":[-121.3833083,37.8761778]}},{"type":"Feature","properties":{"stationNumber":"398","region":"South Delta","longName":"Middle River at Mowry","shortName":"mrmow","origin":"DWR","archiveIndex":"155.0","x":642289.3,"y":4188756.4,"geographicSubarea":"Middle River–Howard Road reach"},"geometry":{"type":"Point","coordinates":[-121.3830104,37.8351482]}},{"type":"Feature","properties":{"stationNumber":"399","region":"South Delta","longName":"Tom Paine Slough at Paradise Ave","shortName":"tppa","origin":"DWR","archiveIndex":"297.0","x":642469.0,"y":4181997.0,"geographicSubarea":"Tom Paine Slough–Paradise Cut/Pescadero"},"geometry":{"type":"Point","coordinates":[-121.3822983,37.7742207]}},{"type":"Feature","properties":{"stationNumber":"400","region":"South Delta","longName":"Middle River Intake below Howard Road Bridge 4","shortName":"54060.0","origin":"ECON","archiveIndex":"370.0","x":642519.3488,"y":4189227.241,"geographicSubarea":"Middle River–Howard Road reach"},"geometry":{"type":"Point","coordinates":[-121.3803043,37.8393544]}},{"type":"Feature","properties":{"stationNumber":"401","region":"South Delta","longName":"Middle River Intake below Howard Road Bridge 3","shortName":"55743.0","origin":"ECON","archiveIndex":"390.0","x":642564.3866,"y":4189534.377,"geographicSubarea":"Middle River–Howard Road reach"},"geometry":{"type":"Point","coordinates":[-121.3797321,37.8421145]}},{"type":"Feature","properties":{"stationNumber":"402","region":"South Delta","longName":"Middle River Intake below Howard Road Bridge 2","shortName":"51172.0","origin":"ECON","archiveIndex":"341.0","x":642763.12,"y":4191734.4,"geographicSubarea":"Middle River–Howard Road reach"},"geometry":{"type":"Point","coordinates":[-121.3770397,37.8619045]}},{"type":"Feature","properties":{"stationNumber":"406","region":"South Delta","longName":"Paradise Cut Upstream at North Bridge","shortName":"pcnb","origin":"DWR","archiveIndex":"301.0","x":643723.16,"y":4185003.32,"geographicSubarea":"Tom Paine Slough–Paradise Cut/Pescadero"},"geometry":{"type":"Point","coordinates":[-121.367467,37.80111]}},{"type":"Feature","properties":{"stationNumber":"407","region":"South Delta","longName":"Paradise Cut Downstream towards Highway 5","shortName":"53469.0","origin":"ECON","archiveIndex":"356.0","x":645070.7921,"y":4183816.334,"geographicSubarea":"Tom Paine Slough–Paradise Cut/Pescadero"},"geometry":{"type":"Point","coordinates":[-121.3524028,37.7902028]}},{"type":"Feature","properties":{"stationNumber":"408","region":"South Delta","longName":"Tom Paine Slough near Pescadero","shortName":"tpp","origin":"DWR","archiveIndex":"40.0","x":645200.2,"y":4181269.9,"geographicSubarea":"Tom Paine Slough–Paradise Cut/Pescadero"},"geometry":{"type":"Point","coordinates":[-121.3514433,37.7672401]}},{"type":"Feature","properties":{"stationNumber":"409","region":"South Delta","longName":"Tom Paine Slough Intake near Pescadaro","shortName":"53615.0","origin":"ECON","archiveIndex":"357.0","x":645222.0909,"y":4181258.252,"geographicSubarea":"Tom Paine Slough–Paradise Cut/Pescadero"},"geometry":{"type":"Point","coordinates":[-121.3511972,37.7671317]}},{"type":"Feature","properties":{"stationNumber":"410","region":"South Delta","longName":"Middle Upper Roberts Island","shortName":"54071.0","origin":"ECON","archiveIndex":"371.0","x":645438.72,"y":4187275.04,"geographicSubarea":"Old River Head–Roberts Island/Doughty Cut"},"geometry":{"type":"Point","coordinates":[-121.3475314,37.8213053]}},{"type":"Feature","properties":{"stationNumber":"411","region":"South Delta","longName":"San Joaquin River near Howard Road","shortName":"51445.0","origin":"ECON","archiveIndex":"342.0","x":646657.52,"y":4193164.38,"geographicSubarea":"San Joaquin River–Howard/Brandt Bridge"},"geometry":{"type":"Point","coordinates":[-121.332494,37.8741691]}},{"type":"Feature","properties":{"stationNumber":"412","region":"South Delta","longName":"San Joaquin River below Garwood Bridge","shortName":"REsjg","origin":"DWR Revised","archiveIndex":"96.0","x":646731.79,"y":4199949.83,"geographicSubarea":"Stockton Ship Channel–lower San Joaquin/Garwood"},"geometry":{"type":"Point","coordinates":[-121.3302688,37.9352887]}},{"type":"Feature","properties":{"stationNumber":"413","region":"South Delta","longName":"Old River at Head","shortName":"oh1","origin":"DWR","archiveIndex":"31.0","x":647096.2,"y":4185827.7,"geographicSubarea":"Old River Head–Roberts Island/Doughty Cut"},"geometry":{"type":"Point","coordinates":[-121.3290005,37.808]}},{"type":"Feature","properties":{"stationNumber":"414","region":"South Delta","longName":"San Joaquin River at Brandt Bridge","shortName":"bdt","origin":"DWR","archiveIndex":"66.0","x":647500.8,"y":4192114.6,"geographicSubarea":"San Joaquin River–Howard/Brandt Bridge"},"geometry":{"type":"Point","coordinates":[-121.323124,37.8645752]}},{"type":"Feature","properties":{"stationNumber":"416","region":"South Delta","longName":"San Joaquin River below Brandt Bridge","shortName":"55727.0","origin":"ECON","archiveIndex":"388.0","x":647861.06,"y":4191312.63,"geographicSubarea":"San Joaquin River–Howard/Brandt Bridge"},"geometry":{"type":"Point","coordinates":[-121.3191942,37.8572917]}},{"type":"Feature","properties":{"stationNumber":"417","region":"South Delta","longName":"San Joaquin River above Dos Reis","shortName":"sjd","origin":"DWR","archiveIndex":"184.0","x":648081.13,"y":4187415.1,"geographicSubarea":"San Joaquin River–Howard/Brandt Bridge"},"geometry":{"type":"Point","coordinates":[-121.3174915,37.8221422]}},{"type":"Feature","properties":{"stationNumber":"418","region":"South Delta","longName":"San Joaquin River below Paradise Dam","shortName":"jpd","origin":"DWR","archiveIndex":"253.0","x":648954.0,"y":4180604.0,"geographicSubarea":"San Joaquin River–Mossdale/Vernalis"},"geometry":{"type":"Point","coordinates":[-121.3089774,37.760637]}},{"type":"Feature","properties":{"stationNumber":"419","region":"South Delta","longName":"San Joaquin at Mossdale Bridge","shortName":"msd","origin":"DWR","archiveIndex":"26.0","x":649126.1,"y":4183436.8,"geographicSubarea":"San Joaquin River–Mossdale/Vernalis"},"geometry":{"type":"Point","coordinates":[-121.3064421,37.7861305]}},{"type":"Feature","properties":{"stationNumber":"420","region":"South Delta","longName":"San Joaquin River at D.V.I. Pump","shortName":"dvi","origin":"DWR","archiveIndex":"252.0","x":649550.0,"y":4179456.0,"geographicSubarea":"San Joaquin River–Mossdale/Vernalis"},"geometry":{"type":"Point","coordinates":[-121.3024503,37.750197]}},{"type":"Feature","properties":{"stationNumber":"421","region":"South Delta","longName":"San Joaquin River at BCID Canal","shortName":"23315.0","origin":"ECON","archiveIndex":"335.0","x":649959.45,"y":4176689.85,"geographicSubarea":"San Joaquin River–Mossdale/Vernalis"},"geometry":{"type":"Point","coordinates":[-121.2983752,37.7252089]}},{"type":"Feature","properties":{"stationNumber":"422","region":"South Delta","longName":"San Joaquin River West of Red Bridge Slough","shortName":"55029.0","origin":"ECON","archiveIndex":"386.0","x":651710.9,"y":4174950.93,"geographicSubarea":"San Joaquin River–Mossdale/Vernalis"},"geometry":{"type":"Point","coordinates":[-121.2788718,37.709254]}},{"type":"Feature","properties":{"stationNumber":"423","region":"South Delta","longName":"North of Sacramento River near Perrin Road","shortName":"54056.0","origin":"ECON","archiveIndex":"369.0","x":652014.96,"y":4177010.39,"geographicSubarea":"San Joaquin River–Mossdale/Vernalis"},"geometry":{"type":"Point","coordinates":[-121.2749935,37.7277578]}},{"type":"Feature","properties":{"stationNumber":"424","region":"South Delta","longName":"San Joaquin River near Walthal Slough","shortName":"27344.0","origin":"ECON","archiveIndex":"338.0","x":652702.03,"y":4176270.44,"geographicSubarea":"San Joaquin River–Mossdale/Vernalis"},"geometry":{"type":"Point","coordinates":[-121.2673555,37.7209771]}},{"type":"Feature","properties":{"stationNumber":"425","region":"South Delta","longName":"San Joaquin River near Vernalis","shortName":"vns","origin":"DWR","archiveIndex":"95.0","x":652957.8,"y":4171293.8,"geographicSubarea":"San Joaquin River–Mossdale/Vernalis"},"geometry":{"type":"Point","coordinates":[-121.2654998,37.6760988]}}]}