{"type":"FeatureCollection","name":"SCHISM modeled stations (405)","metadata":{"station_id_field":"schism_station_index","station_id_definition":"1-based SCHISM station.in order; not an RMA station number.","nearest_rma_id_field":"nearest_rma_station_number","source_inventory":"internal/mapping/delta_outflow_station_review/station_inventory.json","source_membership":"internal/mapping/delta_outflow_station_review/delta_outflow_station_membership.json","feature_count":405},"features":[{"type":"Feature","id":1,"properties":{"schism_station_index":1,"schism_short_name":"anh2","station_name":"San Joaquin at Antioch","schism_cluster":"San Joaquin River–Antioch Reach","nearest_rma_station_number":96},"geometry":{"type":"Point","coordinates":[-121.802939,38.0178777]}},{"type":"Feature","id":2,"properties":{"schism_station_index":2,"schism_short_name":"ben","station_name":"Mokelumne River at Benson's Ferry","schism_cluster":"New Hope–Mokelumne reach","nearest_rma_station_number":256},"geometry":{"type":"Point","coordinates":[-121.4399994,38.2555004]}},{"type":"Feature","id":3,"properties":{"schism_station_index":3,"schism_short_name":"ccs","station_name":"Cache Slough","schism_cluster":"Cache Slough–Ulatis/Haas/Lookout Slough","nearest_rma_station_number":146},"geometry":{"type":"Point","coordinates":[-121.7477598,38.2971363]}},{"type":"Feature","id":4,"properties":{"schism_station_index":4,"schism_short_name":"ccy","station_name":"Cache Creek at Yolo","schism_cluster":"Sacramento–West Sacramento","nearest_rma_station_number":199},"geometry":{"type":"Point","coordinates":[-121.8061112,38.7272192]}},{"type":"Feature","id":5,"properties":{"schism_station_index":5,"schism_short_name":"cis","station_name":"Old River at Coney Island","schism_cluster":"Clifton Court–Old River/Victoria Canal","nearest_rma_station_number":310},"geometry":{"type":"Point","coordinates":[-121.5368994,37.8461004]}},{"type":"Feature","id":6,"properties":{"schism_station_index":6,"schism_short_name":"clc","station_name":"Clifton Court","schism_cluster":"Clifton Court–Old River/Victoria Canal","nearest_rma_station_number":359},"geometry":{"type":"Point","coordinates":[-121.5573994,37.8298002]}},{"type":"Feature","id":7,"properties":{"schism_station_index":7,"schism_short_name":"dbi","station_name":"Discovery Bay at Indian Slough","schism_cluster":"Discovery Bay–Indian Slough","nearest_rma_station_number":289},"geometry":{"type":"Point","coordinates":[-121.58682,37.917982]}},{"type":"Feature","id":8,"properties":{"schism_station_index":8,"schism_short_name":"dgl","station_name":"Doughty Cut above Grant Line Canal","schism_cluster":"Old River–Doughty/Tom Paine complex","nearest_rma_station_number":383},"geometry":{"type":"Point","coordinates":[-121.4250003,37.8149999]}},{"type":"Feature","id":9,"properties":{"schism_station_index":9,"schism_short_name":"emm2","station_name":"Sacramento River at Emmaton","schism_cluster":"Sacramento River–Sherman Island","nearest_rma_station_number":104},"geometry":{"type":"Point","coordinates":[-121.738874,38.0842856]}},{"type":"Feature","id":10,"properties":{"schism_station_index":10,"schism_short_name":"emm2","station_name":"Sacramento River at Emmaton","schism_cluster":"Sacramento River–Sherman Island","nearest_rma_station_number":104},"geometry":{"type":"Point","coordinates":[-121.738874,38.0842856]}},{"type":"Feature","id":11,"properties":{"schism_station_index":11,"schism_short_name":"emm","station_name":"Emmaton","schism_cluster":"Sacramento River–Sherman Island","nearest_rma_station_number":104},"geometry":{"type":"Point","coordinates":[-121.738874,38.0842856]}},{"type":"Feature","id":12,"properties":{"schism_station_index":12,"schism_short_name":"emm","station_name":"Emmaton","schism_cluster":"Sacramento River–Sherman Island","nearest_rma_station_number":104},"geometry":{"type":"Point","coordinates":[-121.738874,38.0842856]}},{"type":"Feature","id":13,"properties":{"schism_station_index":13,"schism_short_name":"frp","station_name":"Farrar Park","schism_cluster":"Bethel Island–Delta Coves/Sand Mound","nearest_rma_station_number":267},"geometry":{"type":"Point","coordinates":[-121.6390017,38.0118675]}},{"type":"Feature","id":14,"properties":{"schism_station_index":14,"schism_short_name":"gct","station_name":"Grant Line Canal at Tracy Rd Bridge","schism_cluster":"Grant Line Canal","nearest_rma_station_number":380},"geometry":{"type":"Point","coordinates":[-121.4496328,37.8201078]}},{"type":"Feature","id":15,"properties":{"schism_station_index":15,"schism_short_name":"gln","station_name":"Green's Landing","schism_cluster":"Sacramento River–Courtland/Hood","nearest_rma_station_number":209},"geometry":{"type":"Point","coordinates":[-121.5467995,38.3455998]}},{"type":"Feature","id":16,"properties":{"schism_station_index":16,"schism_short_name":"hbp","station_name":"Harvey O Banks PP","schism_cluster":"Clifton Court–Old River/Victoria Canal","nearest_rma_station_number":284},"geometry":{"type":"Point","coordinates":[-121.5945165,37.8268324]}},{"type":"Feature","id":17,"properties":{"schism_station_index":17,"schism_short_name":"hll","station_name":"Holland Tract","schism_cluster":"Holland Tract–Quimby/Youngs Slough","nearest_rma_station_number":294},"geometry":{"type":"Point","coordinates":[-121.5805564,38.007011]}},{"type":"Feature","id":18,"properties":{"schism_station_index":18,"schism_short_name":"hro","station_name":"Harvey O Banks PP","schism_cluster":"Clifton Court–Old River/Victoria Canal","nearest_rma_station_number":284},"geometry":{"type":"Point","coordinates":[-121.5945165,37.8268324]}},{"type":"Feature","id":19,"properties":{"schism_station_index":19,"schism_short_name":"idb","station_name":"CCWD Old River near Discovery Bay","schism_cluster":"Old River–Fay/Woodward/Byron reach","nearest_rma_station_number":297},"geometry":{"type":"Point","coordinates":[-121.5759984,37.8857793]}},{"type":"Feature","id":20,"properties":{"schism_station_index":20,"schism_short_name":"inb","station_name":"CCWD Rock Slough PP","schism_cluster":"Big Break","nearest_rma_station_number":108},"geometry":{"type":"Point","coordinates":[-121.7019019,37.9962737]}},{"type":"Feature","id":21,"properties":{"schism_station_index":21,"schism_short_name":"ish","station_name":"Italian Slough Headwater near Byron","schism_cluster":"Clifton Court–Old River/Victoria Canal","nearest_rma_station_number":284},"geometry":{"type":"Point","coordinates":[-121.6015686,37.8382992]}},{"type":"Feature","id":22,"properties":{"schism_station_index":22,"schism_short_name":"jer","station_name":"Jersey Point","schism_cluster":"Three Mile Slough–Twitchell/False River","nearest_rma_station_number":113},"geometry":{"type":"Point","coordinates":[-121.6889869,38.0521661]}},{"type":"Feature","id":23,"properties":{"schism_station_index":23,"schism_short_name":"mal","station_name":"Sacramento River at Mallard Island","schism_cluster":"Lower Sacramento River at Collinsville","nearest_rma_station_number":82},"geometry":{"type":"Point","coordinates":[-121.920111,38.0428827]}},{"type":"Feature","id":24,"properties":{"schism_station_index":24,"schism_short_name":"mal","station_name":"Sacramento River at Mallard Island","schism_cluster":"Lower Sacramento River at Collinsville","nearest_rma_station_number":82},"geometry":{"type":"Point","coordinates":[-121.920111,38.0428827]}},{"type":"Feature","id":25,"properties":{"schism_station_index":25,"schism_short_name":"mhr","station_name":"Middle River at Howard Rd Bridge","schism_cluster":"Middle River–Howard Road reach","nearest_rma_station_number":396},"geometry":{"type":"Point","coordinates":[-121.3834999,37.8769996]}},{"type":"Feature","id":26,"properties":{"schism_station_index":26,"schism_short_name":"msd","station_name":"San Joaquin at Mossdale Bridge","schism_cluster":"San Joaquin River–Mossdale/Vernalis","nearest_rma_station_number":419},"geometry":{"type":"Point","coordinates":[-121.3064421,37.7861305]}},{"type":"Feature","id":27,"properties":{"schism_station_index":27,"schism_short_name":"mtb","station_name":"Middle River at Tracy Blvd","schism_cluster":"Middle River–Union Point/Tracy Boulevard","nearest_rma_station_number":375},"geometry":{"type":"Point","coordinates":[-121.4560002,37.8816004]}},{"type":"Feature","id":28,"properties":{"schism_station_index":28,"schism_short_name":"oad","station_name":"Old River Barrier near DMC (Above)","schism_cluster":"Banks/Jones export intake reach","nearest_rma_station_number":363},"geometry":{"type":"Point","coordinates":[-121.5423249,37.8102513]}},{"type":"Feature","id":29,"properties":{"schism_station_index":29,"schism_short_name":"obd","station_name":"Old River below Dam","schism_cluster":"Banks/Jones export intake reach","nearest_rma_station_number":363},"geometry":{"type":"Point","coordinates":[-121.5470003,37.8115997]}},{"type":"Feature","id":30,"properties":{"schism_station_index":30,"schism_short_name":"bac","station_name":"Old River at Bacon Island","schism_cluster":"Holland Cut–Bacon Island","nearest_rma_station_number":298},"geometry":{"type":"Point","coordinates":[-121.5722584,37.969781]}},{"type":"Feature","id":31,"properties":{"schism_station_index":31,"schism_short_name":"oh1","station_name":"Old River at Head","schism_cluster":"Old River Head–Roberts Island/Doughty Cut","nearest_rma_station_number":413},"geometry":{"type":"Point","coordinates":[-121.3290005,37.808]}},{"type":"Feature","id":32,"properties":{"schism_station_index":32,"schism_short_name":"orb","station_name":"Old River at Byron","schism_cluster":"Old River–Fay/Woodward/Byron reach","nearest_rma_station_number":356},"geometry":{"type":"Point","coordinates":[-121.5699994,37.8911004]}},{"type":"Feature","id":33,"properties":{"schism_station_index":33,"schism_short_name":"ppt","station_name":"Prisoners Point","schism_cluster":"Prisoners Point–Mandeville Reach","nearest_rma_station_number":307},"geometry":{"type":"Point","coordinates":[-121.5499832,38.0563598]}},{"type":"Feature","id":34,"properties":{"schism_station_index":34,"schism_short_name":"rsl","station_name":"Rock Slough at Contra Costa Canal","schism_cluster":"Rock Slough–Sand Mound/Summer Lake","nearest_rma_station_number":268},"geometry":{"type":"Point","coordinates":[-121.6349998,37.976]}},{"type":"Feature","id":35,"properties":{"schism_station_index":35,"schism_short_name":"sal","station_name":"San Andreas Landing","schism_cluster":"Brannan–Andrus Island junction","nearest_rma_station_number":129},"geometry":{"type":"Point","coordinates":[-121.5912548,38.1032786]}},{"type":"Feature","id":36,"properties":{"schism_station_index":36,"schism_short_name":"sjr","station_name":"San Joaquin River Mccune Station near Vernalis","schism_cluster":"San Joaquin River–Mossdale/Vernalis","nearest_rma_station_number":425},"geometry":{"type":"Point","coordinates":[-121.2648835,37.6791908]}},{"type":"Feature","id":37,"properties":{"schism_station_index":37,"schism_short_name":"sti","station_name":"Mokelumne River (South Fork) @ Staten Island","schism_cluster":"South Mokelumne–Terminous","nearest_rma_station_number":138},"geometry":{"type":"Point","coordinates":[-121.4989043,38.1168587]}},{"type":"Feature","id":38,"properties":{"schism_station_index":38,"schism_short_name":"tms","station_name":"Sacramento River at Threemile Slough","schism_cluster":"Sacramento River–Sherman Island","nearest_rma_station_number":111},"geometry":{"type":"Point","coordinates":[-121.7,38.1060004]}},{"type":"Feature","id":39,"properties":{"schism_station_index":39,"schism_short_name":"tpi","station_name":"Tom Paine Sl above intake","schism_cluster":"Old River–Doughty/Tom Paine complex","nearest_rma_station_number":389},"geometry":{"type":"Point","coordinates":[-121.4182912,37.7901738]}},{"type":"Feature","id":40,"properties":{"schism_station_index":40,"schism_short_name":"tpp","station_name":"Tom Paine Sl near Pescadero","schism_cluster":"Tom Paine Slough–Paradise Cut/Pescadero","nearest_rma_station_number":408},"geometry":{"type":"Point","coordinates":[-121.3514433,37.7672401]}},{"type":"Feature","id":41,"properties":{"schism_station_index":41,"schism_short_name":"tps","station_name":"Tom Paine Sl above the mouth","schism_cluster":"Old River–Doughty/Tom Paine complex","nearest_rma_station_number":389},"geometry":{"type":"Point","coordinates":[-121.4187433,37.7905403]}},{"type":"Feature","id":42,"properties":{"schism_station_index":42,"schism_short_name":"pdup","station_name":"Paradise Cut Upstream","schism_cluster":"Tom Paine Slough–Paradise Cut/Pescadero","nearest_rma_station_number":406},"geometry":{"type":"Point","coordinates":[-121.3730816,37.8010226]}},{"type":"Feature","id":43,"properties":{"schism_station_index":43,"schism_short_name":"trp","station_name":"Tracy Pumping Plant","schism_cluster":"Banks/Jones export intake reach","nearest_rma_station_number":358},"geometry":{"type":"Point","coordinates":[-121.5586439,37.8166428]}},{"type":"Feature","id":44,"properties":{"schism_station_index":44,"schism_short_name":"uni","station_name":"Union Island","schism_cluster":"Old River Head–Roberts Island/Doughty Cut","nearest_rma_station_number":395},"geometry":{"type":"Point","coordinates":[-121.3750095,37.8220938]}},{"type":"Feature","id":45,"properties":{"schism_station_index":45,"schism_short_name":"vic","station_name":"Victoria Island","schism_cluster":"Middle River–Union Point/Tracy Boulevard","nearest_rma_station_number":325},"geometry":{"type":"Point","coordinates":[-121.4882505,37.891226]}},{"type":"Feature","id":46,"properties":{"schism_station_index":46,"schism_short_name":"bks","station_name":"Barker Slough Pumping Plant","schism_cluster":"Calhoun–Lindsey Slough/Hastings Tract","nearest_rma_station_number":140},"geometry":{"type":"Point","coordinates":[-121.7969583,38.2763965]}},{"type":"Feature","id":47,"properties":{"schism_station_index":47,"schism_short_name":"vni","station_name":"Venice Island","schism_cluster":"Middle River–Venice/Fern Island","nearest_rma_station_number":322},"geometry":{"type":"Point","coordinates":[-121.4975997,38.0491005]}},{"type":"Feature","id":48,"properties":{"schism_station_index":48,"schism_short_name":"cse","station_name":"Sacramento River at Collinsville","schism_cluster":"Lower Sacramento River at Collinsville","nearest_rma_station_number":90},"geometry":{"type":"Point","coordinates":[-121.8500912,38.0739449]}},{"type":"Feature","id":49,"properties":{"schism_station_index":49,"schism_short_name":"cse","station_name":"Sacramento River at Collinsville","schism_cluster":"Lower Sacramento River at Collinsville","nearest_rma_station_number":90},"geometry":{"type":"Point","coordinates":[-121.8500912,38.0739449]}},{"type":"Feature","id":50,"properties":{"schism_station_index":50,"schism_short_name":"srh","station_name":"Sacramento River at Hood","schism_cluster":"Sacramento River–Courtland/Hood","nearest_rma_station_number":224},"geometry":{"type":"Point","coordinates":[-121.5205056,38.3677154]}},{"type":"Feature","id":51,"properties":{"schism_station_index":51,"schism_short_name":"rvb","station_name":"Sacramento River at Rio Vista","schism_cluster":"Rio Vista–Cache Slough entrance","nearest_rma_station_number":118},"geometry":{"type":"Point","coordinates":[-121.6861423,38.1597018]}},{"type":"Feature","id":52,"properties":{"schism_station_index":52,"schism_short_name":"mrz","station_name":"Sacramento River at Martinez","schism_cluster":"Carquinez Strait","nearest_rma_station_number":48},"geometry":{"type":"Point","coordinates":[-122.1405192,38.0276166]}},{"type":"Feature","id":53,"properties":{"schism_station_index":53,"schism_short_name":"mrz","station_name":"Sacramento River at Martinez","schism_cluster":"Carquinez Strait","nearest_rma_station_number":48},"geometry":{"type":"Point","coordinates":[-122.1405192,38.0276166]}},{"type":"Feature","id":54,"properties":{"schism_station_index":54,"schism_short_name":"snc","station_name":"Chadbourne Slough at Sunrise Duck Club","schism_cluster":"Western Suisun Marsh sloughs","nearest_rma_station_number":57},"geometry":{"type":"Point","coordinates":[-122.0830543,38.1850321]}},{"type":"Feature","id":55,"properties":{"schism_station_index":55,"schism_short_name":"gys","station_name":"Goodyear Slough at Morrow Island club","schism_cluster":"Cordelia–Goodyear/Suisun Sloughs","nearest_rma_station_number":55},"geometry":{"type":"Point","coordinates":[-122.0958635,38.1191039]}},{"type":"Feature","id":56,"properties":{"schism_station_index":56,"schism_short_name":"vol","station_name":"Suisun Slough 300' south of Volanti Slough","schism_cluster":"Western Suisun Marsh sloughs","nearest_rma_station_number":66},"geometry":{"type":"Point","coordinates":[-122.0483434,38.1810401]}},{"type":"Feature","id":57,"properties":{"schism_station_index":57,"schism_short_name":"bdl","station_name":"Montezuma Slough near Beldons Landing","schism_cluster":"Montezuma Slough–eastern Suisun Marsh","nearest_rma_station_number":78},"geometry":{"type":"Point","coordinates":[-121.9707748,38.1867854]}},{"type":"Feature","id":58,"properties":{"schism_station_index":58,"schism_short_name":"ibs","station_name":"Cordelia Slough at Ibis club","schism_cluster":"Cordelia–Goodyear/Suisun Sloughs","nearest_rma_station_number":52},"geometry":{"type":"Point","coordinates":[-122.1136784,38.1572991]}},{"type":"Feature","id":59,"properties":{"schism_station_index":59,"schism_short_name":"lis","station_name":"Yolo Bypass at Lisbon","schism_cluster":"Sacramento Deep Water Ship Channel","nearest_rma_station_number":188},"geometry":{"type":"Point","coordinates":[-121.5885127,38.4750389]}},{"type":"Feature","id":60,"properties":{"schism_station_index":60,"schism_short_name":"wci","station_name":"West Canal near Clifton Court Intake","schism_cluster":"Clifton Court–Old River/Victoria Canal","nearest_rma_station_number":360},"geometry":{"type":"Point","coordinates":[-121.5540552,37.8316122]}},{"type":"Feature","id":61,"properties":{"schism_station_index":61,"schism_short_name":"ori","station_name":"Old River near Clifton Court Intake","schism_cluster":"Clifton Court–Old River/Victoria Canal","nearest_rma_station_number":360},"geometry":{"type":"Point","coordinates":[-121.5526014,37.8279713]}},{"type":"Feature","id":62,"properties":{"schism_station_index":62,"schism_short_name":"rcs","station_name":"Ridge Cut Slough at Knight's Landing","schism_cluster":"Sacramento–West Sacramento","nearest_rma_station_number":199},"geometry":{"type":"Point","coordinates":[-121.7253596,38.7937824]}},{"type":"Feature","id":63,"properties":{"schism_station_index":63,"schism_short_name":"nsl","station_name":"Montezuma Slough at National Steel","schism_cluster":"Montezuma Slough–eastern Suisun Marsh","nearest_rma_station_number":86},"geometry":{"type":"Point","coordinates":[-121.8882111,38.1220266]}},{"type":"Feature","id":64,"properties":{"schism_station_index":64,"schism_short_name":"nsl2","station_name":"Montezuma Slough at National Steel","schism_cluster":"Montezuma Slough–eastern Suisun Marsh","nearest_rma_station_number":86},"geometry":{"type":"Point","coordinates":[-121.8882111,38.1220266]}},{"type":"Feature","id":65,"properties":{"schism_station_index":65,"schism_short_name":"sjl","station_name":"San Joaquin River near Lathrop","schism_cluster":"Old River Head–Roberts Island/Doughty Cut","nearest_rma_station_number":413},"geometry":{"type":"Point","coordinates":[-121.323482,37.8109713]}},{"type":"Feature","id":66,"properties":{"schism_station_index":66,"schism_short_name":"bdt","station_name":"San Joaquin River at Brandt Bridge","schism_cluster":"San Joaquin River–Howard/Brandt Bridge","nearest_rma_station_number":414},"geometry":{"type":"Point","coordinates":[-121.323124,37.8645752]}},{"type":"Feature","id":67,"properties":{"schism_station_index":67,"schism_short_name":"rri","station_name":"Stockton Ship Channel at Burns Cut-off","schism_cluster":"Stockton Ship Channel–lower San Joaquin/Garwood","nearest_rma_station_number":346},"geometry":{"type":"Point","coordinates":[-121.3655777,37.9627764]}},{"type":"Feature","id":68,"properties":{"schism_station_index":68,"schism_short_name":"rri","station_name":"Stockton Ship Channel at Burns Cut-off","schism_cluster":"Stockton Ship Channel–lower San Joaquin/Garwood","nearest_rma_station_number":346},"geometry":{"type":"Point","coordinates":[-121.3655777,37.9627764]}},{"type":"Feature","id":69,"properties":{"schism_station_index":69,"schism_short_name":"mru","station_name":"Middle River at Undine Road","schism_cluster":"Middle River–Howard Road reach","nearest_rma_station_number":398},"geometry":{"type":"Point","coordinates":[-121.3857255,37.8339301]}},{"type":"Feature","id":70,"properties":{"schism_station_index":70,"schism_short_name":"old","station_name":"Old River at Tracy Blvd","schism_cluster":"Old River–Doughty/Tom Paine complex","nearest_rma_station_number":381},"geometry":{"type":"Point","coordinates":[-121.4495286,37.8047259]}},{"type":"Feature","id":71,"properties":{"schism_station_index":71,"schism_short_name":"sham","station_name":"Southampton Shoal Channel LB 6","schism_cluster":"Northern Central Bay","nearest_rma_station_number":30},"geometry":{"type":"Point","coordinates":[-122.4223336,37.9162496]}},{"type":"Feature","id":72,"properties":{"schism_station_index":72,"schism_short_name":"tibc1","station_name":"Tiburon Pier","schism_cluster":"Northern Central Bay","nearest_rma_station_number":30},"geometry":{"type":"Point","coordinates":[-122.4461444,37.8911702]}},{"type":"Feature","id":73,"properties":{"schism_station_index":73,"schism_short_name":"scqc1","station_name":"China Camp","schism_cluster":"San Pablo Bay","nearest_rma_station_number":34},"geometry":{"type":"Point","coordinates":[-122.4591432,38.0011707]}},{"type":"Feature","id":74,"properties":{"schism_station_index":74,"schism_short_name":"sffpx","station_name":"San Francisco","schism_cluster":"Northern Central Bay","nearest_rma_station_number":23},"geometry":{"type":"Point","coordinates":[-122.4649996,37.8066998]}},{"type":"Feature","id":75,"properties":{"schism_station_index":75,"schism_short_name":"pryc1","station_name":"Point Reyes","schism_cluster":"San Pablo Bay","nearest_rma_station_number":37},"geometry":{"type":"Point","coordinates":[-122.9733336,37.995]}},{"type":"Feature","id":76,"properties":{"schism_station_index":76,"schism_short_name":"mtyc1","station_name":"Monterey","schism_cluster":"South Bay","nearest_rma_station_number":2},"geometry":{"type":"Point","coordinates":[-121.8883337,36.6050003]}},{"type":"Feature","id":77,"properties":{"schism_station_index":77,"schism_short_name":"aamc1","station_name":"Alameda","schism_cluster":"Southern Central Bay","nearest_rma_station_number":19},"geometry":{"type":"Point","coordinates":[-122.2993985,37.7716142]}},{"type":"Feature","id":78,"properties":{"schism_station_index":78,"schism_short_name":"rtyc1","station_name":"Redwood City","schism_cluster":"South Bay","nearest_rma_station_number":7},"geometry":{"type":"Point","coordinates":[-122.2119847,37.5075421]}},{"type":"Feature","id":79,"properties":{"schism_station_index":79,"schism_short_name":"richm","station_name":"Richmond","schism_cluster":"Northern Central Bay","nearest_rma_station_number":31},"geometry":{"type":"Point","coordinates":[-122.3999311,37.9282076]}},{"type":"Feature","id":80,"properties":{"schism_station_index":80,"schism_short_name":"anc","station_name":"Antioch","schism_cluster":"San Joaquin River–Antioch Reach","nearest_rma_station_number":96},"geometry":{"type":"Point","coordinates":[-121.802939,38.0178777]}},{"type":"Feature","id":81,"properties":{"schism_station_index":81,"schism_short_name":"anc","station_name":"Antioch","schism_cluster":"San Joaquin River–Antioch Reach","nearest_rma_station_number":96},"geometry":{"type":"Point","coordinates":[-121.802939,38.0178777]}},{"type":"Feature","id":82,"properties":{"schism_station_index":82,"schism_short_name":"cll","station_name":"Collinsville","schism_cluster":"Lower Sacramento River at Collinsville","nearest_rma_station_number":90},"geometry":{"type":"Point","coordinates":[-121.8500957,38.0739494]}},{"type":"Feature","id":83,"properties":{"schism_station_index":83,"schism_short_name":"cll","station_name":"Collinsville","schism_cluster":"Lower Sacramento River at Collinsville","nearest_rma_station_number":90},"geometry":{"type":"Point","coordinates":[-121.8500957,38.0739494]}},{"type":"Feature","id":84,"properties":{"schism_station_index":84,"schism_short_name":"cnt","station_name":"Contra Costa","schism_cluster":"Big Break","nearest_rma_station_number":108},"geometry":{"type":"Point","coordinates":[-121.7017027,37.9958759]}},{"type":"Feature","id":85,"properties":{"schism_station_index":85,"schism_short_name":"pts","station_name":"Pittsburg","schism_cluster":"Lower Sacramento River at Collinsville","nearest_rma_station_number":85},"geometry":{"type":"Point","coordinates":[-121.8918355,38.0431639]}},{"type":"Feature","id":86,"properties":{"schism_station_index":86,"schism_short_name":"pts","station_name":"Pittsburg","schism_cluster":"Lower Sacramento River at Collinsville","nearest_rma_station_number":85},"geometry":{"type":"Point","coordinates":[-121.8918355,38.0431639]}},{"type":"Feature","id":87,"properties":{"schism_station_index":87,"schism_short_name":"riv","station_name":"Rio Vista","schism_cluster":"Rio Vista–Cache Slough entrance","nearest_rma_station_number":118},"geometry":{"type":"Point","coordinates":[-121.6844638,38.1591684]}},{"type":"Feature","id":88,"properties":{"schism_station_index":88,"schism_short_name":"ver","station_name":"Vernalis","schism_cluster":"San Joaquin River–Mossdale/Vernalis","nearest_rma_station_number":425},"geometry":{"type":"Point","coordinates":[-121.2648835,37.6791908]}},{"type":"Feature","id":89,"properties":{"schism_station_index":89,"schism_short_name":"pct","station_name":"Port Chicago","schism_cluster":"Suisun Bay","nearest_rma_station_number":70},"geometry":{"type":"Point","coordinates":[-122.0248226,38.0589381]}},{"type":"Feature","id":90,"properties":{"schism_station_index":90,"schism_short_name":"afo","station_name":"American River at Fair Oaks","schism_cluster":"Sacramento–West Sacramento","nearest_rma_station_number":229},"geometry":{"type":"Point","coordinates":[-121.2266666,38.6355587]}},{"type":"Feature","id":91,"properties":{"schism_station_index":91,"schism_short_name":"mateo","station_name":"SF Bay at San Mateo Bridge Near Foster City","schism_cluster":"South Bay","nearest_rma_station_number":11},"geometry":{"type":"Point","coordinates":[-122.2508005,37.5843788]}},{"type":"Feature","id":92,"properties":{"schism_station_index":92,"schism_short_name":"mateo","station_name":"SF Bay at San Mateo Bridge Near Foster City","schism_cluster":"South Bay","nearest_rma_station_number":11},"geometry":{"type":"Point","coordinates":[-122.2508005,37.5843788]}},{"type":"Feature","id":93,"properties":{"schism_station_index":93,"schism_short_name":"guad","station_name":"Guadalupe R above Hw 101 at San Jose","schism_cluster":"South Bay","nearest_rma_station_number":2},"geometry":{"type":"Point","coordinates":[-121.9329173,37.3741036]}},{"type":"Feature","id":94,"properties":{"schism_station_index":94,"schism_short_name":"coycr","station_name":"Coyote Creek above HW 237","schism_cluster":"South Bay","nearest_rma_station_number":2},"geometry":{"type":"Point","coordinates":[-121.927362,37.4224355]}},{"type":"Feature","id":95,"properties":{"schism_station_index":95,"schism_short_name":"vns","station_name":"San Joaquin R near Vernalis","schism_cluster":"San Joaquin River–Mossdale/Vernalis","nearest_rma_station_number":425},"geometry":{"type":"Point","coordinates":[-121.2654998,37.6760988]}},{"type":"Feature","id":96,"properties":{"schism_station_index":96,"schism_short_name":"sjg","station_name":"San Joaquin R below Garwood Bridge","schism_cluster":"Stockton Ship Channel–lower San Joaquin/Garwood","nearest_rma_station_number":412},"geometry":{"type":"Point","coordinates":[-121.3302259,37.9354672]}},{"type":"Feature","id":97,"properties":{"schism_station_index":97,"schism_short_name":"trn2","station_name":"Turner Cut near Holt","schism_cluster":"Hay Press–Turner Cut/Rindge","nearest_rma_station_number":333},"geometry":{"type":"Point","coordinates":[-121.4538887,37.9925001]}},{"type":"Feature","id":98,"properties":{"schism_station_index":98,"schism_short_name":"vcu","station_name":"Victoria Canal near Byron","schism_cluster":"Clifton Court–Old River/Victoria Canal","nearest_rma_station_number":313},"geometry":{"type":"Point","coordinates":[-121.5300005,37.8708336]}},{"type":"Feature","id":99,"properties":{"schism_station_index":99,"schism_short_name":"mdm","station_name":"Middle R at Middle River","schism_cluster":"Middle River–Mildred/Woodward","nearest_rma_station_number":311},"geometry":{"type":"Point","coordinates":[-121.5337176,37.9425531]}},{"type":"Feature","id":100,"properties":{"schism_station_index":100,"schism_short_name":"hlt","station_name":"Middle R near Holt","schism_cluster":"Middle River–Mildred/Bacon/Holt","nearest_rma_station_number":318},"geometry":{"type":"Point","coordinates":[-121.5108985,38.0030556]}},{"type":"Feature","id":101,"properties":{"schism_station_index":101,"schism_short_name":"odm","station_name":"Old R near Delta Mendota Canal","schism_cluster":"Banks/Jones export intake reach","nearest_rma_station_number":363},"geometry":{"type":"Point","coordinates":[-121.5423249,37.8102513]}},{"type":"Feature","id":102,"properties":{"schism_station_index":102,"schism_short_name":"odm2","station_name":"Old River Barrier near DMC (Below)","schism_cluster":"Banks/Jones export intake reach","nearest_rma_station_number":363},"geometry":{"type":"Point","coordinates":[-121.5423249,37.8102513]}},{"type":"Feature","id":103,"properties":{"schism_station_index":103,"schism_short_name":"glc","station_name":"Grantline Canal","schism_cluster":"Banks/Jones export intake reach","nearest_rma_station_number":362},"geometry":{"type":"Point","coordinates":[-121.5447215,37.8201073]}},{"type":"Feature","id":104,"properties":{"schism_station_index":104,"schism_short_name":"oh4","station_name":"Old R near Byron","schism_cluster":"Old River–Fay/Woodward/Byron reach","nearest_rma_station_number":356},"geometry":{"type":"Point","coordinates":[-121.5702281,37.8910365]}},{"type":"Feature","id":105,"properties":{"schism_station_index":105,"schism_short_name":"obi","station_name":"Old R at Bacon Island","schism_cluster":"Holland Cut–Bacon Island","nearest_rma_station_number":298},"geometry":{"type":"Point","coordinates":[-121.5743892,37.967917]}},{"type":"Feature","id":106,"properties":{"schism_station_index":106,"schism_short_name":"hol","station_name":"Holland Cut near Bethel Island","schism_cluster":"Holland Tract–Quimby/Youngs Slough","nearest_rma_station_number":293},"geometry":{"type":"Point","coordinates":[-121.5819442,38.0163887]}},{"type":"Feature","id":107,"properties":{"schism_station_index":107,"schism_short_name":"dsj","station_name":"Dutch Sl below Jersey Island","schism_cluster":"Dutch Slough–Big Break","nearest_rma_station_number":260},"geometry":{"type":"Point","coordinates":[-121.6708621,38.0130657]}},{"type":"Feature","id":108,"properties":{"schism_station_index":108,"schism_short_name":"orq","station_name":"Old R at Quimby Island","schism_cluster":"Holland Tract–Quimby/Youngs Slough","nearest_rma_station_number":300},"geometry":{"type":"Point","coordinates":[-121.5644438,38.0272226]}},{"type":"Feature","id":109,"properties":{"schism_station_index":109,"schism_short_name":"fal","station_name":"FALSE R near Oakley","schism_cluster":"Three Mile Slough–Twitchell/False River","nearest_rma_station_number":121},"geometry":{"type":"Point","coordinates":[-121.6669443,38.0558331]}},{"type":"Feature","id":110,"properties":{"schism_station_index":110,"schism_short_name":"osj","station_name":"Old R at Franks Tract","schism_cluster":"Old River at Franks Tract","nearest_rma_station_number":132},"geometry":{"type":"Point","coordinates":[-121.5788886,38.0711115]}},{"type":"Feature","id":111,"properties":{"schism_station_index":111,"schism_short_name":"pri","station_name":"San Joaquin R at Prisoners Pt","schism_cluster":"Prisoners Point–Mandeville Reach","nearest_rma_station_number":301},"geometry":{"type":"Point","coordinates":[-121.5572217,38.0594445]}},{"type":"Feature","id":112,"properties":{"schism_station_index":112,"schism_short_name":"dlc","station_name":"Delta Cross Channel near Walnut Grove","schism_cluster":"Walnut Grove–Delta Cross Channel","nearest_rma_station_number":238},"geometry":{"type":"Point","coordinates":[-121.505238,38.2447786]}},{"type":"Feature","id":113,"properties":{"schism_station_index":113,"schism_short_name":"lps","station_name":"Little Potato Slough at Terminous","schism_cluster":"South Mokelumne–Terminous","nearest_rma_station_number":139},"geometry":{"type":"Point","coordinates":[-121.4961107,38.0963892]}},{"type":"Feature","id":114,"properties":{"schism_station_index":114,"schism_short_name":"mok","station_name":"Mokelumne R at Andrus Island","schism_cluster":"Brannan–Andrus Island junction","nearest_rma_station_number":133},"geometry":{"type":"Point","coordinates":[-121.5711108,38.1061112]}},{"type":"Feature","id":115,"properties":{"schism_station_index":115,"schism_short_name":"tsl","station_name":"Threemile Slough near Rio Vista","schism_cluster":"Three Mile Slough–Twitchell/False River","nearest_rma_station_number":117},"geometry":{"type":"Point","coordinates":[-121.6861113,38.1033333]}},{"type":"Feature","id":116,"properties":{"schism_station_index":116,"schism_short_name":"sjj","station_name":"San Joaquin R at Jersey Point","schism_cluster":"Three Mile Slough–Twitchell/False River","nearest_rma_station_number":113},"geometry":{"type":"Point","coordinates":[-121.6889323,38.0522259]}},{"type":"Feature","id":117,"properties":{"schism_station_index":117,"schism_short_name":"fpt","station_name":"Sacramento R at Freeport","schism_cluster":"Sacramento River–Freeport/Clarksburg","nearest_rma_station_number":237},"geometry":{"type":"Point","coordinates":[-121.5013435,38.4560195]}},{"type":"Feature","id":118,"properties":{"schism_station_index":118,"schism_short_name":"sut","station_name":"Sutter Slough at Courtland","schism_cluster":"Sutter–Elk Slough/Merritt Island","nearest_rma_station_number":193},"geometry":{"type":"Point","coordinates":[-121.5773552,38.3284197]}},{"type":"Feature","id":119,"properties":{"schism_station_index":119,"schism_short_name":"sss","station_name":"Steamboat Slough btw Sacramento R and Sutter Sl","schism_cluster":"Steamboat Slough","nearest_rma_station_number":190},"geometry":{"type":"Point","coordinates":[-121.586784,38.2847707]}},{"type":"Feature","id":120,"properties":{"schism_station_index":120,"schism_short_name":"sdc","station_name":"Sacramento R above Delta Cross Channel","schism_cluster":"Walnut Grove–Delta Cross Channel","nearest_rma_station_number":225},"geometry":{"type":"Point","coordinates":[-121.5179831,38.2575252]}},{"type":"Feature","id":121,"properties":{"schism_station_index":121,"schism_short_name":"gss","station_name":"Georgiana Slough near Sacramento R","schism_cluster":"Georgiana Slough–Oxbow reach","nearest_rma_station_number":226},"geometry":{"type":"Point","coordinates":[-121.5176735,38.2372646]}},{"type":"Feature","id":122,"properties":{"schism_station_index":122,"schism_short_name":"ges","station_name":"Sacramento R below Georgiana Slough","schism_cluster":"Sacramento River–Ryde/Isleton","nearest_rma_station_number":223},"geometry":{"type":"Point","coordinates":[-121.5234472,38.2388919]}},{"type":"Feature","id":123,"properties":{"schism_station_index":123,"schism_short_name":"lbtoe","station_name":"Toe Drain at Liberty Island near Courtland","schism_cluster":"Liberty Island–Toe Drain/Shag Slough","nearest_rma_station_number":172},"geometry":{"type":"Point","coordinates":[-121.6449019,38.3494404]}},{"type":"Feature","id":124,"properties":{"schism_station_index":124,"schism_short_name":"libc","station_name":"Liberty Cut at Liberty Island near Courtland","schism_cluster":"Liberty Island–Toe Drain/Shag Slough","nearest_rma_station_number":160},"geometry":{"type":"Point","coordinates":[-121.667222,38.3225004]}},{"type":"Feature","id":125,"properties":{"schism_station_index":125,"schism_short_name":"hwb","station_name":"Miner Slough at HW 84 Bridge","schism_cluster":"Miner Slough","nearest_rma_station_number":171},"geometry":{"type":"Point","coordinates":[-121.6308332,38.2916663]}},{"type":"Feature","id":126,"properties":{"schism_station_index":126,"schism_short_name":"sgg","station_name":"Shag Slough at Liberty Island near Courtland","schism_cluster":"Liberty Island–Toe Drain/Shag Slough","nearest_rma_station_number":153},"geometry":{"type":"Point","coordinates":[-121.6930551,38.318333]}},{"type":"Feature","id":127,"properties":{"schism_station_index":127,"schism_short_name":"dws","station_name":"Sacramento R Deep Water Ship Channel Near Rio Vista","schism_cluster":"Sacramento Deep Water Ship Channel","nearest_rma_station_number":163},"geometry":{"type":"Point","coordinates":[-121.6666666,38.2561108]}},{"type":"Feature","id":128,"properties":{"schism_station_index":128,"schism_short_name":"ryi","station_name":"Cache Slough at Ryer Island","schism_cluster":"Rio Vista–Cache Slough entrance","nearest_rma_station_number":161},"geometry":{"type":"Point","coordinates":[-121.6689605,38.2129253]}},{"type":"Feature","id":129,"properties":{"schism_station_index":129,"schism_short_name":"srv","station_name":"Sacramento R at Rio Vista","schism_cluster":"Rio Vista–Cache Slough entrance","nearest_rma_station_number":114},"geometry":{"type":"Point","coordinates":[-121.6898621,38.1478997]}},{"type":"Feature","id":130,"properties":{"schism_station_index":130,"schism_short_name":"benbr","station_name":"Suisun Bay at Benicia Bridge","schism_cluster":"Carquinez Strait","nearest_rma_station_number":50},"geometry":{"type":"Point","coordinates":[-122.126632,38.0449203]}},{"type":"Feature","id":131,"properties":{"schism_station_index":131,"schism_short_name":"benbr","station_name":"Suisun Bay at Benicia Bridge","schism_cluster":"Carquinez Strait","nearest_rma_station_number":50},"geometry":{"type":"Point","coordinates":[-122.126632,38.0449203]}},{"type":"Feature","id":132,"properties":{"schism_station_index":132,"schism_short_name":"carqb","station_name":"Carquinez Strait at Carquinez Bridge near Crockett","schism_cluster":"Carquinez Strait","nearest_rma_station_number":40},"geometry":{"type":"Point","coordinates":[-122.2255237,38.0613098]}},{"type":"Feature","id":133,"properties":{"schism_station_index":133,"schism_short_name":"carqb","station_name":"Carquinez Strait at Carquinez Bridge near Crockett","schism_cluster":"Carquinez Strait","nearest_rma_station_number":40},"geometry":{"type":"Point","coordinates":[-122.2255237,38.0613098]}},{"type":"Feature","id":134,"properties":{"schism_station_index":134,"schism_short_name":"napr","station_name":"Napa R near Napa","schism_cluster":"Western Suisun Marsh sloughs","nearest_rma_station_number":60},"geometry":{"type":"Point","coordinates":[-122.3032128,38.3685199]}},{"type":"Feature","id":135,"properties":{"schism_station_index":135,"schism_short_name":"petr","station_name":"Petaluma R at Copland Pumping Station","schism_cluster":"San Pablo Bay","nearest_rma_station_number":43},"geometry":{"type":"Point","coordinates":[-122.6401696,38.238525]}},{"type":"Feature","id":136,"properties":{"schism_station_index":136,"schism_short_name":"dumbr","station_name":"San Francisco Bay at Old Dumbarton Bridge","schism_cluster":"South Bay","nearest_rma_station_number":3},"geometry":{"type":"Point","coordinates":[-122.1163892,37.506944]}},{"type":"Feature","id":137,"properties":{"schism_station_index":137,"schism_short_name":"dumbr","station_name":"San Francisco Bay at Old Dumbarton Bridge","schism_cluster":"South Bay","nearest_rma_station_number":3},"geometry":{"type":"Point","coordinates":[-122.1163892,37.506944]}},{"type":"Feature","id":138,"properties":{"schism_station_index":138,"schism_short_name":"richb","station_name":"San Francisco Bay at Richmond-San Rafael Bridge","schism_cluster":"San Pablo Bay","nearest_rma_station_number":32},"geometry":{"type":"Point","coordinates":[-122.4463883,37.9352779]}},{"type":"Feature","id":139,"properties":{"schism_station_index":139,"schism_short_name":"richb","station_name":"San Francisco Bay at Richmond-San Rafael Bridge","schism_cluster":"San Pablo Bay","nearest_rma_station_number":32},"geometry":{"type":"Point","coordinates":[-122.4463883,37.9352779]}},{"type":"Feature","id":140,"properties":{"schism_station_index":140,"schism_short_name":"mare","station_name":"Mare Island","schism_cluster":"Carquinez Strait","nearest_rma_station_number":42},"geometry":{"type":"Point","coordinates":[-122.2500001,38.0699998]}},{"type":"Feature","id":141,"properties":{"schism_station_index":141,"schism_short_name":"ptchi","station_name":"Port Chicago","schism_cluster":"Suisun Bay","nearest_rma_station_number":70},"geometry":{"type":"Point","coordinates":[-122.0395003,38.0560002]}},{"type":"Feature","id":142,"properties":{"schism_station_index":142,"schism_short_name":"bts","station_name":"Boynton Slough","schism_cluster":"Western Suisun Marsh sloughs","nearest_rma_station_number":60},"geometry":{"type":"Point","coordinates":[-122.0611244,38.2051788]}},{"type":"Feature","id":143,"properties":{"schism_station_index":143,"schism_short_name":"rindg","station_name":"San Joaquin River at Rindge Pump","schism_cluster":"Hay Press–Turner Cut/Rindge","nearest_rma_station_number":338},"geometry":{"type":"Point","coordinates":[-121.4194308,37.9972176]}},{"type":"Feature","id":144,"properties":{"schism_station_index":144,"schism_short_name":"ist","station_name":"Sacramento R at I Street","schism_cluster":"Sacramento–West Sacramento","nearest_rma_station_number":229},"geometry":{"type":"Point","coordinates":[-121.5053552,38.5886312]}},{"type":"Feature","id":145,"properties":{"schism_station_index":145,"schism_short_name":"gsm","station_name":"Georgiana Slough at Mokelumne R","schism_cluster":"Georgiana Slough–Oxbow reach","nearest_rma_station_number":131},"geometry":{"type":"Point","coordinates":[-121.5802779,38.1299997]}},{"type":"Feature","id":146,"properties":{"schism_station_index":146,"schism_short_name":"swe","station_name":"Sacramento R at Walnut Grove","schism_cluster":"Walnut Grove–Delta Cross Channel","nearest_rma_station_number":227},"geometry":{"type":"Point","coordinates":[-121.5159015,38.2418094]}},{"type":"Feature","id":147,"properties":{"schism_station_index":147,"schism_short_name":"snod","station_name":"Sacramento R at Snodgrass","schism_cluster":"Sacramento River–Courtland/Hood","nearest_rma_station_number":215},"geometry":{"type":"Point","coordinates":[-121.5337815,38.3499958]}},{"type":"Feature","id":148,"properties":{"schism_station_index":148,"schism_short_name":"sr3","station_name":"Threemile Slough at San Joaquin R","schism_cluster":"Three Mile Slough–Twitchell/False River","nearest_rma_station_number":115},"geometry":{"type":"Point","coordinates":[-121.6865308,38.0900279]}},{"type":"Feature","id":149,"properties":{"schism_station_index":149,"schism_short_name":"tss","station_name":"Threemile Slough near San Joaquin River","schism_cluster":"Three Mile Slough–Twitchell/False River","nearest_rma_station_number":116},"geometry":{"type":"Point","coordinates":[-121.6861559,38.1032429]}},{"type":"Feature","id":150,"properties":{"schism_station_index":150,"schism_short_name":"glab","station_name":"Grantline Canal above Dam","schism_cluster":"Grant Line Canal","nearest_rma_station_number":380},"geometry":{"type":"Point","coordinates":[-121.4479987,37.8195852]}},{"type":"Feature","id":151,"properties":{"schism_station_index":151,"schism_short_name":"orccf","station_name":"Old R at Clifton Court Ferry","schism_cluster":"Clifton Court–Old River/Victoria Canal","nearest_rma_station_number":360},"geometry":{"type":"Point","coordinates":[-121.5528419,37.8286295]}},{"type":"Feature","id":152,"properties":{"schism_station_index":152,"schism_short_name":"bir","station_name":"Middle R at Bacon Island","schism_cluster":"Middle River–Mildred/Bacon/Holt","nearest_rma_station_number":316},"geometry":{"type":"Point","coordinates":[-121.5237014,38.0018066]}},{"type":"Feature","id":153,"properties":{"schism_station_index":153,"schism_short_name":"mdmzq","station_name":"Middle R at Middle R","schism_cluster":"Middle River–Mildred/Woodward","nearest_rma_station_number":311},"geometry":{"type":"Point","coordinates":[-121.5337176,37.9425531]}},{"type":"Feature","id":154,"properties":{"schism_station_index":154,"schism_short_name":"mup","station_name":"Middle River at Union Point","schism_cluster":"Middle River–Union Point/Tracy Boulevard","nearest_rma_station_number":325},"geometry":{"type":"Point","coordinates":[-121.4885036,37.8908057]}},{"type":"Feature","id":155,"properties":{"schism_station_index":155,"schism_short_name":"mrmow","station_name":"Middle R at Mowry","schism_cluster":"Middle River–Howard Road reach","nearest_rma_station_number":398},"geometry":{"type":"Point","coordinates":[-121.3830104,37.8351482]}},{"type":"Feature","id":156,"properties":{"schism_station_index":156,"schism_short_name":"trn","station_name":"Turner Cut near Holt","schism_cluster":"Hay Press–Turner Cut/Rindge","nearest_rma_station_number":333},"geometry":{"type":"Point","coordinates":[-121.4538887,37.9925001]}},{"type":"Feature","id":157,"properties":{"schism_station_index":157,"schism_short_name":"vcu2","station_name":"Victoria Canal near Byron","schism_cluster":"Clifton Court–Old River/Victoria Canal","nearest_rma_station_number":313},"geometry":{"type":"Point","coordinates":[-121.5300005,37.8708336]}},{"type":"Feature","id":158,"properties":{"schism_station_index":158,"schism_short_name":"hlt2","station_name":"Middle R near Holt","schism_cluster":"Middle River–Mildred/Bacon/Holt","nearest_rma_station_number":318},"geometry":{"type":"Point","coordinates":[-121.5108985,38.0030556]}},{"type":"Feature","id":159,"properties":{"schism_station_index":159,"schism_short_name":"glc2","station_name":"Grant Line Canal near Clifton Court Forebay - WQ","schism_cluster":"Banks/Jones export intake reach","nearest_rma_station_number":362},"geometry":{"type":"Point","coordinates":[-121.5484894,37.8200222]}},{"type":"Feature","id":160,"properties":{"schism_station_index":160,"schism_short_name":"hol2","station_name":"Holland Cut near Bethel Island","schism_cluster":"Holland Tract–Quimby/Youngs Slough","nearest_rma_station_number":293},"geometry":{"type":"Point","coordinates":[-121.5819442,38.0163887]}},{"type":"Feature","id":161,"properties":{"schism_station_index":161,"schism_short_name":"orq2","station_name":"Old R at Quimby Island","schism_cluster":"Holland Tract–Quimby/Youngs Slough","nearest_rma_station_number":300},"geometry":{"type":"Point","coordinates":[-121.5644438,38.0272226]}},{"type":"Feature","id":162,"properties":{"schism_station_index":162,"schism_short_name":"fal2","station_name":"FALSE R near Oakley","schism_cluster":"Three Mile Slough–Twitchell/False River","nearest_rma_station_number":121},"geometry":{"type":"Point","coordinates":[-121.6669443,38.0558331]}},{"type":"Feature","id":163,"properties":{"schism_station_index":163,"schism_short_name":"osj2","station_name":"Old R at Franks Tract","schism_cluster":"Old River at Franks Tract","nearest_rma_station_number":132},"geometry":{"type":"Point","coordinates":[-121.5788886,38.0711115]}},{"type":"Feature","id":164,"properties":{"schism_station_index":164,"schism_short_name":"mok2","station_name":"Mokelumne River near Highway 12","schism_cluster":"Brannan–Andrus Island junction","nearest_rma_station_number":133},"geometry":{"type":"Point","coordinates":[-121.5711108,38.1061112]}},{"type":"Feature","id":165,"properties":{"schism_station_index":165,"schism_short_name":"sus","station_name":"Steamboat Slough Below Sutter Slough","schism_cluster":"Steamboat Slough","nearest_rma_station_number":184},"geometry":{"type":"Point","coordinates":[-121.6020832,38.2499997]}},{"type":"Feature","id":166,"properties":{"schism_station_index":166,"schism_short_name":"twa","station_name":"Old River at Tracy Wildlife Association","schism_cluster":"Old River–Doughty/Tom Paine complex","nearest_rma_station_number":381},"geometry":{"type":"Point","coordinates":[-121.4574441,37.8028327]}},{"type":"Feature","id":167,"properties":{"schism_station_index":167,"schism_short_name":"rsd","station_name":"Rock Slough at Delta Road Bridge","schism_cluster":"Rock Slough–Sand Mound/Summer Lake","nearest_rma_station_number":275},"geometry":{"type":"Point","coordinates":[-121.6200834,37.9767497]}},{"type":"Feature","id":168,"properties":{"schism_station_index":168,"schism_short_name":"holm","station_name":"Holland Cut at Holland Marina","schism_cluster":"Holland Cut–Bacon Island","nearest_rma_station_number":295},"geometry":{"type":"Point","coordinates":[-121.5810001,37.974]}},{"type":"Feature","id":169,"properties":{"schism_station_index":169,"schism_short_name":"wdcut","station_name":"Werner Dredger Cut near Palm Tract","schism_cluster":"Holland Cut–Bacon Island","nearest_rma_station_number":286},"geometry":{"type":"Point","coordinates":[-121.5949069,37.9640841]}},{"type":"Feature","id":170,"properties":{"schism_station_index":170,"schism_short_name":"wsd","station_name":"Willow Slough Bypass near Davis","schism_cluster":"Sacramento–West Sacramento","nearest_rma_station_number":199},"geometry":{"type":"Point","coordinates":[-121.7294445,38.5902759]}},{"type":"Feature","id":171,"properties":{"schism_station_index":171,"schism_short_name":"bet","station_name":"Piper Slough at Bethal Tract","schism_cluster":"Franks Tract","nearest_rma_station_number":274},"geometry":{"type":"Point","coordinates":[-121.6214428,38.0343495]}},{"type":"Feature","id":172,"properties":{"schism_station_index":172,"schism_short_name":"blp","station_name":"San Joaquin River at Blind Point","schism_cluster":"Big Break","nearest_rma_station_number":107},"geometry":{"type":"Point","coordinates":[-121.7191138,38.0325767]}},{"type":"Feature","id":173,"properties":{"schism_station_index":173,"schism_short_name":"rri2","station_name":"Rough and Ready Island","schism_cluster":"Stockton Ship Channel–lower San Joaquin/Garwood","nearest_rma_station_number":346},"geometry":{"type":"Point","coordinates":[-121.3655777,37.9627764]}},{"type":"Feature","id":174,"properties":{"schism_station_index":174,"schism_short_name":"anh","station_name":"San Joaquin at Antioch","schism_cluster":"San Joaquin River–Antioch Reach","nearest_rma_station_number":96},"geometry":{"type":"Point","coordinates":[-121.802939,38.0178777]}},{"type":"Feature","id":175,"properties":{"schism_station_index":175,"schism_short_name":"anh","station_name":"San Joaquin at Antioch","schism_cluster":"San Joaquin River–Antioch Reach","nearest_rma_station_number":96},"geometry":{"type":"Point","coordinates":[-121.802939,38.0178777]}},{"type":"Feature","id":176,"properties":{"schism_station_index":176,"schism_short_name":"msd2","station_name":"San Joaquin at Mossdale Bridge","schism_cluster":"San Joaquin River–Mossdale/Vernalis","nearest_rma_station_number":419},"geometry":{"type":"Point","coordinates":[-121.3064421,37.7861305]}},{"type":"Feature","id":177,"properties":{"schism_station_index":177,"schism_short_name":"fre","station_name":"Sacramento River at Fremont Weir (West End)","schism_cluster":"Sacramento–West Sacramento","nearest_rma_station_number":199},"geometry":{"type":"Point","coordinates":[-121.667335,38.7593845]}},{"type":"Feature","id":178,"properties":{"schism_station_index":178,"schism_short_name":"few","station_name":"Sacramento River at Fremont Weir (East End)","schism_cluster":"Sacramento–West Sacramento","nearest_rma_station_number":199},"geometry":{"type":"Point","coordinates":[-121.6350889,38.765276]}},{"type":"Feature","id":179,"properties":{"schism_station_index":179,"schism_short_name":"dmc","station_name":"DMC Headworks","schism_cluster":"Banks/Jones export intake reach","nearest_rma_station_number":358},"geometry":{"type":"Point","coordinates":[-121.5584422,37.8166764]}},{"type":"Feature","id":180,"properties":{"schism_station_index":180,"schism_short_name":"sur","station_name":"Sugar Cut","schism_cluster":"Old River–Doughty/Tom Paine complex","nearest_rma_station_number":389},"geometry":{"type":"Point","coordinates":[-121.4195144,37.7883553]}},{"type":"Feature","id":181,"properties":{"schism_station_index":181,"schism_short_name":"gle","station_name":"Grant Line Canal East","schism_cluster":"Old River–Doughty/Tom Paine complex","nearest_rma_station_number":383},"geometry":{"type":"Point","coordinates":[-121.4348568,37.8202584]}},{"type":"Feature","id":182,"properties":{"schism_station_index":182,"schism_short_name":"mab","station_name":"Middle River above Barrier","schism_cluster":"Middle River–Union Point/Tracy Boulevard","nearest_rma_station_number":328},"geometry":{"type":"Point","coordinates":[-121.4727615,37.8851807]}},{"type":"Feature","id":183,"properties":{"schism_station_index":183,"schism_short_name":"orx","station_name":"Old River above Doughty Cut","schism_cluster":"Old River Head–Roberts Island/Doughty Cut","nearest_rma_station_number":395},"geometry":{"type":"Point","coordinates":[-121.3865761,37.8109974]}},{"type":"Feature","id":184,"properties":{"schism_station_index":184,"schism_short_name":"sjd","station_name":"San Joaquin River above Dos Reis","schism_cluster":"San Joaquin River–Howard/Brandt Bridge","nearest_rma_station_number":417},"geometry":{"type":"Point","coordinates":[-121.317725,37.8223311]}},{"type":"Feature","id":185,"properties":{"schism_station_index":185,"schism_short_name":"alk","station_name":"San Francisco Bay at Northeast Shore Alcatraz Island","schism_cluster":"Northern Central Bay","nearest_rma_station_number":24},"geometry":{"type":"Point","coordinates":[-122.4216671,37.8272224]}},{"type":"Feature","id":186,"properties":{"schism_station_index":186,"schism_short_name":"mho","station_name":"Middle River near Howard Rd Bridge","schism_cluster":"Middle River–Howard Road reach","nearest_rma_station_number":397},"geometry":{"type":"Point","coordinates":[-121.3833054,37.8762219]}},{"type":"Feature","id":187,"properties":{"schism_station_index":187,"schism_short_name":"sdi","station_name":"Decker Island","schism_cluster":"Sacramento River–Sherman Island","nearest_rma_station_number":104},"geometry":{"type":"Point","coordinates":[-121.7370411,38.0913423]}},{"type":"Feature","id":188,"properties":{"schism_station_index":188,"schism_short_name":"sdi","station_name":"Decker Island","schism_cluster":"Sacramento River–Sherman Island","nearest_rma_station_number":104},"geometry":{"type":"Point","coordinates":[-121.7370411,38.0913423]}},{"type":"Feature","id":189,"properties":{"schism_station_index":189,"schism_short_name":"lib","station_name":"Cache Slough at Liberty Island","schism_cluster":"Lower Cache Slough–Liberty/Prospect/Lindsey","nearest_rma_station_number":155},"geometry":{"type":"Point","coordinates":[-121.684527,38.2431621]}},{"type":"Feature","id":190,"properties":{"schism_station_index":190,"schism_short_name":"liy","station_name":"Yolo Bypass at Liberty Island","schism_cluster":"Liberty Island–Toe Drain/Shag Slough","nearest_rma_station_number":153},"geometry":{"type":"Point","coordinates":[-121.693889,38.3291664]}},{"type":"Feature","id":191,"properties":{"schism_station_index":191,"schism_short_name":"lir","station_name":"Yolo Bypass at Liberty Island (Canal)","schism_cluster":"Liberty Island–Toe Drain/Shag Slough","nearest_rma_station_number":153},"geometry":{"type":"Point","coordinates":[-121.6938889,38.3261114]}},{"type":"Feature","id":192,"properties":{"schism_station_index":192,"schism_short_name":"smr","station_name":"S Mokelumne R at New Hope BR near Walnut Grove","schism_cluster":"Snodgrass Slough–Mokelumne junction","nearest_rma_station_number":244},"geometry":{"type":"Point","coordinates":[-121.4911116,38.2255558]}},{"type":"Feature","id":193,"properties":{"schism_station_index":193,"schism_short_name":"nmr","station_name":"N Mokelumne R near Walnut Grove","schism_cluster":"Snodgrass Slough–Mokelumne junction","nearest_rma_station_number":236},"geometry":{"type":"Point","coordinates":[-121.5072226,38.2233332]}},{"type":"Feature","id":194,"properties":{"schism_station_index":194,"schism_short_name":"mkn","station_name":"N Mokelumne R below Snodgrass Slough","schism_cluster":"Snodgrass Slough–Mokelumne junction","nearest_rma_station_number":236},"geometry":{"type":"Point","coordinates":[-121.5072226,38.2233332]}},{"type":"Feature","id":195,"properties":{"schism_station_index":195,"schism_short_name":"sxs","station_name":"Steamboat Slough near Sacramento River","schism_cluster":"Steamboat Slough","nearest_rma_station_number":176},"geometry":{"type":"Point","coordinates":[-121.6378811,38.1912671]}},{"type":"Feature","id":196,"properties":{"schism_station_index":196,"schism_short_name":"fct","station_name":"Fisherman's Cut","schism_cluster":"Fisherman's Cut–Piper Slough","nearest_rma_station_number":124},"geometry":{"type":"Point","coordinates":[-121.6488384,38.0678217]}},{"type":"Feature","id":197,"properties":{"schism_station_index":197,"schism_short_name":"flt","station_name":"Goodyear Slough at Fleet","schism_cluster":"Cordelia–Goodyear/Suisun Sloughs","nearest_rma_station_number":54},"geometry":{"type":"Point","coordinates":[-122.0978614,38.0782657]}},{"type":"Feature","id":198,"properties":{"schism_station_index":198,"schism_short_name":"soi","station_name":"Sacramento River Downstream of Isleton","schism_cluster":"Rio Vista–Cache Slough entrance","nearest_rma_station_number":122},"geometry":{"type":"Point","coordinates":[-121.6568625,38.1754796]}},{"type":"Feature","id":199,"properties":{"schism_station_index":199,"schism_short_name":"mir","station_name":"Miner Slough","schism_cluster":"Miner Slough","nearest_rma_station_number":164},"geometry":{"type":"Point","coordinates":[-121.6660554,38.236027]}},{"type":"Feature","id":200,"properties":{"schism_station_index":200,"schism_short_name":"twi","station_name":"San Joaquin River at Twitchell Island","schism_cluster":"Three Mile Slough–Twitchell/False River","nearest_rma_station_number":120},"geometry":{"type":"Point","coordinates":[-121.6687144,38.0974571]}},{"type":"Feature","id":201,"properties":{"schism_station_index":201,"schism_short_name":"ssi","station_name":"Sacramento River near Sherman Island","schism_cluster":"Sacramento River–Sherman Island","nearest_rma_station_number":102},"geometry":{"type":"Point","coordinates":[-121.7617424,38.0741467]}},{"type":"Feature","id":202,"properties":{"schism_station_index":202,"schism_short_name":"bet2","station_name":"Bethel Island at Piper Slough","schism_cluster":"Franks Tract","nearest_rma_station_number":274},"geometry":{"type":"Point","coordinates":[-121.6212655,38.0340202]}},{"type":"Feature","id":203,"properties":{"schism_station_index":203,"schism_short_name":"frk","station_name":"Franks Tract","schism_cluster":"Franks Tract","nearest_rma_station_number":283},"geometry":{"type":"Point","coordinates":[-121.5981004,38.0464174]}},{"type":"Feature","id":204,"properties":{"schism_station_index":204,"schism_short_name":"hon","station_name":"Honker Bay","schism_cluster":"Suisun Bay","nearest_rma_station_number":80},"geometry":{"type":"Point","coordinates":[-121.9391995,38.0724001]}},{"type":"Feature","id":205,"properties":{"schism_station_index":205,"schism_short_name":"ryc","station_name":"Suisun Bay Cutoff Near Ryer","schism_cluster":"Suisun Bay","nearest_rma_station_number":75},"geometry":{"type":"Point","coordinates":[-121.9960833,38.0840491]}},{"type":"Feature","id":206,"properties":{"schism_station_index":206,"schism_short_name":"gzl","station_name":"Grizzly Bay","schism_cluster":"Grizzly Bay","nearest_rma_station_number":67},"geometry":{"type":"Point","coordinates":[-122.038117,38.12425]}},{"type":"Feature","id":207,"properties":{"schism_station_index":207,"schism_short_name":"sga","station_name":"Sugar Cut at Golden Anchor","schism_cluster":"Old River–Doughty/Tom Paine complex","nearest_rma_station_number":385},"geometry":{"type":"Point","coordinates":[-121.4214956,37.7928601]}},{"type":"Feature","id":208,"properties":{"schism_station_index":208,"schism_short_name":"von","station_name":"Sacramento River at Verona","schism_cluster":"Sacramento–West Sacramento","nearest_rma_station_number":199},"geometry":{"type":"Point","coordinates":[-121.5980701,38.7741498]}},{"type":"Feature","id":209,"properties":{"schism_station_index":209,"schism_short_name":"von2","station_name":"Sacramento River at Verona","schism_cluster":"Sacramento–West Sacramento","nearest_rma_station_number":199},"geometry":{"type":"Point","coordinates":[-121.5980701,38.7741498]}},{"type":"Feature","id":210,"properties":{"schism_station_index":210,"schism_short_name":"smr2","station_name":"S.F. Mokelumne River at New Hope Bridge","schism_cluster":"Snodgrass Slough–Mokelumne junction","nearest_rma_station_number":244},"geometry":{"type":"Point","coordinates":[-121.4908329,38.2252774]}},{"type":"Feature","id":211,"properties":{"schism_station_index":211,"schism_short_name":"mfv","station_name":"Miner Slough at Five Points","schism_cluster":"Miner Slough","nearest_rma_station_number":171},"geometry":{"type":"Point","coordinates":[-121.6447217,38.29]}},{"type":"Feature","id":212,"properties":{"schism_station_index":212,"schism_short_name":"toen","station_name":"Toe Drain at Mallard Road","schism_cluster":"Liberty Island–Toe Drain/Shag Slough","nearest_rma_station_number":174},"geometry":{"type":"Point","coordinates":[-121.6377415,38.3651388]}},{"type":"Feature","id":213,"properties":{"schism_station_index":213,"schism_short_name":"cm72","station_name":"Sacramento River Deep Water Ship Channel Near Freeport","schism_cluster":"Sacramento Deep Water Ship Channel","nearest_rma_station_number":188},"geometry":{"type":"Point","coordinates":[-121.5838742,38.4768754]}},{"type":"Feature","id":214,"properties":{"schism_station_index":214,"schism_short_name":"cm66","station_name":"Sacramento River Deep Water Ship Channel Near Clarksburg","schism_cluster":"Sacramento Deep Water Ship Channel","nearest_rma_station_number":179},"geometry":{"type":"Point","coordinates":[-121.6145551,38.4044447]}},{"type":"Feature","id":215,"properties":{"schism_station_index":215,"schism_short_name":"ulc","station_name":"Ulatis Creek Near Elmira","schism_cluster":"Cache Slough–Ulatis/Haas/Lookout Slough","nearest_rma_station_number":144},"geometry":{"type":"Point","coordinates":[-121.759666,38.2940086]}},{"type":"Feature","id":216,"properties":{"schism_station_index":216,"schism_short_name":"ucs","station_name":"Cache Slough Near Hastings Tract Near Rio Vista","schism_cluster":"Cache Slough–Ulatis/Haas/Lookout Slough","nearest_rma_station_number":150},"geometry":{"type":"Point","coordinates":[-121.7091665,38.2755553]}},{"type":"Feature","id":217,"properties":{"schism_station_index":217,"schism_short_name":"ryf","station_name":"Cache Slough Above Ryer Island Ferry","schism_cluster":"Rio Vista–Cache Slough entrance","nearest_rma_station_number":167},"geometry":{"type":"Point","coordinates":[-121.6580031,38.1939556]}},{"type":"Feature","id":218,"properties":{"schism_station_index":218,"schism_short_name":"confl","station_name":"Suisun Bay At Van Sickle Island","schism_cluster":"Lower Sacramento River at Collinsville","nearest_rma_station_number":88},"geometry":{"type":"Point","coordinates":[-121.88755,38.0495304]}},{"type":"Feature","id":219,"properties":{"schism_station_index":219,"schism_short_name":"has","station_name":"Hass Slough Near Elmira","schism_cluster":"Cache Slough–Ulatis/Haas/Lookout Slough","nearest_rma_station_number":148},"geometry":{"type":"Point","coordinates":[-121.7257392,38.2941496]}},{"type":"Feature","id":220,"properties":{"schism_station_index":220,"schism_short_name":"grizzb","station_name":"Grizzly Bay at Suisun Slough","schism_cluster":"Grizzly Bay","nearest_rma_station_number":63},"geometry":{"type":"Point","coordinates":[-122.0559804,38.1085304]}},{"type":"Feature","id":221,"properties":{"schism_station_index":221,"schism_short_name":"gzm","station_name":"Grizzly Bay at Head of Montezuma Slough Buoy","schism_cluster":"Montezuma Slough–eastern Suisun Marsh","nearest_rma_station_number":62},"geometry":{"type":"Point","coordinates":[-122.0602028,38.141301]}},{"type":"Feature","id":222,"properties":{"schism_station_index":222,"schism_short_name":"yby","station_name":"Yolo Bypass Near Woodland","schism_cluster":"Sacramento–West Sacramento","nearest_rma_station_number":199},"geometry":{"type":"Point","coordinates":[-121.6430557,38.6777778]}},{"type":"Feature","id":223,"properties":{"schism_station_index":223,"schism_short_name":"glcgs","station_name":"Grant Line Canal Near Tracy","schism_cluster":"Banks/Jones export intake reach","nearest_rma_station_number":362},"geometry":{"type":"Point","coordinates":[-121.5447224,37.82]}},{"type":"Feature","id":224,"properties":{"schism_station_index":224,"schism_short_name":"cm62","station_name":"Sacramento River Deep Water Ship Channel Near Courtland","schism_cluster":"Sacramento Deep Water Ship Channel","nearest_rma_station_number":170},"geometry":{"type":"Point","coordinates":[-121.6438887,38.3416677]}},{"type":"Feature","id":225,"properties":{"schism_station_index":225,"schism_short_name":"mld","station_name":"Suisun Bay at Mallard Island","schism_cluster":"Lower Sacramento River at Collinsville","nearest_rma_station_number":82},"geometry":{"type":"Point","coordinates":[-121.9191179,38.0429917]}},{"type":"Feature","id":226,"properties":{"schism_station_index":226,"schism_short_name":"mld","station_name":"Suisun Bay at Mallard Island","schism_cluster":"Lower Sacramento River at Collinsville","nearest_rma_station_number":82},"geometry":{"type":"Point","coordinates":[-121.9191179,38.0429917]}},{"type":"Feature","id":227,"properties":{"schism_station_index":227,"schism_short_name":"fmb","station_name":"First Mallard Branch","schism_cluster":"Western Suisun Marsh sloughs","nearest_rma_station_number":68},"geometry":{"type":"Point","coordinates":[-122.0328138,38.194894]}},{"type":"Feature","id":228,"properties":{"schism_station_index":228,"schism_short_name":"liw","station_name":"Lisbon Weir","schism_cluster":"Sacramento Deep Water Ship Channel","nearest_rma_station_number":188},"geometry":{"type":"Point","coordinates":[-121.5889251,38.50015]}},{"type":"Feature","id":229,"properties":{"schism_station_index":229,"schism_short_name":"mss","station_name":"Miner Slough Near Sacramento River and Prospect Island","schism_cluster":"Miner Slough","nearest_rma_station_number":164},"geometry":{"type":"Point","coordinates":[-121.6660697,38.2355612]}},{"type":"Feature","id":230,"properties":{"schism_station_index":230,"schism_short_name":"mtz","station_name":"Montezuma Slough Above Grizzly Bay","schism_cluster":"Montezuma Slough–eastern Suisun Marsh","nearest_rma_station_number":62},"geometry":{"type":"Point","coordinates":[-122.0576473,38.1480803]}},{"type":"Feature","id":231,"properties":{"schism_station_index":231,"schism_short_name":"lcut","station_name":"Liberty Cut at Liberty Island","schism_cluster":"Liberty Island–Toe Drain/Shag Slough","nearest_rma_station_number":160},"geometry":{"type":"Point","coordinates":[-121.6675302,38.32885]}},{"type":"Feature","id":232,"properties":{"schism_station_index":232,"schism_short_name":"alv","station_name":"Alviso Slough","schism_cluster":"South Bay","nearest_rma_station_number":2},"geometry":{"type":"Point","coordinates":[-121.9979996,37.4399997]}},{"type":"Feature","id":233,"properties":{"schism_station_index":233,"schism_short_name":"coy","station_name":"Coyote Creek at confluence with Alviso slough","schism_cluster":"South Bay","nearest_rma_station_number":2},"geometry":{"type":"Point","coordinates":[-122.0240001,37.464]}},{"type":"Feature","id":234,"properties":{"schism_station_index":234,"schism_short_name":"dmb","station_name":"Dumbarton Bridge near surface","schism_cluster":"South Bay","nearest_rma_station_number":3},"geometry":{"type":"Point","coordinates":[-122.119,37.5039999]}},{"type":"Feature","id":235,"properties":{"schism_station_index":235,"schism_short_name":"gl","station_name":"Guadalupe Slough","schism_cluster":"South Bay","nearest_rma_station_number":2},"geometry":{"type":"Point","coordinates":[-122.026,37.4349997]}},{"type":"Feature","id":236,"properties":{"schism_station_index":236,"schism_short_name":"mow","station_name":"Mowry Slough","schism_cluster":"South Bay","nearest_rma_station_number":2},"geometry":{"type":"Point","coordinates":[-122.0329996,37.4849995]}},{"type":"Feature","id":237,"properties":{"schism_station_index":237,"schism_short_name":"nw","station_name":"Newark Slough","schism_cluster":"South Bay","nearest_rma_station_number":3},"geometry":{"type":"Point","coordinates":[-122.0820003,37.5130001]}},{"type":"Feature","id":238,"properties":{"schism_station_index":238,"schism_short_name":"pond","station_name":"Pond A8 Outlet at Confluence with Alviso Slough","schism_cluster":"South Bay","nearest_rma_station_number":2},"geometry":{"type":"Point","coordinates":[-121.9800004,37.4240002]}},{"type":"Feature","id":239,"properties":{"schism_station_index":239,"schism_short_name":"sm","station_name":"San Mateo Bridge near surface","schism_cluster":"South Bay","nearest_rma_station_number":2},"geometry":{"type":"Point","coordinates":[-122.0240001,37.464]}},{"type":"Feature","id":240,"properties":{"schism_station_index":240,"schism_short_name":"ssw2","station_name":"Sacramento Weir Spill to Yolo Bypass","schism_cluster":"Sacramento River–Freeport/Clarksburg","nearest_rma_station_number":216},"geometry":{"type":"Point","coordinates":[-121.5541633,38.4402733]}},{"type":"Feature","id":241,"properties":{"schism_station_index":241,"schism_short_name":"sfp17","station_name":"San Francisco Bay at Pier 17","schism_cluster":"Northern Central Bay","nearest_rma_station_number":22},"geometry":{"type":"Point","coordinates":[-122.3963149,37.8033638]}},{"type":"Feature","id":242,"properties":{"schism_station_index":242,"schism_short_name":"mrz2","station_name":"Martinez-Amorco Pier","schism_cluster":"Carquinez Strait","nearest_rma_station_number":50},"geometry":{"type":"Point","coordinates":[-122.1251399,38.0346952]}},{"type":"Feature","id":243,"properties":{"schism_station_index":243,"schism_short_name":"alvz","station_name":"Alviso Slough Near Alviso","schism_cluster":"South Bay","nearest_rma_station_number":2},"geometry":{"type":"Point","coordinates":[-121.998333,37.4399998]}},{"type":"Feature","id":244,"properties":{"schism_station_index":244,"schism_short_name":"dum","station_name":"South San Francisco Bay at Dumbarton Bridge","schism_cluster":"South Bay","nearest_rma_station_number":3},"geometry":{"type":"Point","coordinates":[-122.119445,37.5041664]}},{"type":"Feature","id":245,"properties":{"schism_station_index":245,"schism_short_name":"dum","station_name":"South San Francisco Bay at Dumbarton Bridge","schism_cluster":"South Bay","nearest_rma_station_number":3},"geometry":{"type":"Point","coordinates":[-122.119445,37.5041664]}},{"type":"Feature","id":246,"properties":{"schism_station_index":246,"schism_short_name":"cm","station_name":"Corte Madera Creek Near Larkspur","schism_cluster":"San Pablo Bay","nearest_rma_station_number":32},"geometry":{"type":"Point","coordinates":[-122.514722,37.9433334]}},{"type":"Feature","id":247,"properties":{"schism_station_index":247,"schism_short_name":"orm","station_name":"Old River upstream of Mountain House Creek","schism_cluster":"Bethany–Old River reach","nearest_rma_station_number":368},"geometry":{"type":"Point","coordinates":[-121.5173834,37.7938429]}},{"type":"Feature","id":248,"properties":{"schism_station_index":248,"schism_short_name":"pco","station_name":"Paradise Cut Above Old River","schism_cluster":"Old River–Doughty/Tom Paine complex","nearest_rma_station_number":390},"geometry":{"type":"Point","coordinates":[-121.4123036,37.8019724]}},{"type":"Feature","id":249,"properties":{"schism_station_index":249,"schism_short_name":"pdc","station_name":"Paradise Cut","schism_cluster":"Old River–Doughty/Tom Paine complex","nearest_rma_station_number":390},"geometry":{"type":"Point","coordinates":[-121.4122563,37.8020619]}},{"type":"Feature","id":250,"properties":{"schism_station_index":250,"schism_short_name":"pcw","station_name":"Putah Creek near Winters","schism_cluster":"Western Suisun Marsh sloughs","nearest_rma_station_number":71},"geometry":{"type":"Point","coordinates":[-122.0808333,38.5152781]}},{"type":"Feature","id":251,"properties":{"schism_station_index":251,"schism_short_name":"sjc","station_name":"San Joaquin River near Buckley Cove","schism_cluster":"Stockton Ship Channel–lower San Joaquin/Garwood","nearest_rma_station_number":343},"geometry":{"type":"Point","coordinates":[-121.3857204,37.9802685]}},{"type":"Feature","id":252,"properties":{"schism_station_index":252,"schism_short_name":"dvi","station_name":"San Joaquin River at D.V.I. Pump","schism_cluster":"San Joaquin River–Mossdale/Vernalis","nearest_rma_station_number":420},"geometry":{"type":"Point","coordinates":[-121.3024503,37.750197]}},{"type":"Feature","id":253,"properties":{"schism_station_index":253,"schism_short_name":"jpd","station_name":"San Joaquin River below Paradise Dam","schism_cluster":"San Joaquin River–Mossdale/Vernalis","nearest_rma_station_number":418},"geometry":{"type":"Point","coordinates":[-121.3089774,37.760637]}},{"type":"Feature","id":254,"properties":{"schism_station_index":254,"schism_short_name":"bll","station_name":"Blacklock (NE1)","schism_cluster":"Montezuma Slough–eastern Suisun Marsh","nearest_rma_station_number":84},"geometry":{"type":"Point","coordinates":[-121.9067011,38.1802383]}},{"type":"Feature","id":255,"properties":{"schism_station_index":255,"schism_short_name":"cyg","station_name":"Cygnus-Cordelia Slough","schism_cluster":"Cordelia–Goodyear/Suisun Sloughs","nearest_rma_station_number":56},"geometry":{"type":"Point","coordinates":[-122.090597,38.1528057]}},{"type":"Feature","id":256,"properties":{"schism_station_index":256,"schism_short_name":"god","station_name":"Godfather II on Suisun Slough","schism_cluster":"Cordelia–Goodyear/Suisun Sloughs","nearest_rma_station_number":59},"geometry":{"type":"Point","coordinates":[-122.0812,38.1238]}},{"type":"Feature","id":257,"properties":{"schism_station_index":257,"schism_short_name":"hun","station_name":"Hunter Cut at Montezuma Slough","schism_cluster":"Montezuma Slough–eastern Suisun Marsh","nearest_rma_station_number":65},"geometry":{"type":"Point","coordinates":[-122.0527,38.156]}},{"type":"Feature","id":258,"properties":{"schism_station_index":258,"schism_short_name":"msl","station_name":"Montezuma Slough at Roaring River","schism_cluster":"Montezuma Slough–eastern Suisun Marsh","nearest_rma_station_number":87},"geometry":{"type":"Point","coordinates":[-121.8872,38.0934]}},{"type":"Feature","id":259,"properties":{"schism_station_index":259,"schism_short_name":"gzb","station_name":"Grizzly Bay Buoy","schism_cluster":"Grizzly Bay","nearest_rma_station_number":72},"geometry":{"type":"Point","coordinates":[-122.0075808,38.1231408]}},{"type":"Feature","id":260,"properties":{"schism_station_index":260,"schism_short_name":"alam","station_name":"Alameda Creek Flood Channel at Union City","schism_cluster":"South Bay","nearest_rma_station_number":8},"geometry":{"type":"Point","coordinates":[-122.047,37.585833]}},{"type":"Feature","id":261,"properties":{"schism_station_index":261,"schism_short_name":"tea","station_name":"Teal Club at Frank Horan Slough","schism_cluster":"Western Suisun Marsh sloughs","nearest_rma_station_number":57},"geometry":{"type":"Point","coordinates":[-122.0861105,38.1766627]}},{"type":"Feature","id":262,"properties":{"schism_station_index":262,"schism_short_name":"hsl","station_name":"Hill Slough","schism_cluster":"Western Suisun Marsh sloughs","nearest_rma_station_number":71},"geometry":{"type":"Point","coordinates":[-122.0211105,38.2263823]}},{"type":"Feature","id":263,"properties":{"schism_station_index":263,"schism_short_name":"hst","station_name":"American River at H Street Bridge","schism_cluster":"Sacramento–West Sacramento","nearest_rma_station_number":229},"geometry":{"type":"Point","coordinates":[-121.4240001,38.5686104]}},{"type":"Feature","id":264,"properties":{"schism_station_index":264,"schism_short_name":"sstw","station_name":"Liberty Island at Upper Stair Step","schism_cluster":"Liberty Island–Toe Drain/Shag Slough","nearest_rma_station_number":166},"geometry":{"type":"Point","coordinates":[-121.6500488,38.3358992]}},{"type":"Feature","id":265,"properties":{"schism_station_index":265,"schism_short_name":"psf","station_name":"Prospect Slough Near Five Points","schism_cluster":"Lower Cache Slough–Liberty/Prospect/Lindsey","nearest_rma_station_number":156},"geometry":{"type":"Point","coordinates":[-121.6821866,38.2398825]}},{"type":"Feature","id":266,"properties":{"schism_station_index":266,"schism_short_name":"toes","station_name":"Toe Drain at Five Points","schism_cluster":"Liberty Island–Toe Drain/Shag Slough","nearest_rma_station_number":165},"geometry":{"type":"Point","coordinates":[-121.6606015,38.2921866]}},{"type":"Feature","id":267,"properties":{"schism_station_index":267,"schism_short_name":"lhtn","station_name":"Little Holland Tract at North Breach Near Holland Tract","schism_cluster":"Liberty Island–Toe Drain/Shag Slough","nearest_rma_station_number":166},"geometry":{"type":"Point","coordinates":[-121.6581585,38.3354065]}},{"type":"Feature","id":268,"properties":{"schism_station_index":268,"schism_short_name":"lhtse","station_name":"Prospect Slough at Toe Drain Near Courtland","schism_cluster":"Liberty Island–Toe Drain/Shag Slough","nearest_rma_station_number":166},"geometry":{"type":"Point","coordinates":[-121.6581585,38.3354065]}},{"type":"Feature","id":269,"properties":{"schism_station_index":269,"schism_short_name":"cbs","station_name":"Cache Slough below Shag Slough","schism_cluster":"Lower Cache Slough–Liberty/Prospect/Lindsey","nearest_rma_station_number":154},"geometry":{"type":"Point","coordinates":[-121.6870667,38.2506254]}},{"type":"Feature","id":270,"properties":{"schism_station_index":270,"schism_short_name":"lcts","station_name":"Liberty Cut at Five Points","schism_cluster":"Liberty Island–Toe Drain/Shag Slough","nearest_rma_station_number":162},"geometry":{"type":"Point","coordinates":[-121.6670913,38.2968386]}},{"type":"Feature","id":271,"properties":{"schism_station_index":271,"schism_short_name":"lct","station_name":"Liberty Cut at Holland Tract","schism_cluster":"Liberty Island–Toe Drain/Shag Slough","nearest_rma_station_number":160},"geometry":{"type":"Point","coordinates":[-121.6675347,38.3288537]}},{"type":"Feature","id":272,"properties":{"schism_station_index":272,"schism_short_name":"mrx","station_name":"Middle River near Tracy Blvd","schism_cluster":"Middle River–Union Point/Tracy Boulevard","nearest_rma_station_number":328},"geometry":{"type":"Point","coordinates":[-121.4673901,37.88141]}},{"type":"Feature","id":273,"properties":{"schism_station_index":273,"schism_short_name":"mhb","station_name":"Cosumnes River at Michigan Bar","schism_cluster":"Sacramento River–Freeport/Clarksburg","nearest_rma_station_number":237},"geometry":{"type":"Point","coordinates":[-121.044171,38.50028]}},{"type":"Feature","id":274,"properties":{"schism_station_index":274,"schism_short_name":"wbr","station_name":"Mokelumne River at Woodbridge","schism_cluster":"Hog Slough","nearest_rma_station_number":253},"geometry":{"type":"Point","coordinates":[-121.3024954,38.1586124]}},{"type":"Feature","id":275,"properties":{"schism_station_index":275,"schism_short_name":"awb","station_name":"American River below Watt Ave Bridge","schism_cluster":"Sacramento–West Sacramento","nearest_rma_station_number":229},"geometry":{"type":"Point","coordinates":[-121.3872241,38.5672262]}},{"type":"Feature","id":276,"properties":{"schism_station_index":276,"schism_short_name":"rye","station_name":"Cache Slough above Ryer Island Ferry","schism_cluster":"Rio Vista–Cache Slough entrance","nearest_rma_station_number":167},"geometry":{"type":"Point","coordinates":[-121.6580066,38.1939538]}},{"type":"Feature","id":277,"properties":{"schism_station_index":277,"schism_short_name":"c16","station_name":"Suisun Bay at Channel Marker 16 Near Port Chicago","schism_cluster":"Suisun Bay","nearest_rma_station_number":70},"geometry":{"type":"Point","coordinates":[-122.04352,38.06553]}},{"type":"Feature","id":278,"properties":{"schism_station_index":278,"schism_short_name":"c24","station_name":"Suisun Bay at Channel Marker 24A Near Bay Point","schism_cluster":"Suisun Bay","nearest_rma_station_number":79},"geometry":{"type":"Point","coordinates":[-121.95429,38.0551]}},{"type":"Feature","id":279,"properties":{"schism_station_index":279,"schism_short_name":"c24","station_name":"Suisun Bay at Channel Marker 24A Near Bay Point","schism_cluster":"Suisun Bay","nearest_rma_station_number":79},"geometry":{"type":"Point","coordinates":[-121.95429,38.0551]}},{"type":"Feature","id":280,"properties":{"schism_station_index":280,"schism_short_name":"co5","station_name":"Suisun Bay at Channel Marker 5 at Collinsville","schism_cluster":"Pittsburg–Antioch Confluence Reach","nearest_rma_station_number":94},"geometry":{"type":"Point","coordinates":[-121.8358099,38.06578]}},{"type":"Feature","id":281,"properties":{"schism_station_index":281,"schism_short_name":"c10","station_name":"Suisun Bay at Channel Marker 10 Near Collinsville","schism_cluster":"Pittsburg–Antioch Confluence Reach","nearest_rma_station_number":97},"geometry":{"type":"Point","coordinates":[-121.79989,38.05983]}},{"type":"Feature","id":282,"properties":{"schism_station_index":282,"schism_short_name":"m13","station_name":"Sacramento R Below Toland Landing Near Rio Vista","schism_cluster":"Sacramento River–Sherman Island","nearest_rma_station_number":102},"geometry":{"type":"Point","coordinates":[-121.76729,38.07781]}},{"type":"Feature","id":283,"properties":{"schism_station_index":283,"schism_short_name":"m13","station_name":"Sacramento R Below Toland Landing Near Rio Vista","schism_cluster":"Sacramento River–Sherman Island","nearest_rma_station_number":102},"geometry":{"type":"Point","coordinates":[-121.76729,38.07781]}},{"type":"Feature","id":284,"properties":{"schism_station_index":284,"schism_short_name":"knl","station_name":"Sacramento River at Knights Landing","schism_cluster":"Sacramento–West Sacramento","nearest_rma_station_number":199},"geometry":{"type":"Point","coordinates":[-121.716391,38.803348]}},{"type":"Feature","id":285,"properties":{"schism_station_index":285,"schism_short_name":"klup","station_name":"Sacramento River above CBD","schism_cluster":"Sacramento–West Sacramento","nearest_rma_station_number":199},"geometry":{"type":"Point","coordinates":[-121.72372,38.80521]}},{"type":"Feature","id":286,"properties":{"schism_station_index":286,"schism_short_name":"wlk","station_name":"Sacramento River below Wilkins Sl near Grimes","schism_cluster":"Sacramento–West Sacramento","nearest_rma_station_number":199},"geometry":{"type":"Point","coordinates":[-121.82469,39.0099]}},{"type":"Feature","id":287,"properties":{"schism_station_index":287,"schism_short_name":"ssw","station_name":"Sacramento River above Sacramento Weir","schism_cluster":"Sacramento–West Sacramento","nearest_rma_station_number":199},"geometry":{"type":"Point","coordinates":[-121.5593,38.60805]}},{"type":"Feature","id":288,"properties":{"schism_station_index":288,"schism_short_name":"ssa","station_name":"San Joaquin River at San Andreas Landing","schism_cluster":"Brannan–Andrus Island junction","nearest_rma_station_number":129},"geometry":{"type":"Point","coordinates":[-121.5913838,38.1033325]}},{"type":"Feature","id":289,"properties":{"schism_station_index":289,"schism_short_name":"otww","station_name":"Old River downstream of Tracy WW Outfall","schism_cluster":"Old River–Doughty/Tom Paine complex","nearest_rma_station_number":392},"geometry":{"type":"Point","coordinates":[-121.4086416,37.8064201]}},{"type":"Feature","id":290,"properties":{"schism_station_index":290,"schism_short_name":"pccu","station_name":"Old River at Paradise Cut Confluence Upstream","schism_cluster":"Old River–Doughty/Tom Paine complex","nearest_rma_station_number":390},"geometry":{"type":"Point","coordinates":[-121.4146859,37.8068892]}},{"type":"Feature","id":291,"properties":{"schism_station_index":291,"schism_short_name":"pccd","station_name":"Old River at Paradise Cut Confluence Downstream","schism_cluster":"Old River–Doughty/Tom Paine complex","nearest_rma_station_number":384},"geometry":{"type":"Point","coordinates":[-121.420229,37.8042329]}},{"type":"Feature","id":292,"properties":{"schism_station_index":292,"schism_short_name":"otbd","station_name":"Old River above Tracy Drain","schism_cluster":"Old River–Doughty/Tom Paine complex","nearest_rma_station_number":381},"geometry":{"type":"Point","coordinates":[-121.4428345,37.8019834]}},{"type":"Feature","id":293,"properties":{"schism_station_index":293,"schism_short_name":"obrd","station_name":"Old River at Bethany Rd Drain","schism_cluster":"Bethany–Old River reach","nearest_rma_station_number":369},"geometry":{"type":"Point","coordinates":[-121.504597,37.7852997]}},{"type":"Feature","id":294,"properties":{"schism_station_index":294,"schism_short_name":"wcnm","station_name":"Wicklund Cut near Mouth","schism_cluster":"Bethany–Old River reach","nearest_rma_station_number":368},"geometry":{"type":"Point","coordinates":[-121.5162391,37.7897278]}},{"type":"Feature","id":295,"properties":{"schism_station_index":295,"schism_short_name":"wcbr","station_name":"Wicklund Cut at Bethany Rd Bridge","schism_cluster":"Bethany–Old River reach","nearest_rma_station_number":369},"geometry":{"type":"Point","coordinates":[-121.5173229,37.7803865]}},{"type":"Feature","id":296,"properties":{"schism_station_index":296,"schism_short_name":"mhcm","station_name":"Mountain House Creek","schism_cluster":"Bethany–Old River reach","nearest_rma_station_number":368},"geometry":{"type":"Point","coordinates":[-121.525647,37.7969207]}},{"type":"Feature","id":297,"properties":{"schism_station_index":297,"schism_short_name":"tppa","station_name":"Tom Paine Slough at Paradise Ave","schism_cluster":"Tom Paine Slough–Paradise Cut/Pescadero","nearest_rma_station_number":399},"geometry":{"type":"Point","coordinates":[-121.3822983,37.7742207]}},{"type":"Feature","id":298,"properties":{"schism_station_index":298,"schism_short_name":"oaad","station_name":"Old River Anchored at ADCP Downstream","schism_cluster":"Bethany–Old River reach","nearest_rma_station_number":373},"geometry":{"type":"Point","coordinates":[-121.498374,37.782395]}},{"type":"Feature","id":299,"properties":{"schism_station_index":299,"schism_short_name":"orfu","station_name":"Old River Flux Station Upstream","schism_cluster":"Bethany–Old River reach","nearest_rma_station_number":373},"geometry":{"type":"Point","coordinates":[-121.480866,37.785827]}},{"type":"Feature","id":300,"properties":{"schism_station_index":300,"schism_short_name":"pcsb","station_name":"Paradise Cut Upstream at South Bridge","schism_cluster":"Tom Paine Slough–Paradise Cut/Pescadero","nearest_rma_station_number":406},"geometry":{"type":"Point","coordinates":[-121.369014,37.79993]}},{"type":"Feature","id":301,"properties":{"schism_station_index":301,"schism_short_name":"pcnb","station_name":"Paradise Cut Upstream at North Bridge","schism_cluster":"Tom Paine Slough–Paradise Cut/Pescadero","nearest_rma_station_number":406},"geometry":{"type":"Point","coordinates":[-121.367467,37.80111]}},{"type":"Feature","id":302,"properties":{"schism_station_index":302,"schism_short_name":"glw","station_name":"Grant Line Canal West","schism_cluster":"Grant Line Canal","nearest_rma_station_number":367},"geometry":{"type":"Point","coordinates":[-121.521,37.82029]}},{"type":"Feature","id":303,"properties":{"schism_station_index":303,"schism_short_name":"dar","station_name":"Drainage at Arbor Road","schism_cluster":"Old River–Doughty/Tom Paine complex","nearest_rma_station_number":389},"geometry":{"type":"Point","coordinates":[-121.41941,37.76896]}},{"type":"Feature","id":304,"properties":{"schism_station_index":304,"schism_short_name":"wwc","station_name":"Woodward Cut","schism_cluster":"Old River–Fay/Woodward/Byron reach","nearest_rma_station_number":306},"geometry":{"type":"Point","coordinates":[-121.5553117,37.913768]}},{"type":"Feature","id":305,"properties":{"schism_station_index":305,"schism_short_name":"rrcn","station_name":"Railroad Cut North","schism_cluster":"Old River–Fay/Woodward/Byron reach","nearest_rma_station_number":304},"geometry":{"type":"Point","coordinates":[-121.5556619,37.9406264]}},{"type":"Feature","id":306,"properties":{"schism_station_index":306,"schism_short_name":"rrcs","station_name":"Railroad Cut South","schism_cluster":"Old River–Fay/Woodward/Byron reach","nearest_rma_station_number":303},"geometry":{"type":"Point","coordinates":[-121.5564618,37.9395014]}},{"type":"Feature","id":307,"properties":{"schism_station_index":307,"schism_short_name":"JT1","station_name":"JT_Clarksburg_Sac River River","schism_cluster":"Sacramento River–Freeport/Clarksburg","nearest_rma_station_number":219},"geometry":{"type":"Point","coordinates":[-121.5251488,38.4185153]}},{"type":"Feature","id":308,"properties":{"schism_station_index":308,"schism_short_name":"JT2","station_name":"JT_Hood_Sac River River","schism_cluster":"Sacramento River–Courtland/Hood","nearest_rma_station_number":222},"geometry":{"type":"Point","coordinates":[-121.5208563,38.3682058]}},{"type":"Feature","id":309,"properties":{"schism_station_index":309,"schism_short_name":"JT3","station_name":"JT_Courtland_Sac River River","schism_cluster":"Sacramento River–Courtland/Hood","nearest_rma_station_number":197},"geometry":{"type":"Point","coordinates":[-121.5703192,38.3322402]}},{"type":"Feature","id":310,"properties":{"schism_station_index":310,"schism_short_name":"JT4","station_name":"JT_Locke_Sac River River","schism_cluster":"Walnut Grove–Delta Cross Channel","nearest_rma_station_number":233},"geometry":{"type":"Point","coordinates":[-121.5105301,38.2503032]}},{"type":"Feature","id":311,"properties":{"schism_station_index":311,"schism_short_name":"JT5","station_name":"JT_Walnut Grove Cross Channel_Sac River","schism_cluster":"Walnut Grove–Delta Cross Channel","nearest_rma_station_number":231},"geometry":{"type":"Point","coordinates":[-121.5113884,38.2462251]}},{"type":"Feature","id":312,"properties":{"schism_station_index":312,"schism_short_name":"JT6","station_name":"JT_Old Walnut Grove_Snodgrass Slough","schism_cluster":"Snodgrass Slough–Mokelumne junction","nearest_rma_station_number":232},"geometry":{"type":"Point","coordinates":[-121.5111631,38.2291416]}},{"type":"Feature","id":313,"properties":{"schism_station_index":313,"schism_short_name":"JT7","station_name":"JT_Wimpy's Marina_Mokelumne Confluence","schism_cluster":"Snodgrass Slough–Mokelumne junction","nearest_rma_station_number":243},"geometry":{"type":"Point","coordinates":[-121.4925071,38.2273585]}},{"type":"Feature","id":314,"properties":{"schism_station_index":314,"schism_short_name":"JT8","station_name":"JT_Ryde_Sac River","schism_cluster":"Sacramento River–Ryde/Isleton","nearest_rma_station_number":202},"geometry":{"type":"Point","coordinates":[-121.5583786,38.2372314]}},{"type":"Feature","id":315,"properties":{"schism_station_index":315,"schism_short_name":"JT9","station_name":"JT_Trailer Park_Sac River","schism_cluster":"Sacramento River–Ryde/Isleton","nearest_rma_station_number":204},"geometry":{"type":"Point","coordinates":[-121.5568122,38.2235193]}},{"type":"Feature","id":316,"properties":{"schism_station_index":316,"schism_short_name":"JT10","station_name":"JT_Isleton_Sac River","schism_cluster":"Sacramento River–Ryde/Isleton","nearest_rma_station_number":126},"geometry":{"type":"Point","coordinates":[-121.6146995,38.1628757]}},{"type":"Feature","id":317,"properties":{"schism_station_index":317,"schism_short_name":"JT11","station_name":"JT_Vieras Resort_Sac River","schism_cluster":"Sacramento River–Ryde/Isleton","nearest_rma_station_number":125},"geometry":{"type":"Point","coordinates":[-121.6402556,38.1724411]}},{"type":"Feature","id":318,"properties":{"schism_station_index":318,"schism_short_name":"JT12","station_name":"JT_Snug Harbor Marina_Steamboat Slough","schism_cluster":"Steamboat Slough","nearest_rma_station_number":181},"geometry":{"type":"Point","coordinates":[-121.6126103,38.1989147]}},{"type":"Feature","id":319,"properties":{"schism_station_index":319,"schism_short_name":"JT13","station_name":"JT_Brannan Marinas_Mokelumne SJ Confluence","schism_cluster":"Brannan–Andrus Island junction","nearest_rma_station_number":134},"geometry":{"type":"Point","coordinates":[-121.5710462,38.096576]}},{"type":"Feature","id":320,"properties":{"schism_station_index":320,"schism_short_name":"JT14","station_name":"JT_Brannan Marinas_San Joaquin River","schism_cluster":"Brannan–Andrus Island junction","nearest_rma_station_number":127},"geometry":{"type":"Point","coordinates":[-121.6140903,38.1066397]}},{"type":"Feature","id":321,"properties":{"schism_station_index":321,"schism_short_name":"JT15","station_name":"JT_Dutch Slough","schism_cluster":"Dutch Slough–Big Break","nearest_rma_station_number":262},"geometry":{"type":"Point","coordinates":[-121.6576111,38.0121534]}},{"type":"Feature","id":322,"properties":{"schism_station_index":322,"schism_short_name":"JT16","station_name":"JT_Taylor Dutch Slough Confluence","schism_cluster":"Taylor Slough–Piper Slough","nearest_rma_station_number":264},"geometry":{"type":"Point","coordinates":[-121.6492855,38.0173772]}},{"type":"Feature","id":323,"properties":{"schism_station_index":323,"schism_short_name":"JT17","station_name":"JT_Taylor Slough","schism_cluster":"Taylor Slough–Piper Slough","nearest_rma_station_number":261},"geometry":{"type":"Point","coordinates":[-121.6630399,38.0274011]}},{"type":"Feature","id":324,"properties":{"schism_station_index":324,"schism_short_name":"JT18","station_name":"JT_Willow Park Marina_Sand Mound Slough","schism_cluster":"Bethel Island–Delta Coves/Sand Mound","nearest_rma_station_number":271},"geometry":{"type":"Point","coordinates":[-121.6279995,38.0071828]}},{"type":"Feature","id":325,"properties":{"schism_station_index":325,"schism_short_name":"JT19","station_name":"JT_Summer Lake_Sand Mound Slough","schism_cluster":"Rock Slough–Sand Mound/Summer Lake","nearest_rma_station_number":273},"geometry":{"type":"Point","coordinates":[-121.623667,37.9903704]}},{"type":"Feature","id":326,"properties":{"schism_station_index":326,"schism_short_name":"JT20","station_name":"JT_Bethel Island_Delta Coves","schism_cluster":"Bethel Island–Delta Coves/Sand Mound","nearest_rma_station_number":277},"geometry":{"type":"Point","coordinates":[-121.6114047,38.0152803]}},{"type":"Feature","id":327,"properties":{"schism_station_index":327,"schism_short_name":"JT21","station_name":"JT_King Island Marina Trailer Park_White Slough","schism_cluster":"Disappointment–Fourteen Mile Slough","nearest_rma_station_number":330},"geometry":{"type":"Point","coordinates":[-121.4592269,38.0547267]}},{"type":"Feature","id":328,"properties":{"schism_station_index":328,"schism_short_name":"JT22","station_name":"JT_Orowood_Old River","schism_cluster":"Discovery Bay–Indian Slough","nearest_rma_station_number":278},"geometry":{"type":"Point","coordinates":[-121.6122415,37.9396236]}},{"type":"Feature","id":329,"properties":{"schism_station_index":329,"schism_short_name":"E1","station_name":"471","schism_cluster":"Liberty Island–Toe Drain/Shag Slough","nearest_rma_station_number":172},"geometry":{"type":"Point","coordinates":[-121.6425958,38.3552251]}},{"type":"Feature","id":330,"properties":{"schism_station_index":330,"schism_short_name":"E2","station_name":"8789","schism_cluster":"Liberty Island–Toe Drain/Shag Slough","nearest_rma_station_number":175},"geometry":{"type":"Point","coordinates":[-121.63484,38.3716761]}},{"type":"Feature","id":331,"properties":{"schism_station_index":331,"schism_short_name":"E3","station_name":"12021","schism_cluster":"Liberty Island–Toe Drain/Shag Slough","nearest_rma_station_number":175},"geometry":{"type":"Point","coordinates":[-121.63484,38.3716761]}},{"type":"Feature","id":332,"properties":{"schism_station_index":332,"schism_short_name":"E4","station_name":"17838","schism_cluster":"Calhoun–Lindsey Slough/Hastings Tract","nearest_rma_station_number":141},"geometry":{"type":"Point","coordinates":[-121.7914265,38.2600348]}},{"type":"Feature","id":333,"properties":{"schism_station_index":333,"schism_short_name":"E5","station_name":"20016","schism_cluster":"Cache Slough–Ulatis/Haas/Lookout Slough","nearest_rma_station_number":143},"geometry":{"type":"Point","coordinates":[-121.7728707,38.2910279]}},{"type":"Feature","id":334,"properties":{"schism_station_index":334,"schism_short_name":"E6","station_name":"21974","schism_cluster":"Liberty Island–Toe Drain/Shag Slough","nearest_rma_station_number":178},"geometry":{"type":"Point","coordinates":[-121.6210815,38.4010128]}},{"type":"Feature","id":335,"properties":{"schism_station_index":335,"schism_short_name":"E7","station_name":"23315","schism_cluster":"San Joaquin River–Mossdale/Vernalis","nearest_rma_station_number":421},"geometry":{"type":"Point","coordinates":[-121.2983707,37.7249117]}},{"type":"Feature","id":336,"properties":{"schism_station_index":336,"schism_short_name":"E8","station_name":"26178","schism_cluster":"Rio Vista–Cache Slough entrance","nearest_rma_station_number":123},"geometry":{"type":"Point","coordinates":[-121.6532438,38.1729322]}},{"type":"Feature","id":337,"properties":{"schism_station_index":337,"schism_short_name":"E9","station_name":"27138","schism_cluster":"Sacramento River–Courtland/Hood","nearest_rma_station_number":196},"geometry":{"type":"Point","coordinates":[-121.5711219,38.3334249]}},{"type":"Feature","id":338,"properties":{"schism_station_index":338,"schism_short_name":"E10","station_name":"27344","schism_cluster":"San Joaquin River–Mossdale/Vernalis","nearest_rma_station_number":424},"geometry":{"type":"Point","coordinates":[-121.2669812,37.7205425]}},{"type":"Feature","id":339,"properties":{"schism_station_index":339,"schism_short_name":"E11","station_name":"28670","schism_cluster":"Beaver Slough","nearest_rma_station_number":255},"geometry":{"type":"Point","coordinates":[-121.446243,38.2044295]}},{"type":"Feature","id":340,"properties":{"schism_station_index":340,"schism_short_name":"E12","station_name":"38984","schism_cluster":"Discovery Bay–Indian Slough","nearest_rma_station_number":290},"geometry":{"type":"Point","coordinates":[-121.5868521,37.9210404]}},{"type":"Feature","id":341,"properties":{"schism_station_index":341,"schism_short_name":"E13","station_name":"51172","schism_cluster":"Middle River–Howard Road reach","nearest_rma_station_number":402},"geometry":{"type":"Point","coordinates":[-121.3771859,37.8618974]}},{"type":"Feature","id":342,"properties":{"schism_station_index":342,"schism_short_name":"E14","station_name":"51445","schism_cluster":"San Joaquin River–Howard/Brandt Bridge","nearest_rma_station_number":411},"geometry":{"type":"Point","coordinates":[-121.3328152,37.8740231]}},{"type":"Feature","id":343,"properties":{"schism_station_index":343,"schism_short_name":"E15","station_name":"51506","schism_cluster":"Middle River–Union Point/Tracy Boulevard","nearest_rma_station_number":328},"geometry":{"type":"Point","coordinates":[-121.4687342,37.8816642]}},{"type":"Feature","id":344,"properties":{"schism_station_index":344,"schism_short_name":"E16","station_name":"51566","schism_cluster":"Stockton Ship Channel–lower San Joaquin/Garwood","nearest_rma_station_number":347},"geometry":{"type":"Point","coordinates":[-121.3597292,37.9407587]}},{"type":"Feature","id":345,"properties":{"schism_station_index":345,"schism_short_name":"E17","station_name":"51829","schism_cluster":"Middle River–Union Point/Tracy Boulevard","nearest_rma_station_number":332},"geometry":{"type":"Point","coordinates":[-121.4574913,37.88133]}},{"type":"Feature","id":346,"properties":{"schism_station_index":346,"schism_short_name":"E18","station_name":"51858","schism_cluster":"Middle River–Union Point/Tracy Boulevard","nearest_rma_station_number":377},"geometry":{"type":"Point","coordinates":[-121.4533059,37.8817196]}},{"type":"Feature","id":347,"properties":{"schism_station_index":347,"schism_short_name":"E19","station_name":"52041","schism_cluster":"Middle River–Union Point/Tracy Boulevard","nearest_rma_station_number":326},"geometry":{"type":"Point","coordinates":[-121.4852861,37.8844944]}},{"type":"Feature","id":348,"properties":{"schism_station_index":348,"schism_short_name":"E20","station_name":"52113","schism_cluster":"New Hope–Mokelumne reach","nearest_rma_station_number":250},"geometry":{"type":"Point","coordinates":[-121.4605165,38.2587011]}},{"type":"Feature","id":349,"properties":{"schism_station_index":349,"schism_short_name":"E21","station_name":"52195","schism_cluster":"Old River–Doughty/Tom Paine complex","nearest_rma_station_number":384},"geometry":{"type":"Point","coordinates":[-121.4224417,37.80045]}},{"type":"Feature","id":350,"properties":{"schism_station_index":350,"schism_short_name":"E22","station_name":"52394","schism_cluster":"Sacramento River–Courtland/Hood","nearest_rma_station_number":212},"geometry":{"type":"Point","coordinates":[-121.5388964,38.3468865]}},{"type":"Feature","id":351,"properties":{"schism_station_index":351,"schism_short_name":"E23","station_name":"52469","schism_cluster":"Sacramento River–Courtland/Hood","nearest_rma_station_number":214},"geometry":{"type":"Point","coordinates":[-121.5353599,38.35097]}},{"type":"Feature","id":352,"properties":{"schism_station_index":352,"schism_short_name":"E24","station_name":"53153","schism_cluster":"Sacramento River–Freeport/Clarksburg","nearest_rma_station_number":235},"geometry":{"type":"Point","coordinates":[-121.5042802,38.4600876]}},{"type":"Feature","id":353,"properties":{"schism_station_index":353,"schism_short_name":"E25","station_name":"53158","schism_cluster":"Sacramento River–Freeport/Clarksburg","nearest_rma_station_number":216},"geometry":{"type":"Point","coordinates":[-121.5315197,38.4342951]}},{"type":"Feature","id":354,"properties":{"schism_station_index":354,"schism_short_name":"E26","station_name":"53246","schism_cluster":"Grant Line Canal","nearest_rma_station_number":378},"geometry":{"type":"Point","coordinates":[-121.4526889,37.8204278]}},{"type":"Feature","id":355,"properties":{"schism_station_index":355,"schism_short_name":"E27","station_name":"53448","schism_cluster":"Sacramento River–Ryde/Isleton","nearest_rma_station_number":192},"geometry":{"type":"Point","coordinates":[-121.5823147,38.1875588]}},{"type":"Feature","id":356,"properties":{"schism_station_index":356,"schism_short_name":"E28","station_name":"53469","schism_cluster":"Tom Paine Slough–Paradise Cut/Pescadero","nearest_rma_station_number":407},"geometry":{"type":"Point","coordinates":[-121.3524028,37.7902028]}},{"type":"Feature","id":357,"properties":{"schism_station_index":357,"schism_short_name":"E29","station_name":"53615","schism_cluster":"Tom Paine Slough–Paradise Cut/Pescadero","nearest_rma_station_number":409},"geometry":{"type":"Point","coordinates":[-121.3511972,37.7671317]}},{"type":"Feature","id":358,"properties":{"schism_station_index":358,"schism_short_name":"E30","station_name":"53660","schism_cluster":"Middle River–Mildred/Woodward","nearest_rma_station_number":312},"geometry":{"type":"Point","coordinates":[-121.5293199,37.9629309]}},{"type":"Feature","id":359,"properties":{"schism_station_index":359,"schism_short_name":"E31","station_name":"53681","schism_cluster":"Tom Paine Slough–Paradise Cut/Pescadero","nearest_rma_station_number":394},"geometry":{"type":"Point","coordinates":[-121.3895147,37.7775407]}},{"type":"Feature","id":360,"properties":{"schism_station_index":360,"schism_short_name":"E32","station_name":"53739","schism_cluster":"Sacramento River–Ryde/Isleton","nearest_rma_station_number":206},"geometry":{"type":"Point","coordinates":[-121.5554067,38.2257277]}},{"type":"Feature","id":361,"properties":{"schism_station_index":361,"schism_short_name":"E33","station_name":"53753","schism_cluster":"Steamboat Slough","nearest_rma_station_number":189},"geometry":{"type":"Point","coordinates":[-121.5869245,38.2852351]}},{"type":"Feature","id":362,"properties":{"schism_station_index":362,"schism_short_name":"E34","station_name":"53762","schism_cluster":"Georgiana Slough–Oxbow reach","nearest_rma_station_number":213},"geometry":{"type":"Point","coordinates":[-121.5405989,38.2094869]}},{"type":"Feature","id":363,"properties":{"schism_station_index":363,"schism_short_name":"E35","station_name":"53763","schism_cluster":"Georgiana Slough–Oxbow reach","nearest_rma_station_number":213},"geometry":{"type":"Point","coordinates":[-121.5407277,38.2095298]}},{"type":"Feature","id":364,"properties":{"schism_station_index":364,"schism_short_name":"E36","station_name":"53786","schism_cluster":"New Hope–Mokelumne reach","nearest_rma_station_number":246},"geometry":{"type":"Point","coordinates":[-121.4866036,38.2373078]}},{"type":"Feature","id":365,"properties":{"schism_station_index":365,"schism_short_name":"E37","station_name":"53866","schism_cluster":"North Mokelumne–Staten Island/Eagle Tree","nearest_rma_station_number":135},"geometry":{"type":"Point","coordinates":[-121.5568059,38.1377465]}},{"type":"Feature","id":366,"properties":{"schism_station_index":366,"schism_short_name":"E38","station_name":"53977","schism_cluster":"Middle River–Howard Road reach","nearest_rma_station_number":393},"geometry":{"type":"Point","coordinates":[-121.4031222,37.8862333]}},{"type":"Feature","id":367,"properties":{"schism_station_index":367,"schism_short_name":"E39","station_name":"53986","schism_cluster":"Rio Vista–Cache Slough entrance","nearest_rma_station_number":114},"geometry":{"type":"Point","coordinates":[-121.6839097,38.1467794]}},{"type":"Feature","id":368,"properties":{"schism_station_index":368,"schism_short_name":"E40","station_name":"54035","schism_cluster":"White Slough–Bishop Cut","nearest_rma_station_number":334},"geometry":{"type":"Point","coordinates":[-121.4499785,38.0789034]}},{"type":"Feature","id":369,"properties":{"schism_station_index":369,"schism_short_name":"E41","station_name":"54056","schism_cluster":"San Joaquin River–Mossdale/Vernalis","nearest_rma_station_number":423},"geometry":{"type":"Point","coordinates":[-121.2750498,37.7285937]}},{"type":"Feature","id":370,"properties":{"schism_station_index":370,"schism_short_name":"E42","station_name":"54060","schism_cluster":"Middle River–Howard Road reach","nearest_rma_station_number":400},"geometry":{"type":"Point","coordinates":[-121.3803043,37.8393544]}},{"type":"Feature","id":371,"properties":{"schism_station_index":371,"schism_short_name":"E43","station_name":"54071","schism_cluster":"Old River Head–Roberts Island/Doughty Cut","nearest_rma_station_number":410},"geometry":{"type":"Point","coordinates":[-121.3473612,37.8215479]}},{"type":"Feature","id":372,"properties":{"schism_station_index":372,"schism_short_name":"E44","station_name":"54122","schism_cluster":"Rock Slough–Sand Mound/Summer Lake","nearest_rma_station_number":272},"geometry":{"type":"Point","coordinates":[-121.627242,37.9758129]}},{"type":"Feature","id":373,"properties":{"schism_station_index":373,"schism_short_name":"E45","station_name":"54173","schism_cluster":"Old River–Fay/Woodward/Byron reach","nearest_rma_station_number":302},"geometry":{"type":"Point","coordinates":[-121.5579732,37.933685]}},{"type":"Feature","id":374,"properties":{"schism_station_index":374,"schism_short_name":"E46","station_name":"54352","schism_cluster":"Steamboat Slough","nearest_rma_station_number":194},"geometry":{"type":"Point","coordinates":[-121.576767,38.3042401]}},{"type":"Feature","id":375,"properties":{"schism_station_index":375,"schism_short_name":"E47","station_name":"54416","schism_cluster":"Bethany–Old River reach","nearest_rma_station_number":364},"geometry":{"type":"Point","coordinates":[-121.534642,37.8059033]}},{"type":"Feature","id":376,"properties":{"schism_station_index":376,"schism_short_name":"E48","station_name":"54485","schism_cluster":"Sutter–Elk Slough/Merritt Island","nearest_rma_station_number":207},"geometry":{"type":"Point","coordinates":[-121.5527778,38.3677778]}},{"type":"Feature","id":377,"properties":{"schism_station_index":377,"schism_short_name":"E49","station_name":"54709","schism_cluster":"Sacramento River–Vorden","nearest_rma_station_number":205},"geometry":{"type":"Point","coordinates":[-121.55548,38.28554]}},{"type":"Feature","id":378,"properties":{"schism_station_index":378,"schism_short_name":"E50","station_name":"54755","schism_cluster":"Dutch Slough–Big Break","nearest_rma_station_number":258},"geometry":{"type":"Point","coordinates":[-121.6777146,38.0009895]}},{"type":"Feature","id":379,"properties":{"schism_station_index":379,"schism_short_name":"E51","station_name":"54757","schism_cluster":"Dutch Slough–Big Break","nearest_rma_station_number":259},"geometry":{"type":"Point","coordinates":[-121.6777351,38.0041885]}},{"type":"Feature","id":380,"properties":{"schism_station_index":380,"schism_short_name":"E52","station_name":"54784","schism_cluster":"Steamboat Slough","nearest_rma_station_number":180},"geometry":{"type":"Point","coordinates":[-121.6170509,38.1944913]}},{"type":"Feature","id":381,"properties":{"schism_station_index":381,"schism_short_name":"E53","station_name":"54824","schism_cluster":"Dutch Slough–Big Break","nearest_rma_station_number":257},"geometry":{"type":"Point","coordinates":[-121.6802722,38.0099972]}},{"type":"Feature","id":382,"properties":{"schism_station_index":382,"schism_short_name":"E54","station_name":"54928","schism_cluster":"Bethany–Old River reach","nearest_rma_station_number":366},"geometry":{"type":"Point","coordinates":[-121.5315282,37.8034567]}},{"type":"Feature","id":383,"properties":{"schism_station_index":383,"schism_short_name":"E55","station_name":"54943","schism_cluster":"Grant Line Canal","nearest_rma_station_number":374},"geometry":{"type":"Point","coordinates":[-121.4665538,37.8203389]}},{"type":"Feature","id":384,"properties":{"schism_station_index":384,"schism_short_name":"E56","station_name":"54971","schism_cluster":"Middle River–Howard Road reach","nearest_rma_station_number":397},"geometry":{"type":"Point","coordinates":[-121.3833083,37.8761778]}},{"type":"Feature","id":385,"properties":{"schism_station_index":385,"schism_short_name":"E57","station_name":"55001","schism_cluster":"Sacramento River–Freeport/Clarksburg","nearest_rma_station_number":221},"geometry":{"type":"Point","coordinates":[-121.5233333,38.4355556]}},{"type":"Feature","id":386,"properties":{"schism_station_index":386,"schism_short_name":"E58","station_name":"55029","schism_cluster":"San Joaquin River–Mossdale/Vernalis","nearest_rma_station_number":422},"geometry":{"type":"Point","coordinates":[-121.2790639,37.7090306]}},{"type":"Feature","id":387,"properties":{"schism_station_index":387,"schism_short_name":"E59","station_name":"55604","schism_cluster":"Sacramento River–Ryde/Isleton","nearest_rma_station_number":220},"geometry":{"type":"Point","coordinates":[-121.5274506,38.2391093]}},{"type":"Feature","id":388,"properties":{"schism_station_index":388,"schism_short_name":"E60","station_name":"55727","schism_cluster":"San Joaquin River–Howard/Brandt Bridge","nearest_rma_station_number":416},"geometry":{"type":"Point","coordinates":[-121.3191159,37.8570739]}},{"type":"Feature","id":389,"properties":{"schism_station_index":389,"schism_short_name":"E61","station_name":"55731","schism_cluster":"Sacramento River–Vorden","nearest_rma_station_number":198},"geometry":{"type":"Point","coordinates":[-121.5673012,38.2967136]}},{"type":"Feature","id":390,"properties":{"schism_station_index":390,"schism_short_name":"E62","station_name":"55743","schism_cluster":"Middle River–Howard Road reach","nearest_rma_station_number":401},"geometry":{"type":"Point","coordinates":[-121.3797321,37.8421145]}},{"type":"Feature","id":391,"properties":{"schism_station_index":391,"schism_short_name":"E63","station_name":"55746","schism_cluster":"Georgiana Slough–Oxbow reach","nearest_rma_station_number":218},"geometry":{"type":"Point","coordinates":[-121.5295185,38.2273363]}},{"type":"Feature","id":392,"properties":{"schism_station_index":392,"schism_short_name":"E64","station_name":"57393","schism_cluster":"Sacramento River–Vorden","nearest_rma_station_number":211},"geometry":{"type":"Point","coordinates":[-121.5412556,38.2748364]}},{"type":"Feature","id":393,"properties":{"schism_station_index":393,"schism_short_name":"E65","station_name":"57403","schism_cluster":"Calhoun–Lindsey Slough/Hastings Tract","nearest_rma_station_number":142},"geometry":{"type":"Point","coordinates":[-121.7774281,38.2581392]}},{"type":"Feature","id":394,"properties":{"schism_station_index":394,"schism_short_name":"E66","station_name":"58312","schism_cluster":"Cache Slough–Ulatis/Haas/Lookout Slough","nearest_rma_station_number":147},"geometry":{"type":"Point","coordinates":[-121.7272156,38.3044365]}},{"type":"Feature","id":395,"properties":{"schism_station_index":395,"schism_short_name":"E67","station_name":"58480","schism_cluster":"Cache Slough–Ulatis/Haas/Lookout Slough","nearest_rma_station_number":149},"geometry":{"type":"Point","coordinates":[-121.7159583,38.2926567]}},{"type":"Feature","id":396,"properties":{"schism_station_index":396,"schism_short_name":"E68","station_name":"61882","schism_cluster":"Clifton Court–Old River/Victoria Canal","nearest_rma_station_number":288},"geometry":{"type":"Point","coordinates":[-121.5911111,37.8483333]}},{"type":"Feature","id":397,"properties":{"schism_station_index":397,"schism_short_name":"E69","station_name":"61891","schism_cluster":"New Hope–Mokelumne reach","nearest_rma_station_number":246},"geometry":{"type":"Point","coordinates":[-121.4783333,38.2458333]}},{"type":"Feature","id":398,"properties":{"schism_station_index":398,"schism_short_name":"E70","station_name":"62165","schism_cluster":"Sacramento River–Sherman Island","nearest_rma_station_number":109},"geometry":{"type":"Point","coordinates":[-121.7101189,38.0932381]}},{"type":"Feature","id":399,"properties":{"schism_station_index":399,"schism_short_name":"E71","station_name":"62176","schism_cluster":"Sherman Lake and Sherman Island","nearest_rma_station_number":100},"geometry":{"type":"Point","coordinates":[-121.7800714,38.0362856]}},{"type":"Feature","id":400,"properties":{"schism_station_index":400,"schism_short_name":"E72","station_name":"64640","schism_cluster":"Georgiana Slough–Oxbow reach","nearest_rma_station_number":210},"geometry":{"type":"Point","coordinates":[-121.5431858,38.2232972]}},{"type":"Feature","id":401,"properties":{"schism_station_index":401,"schism_short_name":"Y173","station_name":"replace_Yu_173","schism_cluster":"Calhoun–Lindsey Slough/Hastings Tract","nearest_rma_station_number":140},"geometry":{"type":"Point","coordinates":[-121.795811,38.2737709]}},{"type":"Feature","id":402,"properties":{"schism_station_index":402,"schism_short_name":"Y168146","station_name":"replace_Yu_168_146","schism_cluster":"Dutch Slough–Big Break","nearest_rma_station_number":258},"geometry":{"type":"Point","coordinates":[-121.6937418,37.9994754]}},{"type":"Feature","id":403,"properties":{"schism_station_index":403,"schism_short_name":"Y154","station_name":"replace_Yu_154","schism_cluster":"Clifton Court–Old River/Victoria Canal","nearest_rma_station_number":284},"geometry":{"type":"Point","coordinates":[-121.5994269,37.8383397]}},{"type":"Feature","id":404,"properties":{"schism_station_index":404,"schism_short_name":"Y51","station_name":"replace_Yu_51","schism_cluster":"Clifton Court–Old River/Victoria Canal","nearest_rma_station_number":313},"geometry":{"type":"Point","coordinates":[-121.5300771,37.870908]}},{"type":"Feature","id":405,"properties":{"schism_station_index":405,"schism_short_name":"Y40","station_name":"replace_Yu_40","schism_cluster":"Middle River–Mildred/Bacon/Holt","nearest_rma_station_number":316},"geometry":{"type":"Point","coordinates":[-121.5234102,38.0019577]}}]}
