date,baseline,scenario,location_definition,paired_station_count,maximum_difference_us_cm,maximum_difference_percent_same_station,maximum_direction,maximum_station_id,maximum_station_name,minimum_difference_us_cm,minimum_difference_percent_same_station,minimum_direction,minimum_station_id,minimum_station_name,station_spread_us_cm
2018-10-01,Baseline (BAU),Bolster & Fortify,Franks Tract (10 supplied RMA stations),10,386.040000,97.651542,saltier,285,Frank's Tract North East,-301.980000,-68.673965,fresher,291,Frank's Tract at Sheep Slough,688.020000
2018-10-02,Baseline (BAU),Bolster & Fortify,Franks Tract (10 supplied RMA stations),10,380.930000,96.358931,saltier,285,Frank's Tract North East,-293.030000,-66.638625,fresher,291,Frank's Tract at Sheep Slough,673.960000
2018-10-03,Baseline (BAU),Bolster & Fortify,Franks Tract (10 supplied RMA stations),10,371.530000,93.981135,saltier,285,Frank's Tract North East,-278.660000,-63.370710,fresher,291,Frank's Tract at Sheep Slough,650.190000
2018-10-04,Baseline (BAU),Bolster & Fortify,Franks Tract (10 supplied RMA stations),10,365.140000,92.364739,saltier,285,Frank's Tract North East,-271.710000,-61.790195,fresher,291,Frank's Tract at Sheep Slough,636.850000
2018-10-05,Baseline (BAU),Bolster & Fortify,Franks Tract (10 supplied RMA stations),10,367.710000,93.014839,saltier,285,Frank's Tract North East,-270.750000,-61.571879,fresher,291,Frank's Tract at Sheep Slough,638.460000
2018-10-06,Baseline (BAU),Bolster & Fortify,Franks Tract (10 supplied RMA stations),10,394.610000,99.819384,saltier,285,Frank's Tract North East,-271.400000,-61.719697,fresher,291,Frank's Tract at Sheep Slough,666.010000
2018-10-07,Baseline (BAU),Bolster & Fortify,Franks Tract (10 supplied RMA stations),10,418.090000,105.758815,saltier,285,Frank's Tract North East,-242.740000,-55.202061,fresher,291,Frank's Tract at Sheep Slough,660.830000
2018-10-08,Baseline (BAU),Bolster & Fortify,Franks Tract (10 supplied RMA stations),10,403.910000,102.171884,saltier,285,Frank's Tract North East,-240.770000,-54.754058,fresher,291,Frank's Tract at Sheep Slough,644.680000
2018-10-09,Baseline (BAU),Bolster & Fortify,Franks Tract (10 supplied RMA stations),10,375.090000,94.881662,saltier,285,Frank's Tract North East,-269.690000,-61.330822,fresher,291,Frank's Tract at Sheep Slough,644.780000
2018-10-10,Baseline (BAU),Bolster & Fortify,Franks Tract (10 supplied RMA stations),10,345.050000,87.282832,saltier,285,Frank's Tract North East,-277.700000,-63.152394,fresher,291,Frank's Tract at Sheep Slough,622.750000
2018-10-11,Baseline (BAU),Bolster & Fortify,Franks Tract (10 supplied RMA stations),10,325.070000,82.228750,saltier,285,Frank's Tract North East,-277.470000,-63.100090,fresher,291,Frank's Tract at Sheep Slough,602.540000
2018-10-12,Baseline (BAU),Bolster & Fortify,Franks Tract (10 supplied RMA stations),10,323.750000,81.894847,saltier,285,Frank's Tract North East,-283.340000,-64.435000,fresher,291,Frank's Tract at Sheep Slough,607.090000
2018-10-13,Baseline (BAU),Bolster & Fortify,Franks Tract (10 supplied RMA stations),10,335.410000,84.844326,saltier,285,Frank's Tract North East,-299.880000,-68.196399,fresher,291,Frank's Tract at Sheep Slough,635.290000
2018-10-14,Baseline (BAU),Bolster & Fortify,Franks Tract (10 supplied RMA stations),10,380.210000,96.176802,saltier,285,Frank's Tract North East,-302.180000,-68.719447,fresher,291,Frank's Tract at Sheep Slough,682.390000
2018-10-15,Baseline (BAU),Bolster & Fortify,Franks Tract (10 supplied RMA stations),10,419.400000,106.090189,saltier,285,Frank's Tract North East,-286.170000,-65.078577,fresher,291,Frank's Tract at Sheep Slough,705.570000
2018-10-16,Baseline (BAU),Bolster & Fortify,Franks Tract (10 supplied RMA stations),10,417.930000,105.718342,saltier,285,Frank's Tract North East,-294.790000,-67.038871,fresher,291,Frank's Tract at Sheep Slough,712.720000
2018-10-17,Baseline (BAU),Bolster & Fortify,Franks Tract (10 supplied RMA stations),10,416.760000,105.422382,saltier,285,Frank's Tract North East,-305.980000,-69.583614,fresher,291,Frank's Tract at Sheep Slough,722.740000
2018-10-18,Baseline (BAU),Bolster & Fortify,Franks Tract (10 supplied RMA stations),10,417.570000,105.627278,saltier,285,Frank's Tract North East,-307.890000,-70.017972,fresher,291,Frank's Tract at Sheep Slough,725.460000
2018-10-19,Baseline (BAU),Bolster & Fortify,Franks Tract (10 supplied RMA stations),10,418.640000,105.897942,saltier,285,Frank's Tract North East,-309.940000,-70.484167,fresher,291,Frank's Tract at Sheep Slough,728.580000
2018-10-20,Baseline (BAU),Bolster & Fortify,Franks Tract (10 supplied RMA stations),10,421.970000,106.740289,saltier,285,Frank's Tract North East,-318.610000,-72.455831,fresher,291,Frank's Tract at Sheep Slough,740.580000
2018-10-21,Baseline (BAU),Bolster & Fortify,Franks Tract (10 supplied RMA stations),10,426.250000,107.822945,saltier,285,Frank's Tract North East,-332.070000,-75.516801,fresher,291,Frank's Tract at Sheep Slough,758.320000
2018-10-22,Baseline (BAU),Bolster & Fortify,Franks Tract (10 supplied RMA stations),10,429.600000,108.670351,saltier,285,Frank's Tract North East,-335.170000,-76.221779,fresher,291,Frank's Tract at Sheep Slough,764.770000
2018-10-23,Baseline (BAU),Bolster & Fortify,Franks Tract (10 supplied RMA stations),10,426.670000,107.929187,saltier,285,Frank's Tract North East,-332.420000,-75.596395,fresher,291,Frank's Tract at Sheep Slough,759.090000
2018-10-24,Baseline (BAU),Bolster & Fortify,Franks Tract (10 supplied RMA stations),10,420.210000,106.295084,saltier,285,Frank's Tract North East,-329.440000,-74.918707,fresher,291,Frank's Tract at Sheep Slough,749.650000
2018-10-25,Baseline (BAU),Bolster & Fortify,Franks Tract (10 supplied RMA stations),10,419.170000,106.032009,saltier,285,Frank's Tract North East,-332.470000,-75.607766,fresher,291,Frank's Tract at Sheep Slough,751.640000
2018-10-26,Baseline (BAU),Bolster & Fortify,Franks Tract (10 supplied RMA stations),10,419.300000,106.064893,saltier,285,Frank's Tract North East,-338.030000,-76.872178,fresher,291,Frank's Tract at Sheep Slough,757.330000
2018-10-27,Baseline (BAU),Bolster & Fortify,Franks Tract (10 supplied RMA stations),10,420.300000,106.317850,saltier,285,Frank's Tract North East,-345.540000,-78.580045,fresher,291,Frank's Tract at Sheep Slough,765.840000
2018-10-28,Baseline (BAU),Bolster & Fortify,Franks Tract (10 supplied RMA stations),10,427.550000,108.151789,saltier,285,Frank's Tract North East,-350.330000,-79.669349,fresher,291,Frank's Tract at Sheep Slough,777.880000
2018-10-29,Baseline (BAU),Bolster & Fortify,Franks Tract (10 supplied RMA stations),10,448.090000,113.347527,saltier,285,Frank's Tract North East,-340.730000,-77.486191,fresher,291,Frank's Tract at Sheep Slough,788.820000
2018-10-30,Baseline (BAU),Bolster & Fortify,Franks Tract (10 supplied RMA stations),10,469.630000,118.796222,saltier,285,Frank's Tract North East,-320.090000,-72.792402,fresher,291,Frank's Tract at Sheep Slough,789.720000
2018-10-31,Baseline (BAU),Bolster & Fortify,Franks Tract (10 supplied RMA stations),10,467.520000,118.262482,saltier,285,Frank's Tract North East,-308.510000,-70.158967,fresher,291,Frank's Tract at Sheep Slough,776.030000
2018-11-01,Baseline (BAU),Bolster & Fortify,Franks Tract (10 supplied RMA stations),10,457.480000,115.722794,saltier,285,Frank's Tract North East,-307.050000,-69.826945,fresher,291,Frank's Tract at Sheep Slough,764.530000
2018-11-02,Baseline (BAU),Bolster & Fortify,Franks Tract (10 supplied RMA stations),10,446.180000,112.864379,saltier,285,Frank's Tract North East,-306.600000,-69.724610,fresher,291,Frank's Tract at Sheep Slough,752.780000
2018-11-03,Baseline (BAU),Bolster & Fortify,Franks Tract (10 supplied RMA stations),10,439.050000,111.060795,saltier,285,Frank's Tract North East,-310.230000,-70.550116,fresher,291,Frank's Tract at Sheep Slough,749.280000
2018-11-04,Baseline (BAU),Bolster & Fortify,Franks Tract (10 supplied RMA stations),10,427.820000,108.220087,saltier,285,Frank's Tract North East,-315.850000,-71.828173,fresher,291,Frank's Tract at Sheep Slough,743.670000
2018-11-05,Baseline (BAU),Bolster & Fortify,Franks Tract (10 supplied RMA stations),10,410.430000,103.821164,saltier,285,Frank's Tract North East,-324.980000,-73.904448,fresher,291,Frank's Tract at Sheep Slough,735.410000
2018-11-06,Baseline (BAU),Bolster & Fortify,Franks Tract (10 supplied RMA stations),10,384.800000,97.337875,saltier,285,Frank's Tract North East,-335.580000,-76.315018,fresher,291,Frank's Tract at Sheep Slough,720.380000
2018-11-07,Baseline (BAU),Bolster & Fortify,Franks Tract (10 supplied RMA stations),10,354.550000,89.685924,saltier,285,Frank's Tract North East,-343.910000,-78.209362,fresher,291,Frank's Tract at Sheep Slough,698.460000
2018-11-08,Baseline (BAU),Bolster & Fortify,Franks Tract (10 supplied RMA stations),10,331.690000,83.903326,saltier,285,Frank's Tract North East,-353.430000,-80.374328,fresher,291,Frank's Tract at Sheep Slough,685.120000
2018-11-09,Baseline (BAU),Bolster & Fortify,Franks Tract (10 supplied RMA stations),10,312.680000,79.094612,saltier,285,Frank's Tract North East,-361.800000,-82.277768,fresher,291,Frank's Tract at Sheep Slough,674.480000
2018-11-10,Baseline (BAU),Bolster & Fortify,Franks Tract (10 supplied RMA stations),10,298.520000,75.512740,saltier,285,Frank's Tract North East,-368.600000,-83.824172,fresher,291,Frank's Tract at Sheep Slough,667.120000
2018-11-11,Baseline (BAU),Bolster & Fortify,Franks Tract (10 supplied RMA stations),10,298.700000,75.558272,saltier,285,Frank's Tract North East,-377.620000,-85.875431,fresher,291,Frank's Tract at Sheep Slough,676.320000
2018-11-12,Baseline (BAU),Bolster & Fortify,Franks Tract (10 supplied RMA stations),10,314.090000,79.451281,saltier,285,Frank's Tract North East,-385.890000,-87.756131,fresher,291,Frank's Tract at Sheep Slough,699.980000
2018-11-13,Baseline (BAU),Bolster & Fortify,Franks Tract (10 supplied RMA stations),10,333.250000,84.297939,saltier,285,Frank's Tract North East,-393.020000,-89.377580,fresher,291,Frank's Tract at Sheep Slough,726.270000
2018-11-14,Baseline (BAU),Bolster & Fortify,Franks Tract (10 supplied RMA stations),10,346.180000,87.568673,saltier,285,Frank's Tract North East,-401.560000,-91.319681,fresher,291,Frank's Tract at Sheep Slough,747.740000
2018-11-15,Baseline (BAU),Bolster & Fortify,Franks Tract (10 supplied RMA stations),10,350.120000,88.565324,saltier,285,Frank's Tract North East,-408.830000,-92.972969,fresher,291,Frank's Tract at Sheep Slough,758.950000
2018-11-16,Baseline (BAU),Bolster & Fortify,Franks Tract (10 supplied RMA stations),10,347.150000,87.814042,saltier,285,Frank's Tract North East,-416.280000,-94.667190,fresher,291,Frank's Tract at Sheep Slough,763.430000
2018-11-17,Baseline (BAU),Bolster & Fortify,Franks Tract (10 supplied RMA stations),10,345.970000,87.515552,saltier,285,Frank's Tract North East,-420.290000,-95.579114,fresher,291,Frank's Tract at Sheep Slough,766.260000
2018-11-18,Baseline (BAU),Bolster & Fortify,Franks Tract (10 supplied RMA stations),10,345.900000,87.497845,saltier,285,Frank's Tract North East,-428.040000,-97.341559,fresher,291,Frank's Tract at Sheep Slough,773.940000
2018-11-19,Baseline (BAU),Bolster & Fortify,Franks Tract (10 supplied RMA stations),10,340.440000,86.116700,saltier,285,Frank's Tract North East,-439.680000,-99.988638,fresher,291,Frank's Tract at Sheep Slough,780.120000
2018-11-20,Baseline (BAU),Bolster & Fortify,Franks Tract (10 supplied RMA stations),10,323.110000,81.732954,saltier,285,Frank's Tract North East,-453.250000,-103.074623,fresher,291,Frank's Tract at Sheep Slough,776.360000
2018-11-21,Baseline (BAU),Bolster & Fortify,Franks Tract (10 supplied RMA stations),10,297.990000,75.378673,saltier,285,Frank's Tract North East,-466.520000,-106.092384,fresher,291,Frank's Tract at Sheep Slough,764.510000
2018-11-22,Baseline (BAU),Bolster & Fortify,Franks Tract (10 supplied RMA stations),10,288.710000,73.031231,saltier,285,Frank's Tract North East,-475.640000,-108.166384,fresher,291,Frank's Tract at Sheep Slough,764.350000
2018-11-23,Baseline (BAU),Bolster & Fortify,Franks Tract (10 supplied RMA stations),10,299.630000,75.793522,saltier,285,Frank's Tract North East,-485.690000,-110.451878,fresher,291,Frank's Tract at Sheep Slough,785.320000
2018-11-24,Baseline (BAU),Bolster & Fortify,Franks Tract (10 supplied RMA stations),10,327.900000,82.944618,saltier,285,Frank's Tract North East,-499.540000,-113.601538,fresher,291,Frank's Tract at Sheep Slough,827.440000
2018-11-25,Baseline (BAU),Bolster & Fortify,Franks Tract (10 supplied RMA stations),10,370.080000,93.614347,saltier,285,Frank's Tract North East,-510.520000,-116.098525,fresher,291,Frank's Tract at Sheep Slough,880.600000
2018-11-26,Baseline (BAU),Bolster & Fortify,Franks Tract (10 supplied RMA stations),10,416.880000,105.452737,saltier,285,Frank's Tract North East,-512.360000,-116.516964,fresher,291,Frank's Tract at Sheep Slough,929.240000
2018-11-27,Baseline (BAU),Bolster & Fortify,Franks Tract (10 supplied RMA stations),10,452.830000,114.546543,saltier,285,Frank's Tract North East,-512.650000,-116.582913,fresher,291,Frank's Tract at Sheep Slough,965.480000
2018-11-28,Baseline (BAU),Bolster & Fortify,Franks Tract (10 supplied RMA stations),10,469.300000,118.712746,saltier,285,Frank's Tract North East,-504.520000,-114.734051,fresher,291,Frank's Tract at Sheep Slough,973.820000
2018-11-29,Baseline (BAU),Bolster & Fortify,Franks Tract (10 supplied RMA stations),10,461.230000,116.671383,saltier,285,Frank's Tract North East,-500.200000,-113.751630,fresher,291,Frank's Tract at Sheep Slough,961.430000
2018-11-30,Baseline (BAU),Bolster & Fortify,Franks Tract (10 supplied RMA stations),10,480.280000,121.490214,saltier,285,Frank's Tract North East,-478.880000,-108.903200,fresher,291,Frank's Tract at Sheep Slough,959.160000
2018-12-01,Baseline (BAU),Bolster & Fortify,Franks Tract (10 supplied RMA stations),10,501.400000,126.832667,saltier,285,Frank's Tract North East,-466.600000,-106.110577,fresher,291,Frank's Tract at Sheep Slough,968.000000
2018-12-02,Baseline (BAU),Bolster & Fortify,Franks Tract (10 supplied RMA stations),10,525.470000,132.921344,saltier,285,Frank's Tract North East,-459.590000,-104.516417,fresher,291,Frank's Tract at Sheep Slough,985.060000
2018-12-03,Baseline (BAU),Bolster & Fortify,Franks Tract (10 supplied RMA stations),10,544.790000,137.808474,saltier,285,Frank's Tract North East,-455.830000,-103.661347,fresher,291,Frank's Tract at Sheep Slough,1000.620000
2018-12-04,Baseline (BAU),Bolster & Fortify,Franks Tract (10 supplied RMA stations),10,548.540000,138.757063,saltier,285,Frank's Tract North East,-452.020000,-102.794906,fresher,291,Frank's Tract at Sheep Slough,1000.560000
2018-12-05,Baseline (BAU),Bolster & Fortify,Franks Tract (10 supplied RMA stations),10,536.660000,135.751933,saltier,285,Frank's Tract North East,-424.340000,-96.500133,fresher,291,Frank's Tract at Sheep Slough,961.000000
2018-12-06,Baseline (BAU),Bolster & Fortify,Franks Tract (10 supplied RMA stations),10,508.990000,128.752612,saltier,285,Frank's Tract North East,-362.560000,-82.450602,fresher,291,Frank's Tract at Sheep Slough,871.550000
2018-12-07,Baseline (BAU),Bolster & Fortify,Franks Tract (10 supplied RMA stations),10,476.290000,120.480916,saltier,285,Frank's Tract North East,-303.440000,-69.005987,fresher,291,Frank's Tract at Sheep Slough,779.730000
2018-12-08,Baseline (BAU),Bolster & Fortify,Franks Tract (10 supplied RMA stations),10,448.370000,113.418355,saltier,285,Frank's Tract North East,-262.270000,-59.643423,fresher,291,Frank's Tract at Sheep Slough,710.640000
2018-12-09,Baseline (BAU),Bolster & Fortify,Franks Tract (10 supplied RMA stations),10,424.280000,107.324619,saltier,285,Frank's Tract North East,-231.670000,-52.684606,fresher,291,Frank's Tract at Sheep Slough,655.950000
2018-12-10,Baseline (BAU),Bolster & Fortify,Franks Tract (10 supplied RMA stations),10,403.100000,101.966989,saltier,285,Frank's Tract North East,-206.730000,-47.012944,fresher,291,Frank's Tract at Sheep Slough,609.830000
2018-12-11,Baseline (BAU),Bolster & Fortify,Franks Tract (10 supplied RMA stations),10,386.220000,97.697074,saltier,285,Frank's Tract North East,-187.210000,-42.573856,fresher,291,Frank's Tract at Sheep Slough,573.430000
2018-12-12,Baseline (BAU),Bolster & Fortify,Franks Tract (10 supplied RMA stations),10,375.410000,94.962608,saltier,285,Frank's Tract North East,-175.600000,-39.933599,fresher,291,Frank's Tract at Sheep Slough,551.010000
2018-12-13,Baseline (BAU),Bolster & Fortify,Franks Tract (10 supplied RMA stations),10,366.080000,92.602519,saltier,285,Frank's Tract North East,-169.300000,-38.500902,fresher,291,Frank's Tract at Sheep Slough,535.380000
2018-12-14,Baseline (BAU),Bolster & Fortify,Franks Tract (10 supplied RMA stations),10,347.690000,87.950639,saltier,285,Frank's Tract North East,-163.600000,-37.204652,fresher,291,Frank's Tract at Sheep Slough,511.290000
2018-12-15,Baseline (BAU),Bolster & Fortify,Franks Tract (10 supplied RMA stations),10,333.560000,84.376355,saltier,285,Frank's Tract North East,-159.150000,-36.192667,fresher,291,Frank's Tract at Sheep Slough,492.710000
2018-12-16,Baseline (BAU),Bolster & Fortify,Franks Tract (10 supplied RMA stations),10,315.480000,79.802892,saltier,285,Frank's Tract North East,-153.870000,-34.991930,fresher,291,Frank's Tract at Sheep Slough,469.350000
2018-12-17,Baseline (BAU),Bolster & Fortify,Franks Tract (10 supplied RMA stations),10,297.290000,75.201603,saltier,285,Frank's Tract North East,-149.990000,-34.109570,fresher,291,Frank's Tract at Sheep Slough,447.280000
2018-12-18,Baseline (BAU),Bolster & Fortify,Franks Tract (10 supplied RMA stations),10,294.740000,74.556562,saltier,285,Frank's Tract North East,-157.210000,-35.751487,fresher,291,Frank's Tract at Sheep Slough,451.950000
2018-12-19,Baseline (BAU),Bolster & Fortify,Franks Tract (10 supplied RMA stations),10,296.530000,75.009356,saltier,285,Frank's Tract North East,-173.330000,-39.417373,fresher,291,Frank's Tract at Sheep Slough,469.860000
2018-12-20,Baseline (BAU),Bolster & Fortify,Franks Tract (10 supplied RMA stations),10,303.690000,76.820528,saltier,285,Frank's Tract North East,-195.100000,-44.368139,fresher,291,Frank's Tract at Sheep Slough,498.790000
2018-12-21,Baseline (BAU),Bolster & Fortify,Franks Tract (10 supplied RMA stations),10,305.090000,77.174668,saltier,285,Frank's Tract North East,-209.360000,-47.611038,fresher,291,Frank's Tract at Sheep Slough,514.450000
2018-12-22,Baseline (BAU),Bolster & Fortify,Franks Tract (10 supplied RMA stations),10,296.910000,75.105479,saltier,285,Frank's Tract North East,-210.230000,-47.808887,fresher,291,Frank's Tract at Sheep Slough,507.140000
2018-12-23,Baseline (BAU),Bolster & Fortify,Franks Tract (10 supplied RMA stations),10,284.920000,72.072524,saltier,285,Frank's Tract North East,-206.650000,-46.994751,fresher,291,Frank's Tract at Sheep Slough,491.570000
2018-12-24,Baseline (BAU),Bolster & Fortify,Franks Tract (10 supplied RMA stations),10,271.810000,68.756257,saltier,285,Frank's Tract North East,-205.180000,-46.660455,fresher,291,Frank's Tract at Sheep Slough,476.990000
2018-12-25,Baseline (BAU),Bolster & Fortify,Franks Tract (10 supplied RMA stations),10,269.810000,68.250343,saltier,285,Frank's Tract North East,-203.230000,-46.217001,fresher,291,Frank's Tract at Sheep Slough,473.040000
2018-12-26,Baseline (BAU),Bolster & Fortify,Franks Tract (10 supplied RMA stations),10,284.020000,71.844863,saltier,285,Frank's Tract North East,-203.180000,-46.205630,fresher,291,Frank's Tract at Sheep Slough,487.200000
2018-12-27,Baseline (BAU),Bolster & Fortify,Franks Tract (10 supplied RMA stations),10,316.640000,80.096322,saltier,285,Frank's Tract North East,-211.520000,-48.102249,fresher,291,Frank's Tract at Sheep Slough,528.160000
2018-12-28,Baseline (BAU),Bolster & Fortify,Franks Tract (10 supplied RMA stations),10,351.550000,88.927053,saltier,285,Frank's Tract North East,-218.360000,-49.657749,fresher,291,Frank's Tract at Sheep Slough,569.910000
2018-12-29,Baseline (BAU),Bolster & Fortify,Franks Tract (10 supplied RMA stations),10,359.670000,90.981064,saltier,285,Frank's Tract North East,-219.140000,-49.835130,fresher,291,Frank's Tract at Sheep Slough,578.810000
2018-12-30,Baseline (BAU),Bolster & Fortify,Franks Tract (10 supplied RMA stations),10,360.660000,91.231492,saltier,285,Frank's Tract North East,-222.160000,-50.521916,fresher,291,Frank's Tract at Sheep Slough,582.820000
2018-12-31,Baseline (BAU),Bolster & Fortify,Franks Tract (10 supplied RMA stations),10,377.100000,95.390106,saltier,285,Frank's Tract North East,-222.370000,-50.569672,fresher,291,Frank's Tract at Sheep Slough,599.470000
2019-01-01,Baseline (BAU),Bolster & Fortify,Franks Tract (10 supplied RMA stations),10,374.870000,94.826011,saltier,285,Frank's Tract North East,-195.460000,-44.450007,fresher,291,Frank's Tract at Sheep Slough,570.330000
2019-01-02,Baseline (BAU),Bolster & Fortify,Franks Tract (10 supplied RMA stations),10,344.270000,87.085525,saltier,285,Frank's Tract North East,-160.530000,-36.506496,fresher,291,Frank's Tract at Sheep Slough,504.800000
2019-01-03,Baseline (BAU),Bolster & Fortify,Franks Tract (10 supplied RMA stations),10,320.280000,81.017086,saltier,285,Frank's Tract North East,-135.430000,-30.798447,fresher,291,Frank's Tract at Sheep Slough,455.710000
2019-01-04,Baseline (BAU),Bolster & Fortify,Franks Tract (10 supplied RMA stations),10,296.690000,75.049829,saltier,285,Frank's Tract North East,-117.580000,-26.739138,fresher,291,Frank's Tract at Sheep Slough,414.270000
2019-01-05,Baseline (BAU),Bolster & Fortify,Franks Tract (10 supplied RMA stations),10,261.750000,66.211509,saltier,285,Frank's Tract North East,-101.020000,-22.973190,fresher,291,Frank's Tract at Sheep Slough,362.770000
2019-01-06,Baseline (BAU),Bolster & Fortify,Franks Tract (10 supplied RMA stations),10,240.140000,51.062561,saltier,281,South Franks Tract at Bethel Island,-90.620000,-20.608102,fresher,291,Frank's Tract at Sheep Slough,330.760000
2019-01-07,Baseline (BAU),Bolster & Fortify,Franks Tract (10 supplied RMA stations),10,233.060000,49.557093,saltier,281,South Franks Tract at Bethel Island,-90.220000,-20.517137,fresher,291,Frank's Tract at Sheep Slough,323.280000
2019-01-08,Baseline (BAU),Bolster & Fortify,Franks Tract (10 supplied RMA stations),10,223.620000,47.549804,saltier,281,South Franks Tract at Bethel Island,-102.850000,-23.389355,fresher,291,Frank's Tract at Sheep Slough,326.470000
2019-01-09,Baseline (BAU),Bolster & Fortify,Franks Tract (10 supplied RMA stations),10,235.000000,59.444908,saltier,285,Frank's Tract North East,-114.940000,-26.138769,fresher,291,Frank's Tract at Sheep Slough,349.940000
2019-01-10,Baseline (BAU),Bolster & Fortify,Franks Tract (10 supplied RMA stations),10,255.020000,64.509108,saltier,285,Frank's Tract North East,-113.290000,-25.763539,fresher,291,Frank's Tract at Sheep Slough,368.310000
2019-01-11,Baseline (BAU),Bolster & Fortify,Franks Tract (10 supplied RMA stations),10,272.420000,68.910561,saltier,285,Frank's Tract North East,-117.470000,-26.714122,fresher,291,Frank's Tract at Sheep Slough,389.890000
2019-01-12,Baseline (BAU),Bolster & Fortify,Franks Tract (10 supplied RMA stations),10,292.610000,74.017764,saltier,285,Frank's Tract North East,-128.580000,-29.240673,fresher,291,Frank's Tract at Sheep Slough,421.190000
2019-01-13,Baseline (BAU),Bolster & Fortify,Franks Tract (10 supplied RMA stations),10,308.940000,78.148553,saltier,285,Frank's Tract North East,-111.570000,-25.372390,fresher,291,Frank's Tract at Sheep Slough,420.510000
2019-01-14,Baseline (BAU),Bolster & Fortify,Franks Tract (10 supplied RMA stations),10,269.800000,68.247813,saltier,285,Frank's Tract North East,-20.050000,-5.160656,fresher,292,Frank's Tract at Old River,289.850000
2019-01-15,Baseline (BAU),Bolster & Fortify,Franks Tract (10 supplied RMA stations),10,186.680000,47.222023,saltier,285,Frank's Tract North East,36.500000,9.394710,saltier,292,Frank's Tract at Old River,150.180000
2019-01-16,Baseline (BAU),Bolster & Fortify,Franks Tract (10 supplied RMA stations),10,146.750000,37.121448,saltier,285,Frank's Tract North East,43.430000,11.178418,saltier,292,Frank's Tract at Old River,103.320000
2019-01-17,Baseline (BAU),Bolster & Fortify,Franks Tract (10 supplied RMA stations),10,132.400000,33.491514,saltier,285,Frank's Tract North East,37.670000,9.695856,saltier,292,Frank's Tract at Old River,94.730000
2019-01-18,Baseline (BAU),Bolster & Fortify,Franks Tract (10 supplied RMA stations),10,122.190000,30.908823,saltier,285,Frank's Tract North East,30.940000,7.963626,saltier,292,Frank's Tract at Old River,91.250000
2019-01-19,Baseline (BAU),Bolster & Fortify,Franks Tract (10 supplied RMA stations),10,109.380000,27.668443,saltier,285,Frank's Tract North East,23.030000,5.927676,saltier,292,Frank's Tract at Old River,86.350000
2019-01-20,Baseline (BAU),Bolster & Fortify,Franks Tract (10 supplied RMA stations),10,97.910000,24.767025,saltier,285,Frank's Tract North East,16.300000,4.195446,saltier,292,Frank's Tract at Old River,81.610000
2019-01-21,Baseline (BAU),Bolster & Fortify,Franks Tract (10 supplied RMA stations),10,89.620000,22.670011,saltier,285,Frank's Tract North East,11.810000,3.039768,saltier,292,Frank's Tract at Old River,77.810000
2019-01-22,Baseline (BAU),Bolster & Fortify,Franks Tract (10 supplied RMA stations),10,78.600000,19.882425,saltier,285,Frank's Tract North East,6.970000,1.794004,saltier,292,Frank's Tract at Old River,71.630000
2019-01-23,Baseline (BAU),Bolster & Fortify,Franks Tract (10 supplied RMA stations),10,67.840000,17.160607,saltier,285,Frank's Tract North East,2.960000,0.761872,saltier,292,Frank's Tract at Old River,64.880000
2019-01-24,Baseline (BAU),Bolster & Fortify,Franks Tract (10 supplied RMA stations),10,59.770000,15.119243,saltier,285,Frank's Tract North East,-0.920000,-0.236798,fresher,292,Frank's Tract at Old River,60.690000
2019-01-25,Baseline (BAU),Bolster & Fortify,Franks Tract (10 supplied RMA stations),10,52.390000,13.252420,saltier,285,Frank's Tract North East,-3.270000,-0.841663,fresher,292,Frank's Tract at Old River,55.660000
2019-01-26,Baseline (BAU),Bolster & Fortify,Franks Tract (10 supplied RMA stations),10,44.620000,11.286944,saltier,285,Frank's Tract North East,-3.120000,-0.803055,fresher,292,Frank's Tract at Old River,47.740000
2019-01-27,Baseline (BAU),Bolster & Fortify,Franks Tract (10 supplied RMA stations),10,38.250000,9.675607,saltier,285,Frank's Tract North East,-2.670000,-0.687229,fresher,292,Frank's Tract at Old River,40.920000
2019-01-28,Baseline (BAU),Bolster & Fortify,Franks Tract (10 supplied RMA stations),10,34.770000,8.795317,saltier,285,Frank's Tract North East,-3.450000,-0.887993,fresher,292,Frank's Tract at Old River,38.220000
2019-01-29,Baseline (BAU),Bolster & Fortify,Franks Tract (10 supplied RMA stations),10,32.170000,8.137628,saltier,285,Frank's Tract North East,-4.050000,-1.042427,fresher,292,Frank's Tract at Old River,36.220000
2019-01-30,Baseline (BAU),Bolster & Fortify,Franks Tract (10 supplied RMA stations),10,29.250000,7.398994,saltier,285,Frank's Tract North East,-3.950000,-1.016688,fresher,292,Frank's Tract at Old River,33.200000
2019-01-31,Baseline (BAU),Bolster & Fortify,Franks Tract (10 supplied RMA stations),10,26.470000,6.695773,saltier,285,Frank's Tract North East,-3.930000,-1.011540,fresher,292,Frank's Tract at Old River,30.400000
2019-02-01,Baseline (BAU),Bolster & Fortify,Franks Tract (10 supplied RMA stations),10,22.170000,5.608058,saltier,285,Frank's Tract North East,-2.720000,-0.700099,fresher,292,Frank's Tract at Old River,24.890000
2019-02-02,Baseline (BAU),Bolster & Fortify,Franks Tract (10 supplied RMA stations),10,19.090000,4.286523,saltier,283,Franks Tract,0.770000,0.198190,saltier,292,Frank's Tract at Old River,18.320000
2019-02-03,Baseline (BAU),Bolster & Fortify,Franks Tract (10 supplied RMA stations),10,17.710000,3.976654,saltier,283,Franks Tract,1.100000,0.283128,saltier,292,Frank's Tract at Old River,16.610000
2019-02-04,Baseline (BAU),Bolster & Fortify,Franks Tract (10 supplied RMA stations),10,16.260000,3.651067,saltier,283,Franks Tract,0.780000,0.200764,saltier,292,Frank's Tract at Old River,15.480000
2019-02-05,Baseline (BAU),Bolster & Fortify,Franks Tract (10 supplied RMA stations),10,15.300000,3.435506,saltier,283,Franks Tract,0.610000,0.157007,saltier,292,Frank's Tract at Old River,14.690000
2019-02-06,Baseline (BAU),Bolster & Fortify,Franks Tract (10 supplied RMA stations),10,13.640000,3.062764,saltier,283,Franks Tract,0.960000,0.247094,saltier,292,Frank's Tract at Old River,12.680000
2019-02-07,Baseline (BAU),Bolster & Fortify,Franks Tract (10 supplied RMA stations),10,12.800000,2.638590,saltier,274,Piper Slough at Bethal Tract,1.460000,0.375788,saltier,292,Frank's Tract at Old River,11.340000
2019-02-08,Baseline (BAU),Bolster & Fortify,Franks Tract (10 supplied RMA stations),10,12.620000,2.736151,saltier,282,South Central Franks Tract,1.410000,0.362919,saltier,292,Frank's Tract at Old River,11.210000
2019-02-09,Baseline (BAU),Bolster & Fortify,Franks Tract (10 supplied RMA stations),10,12.850000,2.732381,saltier,281,South Franks Tract at Bethel Island,0.600000,0.154434,saltier,292,Frank's Tract at Old River,12.250000
2019-02-10,Baseline (BAU),Bolster & Fortify,Franks Tract (10 supplied RMA stations),10,12.470000,2.651579,saltier,281,South Franks Tract at Bethel Island,-1.610000,-0.414397,fresher,292,Frank's Tract at Old River,14.080000
2019-02-11,Baseline (BAU),Bolster & Fortify,Franks Tract (10 supplied RMA stations),10,13.170000,2.855397,saltier,282,South Central Franks Tract,-2.050000,-0.527648,fresher,292,Frank's Tract at Old River,15.220000
2019-02-12,Baseline (BAU),Bolster & Fortify,Franks Tract (10 supplied RMA stations),10,14.470000,3.076852,saltier,281,South Franks Tract at Bethel Island,-1.030000,-0.260546,fresher,285,Frank's Tract North East,15.500000
2019-02-13,Baseline (BAU),Bolster & Fortify,Franks Tract (10 supplied RMA stations),10,14.330000,3.106897,saltier,282,South Central Franks Tract,-3.110000,-0.786696,fresher,285,Frank's Tract North East,17.440000
2019-02-14,Baseline (BAU),Bolster & Fortify,Franks Tract (10 supplied RMA stations),10,13.680000,2.908869,saltier,281,South Franks Tract at Bethel Island,-7.520000,-1.935568,fresher,292,Frank's Tract at Old River,21.200000
2019-02-15,Baseline (BAU),Bolster & Fortify,Franks Tract (10 supplied RMA stations),10,13.250000,2.817435,saltier,281,South Franks Tract at Bethel Island,-12.110000,-3.116985,fresher,292,Frank's Tract at Old River,25.360000
2019-02-16,Baseline (BAU),Bolster & Fortify,Franks Tract (10 supplied RMA stations),10,13.820000,2.938638,saltier,281,South Franks Tract at Bethel Island,-12.350000,-3.178758,fresher,292,Frank's Tract at Old River,26.170000
2019-02-17,Baseline (BAU),Bolster & Fortify,Franks Tract (10 supplied RMA stations),10,15.390000,3.272478,saltier,281,South Franks Tract at Bethel Island,-11.490000,-2.957403,fresher,292,Frank's Tract at Old River,26.880000
2019-02-18,Baseline (BAU),Bolster & Fortify,Franks Tract (10 supplied RMA stations),10,16.130000,3.429829,saltier,281,South Franks Tract at Bethel Island,-12.200000,-3.140150,fresher,292,Frank's Tract at Old River,28.330000
2019-02-19,Baseline (BAU),Bolster & Fortify,Franks Tract (10 supplied RMA stations),10,14.900000,3.168286,saltier,281,South Franks Tract at Bethel Island,-13.610000,-3.503069,fresher,292,Frank's Tract at Old River,28.510000
2019-02-20,Baseline (BAU),Bolster & Fortify,Franks Tract (10 supplied RMA stations),10,12.510000,2.578809,saltier,274,Piper Slough at Bethal Tract,-15.100000,-3.886579,fresher,292,Frank's Tract at Old River,27.610000
2019-02-21,Baseline (BAU),Bolster & Fortify,Franks Tract (10 supplied RMA stations),10,13.900000,3.516103,saltier,285,Frank's Tract North East,-16.590000,-4.270089,fresher,292,Frank's Tract at Old River,30.490000
2019-02-22,Baseline (BAU),Bolster & Fortify,Franks Tract (10 supplied RMA stations),10,13.000000,2.919057,saltier,283,Franks Tract,-16.970000,-4.367897,fresher,292,Frank's Tract at Old River,29.970000
2019-02-23,Baseline (BAU),Bolster & Fortify,Franks Tract (10 supplied RMA stations),10,11.840000,2.440695,saltier,274,Piper Slough at Bethal Tract,-15.300000,-3.938057,fresher,292,Frank's Tract at Old River,27.140000
2019-02-24,Baseline (BAU),Bolster & Fortify,Franks Tract (10 supplied RMA stations),10,11.030000,2.273722,saltier,274,Piper Slough at Bethal Tract,-13.240000,-3.407835,fresher,292,Frank's Tract at Old River,24.270000
2019-02-25,Baseline (BAU),Bolster & Fortify,Franks Tract (10 supplied RMA stations),10,9.910000,2.042846,saltier,274,Piper Slough at Bethal Tract,-11.610000,-2.988290,fresher,292,Frank's Tract at Old River,21.520000
2019-02-26,Baseline (BAU),Bolster & Fortify,Franks Tract (10 supplied RMA stations),10,8.490000,1.750127,saltier,274,Piper Slough at Bethal Tract,-11.260000,-2.898204,fresher,292,Frank's Tract at Old River,19.750000
2019-02-27,Baseline (BAU),Bolster & Fortify,Franks Tract (10 supplied RMA stations),10,8.260000,1.854724,saltier,283,Franks Tract,-11.330000,-2.916221,fresher,292,Frank's Tract at Old River,19.590000
2019-02-28,Baseline (BAU),Bolster & Fortify,Franks Tract (10 supplied RMA stations),10,7.610000,1.708771,saltier,283,Franks Tract,-11.600000,-2.985716,fresher,292,Frank's Tract at Old River,19.210000
2019-03-01,Baseline (BAU),Bolster & Fortify,Franks Tract (10 supplied RMA stations),10,7.800000,1.691124,saltier,282,South Central Franks Tract,-11.220000,-2.887908,fresher,292,Frank's Tract at Old River,19.020000
2019-03-02,Baseline (BAU),Bolster & Fortify,Franks Tract (10 supplied RMA stations),10,8.560000,1.855900,saltier,282,South Central Franks Tract,-11.210000,-2.885334,fresher,292,Frank's Tract at Old River,19.770000
2019-03-03,Baseline (BAU),Bolster & Fortify,Franks Tract (10 supplied RMA stations),10,9.350000,2.027180,saltier,282,South Central Franks Tract,-12.480000,-3.212219,fresher,292,Frank's Tract at Old River,21.830000
2019-03-04,Baseline (BAU),Bolster & Fortify,Franks Tract (10 supplied RMA stations),10,10.810000,2.298602,saltier,281,South Franks Tract at Bethel Island,-13.980000,-3.598303,fresher,292,Frank's Tract at Old River,24.790000
2019-03-05,Baseline (BAU),Bolster & Fortify,Franks Tract (10 supplied RMA stations),10,11.740000,2.496354,saltier,281,South Franks Tract at Bethel Island,-14.300000,-3.680667,fresher,292,Frank's Tract at Old River,26.040000
2019-03-06,Baseline (BAU),Bolster & Fortify,Franks Tract (10 supplied RMA stations),10,9.320000,1.981773,saltier,281,South Franks Tract at Bethel Island,-14.560000,-3.747588,fresher,292,Frank's Tract at Old River,23.880000
2019-03-07,Baseline (BAU),Bolster & Fortify,Franks Tract (10 supplied RMA stations),10,8.630000,1.871076,saltier,282,South Central Franks Tract,-18.480000,-4.756555,fresher,292,Frank's Tract at Old River,27.110000
2019-03-08,Baseline (BAU),Bolster & Fortify,Franks Tract (10 supplied RMA stations),10,9.130000,1.979482,saltier,282,South Central Franks Tract,-19.920000,-5.127195,fresher,292,Frank's Tract at Old River,29.050000
2019-03-09,Baseline (BAU),Bolster & Fortify,Franks Tract (10 supplied RMA stations),10,9.250000,2.005499,saltier,282,South Central Franks Tract,-21.110000,-5.433489,fresher,292,Frank's Tract at Old River,30.360000
2019-03-10,Baseline (BAU),Bolster & Fortify,Franks Tract (10 supplied RMA stations),10,10.170000,2.283601,saltier,283,Franks Tract,-22.080000,-5.683156,fresher,292,Frank's Tract at Old River,32.250000
2019-03-11,Baseline (BAU),Bolster & Fortify,Franks Tract (10 supplied RMA stations),10,11.280000,2.532843,saltier,283,Franks Tract,-22.660000,-5.832442,fresher,292,Frank's Tract at Old River,33.940000
2019-03-12,Baseline (BAU),Bolster & Fortify,Franks Tract (10 supplied RMA stations),10,11.620000,2.519340,saltier,282,South Central Franks Tract,-21.890000,-5.634252,fresher,292,Frank's Tract at Old River,33.510000
2019-03-13,Baseline (BAU),Bolster & Fortify,Franks Tract (10 supplied RMA stations),10,17.030000,3.692286,saltier,282,South Central Franks Tract,-24.620000,-6.336925,fresher,292,Frank's Tract at Old River,41.650000
2019-03-14,Baseline (BAU),Bolster & Fortify,Franks Tract (10 supplied RMA stations),10,19.250000,4.093255,saltier,281,South Franks Tract at Bethel Island,-28.750000,-7.399943,fresher,292,Frank's Tract at Old River,48.000000
2019-03-15,Baseline (BAU),Bolster & Fortify,Franks Tract (10 supplied RMA stations),10,14.650000,3.115127,saltier,281,South Franks Tract at Bethel Island,-28.590000,-7.358761,fresher,292,Frank's Tract at Old River,43.240000
2019-03-16,Baseline (BAU),Bolster & Fortify,Franks Tract (10 supplied RMA stations),10,11.700000,2.411836,saltier,274,Piper Slough at Bethal Tract,-26.190000,-6.741026,fresher,292,Frank's Tract at Old River,37.890000
2019-03-17,Baseline (BAU),Bolster & Fortify,Franks Tract (10 supplied RMA stations),10,9.980000,2.240938,saltier,283,Franks Tract,-24.200000,-6.228822,fresher,292,Frank's Tract at Old River,34.180000
2019-03-18,Baseline (BAU),Bolster & Fortify,Franks Tract (10 supplied RMA stations),10,9.560000,2.146630,saltier,283,Franks Tract,-21.610000,-5.562183,fresher,292,Frank's Tract at Old River,31.170000
2019-03-19,Baseline (BAU),Bolster & Fortify,Franks Tract (10 supplied RMA stations),10,8.530000,1.758373,saltier,274,Piper Slough at Bethal Tract,-18.920000,-4.869806,fresher,292,Frank's Tract at Old River,27.450000
2019-03-20,Baseline (BAU),Bolster & Fortify,Franks Tract (10 supplied RMA stations),10,8.240000,1.698592,saltier,274,Piper Slough at Bethal Tract,-16.690000,-4.295828,fresher,292,Frank's Tract at Old River,24.930000
2019-03-21,Baseline (BAU),Bolster & Fortify,Franks Tract (10 supplied RMA stations),10,8.260000,1.790856,saltier,282,South Central Franks Tract,-13.880000,-3.572564,fresher,292,Frank's Tract at Old River,22.140000
2019-03-22,Baseline (BAU),Bolster & Fortify,Franks Tract (10 supplied RMA stations),10,8.290000,1.797361,saltier,282,South Central Franks Tract,-11.980000,-3.083524,fresher,292,Frank's Tract at Old River,20.270000
2019-03-23,Baseline (BAU),Bolster & Fortify,Franks Tract (10 supplied RMA stations),10,8.070000,1.749662,saltier,282,South Central Franks Tract,-10.880000,-2.800396,fresher,292,Frank's Tract at Old River,18.950000
2019-03-24,Baseline (BAU),Bolster & Fortify,Franks Tract (10 supplied RMA stations),10,8.060000,1.747494,saltier,282,South Central Franks Tract,-10.170000,-2.617649,fresher,292,Frank's Tract at Old River,18.230000
2019-03-25,Baseline (BAU),Bolster & Fortify,Franks Tract (10 supplied RMA stations),10,7.820000,1.695460,saltier,282,South Central Franks Tract,-10.430000,-2.684571,fresher,292,Frank's Tract at Old River,18.250000
2019-03-26,Baseline (BAU),Bolster & Fortify,Franks Tract (10 supplied RMA stations),10,7.590000,1.645593,saltier,282,South Central Franks Tract,-10.300000,-2.651110,fresher,292,Frank's Tract at Old River,17.890000
2019-03-27,Baseline (BAU),Bolster & Fortify,Franks Tract (10 supplied RMA stations),10,7.500000,1.626080,saltier,282,South Central Franks Tract,-9.670000,-2.488955,fresher,292,Frank's Tract at Old River,17.170000
2019-03-28,Baseline (BAU),Bolster & Fortify,Franks Tract (10 supplied RMA stations),10,7.500000,1.626080,saltier,282,South Central Franks Tract,-9.520000,-2.450346,fresher,292,Frank's Tract at Old River,17.020000
2019-03-29,Baseline (BAU),Bolster & Fortify,Franks Tract (10 supplied RMA stations),10,7.440000,1.613072,saltier,282,South Central Franks Tract,-10.520000,-2.707736,fresher,292,Frank's Tract at Old River,17.960000
2019-03-30,Baseline (BAU),Bolster & Fortify,Franks Tract (10 supplied RMA stations),10,7.450000,1.615240,saltier,282,South Central Franks Tract,-11.940000,-3.073228,fresher,292,Frank's Tract at Old River,19.390000
2019-03-31,Baseline (BAU),Bolster & Fortify,Franks Tract (10 supplied RMA stations),10,7.630000,1.713262,saltier,283,Franks Tract,-12.400000,-3.191628,fresher,292,Frank's Tract at Old River,20.030000
2019-04-01,Baseline (BAU),Bolster & Fortify,Franks Tract (10 supplied RMA stations),10,8.060000,1.747494,saltier,282,South Central Franks Tract,-11.970000,-3.080950,fresher,292,Frank's Tract at Old River,20.030000
2019-04-02,Baseline (BAU),Bolster & Fortify,Franks Tract (10 supplied RMA stations),10,8.300000,1.799529,saltier,282,South Central Franks Tract,-11.830000,-3.044916,fresher,292,Frank's Tract at Old River,20.130000
2019-04-03,Baseline (BAU),Bolster & Fortify,Franks Tract (10 supplied RMA stations),10,9.200000,1.956257,saltier,281,South Franks Tract at Bethel Island,-12.680000,-3.263697,fresher,292,Frank's Tract at Old River,21.880000
2019-04-04,Baseline (BAU),Bolster & Fortify,Franks Tract (10 supplied RMA stations),10,8.240000,1.752126,saltier,281,South Franks Tract at Bethel Island,-13.870000,-3.569990,fresher,292,Frank's Tract at Old River,22.110000
2019-04-05,Baseline (BAU),Bolster & Fortify,Franks Tract (10 supplied RMA stations),10,7.630000,1.572847,saltier,274,Piper Slough at Bethal Tract,-13.520000,-3.479904,fresher,292,Frank's Tract at Old River,21.150000
2019-04-06,Baseline (BAU),Bolster & Fortify,Franks Tract (10 supplied RMA stations),10,6.830000,1.407935,saltier,274,Piper Slough at Bethal Tract,-10.870000,-2.797822,fresher,292,Frank's Tract at Old River,17.700000
2019-04-07,Baseline (BAU),Bolster & Fortify,Franks Tract (10 supplied RMA stations),10,6.050000,1.247146,saltier,274,Piper Slough at Bethal Tract,-8.360000,-2.151775,fresher,292,Frank's Tract at Old River,14.410000
2019-04-08,Baseline (BAU),Bolster & Fortify,Franks Tract (10 supplied RMA stations),10,7.590000,1.919944,saltier,285,Frank's Tract North East,-6.800000,-1.750247,fresher,292,Frank's Tract at Old River,14.390000
2019-04-09,Baseline (BAU),Bolster & Fortify,Franks Tract (10 supplied RMA stations),10,9.240000,2.337323,saltier,285,Frank's Tract North East,-5.610000,-1.443954,fresher,292,Frank's Tract at Old River,14.850000
2019-04-10,Baseline (BAU),Bolster & Fortify,Franks Tract (10 supplied RMA stations),10,10.360000,2.620635,saltier,285,Frank's Tract North East,-4.130000,-1.063018,fresher,292,Frank's Tract at Old River,14.490000
2019-04-11,Baseline (BAU),Bolster & Fortify,Franks Tract (10 supplied RMA stations),10,10.030000,2.537159,saltier,285,Frank's Tract North East,-4.530000,-1.165974,fresher,292,Frank's Tract at Old River,14.560000
2019-04-12,Baseline (BAU),Bolster & Fortify,Franks Tract (10 supplied RMA stations),10,8.170000,2.066659,saltier,285,Frank's Tract North East,-5.190000,-1.335851,fresher,292,Frank's Tract at Old River,13.360000
2019-04-13,Baseline (BAU),Bolster & Fortify,Franks Tract (10 supplied RMA stations),10,6.950000,1.506834,saltier,282,South Central Franks Tract,-5.340000,-1.374459,fresher,292,Frank's Tract at Old River,12.290000
2019-04-14,Baseline (BAU),Bolster & Fortify,Franks Tract (10 supplied RMA stations),10,6.570000,1.424446,saltier,282,South Central Franks Tract,-5.500000,-1.415641,fresher,292,Frank's Tract at Old River,12.070000
2019-04-15,Baseline (BAU),Bolster & Fortify,Franks Tract (10 supplied RMA stations),10,6.260000,1.290435,saltier,274,Piper Slough at Bethal Tract,-4.740000,-1.220025,fresher,292,Frank's Tract at Old River,11.000000
2019-04-16,Baseline (BAU),Bolster & Fortify,Franks Tract (10 supplied RMA stations),10,6.610000,1.433119,saltier,282,South Central Franks Tract,-4.670000,-1.202008,fresher,292,Frank's Tract at Old River,11.280000
2019-04-17,Baseline (BAU),Bolster & Fortify,Franks Tract (10 supplied RMA stations),10,6.730000,1.459136,saltier,282,South Central Franks Tract,-4.150000,-1.068166,fresher,292,Frank's Tract at Old River,10.880000
2019-04-18,Baseline (BAU),Bolster & Fortify,Franks Tract (10 supplied RMA stations),10,6.540000,1.417942,saltier,282,South Central Franks Tract,-4.030000,-1.037279,fresher,292,Frank's Tract at Old River,10.570000
2019-04-19,Baseline (BAU),Bolster & Fortify,Franks Tract (10 supplied RMA stations),10,6.280000,1.361571,saltier,282,South Central Franks Tract,-4.200000,-1.081035,fresher,292,Frank's Tract at Old River,10.480000
2019-04-20,Baseline (BAU),Bolster & Fortify,Franks Tract (10 supplied RMA stations),10,6.070000,1.316041,saltier,282,South Central Franks Tract,-3.980000,-1.024409,fresher,292,Frank's Tract at Old River,10.050000
2019-04-21,Baseline (BAU),Bolster & Fortify,Franks Tract (10 supplied RMA stations),10,6.460000,1.400597,saltier,282,South Central Franks Tract,-3.300000,-0.849385,fresher,292,Frank's Tract at Old River,9.760000
2019-04-22,Baseline (BAU),Bolster & Fortify,Franks Tract (10 supplied RMA stations),10,7.050000,1.528515,saltier,282,South Central Franks Tract,-3.170000,-0.815924,fresher,292,Frank's Tract at Old River,10.220000
2019-04-23,Baseline (BAU),Bolster & Fortify,Franks Tract (10 supplied RMA stations),10,6.960000,1.479951,saltier,281,South Franks Tract at Bethel Island,-3.650000,-0.939471,fresher,292,Frank's Tract at Old River,10.610000
2019-04-24,Baseline (BAU),Bolster & Fortify,Franks Tract (10 supplied RMA stations),10,7.010000,1.490583,saltier,281,South Franks Tract at Bethel Island,-4.310000,-1.109348,fresher,292,Frank's Tract at Old River,11.320000
2019-04-25,Baseline (BAU),Bolster & Fortify,Franks Tract (10 supplied RMA stations),10,6.780000,1.441676,saltier,281,South Franks Tract at Bethel Island,-4.450000,-1.145382,fresher,292,Frank's Tract at Old River,11.230000
2019-04-26,Baseline (BAU),Bolster & Fortify,Franks Tract (10 supplied RMA stations),10,6.480000,1.377885,saltier,281,South Franks Tract at Bethel Island,-4.030000,-1.037279,fresher,292,Frank's Tract at Old River,10.510000
2019-04-27,Baseline (BAU),Bolster & Fortify,Franks Tract (10 supplied RMA stations),10,6.390000,1.385420,saltier,282,South Central Franks Tract,-3.630000,-0.934323,fresher,292,Frank's Tract at Old River,10.020000
2019-04-28,Baseline (BAU),Bolster & Fortify,Franks Tract (10 supplied RMA stations),10,6.370000,1.381084,saltier,282,South Central Franks Tract,-3.190000,-0.821072,fresher,292,Frank's Tract at Old River,9.560000
2019-04-29,Baseline (BAU),Bolster & Fortify,Franks Tract (10 supplied RMA stations),10,6.300000,1.365907,saltier,282,South Central Franks Tract,-2.870000,-0.738707,fresher,292,Frank's Tract at Old River,9.170000
2019-04-30,Baseline (BAU),Bolster & Fortify,Franks Tract (10 supplied RMA stations),10,6.380000,1.383252,saltier,282,South Central Franks Tract,-2.110000,-0.543091,fresher,292,Frank's Tract at Old River,8.490000
2019-05-01,Baseline (BAU),Bolster & Fortify,Franks Tract (10 supplied RMA stations),10,6.590000,1.401275,saltier,281,South Franks Tract at Bethel Island,-1.630000,-0.419545,fresher,292,Frank's Tract at Old River,8.220000
2019-05-02,Baseline (BAU),Bolster & Fortify,Franks Tract (10 supplied RMA stations),10,6.620000,1.407655,saltier,281,South Franks Tract at Bethel Island,-1.620000,-0.416971,fresher,292,Frank's Tract at Old River,8.240000
2019-05-03,Baseline (BAU),Bolster & Fortify,Franks Tract (10 supplied RMA stations),10,6.290000,1.337484,saltier,281,South Franks Tract at Bethel Island,-1.650000,-0.424692,fresher,292,Frank's Tract at Old River,7.940000
2019-05-04,Baseline (BAU),Bolster & Fortify,Franks Tract (10 supplied RMA stations),10,5.730000,1.218408,saltier,281,South Franks Tract at Bethel Island,-1.140000,-0.293424,fresher,292,Frank's Tract at Old River,6.870000
2019-05-05,Baseline (BAU),Bolster & Fortify,Franks Tract (10 supplied RMA stations),10,5.080000,1.080194,saltier,281,South Franks Tract at Bethel Island,-0.280000,-0.058808,fresher,276,North West Franks Tract,5.360000
2019-05-06,Baseline (BAU),Bolster & Fortify,Franks Tract (10 supplied RMA stations),10,4.830000,1.047196,saltier,282,South Central Franks Tract,-1.700000,-0.430027,fresher,285,Frank's Tract North East,6.530000
2019-05-07,Baseline (BAU),Bolster & Fortify,Franks Tract (10 supplied RMA stations),10,5.070000,1.099230,saltier,282,South Central Franks Tract,-2.160000,-0.546387,fresher,285,Frank's Tract North East,7.230000
2019-05-08,Baseline (BAU),Bolster & Fortify,Franks Tract (10 supplied RMA stations),10,5.180000,1.101458,saltier,281,South Franks Tract at Bethel Island,-1.780000,-0.450264,fresher,285,Frank's Tract North East,6.960000
2019-05-09,Baseline (BAU),Bolster & Fortify,Franks Tract (10 supplied RMA stations),10,5.090000,1.082320,saltier,281,South Franks Tract at Bethel Island,-1.380000,-0.355197,fresher,292,Frank's Tract at Old River,6.470000
2019-05-10,Baseline (BAU),Bolster & Fortify,Franks Tract (10 supplied RMA stations),10,4.970000,1.056804,saltier,281,South Franks Tract at Bethel Island,-1.510000,-0.381965,fresher,285,Frank's Tract North East,6.480000
2019-05-11,Baseline (BAU),Bolster & Fortify,Franks Tract (10 supplied RMA stations),10,5.040000,1.092726,saltier,282,South Central Franks Tract,-2.210000,-0.559035,fresher,285,Frank's Tract North East,7.250000
2019-05-12,Baseline (BAU),Bolster & Fortify,Franks Tract (10 supplied RMA stations),10,5.040000,1.071689,saltier,281,South Franks Tract at Bethel Island,-2.020000,-0.510973,fresher,285,Frank's Tract North East,7.060000
2019-05-13,Baseline (BAU),Bolster & Fortify,Franks Tract (10 supplied RMA stations),10,4.810000,1.022782,saltier,281,South Franks Tract at Bethel Island,-1.730000,-0.437616,fresher,285,Frank's Tract North East,6.540000
2019-05-14,Baseline (BAU),Bolster & Fortify,Franks Tract (10 supplied RMA stations),10,4.350000,0.924969,saltier,281,South Franks Tract at Bethel Island,-1.570000,-0.397143,fresher,285,Frank's Tract North East,5.920000
2019-05-15,Baseline (BAU),Bolster & Fortify,Franks Tract (10 supplied RMA stations),10,4.020000,0.854799,saltier,281,South Franks Tract at Bethel Island,-1.350000,-0.341492,fresher,285,Frank's Tract North East,5.370000
2019-05-16,Baseline (BAU),Bolster & Fortify,Franks Tract (10 supplied RMA stations),10,3.710000,0.788882,saltier,281,South Franks Tract at Bethel Island,-1.090000,-0.228931,fresher,276,North West Franks Tract,4.800000
2019-05-17,Baseline (BAU),Bolster & Fortify,Franks Tract (10 supplied RMA stations),10,3.550000,0.731796,saltier,274,Piper Slough at Bethal Tract,-0.760000,-0.159622,fresher,276,North West Franks Tract,4.310000
2019-05-18,Baseline (BAU),Bolster & Fortify,Franks Tract (10 supplied RMA stations),10,3.400000,0.737156,saltier,282,South Central Franks Tract,-0.910000,-0.191126,fresher,276,North West Franks Tract,4.310000
2019-05-19,Baseline (BAU),Bolster & Fortify,Franks Tract (10 supplied RMA stations),10,3.390000,0.734988,saltier,282,South Central Franks Tract,-1.520000,-0.391232,fresher,292,Frank's Tract at Old River,4.910000
2019-05-20,Baseline (BAU),Bolster & Fortify,Franks Tract (10 supplied RMA stations),10,3.390000,0.734988,saltier,282,South Central Franks Tract,-0.670000,-0.172451,fresher,292,Frank's Tract at Old River,4.060000
2019-05-21,Baseline (BAU),Bolster & Fortify,Franks Tract (10 supplied RMA stations),10,3.550000,0.731796,saltier,274,Piper Slough at Bethal Tract,0.240000,0.061773,saltier,292,Frank's Tract at Old River,3.310000
2019-05-22,Baseline (BAU),Bolster & Fortify,Franks Tract (10 supplied RMA stations),10,3.680000,0.758595,saltier,274,Piper Slough at Bethal Tract,0.160000,0.041182,saltier,292,Frank's Tract at Old River,3.520000
2019-05-23,Baseline (BAU),Bolster & Fortify,Franks Tract (10 supplied RMA stations),10,3.790000,0.821713,saltier,282,South Central Franks Tract,-0.370000,-0.095234,fresher,292,Frank's Tract at Old River,4.160000
2019-05-24,Baseline (BAU),Bolster & Fortify,Franks Tract (10 supplied RMA stations),10,3.600000,0.742103,saltier,274,Piper Slough at Bethal Tract,-0.280000,-0.072069,fresher,292,Frank's Tract at Old River,3.880000
2019-05-25,Baseline (BAU),Bolster & Fortify,Franks Tract (10 supplied RMA stations),10,3.470000,0.715305,saltier,274,Piper Slough at Bethal Tract,-0.690000,-0.177599,fresher,292,Frank's Tract at Old River,4.160000
2019-05-26,Baseline (BAU),Bolster & Fortify,Franks Tract (10 supplied RMA stations),10,3.400000,0.700875,saltier,274,Piper Slough at Bethal Tract,0.040000,0.010296,saltier,292,Frank's Tract at Old River,3.360000
2019-05-27,Baseline (BAU),Bolster & Fortify,Franks Tract (10 supplied RMA stations),10,3.220000,0.663770,saltier,274,Piper Slough at Bethal Tract,0.570000,0.103540,saltier,265,Little Franks Tract at Fisherman's Cut,2.650000
2019-05-28,Baseline (BAU),Bolster & Fortify,Franks Tract (10 supplied RMA stations),10,3.060000,0.695882,saltier,291,Frank's Tract at Sheep Slough,0.240000,0.043596,saltier,265,Little Franks Tract at Fisherman's Cut,2.820000
2019-05-29,Baseline (BAU),Bolster & Fortify,Franks Tract (10 supplied RMA stations),10,4.070000,1.029535,saltier,285,Frank's Tract North East,-0.020000,-0.003633,fresher,265,Little Franks Tract at Fisherman's Cut,4.090000
2019-05-30,Baseline (BAU),Bolster & Fortify,Franks Tract (10 supplied RMA stations),10,4.740000,1.199016,saltier,285,Frank's Tract North East,0.000000,0.000000,no change,265,Little Franks Tract at Fisherman's Cut,4.740000
2019-05-31,Baseline (BAU),Bolster & Fortify,Franks Tract (10 supplied RMA stations),10,5.140000,1.300199,saltier,285,Frank's Tract North East,0.170000,0.030880,saltier,265,Little Franks Tract at Fisherman's Cut,4.970000
2019-06-01,Baseline (BAU),Bolster & Fortify,Franks Tract (10 supplied RMA stations),10,5.450000,1.378616,saltier,285,Frank's Tract North East,-0.540000,-0.138990,fresher,292,Frank's Tract at Old River,5.990000
2019-06-02,Baseline (BAU),Bolster & Fortify,Franks Tract (10 supplied RMA stations),10,6.380000,1.613866,saltier,285,Frank's Tract North East,-2.240000,-0.576552,fresher,292,Frank's Tract at Old River,8.620000
2019-06-03,Baseline (BAU),Bolster & Fortify,Franks Tract (10 supplied RMA stations),10,5.820000,1.472210,saltier,285,Frank's Tract North East,-2.710000,-0.697525,fresher,292,Frank's Tract at Old River,8.530000
2019-06-04,Baseline (BAU),Bolster & Fortify,Franks Tract (10 supplied RMA stations),10,5.180000,1.310318,saltier,285,Frank's Tract North East,-2.900000,-0.746429,fresher,292,Frank's Tract at Old River,8.080000
2019-06-05,Baseline (BAU),Bolster & Fortify,Franks Tract (10 supplied RMA stations),10,4.810000,1.216723,saltier,285,Frank's Tract North East,-2.890000,-0.743855,fresher,292,Frank's Tract at Old River,7.700000
2019-06-06,Baseline (BAU),Bolster & Fortify,Franks Tract (10 supplied RMA stations),10,4.430000,1.120600,saltier,285,Frank's Tract North East,-2.600000,-0.669212,fresher,292,Frank's Tract at Old River,7.030000
2019-06-07,Baseline (BAU),Bolster & Fortify,Franks Tract (10 supplied RMA stations),10,4.240000,1.072538,saltier,285,Frank's Tract North East,-2.240000,-0.576552,fresher,292,Frank's Tract at Old River,6.480000
2019-06-08,Baseline (BAU),Bolster & Fortify,Franks Tract (10 supplied RMA stations),10,4.000000,1.011828,saltier,285,Frank's Tract North East,-2.520000,-0.648621,fresher,292,Frank's Tract at Old River,6.520000
2019-06-09,Baseline (BAU),Bolster & Fortify,Franks Tract (10 supplied RMA stations),10,3.870000,0.978944,saltier,285,Frank's Tract North East,-2.870000,-0.738707,fresher,292,Frank's Tract at Old River,6.740000
2019-06-10,Baseline (BAU),Bolster & Fortify,Franks Tract (10 supplied RMA stations),10,3.990000,1.009299,saltier,285,Frank's Tract North East,-2.840000,-0.730986,fresher,292,Frank's Tract at Old River,6.830000
2019-06-11,Baseline (BAU),Bolster & Fortify,Franks Tract (10 supplied RMA stations),10,3.820000,0.966296,saltier,285,Frank's Tract North East,-2.240000,-0.576552,fresher,292,Frank's Tract at Old River,6.060000
2019-06-12,Baseline (BAU),Bolster & Fortify,Franks Tract (10 supplied RMA stations),10,3.340000,0.844877,saltier,285,Frank's Tract North East,-1.380000,-0.355197,fresher,292,Frank's Tract at Old River,4.720000
2019-06-13,Baseline (BAU),Bolster & Fortify,Franks Tract (10 supplied RMA stations),10,2.840000,0.718398,saltier,285,Frank's Tract North East,-0.780000,-0.200764,fresher,292,Frank's Tract at Old River,3.620000
2019-06-14,Baseline (BAU),Bolster & Fortify,Franks Tract (10 supplied RMA stations),10,2.580000,0.652629,saltier,285,Frank's Tract North East,-0.650000,-0.167303,fresher,292,Frank's Tract at Old River,3.230000
2019-06-15,Baseline (BAU),Bolster & Fortify,Franks Tract (10 supplied RMA stations),10,2.370000,0.599508,saltier,285,Frank's Tract North East,-0.430000,-0.110677,fresher,292,Frank's Tract at Old River,2.800000
2019-06-16,Baseline (BAU),Bolster & Fortify,Franks Tract (10 supplied RMA stations),10,1.900000,0.480618,saltier,285,Frank's Tract North East,-0.060000,-0.015443,fresher,292,Frank's Tract at Old River,1.960000
2019-06-17,Baseline (BAU),Bolster & Fortify,Franks Tract (10 supplied RMA stations),10,1.210000,0.249429,saltier,274,Piper Slough at Bethal Tract,0.140000,0.031838,saltier,291,Frank's Tract at Sheep Slough,1.070000
2019-06-18,Baseline (BAU),Bolster & Fortify,Franks Tract (10 supplied RMA stations),10,1.110000,0.228815,saltier,274,Piper Slough at Bethal Tract,0.190000,0.043208,saltier,291,Frank's Tract at Sheep Slough,0.920000
2019-06-19,Baseline (BAU),Bolster & Fortify,Franks Tract (10 supplied RMA stations),10,1.000000,0.257389,saltier,292,Frank's Tract at Old River,0.210000,0.047757,saltier,291,Frank's Tract at Sheep Slough,0.790000
2019-06-20,Baseline (BAU),Bolster & Fortify,Franks Tract (10 supplied RMA stations),10,1.140000,0.293424,saltier,292,Frank's Tract at Old River,0.080000,0.020237,saltier,285,Frank's Tract North East,1.060000
2019-06-21,Baseline (BAU),Bolster & Fortify,Franks Tract (10 supplied RMA stations),10,1.310000,0.337180,saltier,292,Frank's Tract at Old River,-0.090000,-0.022766,fresher,285,Frank's Tract North East,1.400000
2019-06-22,Baseline (BAU),Bolster & Fortify,Franks Tract (10 supplied RMA stations),10,1.530000,0.393806,saltier,292,Frank's Tract at Old River,-0.170000,-0.043003,fresher,285,Frank's Tract North East,1.700000
2019-06-23,Baseline (BAU),Bolster & Fortify,Franks Tract (10 supplied RMA stations),10,1.870000,0.481318,saltier,292,Frank's Tract at Old River,-0.390000,-0.098653,fresher,285,Frank's Tract North East,2.260000
2019-06-24,Baseline (BAU),Bolster & Fortify,Franks Tract (10 supplied RMA stations),10,2.110000,0.543091,saltier,292,Frank's Tract at Old River,-0.600000,-0.151774,fresher,285,Frank's Tract North East,2.710000
2019-06-25,Baseline (BAU),Bolster & Fortify,Franks Tract (10 supplied RMA stations),10,2.010000,0.517353,saltier,292,Frank's Tract at Old River,-0.620000,-0.156833,fresher,285,Frank's Tract North East,2.630000
2019-06-26,Baseline (BAU),Bolster & Fortify,Franks Tract (10 supplied RMA stations),10,1.540000,0.396380,saltier,292,Frank's Tract at Old River,-0.600000,-0.151774,fresher,285,Frank's Tract North East,2.140000
2019-06-27,Baseline (BAU),Bolster & Fortify,Franks Tract (10 supplied RMA stations),10,1.060000,0.272833,saltier,292,Frank's Tract at Old River,-0.450000,-0.113831,fresher,285,Frank's Tract North East,1.510000
2019-06-28,Baseline (BAU),Bolster & Fortify,Franks Tract (10 supplied RMA stations),10,0.970000,0.249668,saltier,292,Frank's Tract at Old River,-0.190000,-0.048062,fresher,285,Frank's Tract North East,1.160000
2019-06-29,Baseline (BAU),Bolster & Fortify,Franks Tract (10 supplied RMA stations),10,0.990000,0.254815,saltier,292,Frank's Tract at Old River,-0.220000,-0.050031,fresher,291,Frank's Tract at Sheep Slough,1.210000
2019-06-30,Baseline (BAU),Bolster & Fortify,Franks Tract (10 supplied RMA stations),10,0.990000,0.254815,saltier,292,Frank's Tract at Old River,-0.320000,-0.072772,fresher,291,Frank's Tract at Sheep Slough,1.310000
2019-07-01,Baseline (BAU),Bolster & Fortify,Franks Tract (10 supplied RMA stations),10,0.860000,0.221355,saltier,292,Frank's Tract at Old River,-0.390000,-0.088691,fresher,291,Frank's Tract at Sheep Slough,1.250000
2019-07-02,Baseline (BAU),Bolster & Fortify,Franks Tract (10 supplied RMA stations),10,0.660000,0.169877,saltier,292,Frank's Tract at Old River,-0.430000,-0.097787,fresher,291,Frank's Tract at Sheep Slough,1.090000
2019-07-03,Baseline (BAU),Bolster & Fortify,Franks Tract (10 supplied RMA stations),10,0.400000,0.102956,saltier,292,Frank's Tract at Old River,-0.450000,-0.102336,fresher,291,Frank's Tract at Sheep Slough,0.850000
2019-07-04,Baseline (BAU),Bolster & Fortify,Franks Tract (10 supplied RMA stations),10,0.640000,0.161893,saltier,285,Frank's Tract North East,-0.510000,-0.115980,fresher,291,Frank's Tract at Sheep Slough,1.150000
2019-07-05,Baseline (BAU),Bolster & Fortify,Franks Tract (10 supplied RMA stations),10,0.940000,0.237780,saltier,285,Frank's Tract North East,-0.570000,-0.129625,fresher,291,Frank's Tract at Sheep Slough,1.510000
2019-07-06,Baseline (BAU),Bolster & Fortify,Franks Tract (10 supplied RMA stations),10,1.220000,0.308608,saltier,285,Frank's Tract North East,-0.640000,-0.145544,fresher,291,Frank's Tract at Sheep Slough,1.860000
2019-07-07,Baseline (BAU),Bolster & Fortify,Franks Tract (10 supplied RMA stations),10,1.580000,0.399672,saltier,285,Frank's Tract North East,-0.780000,-0.177382,fresher,291,Frank's Tract at Sheep Slough,2.360000
2019-07-08,Baseline (BAU),Bolster & Fortify,Franks Tract (10 supplied RMA stations),10,1.940000,0.490737,saltier,285,Frank's Tract North East,-0.970000,-0.249668,fresher,292,Frank's Tract at Old River,2.910000
2019-07-09,Baseline (BAU),Bolster & Fortify,Franks Tract (10 supplied RMA stations),10,2.140000,0.541328,saltier,285,Frank's Tract North East,-0.990000,-0.254815,fresher,292,Frank's Tract at Old River,3.130000
2019-07-10,Baseline (BAU),Bolster & Fortify,Franks Tract (10 supplied RMA stations),10,2.330000,0.589390,saltier,285,Frank's Tract North East,-1.130000,-0.256976,fresher,291,Frank's Tract at Sheep Slough,3.460000
2019-07-11,Baseline (BAU),Bolster & Fortify,Franks Tract (10 supplied RMA stations),10,2.560000,0.647570,saltier,285,Frank's Tract North East,-1.280000,-0.291088,fresher,291,Frank's Tract at Sheep Slough,3.840000
2019-07-12,Baseline (BAU),Bolster & Fortify,Franks Tract (10 supplied RMA stations),10,2.620000,0.662747,saltier,285,Frank's Tract North East,-1.500000,-0.341118,fresher,291,Frank's Tract at Sheep Slough,4.120000
2019-07-13,Baseline (BAU),Bolster & Fortify,Franks Tract (10 supplied RMA stations),10,2.570000,0.650100,saltier,285,Frank's Tract North East,-1.650000,-0.375230,fresher,291,Frank's Tract at Sheep Slough,4.220000
2019-07-14,Baseline (BAU),Bolster & Fortify,Franks Tract (10 supplied RMA stations),10,2.540000,0.642511,saltier,285,Frank's Tract North East,-1.750000,-0.397972,fresher,291,Frank's Tract at Sheep Slough,4.290000
2019-07-15,Baseline (BAU),Bolster & Fortify,Franks Tract (10 supplied RMA stations),10,2.500000,0.632393,saltier,285,Frank's Tract North East,-1.810000,-0.411616,fresher,291,Frank's Tract at Sheep Slough,4.310000
2019-07-16,Baseline (BAU),Bolster & Fortify,Franks Tract (10 supplied RMA stations),10,2.530000,0.639981,saltier,285,Frank's Tract North East,-2.020000,-0.459373,fresher,291,Frank's Tract at Sheep Slough,4.550000
2019-07-17,Baseline (BAU),Bolster & Fortify,Franks Tract (10 supplied RMA stations),10,2.590000,0.655159,saltier,285,Frank's Tract North East,-2.290000,-0.520774,fresher,291,Frank's Tract at Sheep Slough,4.880000
2019-07-18,Baseline (BAU),Bolster & Fortify,Franks Tract (10 supplied RMA stations),10,2.690000,0.680454,saltier,285,Frank's Tract North East,-2.390000,-0.543515,fresher,291,Frank's Tract at Sheep Slough,5.080000
2019-07-19,Baseline (BAU),Bolster & Fortify,Franks Tract (10 supplied RMA stations),10,3.090000,0.781637,saltier,285,Frank's Tract North East,-2.590000,-0.588998,fresher,291,Frank's Tract at Sheep Slough,5.680000
2019-07-20,Baseline (BAU),Bolster & Fortify,Franks Tract (10 supplied RMA stations),10,3.670000,0.928352,saltier,285,Frank's Tract North East,-2.940000,-0.668592,fresher,291,Frank's Tract at Sheep Slough,6.610000
2019-07-21,Baseline (BAU),Bolster & Fortify,Franks Tract (10 supplied RMA stations),10,4.340000,1.097834,saltier,285,Frank's Tract North East,-3.220000,-0.732268,fresher,291,Frank's Tract at Sheep Slough,7.560000
2019-07-22,Baseline (BAU),Bolster & Fortify,Franks Tract (10 supplied RMA stations),10,4.870000,1.231901,saltier,285,Frank's Tract North East,-3.430000,-0.780024,fresher,291,Frank's Tract at Sheep Slough,8.300000
2019-07-23,Baseline (BAU),Bolster & Fortify,Franks Tract (10 supplied RMA stations),10,5.260000,1.330554,saltier,285,Frank's Tract North East,-3.650000,-0.830055,fresher,291,Frank's Tract at Sheep Slough,8.910000
2019-07-24,Baseline (BAU),Bolster & Fortify,Franks Tract (10 supplied RMA stations),10,5.500000,1.391264,saltier,285,Frank's Tract North East,-3.970000,-0.902827,fresher,291,Frank's Tract at Sheep Slough,9.470000
2019-07-25,Baseline (BAU),Bolster & Fortify,Franks Tract (10 supplied RMA stations),10,5.460000,1.381146,saltier,285,Frank's Tract North East,-4.180000,-0.950583,fresher,291,Frank's Tract at Sheep Slough,9.640000
2019-07-26,Baseline (BAU),Bolster & Fortify,Franks Tract (10 supplied RMA stations),10,6.100000,1.543038,saltier,285,Frank's Tract North East,-4.390000,-0.998340,fresher,291,Frank's Tract at Sheep Slough,10.490000
2019-07-27,Baseline (BAU),Bolster & Fortify,Franks Tract (10 supplied RMA stations),10,6.720000,1.699871,saltier,285,Frank's Tract North East,-4.900000,-1.114320,fresher,291,Frank's Tract at Sheep Slough,11.620000
2019-07-28,Baseline (BAU),Bolster & Fortify,Franks Tract (10 supplied RMA stations),10,6.370000,1.611336,saltier,285,Frank's Tract North East,-5.100000,-1.159803,fresher,291,Frank's Tract at Sheep Slough,11.470000
2019-07-29,Baseline (BAU),Bolster & Fortify,Franks Tract (10 supplied RMA stations),10,7.070000,1.788406,saltier,285,Frank's Tract North East,-5.470000,-1.243945,fresher,291,Frank's Tract at Sheep Slough,12.540000
2019-07-30,Baseline (BAU),Bolster & Fortify,Franks Tract (10 supplied RMA stations),10,8.040000,2.033775,saltier,285,Frank's Tract North East,-6.030000,-1.371296,fresher,291,Frank's Tract at Sheep Slough,14.070000
2019-07-31,Baseline (BAU),Bolster & Fortify,Franks Tract (10 supplied RMA stations),10,8.470000,2.142546,saltier,285,Frank's Tract North East,-6.640000,-1.510018,fresher,291,Frank's Tract at Sheep Slough,15.110000
2019-08-01,Baseline (BAU),Bolster & Fortify,Franks Tract (10 supplied RMA stations),10,9.380000,2.372737,saltier,285,Frank's Tract North East,-7.110000,-1.616901,fresher,291,Frank's Tract at Sheep Slough,16.490000
2019-08-02,Baseline (BAU),Bolster & Fortify,Franks Tract (10 supplied RMA stations),10,10.970000,2.774939,saltier,285,Frank's Tract North East,-7.600000,-1.728333,fresher,291,Frank's Tract at Sheep Slough,18.570000
2019-08-03,Baseline (BAU),Bolster & Fortify,Franks Tract (10 supplied RMA stations),10,11.950000,3.022837,saltier,285,Frank's Tract North East,-8.050000,-1.830669,fresher,291,Frank's Tract at Sheep Slough,20.000000
2019-08-04,Baseline (BAU),Bolster & Fortify,Franks Tract (10 supplied RMA stations),10,12.890000,3.260616,saltier,285,Frank's Tract North East,-8.390000,-1.907989,fresher,291,Frank's Tract at Sheep Slough,21.280000
2019-08-05,Baseline (BAU),Bolster & Fortify,Franks Tract (10 supplied RMA stations),10,13.720000,3.470571,saltier,285,Frank's Tract North East,-8.520000,-1.937553,fresher,291,Frank's Tract at Sheep Slough,22.240000
2019-08-06,Baseline (BAU),Bolster & Fortify,Franks Tract (10 supplied RMA stations),10,13.930000,3.523692,saltier,285,Frank's Tract North East,-8.530000,-1.939827,fresher,291,Frank's Tract at Sheep Slough,22.460000
2019-08-07,Baseline (BAU),Bolster & Fortify,Franks Tract (10 supplied RMA stations),10,14.530000,3.675466,saltier,285,Frank's Tract North East,-8.290000,-1.885248,fresher,291,Frank's Tract at Sheep Slough,22.820000
2019-08-08,Baseline (BAU),Bolster & Fortify,Franks Tract (10 supplied RMA stations),10,15.810000,3.999251,saltier,285,Frank's Tract North East,-7.920000,-1.801105,fresher,291,Frank's Tract at Sheep Slough,23.730000
2019-08-09,Baseline (BAU),Bolster & Fortify,Franks Tract (10 supplied RMA stations),10,16.640000,4.209205,saltier,285,Frank's Tract North East,-8.000000,-1.701093,fresher,281,South Franks Tract at Bethel Island,24.640000
2019-08-10,Baseline (BAU),Bolster & Fortify,Franks Tract (10 supplied RMA stations),10,16.590000,4.196558,saltier,285,Frank's Tract North East,-8.200000,-1.743620,fresher,281,South Franks Tract at Bethel Island,24.790000
2019-08-11,Baseline (BAU),Bolster & Fortify,Franks Tract (10 supplied RMA stations),10,15.420000,3.900598,saltier,285,Frank's Tract North East,-8.320000,-1.769137,fresher,281,South Franks Tract at Bethel Island,23.740000
2019-08-12,Baseline (BAU),Bolster & Fortify,Franks Tract (10 supplied RMA stations),10,13.990000,3.538869,saltier,285,Frank's Tract North East,-8.000000,-1.701093,fresher,281,South Franks Tract at Bethel Island,21.990000
2019-08-13,Baseline (BAU),Bolster & Fortify,Franks Tract (10 supplied RMA stations),10,12.650000,3.199907,saltier,285,Frank's Tract North East,-7.270000,-1.545868,fresher,281,South Franks Tract at Bethel Island,19.920000
2019-08-14,Baseline (BAU),Bolster & Fortify,Franks Tract (10 supplied RMA stations),10,11.580000,2.929243,saltier,285,Frank's Tract North East,-6.430000,-1.367254,fresher,281,South Franks Tract at Bethel Island,18.010000
2019-08-15,Baseline (BAU),Bolster & Fortify,Franks Tract (10 supplied RMA stations),10,11.320000,2.863474,saltier,285,Frank's Tract North East,-5.630000,-1.197144,fresher,281,South Franks Tract at Bethel Island,16.950000
2019-08-16,Baseline (BAU),Bolster & Fortify,Franks Tract (10 supplied RMA stations),10,11.010000,2.785057,saltier,285,Frank's Tract North East,-4.870000,-1.035540,fresher,281,South Franks Tract at Bethel Island,15.880000
2019-08-17,Baseline (BAU),Bolster & Fortify,Franks Tract (10 supplied RMA stations),10,10.970000,2.774939,saltier,285,Frank's Tract North East,-4.730000,-1.217451,fresher,292,Frank's Tract at Old River,15.700000
2019-08-18,Baseline (BAU),Bolster & Fortify,Franks Tract (10 supplied RMA stations),10,11.000000,2.782528,saltier,285,Frank's Tract North East,-4.690000,-1.207156,fresher,292,Frank's Tract at Old River,15.690000
2019-08-19,Baseline (BAU),Bolster & Fortify,Franks Tract (10 supplied RMA stations),10,10.680000,2.701581,saltier,285,Frank's Tract North East,-4.510000,-1.160826,fresher,292,Frank's Tract at Old River,15.190000
2019-08-20,Baseline (BAU),Bolster & Fortify,Franks Tract (10 supplied RMA stations),10,10.220000,2.585221,saltier,285,Frank's Tract North East,-4.280000,-1.101626,fresher,292,Frank's Tract at Old River,14.500000
2019-08-21,Baseline (BAU),Bolster & Fortify,Franks Tract (10 supplied RMA stations),10,9.920000,2.509334,saltier,285,Frank's Tract North East,-4.190000,-1.078461,fresher,292,Frank's Tract at Old River,14.110000
2019-08-22,Baseline (BAU),Bolster & Fortify,Franks Tract (10 supplied RMA stations),10,9.660000,2.443565,saltier,285,Frank's Tract North East,-3.800000,-0.978079,fresher,292,Frank's Tract at Old River,13.460000
2019-08-23,Baseline (BAU),Bolster & Fortify,Franks Tract (10 supplied RMA stations),10,9.560000,2.418269,saltier,285,Frank's Tract North East,-3.640000,-0.827781,fresher,291,Frank's Tract at Sheep Slough,13.200000
2019-08-24,Baseline (BAU),Bolster & Fortify,Franks Tract (10 supplied RMA stations),10,10.370000,2.623165,saltier,285,Frank's Tract North East,-3.640000,-0.827781,fresher,291,Frank's Tract at Sheep Slough,14.010000
2019-08-25,Baseline (BAU),Bolster & Fortify,Franks Tract (10 supplied RMA stations),10,10.820000,2.736995,saltier,285,Frank's Tract North East,-3.610000,-0.820958,fresher,291,Frank's Tract at Sheep Slough,14.430000
2019-08-26,Baseline (BAU),Bolster & Fortify,Franks Tract (10 supplied RMA stations),10,10.360000,2.620635,saltier,285,Frank's Tract North East,-3.520000,-0.800491,fresher,291,Frank's Tract at Sheep Slough,13.880000
2019-08-27,Baseline (BAU),Bolster & Fortify,Franks Tract (10 supplied RMA stations),10,9.700000,2.453683,saltier,285,Frank's Tract North East,-3.630000,-0.825507,fresher,291,Frank's Tract at Sheep Slough,13.330000
2019-08-28,Baseline (BAU),Bolster & Fortify,Franks Tract (10 supplied RMA stations),10,9.040000,2.286732,saltier,285,Frank's Tract North East,-3.430000,-0.780024,fresher,291,Frank's Tract at Sheep Slough,12.470000
2019-08-29,Baseline (BAU),Bolster & Fortify,Franks Tract (10 supplied RMA stations),10,8.630000,2.183019,saltier,285,Frank's Tract North East,-3.170000,-0.720897,fresher,291,Frank's Tract at Sheep Slough,11.800000
2019-08-30,Baseline (BAU),Bolster & Fortify,Franks Tract (10 supplied RMA stations),10,8.300000,2.099544,saltier,285,Frank's Tract North East,-3.220000,-0.684690,fresher,281,South Franks Tract at Bethel Island,11.520000
2019-08-31,Baseline (BAU),Bolster & Fortify,Franks Tract (10 supplied RMA stations),10,7.940000,2.008479,saltier,285,Frank's Tract North East,-3.280000,-0.697448,fresher,281,South Franks Tract at Bethel Island,11.220000
2019-09-01,Baseline (BAU),Bolster & Fortify,Franks Tract (10 supplied RMA stations),10,7.780000,1.968006,saltier,285,Frank's Tract North East,-3.080000,-0.700430,fresher,291,Frank's Tract at Sheep Slough,10.860000
2019-09-02,Baseline (BAU),Bolster & Fortify,Franks Tract (10 supplied RMA stations),10,7.730000,1.955358,saltier,285,Frank's Tract North East,-2.910000,-0.661770,fresher,291,Frank's Tract at Sheep Slough,10.640000
2019-09-03,Baseline (BAU),Bolster & Fortify,Franks Tract (10 supplied RMA stations),10,7.590000,1.919944,saltier,285,Frank's Tract North East,-2.840000,-0.603888,fresher,281,South Franks Tract at Bethel Island,10.430000
2019-09-04,Baseline (BAU),Bolster & Fortify,Franks Tract (10 supplied RMA stations),10,7.460000,1.887060,saltier,285,Frank's Tract North East,-2.900000,-0.659496,fresher,291,Frank's Tract at Sheep Slough,10.360000
2019-09-05,Baseline (BAU),Bolster & Fortify,Franks Tract (10 supplied RMA stations),10,7.640000,1.932592,saltier,285,Frank's Tract North East,-2.890000,-0.657222,fresher,291,Frank's Tract at Sheep Slough,10.530000
2019-09-06,Baseline (BAU),Bolster & Fortify,Franks Tract (10 supplied RMA stations),10,8.070000,2.041363,saltier,285,Frank's Tract North East,-3.040000,-0.782464,fresher,292,Frank's Tract at Old River,11.110000
2019-09-07,Baseline (BAU),Bolster & Fortify,Franks Tract (10 supplied RMA stations),10,8.580000,2.170372,saltier,285,Frank's Tract North East,-3.340000,-0.859680,fresher,292,Frank's Tract at Old River,11.920000
2019-09-08,Baseline (BAU),Bolster & Fortify,Franks Tract (10 supplied RMA stations),10,8.750000,2.213374,saltier,285,Frank's Tract North East,-3.250000,-0.836515,fresher,292,Frank's Tract at Old River,12.000000
2019-09-09,Baseline (BAU),Bolster & Fortify,Franks Tract (10 supplied RMA stations),10,8.670000,2.193138,saltier,285,Frank's Tract North East,-3.150000,-0.716349,fresher,291,Frank's Tract at Sheep Slough,11.820000
2019-09-10,Baseline (BAU),Bolster & Fortify,Franks Tract (10 supplied RMA stations),10,8.430000,2.132428,saltier,285,Frank's Tract North East,-3.190000,-0.725445,fresher,291,Frank's Tract at Sheep Slough,11.620000
2019-09-11,Baseline (BAU),Bolster & Fortify,Franks Tract (10 supplied RMA stations),10,7.870000,1.990772,saltier,285,Frank's Tract North East,-3.120000,-0.709526,fresher,291,Frank's Tract at Sheep Slough,10.990000
2019-09-12,Baseline (BAU),Bolster & Fortify,Franks Tract (10 supplied RMA stations),10,7.200000,1.821291,saltier,285,Frank's Tract North East,-2.970000,-0.631531,fresher,281,South Franks Tract at Bethel Island,10.170000
2019-09-13,Baseline (BAU),Bolster & Fortify,Franks Tract (10 supplied RMA stations),10,6.580000,1.664457,saltier,285,Frank's Tract North East,-2.630000,-0.559234,fresher,281,South Franks Tract at Bethel Island,9.210000
2019-09-14,Baseline (BAU),Bolster & Fortify,Franks Tract (10 supplied RMA stations),10,6.240000,1.578452,saltier,285,Frank's Tract North East,-2.590000,-0.588998,fresher,291,Frank's Tract at Sheep Slough,8.830000
2019-09-15,Baseline (BAU),Bolster & Fortify,Franks Tract (10 supplied RMA stations),10,6.150000,1.555686,saltier,285,Frank's Tract North East,-2.590000,-0.588998,fresher,291,Frank's Tract at Sheep Slough,8.740000
2019-09-16,Baseline (BAU),Bolster & Fortify,Franks Tract (10 supplied RMA stations),10,6.320000,1.598689,saltier,285,Frank's Tract North East,-2.670000,-0.607191,fresher,291,Frank's Tract at Sheep Slough,8.990000
2019-09-17,Baseline (BAU),Bolster & Fortify,Franks Tract (10 supplied RMA stations),10,6.260000,1.583511,saltier,285,Frank's Tract North East,-2.530000,-0.575353,fresher,291,Frank's Tract at Sheep Slough,8.790000
2019-09-18,Baseline (BAU),Bolster & Fortify,Franks Tract (10 supplied RMA stations),10,5.880000,1.487387,saltier,285,Frank's Tract North East,-2.400000,-0.545790,fresher,291,Frank's Tract at Sheep Slough,8.280000
2019-09-19,Baseline (BAU),Bolster & Fortify,Franks Tract (10 supplied RMA stations),10,5.800000,1.467151,saltier,285,Frank's Tract North East,-2.540000,-0.577627,fresher,291,Frank's Tract at Sheep Slough,8.340000
2019-09-20,Baseline (BAU),Bolster & Fortify,Franks Tract (10 supplied RMA stations),10,5.820000,1.472210,saltier,285,Frank's Tract North East,-2.570000,-0.584450,fresher,291,Frank's Tract at Sheep Slough,8.390000
2019-09-21,Baseline (BAU),Bolster & Fortify,Franks Tract (10 supplied RMA stations),10,5.750000,1.454503,saltier,285,Frank's Tract North East,-2.350000,-0.534419,fresher,291,Frank's Tract at Sheep Slough,8.100000
2019-09-22,Baseline (BAU),Bolster & Fortify,Franks Tract (10 supplied RMA stations),10,5.760000,1.457033,saltier,285,Frank's Tract North East,-2.130000,-0.484388,fresher,291,Frank's Tract at Sheep Slough,7.890000
2019-09-23,Baseline (BAU),Bolster & Fortify,Franks Tract (10 supplied RMA stations),10,6.000000,1.517742,saltier,285,Frank's Tract North East,-2.290000,-0.520774,fresher,291,Frank's Tract at Sheep Slough,8.290000
2019-09-24,Baseline (BAU),Bolster & Fortify,Franks Tract (10 supplied RMA stations),10,5.920000,1.497506,saltier,285,Frank's Tract North East,-2.140000,-0.486662,fresher,291,Frank's Tract at Sheep Slough,8.060000
2019-09-25,Baseline (BAU),Bolster & Fortify,Franks Tract (10 supplied RMA stations),10,5.530000,1.398853,saltier,285,Frank's Tract North East,-2.070000,-0.470743,fresher,291,Frank's Tract at Sheep Slough,7.600000
2019-09-26,Baseline (BAU),Bolster & Fortify,Franks Tract (10 supplied RMA stations),10,5.260000,1.330554,saltier,285,Frank's Tract North East,-2.040000,-0.463921,fresher,291,Frank's Tract at Sheep Slough,7.300000
2019-09-27,Baseline (BAU),Bolster & Fortify,Franks Tract (10 supplied RMA stations),10,5.380000,1.360909,saltier,285,Frank's Tract North East,-2.090000,-0.475292,fresher,291,Frank's Tract at Sheep Slough,7.470000
2019-09-28,Baseline (BAU),Bolster & Fortify,Franks Tract (10 supplied RMA stations),10,5.170000,1.307788,saltier,285,Frank's Tract North East,-2.140000,-0.486662,fresher,291,Frank's Tract at Sheep Slough,7.310000
2019-09-29,Baseline (BAU),Bolster & Fortify,Franks Tract (10 supplied RMA stations),10,5.100000,1.290081,saltier,285,Frank's Tract North East,-2.220000,-0.472053,fresher,281,South Franks Tract at Bethel Island,7.320000
2019-09-30,Baseline (BAU),Bolster & Fortify,Franks Tract (10 supplied RMA stations),10,5.090000,1.287551,saltier,285,Frank's Tract North East,-2.370000,-0.503949,fresher,281,South Franks Tract at Bethel Island,7.460000
2019-10-01,Baseline (BAU),Bolster & Fortify,Franks Tract (10 supplied RMA stations),10,5.220000,1.320436,saltier,285,Frank's Tract North East,-2.280000,-0.484812,fresher,281,South Franks Tract at Bethel Island,7.500000
2019-10-02,Baseline (BAU),Bolster & Fortify,Franks Tract (10 supplied RMA stations),10,5.320000,1.345732,saltier,285,Frank's Tract North East,-2.180000,-0.463548,fresher,281,South Franks Tract at Bethel Island,7.500000
2019-10-03,Baseline (BAU),Bolster & Fortify,Franks Tract (10 supplied RMA stations),10,5.530000,1.398853,saltier,285,Frank's Tract North East,-2.690000,-0.692377,fresher,292,Frank's Tract at Old River,8.220000
2019-10-04,Baseline (BAU),Bolster & Fortify,Franks Tract (10 supplied RMA stations),10,5.800000,1.467151,saltier,285,Frank's Tract North East,-3.080000,-0.792759,fresher,292,Frank's Tract at Old River,8.880000
2019-10-05,Baseline (BAU),Bolster & Fortify,Franks Tract (10 supplied RMA stations),10,5.580000,1.411500,saltier,285,Frank's Tract North East,-3.240000,-0.833941,fresher,292,Frank's Tract at Old River,8.820000
2019-10-06,Baseline (BAU),Bolster & Fortify,Franks Tract (10 supplied RMA stations),10,5.290000,1.338143,saltier,285,Frank's Tract North East,-3.200000,-0.823646,fresher,292,Frank's Tract at Old River,8.490000
2019-10-07,Baseline (BAU),Bolster & Fortify,Franks Tract (10 supplied RMA stations),10,4.940000,1.249608,saltier,285,Frank's Tract North East,-3.050000,-0.785037,fresher,292,Frank's Tract at Old River,7.990000
2019-10-08,Baseline (BAU),Bolster & Fortify,Franks Tract (10 supplied RMA stations),10,4.450000,1.125659,saltier,285,Frank's Tract North East,-2.790000,-0.718116,fresher,292,Frank's Tract at Old River,7.240000
2019-10-09,Baseline (BAU),Bolster & Fortify,Franks Tract (10 supplied RMA stations),10,3.890000,0.984003,saltier,285,Frank's Tract North East,-2.590000,-0.666638,fresher,292,Frank's Tract at Old River,6.480000
2019-10-10,Baseline (BAU),Bolster & Fortify,Franks Tract (10 supplied RMA stations),10,3.220000,0.814522,saltier,285,Frank's Tract North East,-2.410000,-0.620308,fresher,292,Frank's Tract at Old River,5.630000
2019-10-11,Baseline (BAU),Bolster & Fortify,Franks Tract (10 supplied RMA stations),10,2.420000,0.543394,saltier,283,Franks Tract,-2.130000,-0.548239,fresher,292,Frank's Tract at Old River,4.550000
2019-10-12,Baseline (BAU),Bolster & Fortify,Franks Tract (10 supplied RMA stations),10,1.900000,0.426631,saltier,283,Franks Tract,-1.930000,-0.496761,fresher,292,Frank's Tract at Old River,3.830000
2019-10-13,Baseline (BAU),Bolster & Fortify,Franks Tract (10 supplied RMA stations),10,1.530000,0.343551,saltier,283,Franks Tract,-1.790000,-0.460727,fresher,292,Frank's Tract at Old River,3.320000
2019-10-14,Baseline (BAU),Bolster & Fortify,Franks Tract (10 supplied RMA stations),10,1.250000,0.280679,saltier,283,Franks Tract,-1.670000,-0.429840,fresher,292,Frank's Tract at Old River,2.920000
2019-10-15,Baseline (BAU),Bolster & Fortify,Franks Tract (10 supplied RMA stations),10,1.000000,0.224543,saltier,283,Franks Tract,-1.450000,-0.373215,fresher,292,Frank's Tract at Old River,2.450000
2019-10-16,Baseline (BAU),Bolster & Fortify,Franks Tract (10 supplied RMA stations),10,0.800000,0.164912,saltier,274,Piper Slough at Bethal Tract,-1.240000,-0.319163,fresher,292,Frank's Tract at Old River,2.040000
2019-10-17,Baseline (BAU),Bolster & Fortify,Franks Tract (10 supplied RMA stations),10,0.750000,0.154605,saltier,274,Piper Slough at Bethal Tract,-1.050000,-0.270259,fresher,292,Frank's Tract at Old River,1.800000
2019-10-18,Baseline (BAU),Bolster & Fortify,Franks Tract (10 supplied RMA stations),10,0.730000,0.150482,saltier,274,Piper Slough at Bethal Tract,-0.830000,-0.213633,fresher,292,Frank's Tract at Old River,1.560000
2019-10-19,Baseline (BAU),Bolster & Fortify,Franks Tract (10 supplied RMA stations),10,0.730000,0.158272,saltier,282,South Central Franks Tract,-0.710000,-0.182746,fresher,292,Frank's Tract at Old River,1.440000
2019-10-20,Baseline (BAU),Bolster & Fortify,Franks Tract (10 supplied RMA stations),10,0.900000,0.195130,saltier,282,South Central Franks Tract,-0.760000,-0.195616,fresher,292,Frank's Tract at Old River,1.660000
2019-10-21,Baseline (BAU),Bolster & Fortify,Franks Tract (10 supplied RMA stations),10,1.140000,0.247164,saltier,282,South Central Franks Tract,-0.780000,-0.200764,fresher,292,Frank's Tract at Old River,1.920000
2019-10-22,Baseline (BAU),Bolster & Fortify,Franks Tract (10 supplied RMA stations),10,1.310000,0.284022,saltier,282,South Central Franks Tract,-0.690000,-0.174540,fresher,285,Frank's Tract North East,2.000000
2019-10-23,Baseline (BAU),Bolster & Fortify,Franks Tract (10 supplied RMA stations),10,1.350000,0.292694,saltier,282,South Central Franks Tract,-0.950000,-0.240309,fresher,285,Frank's Tract North East,2.300000
2019-10-24,Baseline (BAU),Bolster & Fortify,Franks Tract (10 supplied RMA stations),10,1.400000,0.297691,saltier,281,South Franks Tract at Bethel Island,-1.270000,-0.321255,fresher,285,Frank's Tract North East,2.670000
2019-10-25,Baseline (BAU),Bolster & Fortify,Franks Tract (10 supplied RMA stations),10,1.410000,0.299818,saltier,281,South Franks Tract at Bethel Island,-1.570000,-0.397143,fresher,285,Frank's Tract North East,2.980000
2019-10-26,Baseline (BAU),Bolster & Fortify,Franks Tract (10 supplied RMA stations),10,1.500000,0.318955,saltier,281,South Franks Tract at Bethel Island,-1.710000,-0.432557,fresher,285,Frank's Tract North East,3.210000
2019-10-27,Baseline (BAU),Bolster & Fortify,Franks Tract (10 supplied RMA stations),10,1.880000,0.399757,saltier,281,South Franks Tract at Bethel Island,-1.820000,-0.460382,fresher,285,Frank's Tract North East,3.700000
2019-10-28,Baseline (BAU),Bolster & Fortify,Franks Tract (10 supplied RMA stations),10,2.290000,0.486938,saltier,281,South Franks Tract at Bethel Island,-2.230000,-0.564094,fresher,285,Frank's Tract North East,4.520000
2019-10-29,Baseline (BAU),Bolster & Fortify,Franks Tract (10 supplied RMA stations),10,2.260000,0.480559,saltier,281,South Franks Tract at Bethel Island,-2.420000,-0.612156,fresher,285,Frank's Tract North East,4.680000
2019-10-30,Baseline (BAU),Bolster & Fortify,Franks Tract (10 supplied RMA stations),10,2.310000,0.491191,saltier,281,South Franks Tract at Bethel Island,-2.800000,-0.708280,fresher,285,Frank's Tract North East,5.110000
2019-10-31,Baseline (BAU),Bolster & Fortify,Franks Tract (10 supplied RMA stations),10,2.380000,0.506075,saltier,281,South Franks Tract at Bethel Island,-3.060000,-0.774049,fresher,285,Frank's Tract North East,5.440000
2019-11-01,Baseline (BAU),Bolster & Fortify,Franks Tract (10 supplied RMA stations),10,2.400000,0.510328,saltier,281,South Franks Tract at Bethel Island,-3.030000,-0.766460,fresher,285,Frank's Tract North East,5.430000
2019-11-02,Baseline (BAU),Bolster & Fortify,Franks Tract (10 supplied RMA stations),10,2.410000,0.512454,saltier,281,South Franks Tract at Bethel Island,-2.790000,-0.705750,fresher,285,Frank's Tract North East,5.200000
2019-11-03,Baseline (BAU),Bolster & Fortify,Franks Tract (10 supplied RMA stations),10,2.440000,0.518833,saltier,281,South Franks Tract at Bethel Island,-2.520000,-0.637452,fresher,285,Frank's Tract North East,4.960000
2019-11-04,Baseline (BAU),Bolster & Fortify,Franks Tract (10 supplied RMA stations),10,2.430000,0.516707,saltier,281,South Franks Tract at Bethel Island,-2.320000,-0.586860,fresher,285,Frank's Tract North East,4.750000
2019-11-05,Baseline (BAU),Bolster & Fortify,Franks Tract (10 supplied RMA stations),10,2.350000,0.499696,saltier,281,South Franks Tract at Bethel Island,-2.100000,-0.531210,fresher,285,Frank's Tract North East,4.450000
2019-11-06,Baseline (BAU),Bolster & Fortify,Franks Tract (10 supplied RMA stations),10,2.200000,0.467801,saltier,281,South Franks Tract at Bethel Island,-1.820000,-0.460382,fresher,285,Frank's Tract North East,4.020000
2019-11-07,Baseline (BAU),Bolster & Fortify,Franks Tract (10 supplied RMA stations),10,2.040000,0.433779,saltier,281,South Franks Tract at Bethel Island,-1.600000,-0.404731,fresher,285,Frank's Tract North East,3.640000
2019-11-08,Baseline (BAU),Bolster & Fortify,Franks Tract (10 supplied RMA stations),10,1.890000,0.401883,saltier,281,South Franks Tract at Bethel Island,-1.500000,-0.379436,fresher,285,Frank's Tract North East,3.390000
2019-11-09,Baseline (BAU),Bolster & Fortify,Franks Tract (10 supplied RMA stations),10,1.720000,0.365735,saltier,281,South Franks Tract at Bethel Island,-1.430000,-0.361729,fresher,285,Frank's Tract North East,3.150000
2019-11-10,Baseline (BAU),Bolster & Fortify,Franks Tract (10 supplied RMA stations),10,1.520000,0.323208,saltier,281,South Franks Tract at Bethel Island,-1.550000,-0.398953,fresher,292,Frank's Tract at Old River,3.070000
2019-11-11,Baseline (BAU),Bolster & Fortify,Franks Tract (10 supplied RMA stations),10,1.260000,0.267922,saltier,281,South Franks Tract at Bethel Island,-1.930000,-0.496761,fresher,292,Frank's Tract at Old River,3.190000
2019-11-12,Baseline (BAU),Bolster & Fortify,Franks Tract (10 supplied RMA stations),10,0.990000,0.210510,saltier,281,South Franks Tract at Bethel Island,-2.270000,-0.584274,fresher,292,Frank's Tract at Old River,3.260000
2019-11-13,Baseline (BAU),Bolster & Fortify,Franks Tract (10 supplied RMA stations),10,0.690000,0.146719,saltier,281,South Franks Tract at Bethel Island,-2.550000,-0.656343,fresher,292,Frank's Tract at Old River,3.240000
2019-11-14,Baseline (BAU),Bolster & Fortify,Franks Tract (10 supplied RMA stations),10,0.310000,0.065917,saltier,281,South Franks Tract at Bethel Island,-2.920000,-0.751577,fresher,292,Frank's Tract at Old River,3.230000
2019-11-15,Baseline (BAU),Bolster & Fortify,Franks Tract (10 supplied RMA stations),10,0.180000,0.040418,saltier,283,Franks Tract,-3.220000,-0.828794,fresher,292,Frank's Tract at Old River,3.400000
2019-11-16,Baseline (BAU),Bolster & Fortify,Franks Tract (10 supplied RMA stations),10,0.490000,0.123949,saltier,285,Frank's Tract North East,-3.190000,-0.821072,fresher,292,Frank's Tract at Old River,3.680000
2019-11-17,Baseline (BAU),Bolster & Fortify,Franks Tract (10 supplied RMA stations),10,1.050000,0.265605,saltier,285,Frank's Tract North East,-3.190000,-0.821072,fresher,292,Frank's Tract at Old River,4.240000
2019-11-18,Baseline (BAU),Bolster & Fortify,Franks Tract (10 supplied RMA stations),10,1.640000,0.414850,saltier,285,Frank's Tract North East,-3.370000,-0.867402,fresher,292,Frank's Tract at Old River,5.010000
2019-11-19,Baseline (BAU),Bolster & Fortify,Franks Tract (10 supplied RMA stations),10,2.120000,0.536269,saltier,285,Frank's Tract North East,-4.180000,-1.075887,fresher,292,Frank's Tract at Old River,6.300000
2019-11-20,Baseline (BAU),Bolster & Fortify,Franks Tract (10 supplied RMA stations),10,2.980000,0.753812,saltier,285,Frank's Tract North East,-5.120000,-1.317833,fresher,292,Frank's Tract at Old River,8.100000
2019-11-21,Baseline (BAU),Bolster & Fortify,Franks Tract (10 supplied RMA stations),10,3.730000,0.943530,saltier,285,Frank's Tract North East,-4.940000,-1.271503,fresher,292,Frank's Tract at Old River,8.670000
2019-11-22,Baseline (BAU),Bolster & Fortify,Franks Tract (10 supplied RMA stations),10,3.500000,0.885350,saltier,285,Frank's Tract North East,-4.880000,-1.109772,fresher,291,Frank's Tract at Sheep Slough,8.380000
2019-11-23,Baseline (BAU),Bolster & Fortify,Franks Tract (10 supplied RMA stations),10,3.340000,0.844877,saltier,285,Frank's Tract North East,-5.410000,-1.230301,fresher,291,Frank's Tract at Sheep Slough,8.750000
2019-11-24,Baseline (BAU),Bolster & Fortify,Franks Tract (10 supplied RMA stations),10,2.840000,0.718398,saltier,285,Frank's Tract North East,-6.110000,-1.389489,fresher,291,Frank's Tract at Sheep Slough,8.950000
2019-11-25,Baseline (BAU),Bolster & Fortify,Franks Tract (10 supplied RMA stations),10,3.560000,0.900527,saltier,285,Frank's Tract North East,-7.620000,-1.732882,fresher,291,Frank's Tract at Sheep Slough,11.180000
2019-11-26,Baseline (BAU),Bolster & Fortify,Franks Tract (10 supplied RMA stations),10,4.230000,1.070008,saltier,285,Frank's Tract North East,-9.440000,-2.146772,fresher,291,Frank's Tract at Sheep Slough,13.670000
2019-11-27,Baseline (BAU),Bolster & Fortify,Franks Tract (10 supplied RMA stations),10,-6.540000,-1.654339,fresher,285,Frank's Tract North East,-63.700000,-11.571034,fresher,265,Little Franks Tract at Fisherman's Cut,57.160000
2019-11-28,Baseline (BAU),Bolster & Fortify,Franks Tract (10 supplied RMA stations),10,-18.540000,-4.689824,fresher,285,Frank's Tract North East,-100.210000,-18.203035,fresher,265,Little Franks Tract at Fisherman's Cut,81.670000
2019-11-29,Baseline (BAU),Bolster & Fortify,Franks Tract (10 supplied RMA stations),10,-26.240000,-6.637593,fresher,285,Frank's Tract North East,-99.320000,-19.399114,fresher,270,Frank's Tract at False River,73.080000
2019-11-30,Baseline (BAU),Bolster & Fortify,Franks Tract (10 supplied RMA stations),10,-20.620000,-5.215974,fresher,285,Frank's Tract North East,-95.380000,-21.690585,fresher,291,Frank's Tract at Sheep Slough,74.760000
2019-12-01,Baseline (BAU),Bolster & Fortify,Franks Tract (10 supplied RMA stations),10,-6.940000,-1.755522,fresher,285,Frank's Tract North East,-151.320000,-29.555718,fresher,270,Frank's Tract at False River,144.380000
2019-12-02,Baseline (BAU),Bolster & Fortify,Franks Tract (10 supplied RMA stations),10,-11.470000,-2.901417,fresher,285,Frank's Tract North East,-126.330000,-24.674688,fresher,270,Frank's Tract at False River,114.860000
2019-12-03,Baseline (BAU),Bolster & Fortify,Franks Tract (10 supplied RMA stations),10,-5.800000,-1.467151,fresher,285,Frank's Tract North East,-117.370000,-26.691381,fresher,291,Frank's Tract at Sheep Slough,111.570000
2019-12-04,Baseline (BAU),Bolster & Fortify,Franks Tract (10 supplied RMA stations),10,5.860000,1.482328,saltier,285,Frank's Tract North East,-128.580000,-29.240673,fresher,291,Frank's Tract at Sheep Slough,134.440000
2019-12-05,Baseline (BAU),Bolster & Fortify,Franks Tract (10 supplied RMA stations),10,22.880000,5.787657,saltier,285,Frank's Tract North East,-136.830000,-31.116824,fresher,291,Frank's Tract at Sheep Slough,159.710000
2019-12-06,Baseline (BAU),Bolster & Fortify,Franks Tract (10 supplied RMA stations),10,37.040000,9.369529,saltier,285,Frank's Tract North East,-145.650000,-33.122601,fresher,291,Frank's Tract at Sheep Slough,182.690000
2019-12-07,Baseline (BAU),Bolster & Fortify,Franks Tract (10 supplied RMA stations),10,38.350000,9.700903,saltier,285,Frank's Tract North East,-150.750000,-34.282404,fresher,291,Frank's Tract at Sheep Slough,189.100000
2019-12-08,Baseline (BAU),Bolster & Fortify,Franks Tract (10 supplied RMA stations),10,46.840000,11.848508,saltier,285,Frank's Tract North East,-147.550000,-33.554684,fresher,291,Frank's Tract at Sheep Slough,194.390000
2019-12-09,Baseline (BAU),Bolster & Fortify,Franks Tract (10 supplied RMA stations),10,63.160000,15.976768,saltier,285,Frank's Tract North East,-146.120000,-33.229485,fresher,291,Frank's Tract at Sheep Slough,209.280000
2019-12-10,Baseline (BAU),Bolster & Fortify,Franks Tract (10 supplied RMA stations),10,78.630000,19.890013,saltier,285,Frank's Tract North East,-144.530000,-32.867899,fresher,291,Frank's Tract at Sheep Slough,223.160000
2019-12-11,Baseline (BAU),Bolster & Fortify,Franks Tract (10 supplied RMA stations),10,95.530000,24.164987,saltier,285,Frank's Tract North East,-141.050000,-32.076504,fresher,291,Frank's Tract at Sheep Slough,236.580000
2019-12-12,Baseline (BAU),Bolster & Fortify,Franks Tract (10 supplied RMA stations),10,108.850000,27.534375,saltier,285,Frank's Tract North East,-133.950000,-30.461877,fresher,291,Frank's Tract at Sheep Slough,242.800000
2019-12-13,Baseline (BAU),Bolster & Fortify,Franks Tract (10 supplied RMA stations),10,116.350000,29.431553,saltier,285,Frank's Tract North East,-126.110000,-28.678965,fresher,291,Frank's Tract at Sheep Slough,242.460000
2019-12-14,Baseline (BAU),Bolster & Fortify,Franks Tract (10 supplied RMA stations),10,117.930000,29.831226,saltier,285,Frank's Tract North East,-119.260000,-27.121190,fresher,291,Frank's Tract at Sheep Slough,237.190000
2019-12-15,Baseline (BAU),Bolster & Fortify,Franks Tract (10 supplied RMA stations),10,119.170000,30.144892,saltier,285,Frank's Tract North East,-100.930000,-22.952723,fresher,291,Frank's Tract at Sheep Slough,220.100000
2019-12-16,Baseline (BAU),Bolster & Fortify,Franks Tract (10 supplied RMA stations),10,108.920000,27.552082,saltier,285,Frank's Tract North East,-24.990000,-5.683033,fresher,291,Frank's Tract at Sheep Slough,133.910000
2019-12-17,Baseline (BAU),Bolster & Fortify,Franks Tract (10 supplied RMA stations),10,88.090000,22.282987,saltier,285,Frank's Tract North East,6.510000,1.480454,saltier,291,Frank's Tract at Sheep Slough,81.580000
2019-12-18,Baseline (BAU),Bolster & Fortify,Franks Tract (10 supplied RMA stations),10,71.700000,18.137021,saltier,285,Frank's Tract North East,9.530000,2.026427,saltier,281,South Franks Tract at Bethel Island,62.170000
2019-12-19,Baseline (BAU),Bolster & Fortify,Franks Tract (10 supplied RMA stations),10,61.610000,15.584684,saltier,285,Frank's Tract North East,10.190000,2.166767,saltier,281,South Franks Tract at Bethel Island,51.420000
2019-12-20,Baseline (BAU),Bolster & Fortify,Franks Tract (10 supplied RMA stations),10,52.610000,13.308071,saltier,285,Frank's Tract North East,9.930000,2.111482,saltier,281,South Franks Tract at Bethel Island,42.680000
2019-12-21,Baseline (BAU),Bolster & Fortify,Franks Tract (10 supplied RMA stations),10,43.630000,11.036516,saltier,285,Frank's Tract North East,5.630000,1.022683,saltier,265,Little Franks Tract at Fisherman's Cut,38.000000
2019-12-22,Baseline (BAU),Bolster & Fortify,Franks Tract (10 supplied RMA stations),10,33.380000,8.443707,saltier,285,Frank's Tract North East,0.190000,0.034513,saltier,265,Little Franks Tract at Fisherman's Cut,33.190000
2019-12-23,Baseline (BAU),Bolster & Fortify,Franks Tract (10 supplied RMA stations),10,27.550000,6.968967,saltier,285,Frank's Tract North East,-0.840000,-0.152585,fresher,265,Little Franks Tract at Fisherman's Cut,28.390000
2019-12-24,Baseline (BAU),Bolster & Fortify,Franks Tract (10 supplied RMA stations),10,23.390000,5.916666,saltier,285,Frank's Tract North East,-1.630000,-0.296088,fresher,265,Little Franks Tract at Fisherman's Cut,25.020000
2019-12-25,Baseline (BAU),Bolster & Fortify,Franks Tract (10 supplied RMA stations),10,20.050000,5.071789,saltier,285,Frank's Tract North East,-2.820000,-0.512250,fresher,265,Little Franks Tract at Fisherman's Cut,22.870000
2019-12-26,Baseline (BAU),Bolster & Fortify,Franks Tract (10 supplied RMA stations),10,18.230000,4.611407,saltier,285,Frank's Tract North East,-3.210000,-0.583093,fresher,265,Little Franks Tract at Fisherman's Cut,21.440000
2019-12-27,Baseline (BAU),Bolster & Fortify,Franks Tract (10 supplied RMA stations),10,17.770000,4.495047,saltier,285,Frank's Tract North East,-2.940000,-0.534048,fresher,265,Little Franks Tract at Fisherman's Cut,20.710000
2019-12-28,Baseline (BAU),Bolster & Fortify,Franks Tract (10 supplied RMA stations),10,16.930000,4.282563,saltier,285,Frank's Tract North East,-3.660000,-0.778250,fresher,281,South Franks Tract at Bethel Island,20.590000
2019-12-29,Baseline (BAU),Bolster & Fortify,Franks Tract (10 supplied RMA stations),10,15.940000,4.032135,saltier,285,Frank's Tract North East,-4.950000,-1.052551,fresher,281,South Franks Tract at Bethel Island,20.890000
2019-12-30,Baseline (BAU),Bolster & Fortify,Franks Tract (10 supplied RMA stations),10,16.180000,4.092845,saltier,285,Frank's Tract North East,-6.600000,-1.500921,fresher,291,Frank's Tract at Sheep Slough,22.780000
2019-12-31,Baseline (BAU),Bolster & Fortify,Franks Tract (10 supplied RMA stations),10,16.800000,4.249679,saltier,285,Frank's Tract North East,-7.990000,-1.817024,fresher,291,Frank's Tract at Sheep Slough,24.790000
2020-01-01,Baseline (BAU),Bolster & Fortify,Franks Tract (10 supplied RMA stations),10,16.440000,4.158614,saltier,285,Frank's Tract North East,-8.510000,-1.935279,fresher,291,Frank's Tract at Sheep Slough,24.950000
2020-01-02,Baseline (BAU),Bolster & Fortify,Franks Tract (10 supplied RMA stations),10,15.870000,4.014428,saltier,285,Frank's Tract North East,-8.680000,-1.845686,fresher,281,South Franks Tract at Bethel Island,24.550000
2020-01-03,Baseline (BAU),Bolster & Fortify,Franks Tract (10 supplied RMA stations),10,14.690000,3.715939,saltier,285,Frank's Tract North East,-9.340000,-1.986026,fresher,281,South Franks Tract at Bethel Island,24.030000
2020-01-04,Baseline (BAU),Bolster & Fortify,Franks Tract (10 supplied RMA stations),10,14.060000,3.556576,saltier,285,Frank's Tract North East,-9.240000,-1.964762,fresher,281,South Franks Tract at Bethel Island,23.300000
2020-01-05,Baseline (BAU),Bolster & Fortify,Franks Tract (10 supplied RMA stations),10,15.480000,3.915775,saltier,285,Frank's Tract North East,-9.060000,-1.926488,fresher,281,South Franks Tract at Bethel Island,24.540000
2020-01-06,Baseline (BAU),Bolster & Fortify,Franks Tract (10 supplied RMA stations),10,15.250000,3.857595,saltier,285,Frank's Tract North East,-9.120000,-1.939246,fresher,281,South Franks Tract at Bethel Island,24.370000
2020-01-07,Baseline (BAU),Bolster & Fortify,Franks Tract (10 supplied RMA stations),10,14.100000,3.566694,saltier,285,Frank's Tract North East,-9.180000,-1.952004,fresher,281,South Franks Tract at Bethel Island,23.280000
2020-01-08,Baseline (BAU),Bolster & Fortify,Franks Tract (10 supplied RMA stations),10,13.250000,3.351681,saltier,285,Frank's Tract North East,-9.250000,-1.966889,fresher,281,South Franks Tract at Bethel Island,22.500000
2020-01-09,Baseline (BAU),Bolster & Fortify,Franks Tract (10 supplied RMA stations),10,12.170000,3.078487,saltier,285,Frank's Tract North East,-9.330000,-1.983900,fresher,281,South Franks Tract at Bethel Island,21.500000
2020-01-10,Baseline (BAU),Bolster & Fortify,Franks Tract (10 supplied RMA stations),10,12.140000,3.070899,saltier,285,Frank's Tract North East,-9.530000,-2.026427,fresher,281,South Franks Tract at Bethel Island,21.670000
2020-01-11,Baseline (BAU),Bolster & Fortify,Franks Tract (10 supplied RMA stations),10,11.340000,2.868533,saltier,285,Frank's Tract North East,-9.200000,-1.956257,fresher,281,South Franks Tract at Bethel Island,20.540000
2020-01-12,Baseline (BAU),Bolster & Fortify,Franks Tract (10 supplied RMA stations),10,10.940000,2.767350,saltier,285,Frank's Tract North East,-8.710000,-1.852065,fresher,281,South Franks Tract at Bethel Island,19.650000
2020-01-13,Baseline (BAU),Bolster & Fortify,Franks Tract (10 supplied RMA stations),10,10.390000,2.628224,saltier,285,Frank's Tract North East,-8.490000,-1.805285,fresher,281,South Franks Tract at Bethel Island,18.880000
2020-01-14,Baseline (BAU),Bolster & Fortify,Franks Tract (10 supplied RMA stations),10,10.330000,2.613046,saltier,285,Frank's Tract North East,-8.370000,-1.779769,fresher,281,South Franks Tract at Bethel Island,18.700000
2020-01-15,Baseline (BAU),Bolster & Fortify,Franks Tract (10 supplied RMA stations),10,9.960000,2.519452,saltier,285,Frank's Tract North East,-8.270000,-1.758505,fresher,281,South Franks Tract at Bethel Island,18.230000
2020-01-16,Baseline (BAU),Bolster & Fortify,Franks Tract (10 supplied RMA stations),10,8.760000,2.215904,saltier,285,Frank's Tract North East,-8.130000,-1.728736,fresher,281,South Franks Tract at Bethel Island,16.890000
2020-01-17,Baseline (BAU),Bolster & Fortify,Franks Tract (10 supplied RMA stations),10,8.360000,2.114721,saltier,285,Frank's Tract North East,-8.460000,-1.798906,fresher,281,South Franks Tract at Bethel Island,16.820000
2020-01-18,Baseline (BAU),Bolster & Fortify,Franks Tract (10 supplied RMA stations),10,8.540000,2.160253,saltier,285,Frank's Tract North East,-8.440000,-1.794653,fresher,281,South Franks Tract at Bethel Island,16.980000
2020-01-19,Baseline (BAU),Bolster & Fortify,Franks Tract (10 supplied RMA stations),10,9.150000,2.314557,saltier,285,Frank's Tract North East,-8.100000,-1.722357,fresher,281,South Franks Tract at Bethel Island,17.250000
2020-01-20,Baseline (BAU),Bolster & Fortify,Franks Tract (10 supplied RMA stations),10,9.970000,2.521982,saltier,285,Frank's Tract North East,-8.020000,-1.705346,fresher,281,South Franks Tract at Bethel Island,17.990000
2020-01-21,Baseline (BAU),Bolster & Fortify,Franks Tract (10 supplied RMA stations),10,10.060000,2.544748,saltier,285,Frank's Tract North East,-8.360000,-1.777642,fresher,281,South Franks Tract at Bethel Island,18.420000
2020-01-22,Baseline (BAU),Bolster & Fortify,Franks Tract (10 supplied RMA stations),10,9.830000,2.486568,saltier,285,Frank's Tract North East,-8.680000,-1.845686,fresher,281,South Franks Tract at Bethel Island,18.510000
2020-01-23,Baseline (BAU),Bolster & Fortify,Franks Tract (10 supplied RMA stations),10,9.660000,2.443565,saltier,285,Frank's Tract North East,-8.740000,-1.858444,fresher,281,South Franks Tract at Bethel Island,18.400000
2020-01-24,Baseline (BAU),Bolster & Fortify,Franks Tract (10 supplied RMA stations),10,9.400000,2.377796,saltier,285,Frank's Tract North East,-8.600000,-1.828675,fresher,281,South Franks Tract at Bethel Island,18.000000
2020-01-25,Baseline (BAU),Bolster & Fortify,Franks Tract (10 supplied RMA stations),10,9.630000,2.435976,saltier,285,Frank's Tract North East,-8.600000,-1.828675,fresher,281,South Franks Tract at Bethel Island,18.230000
2020-01-26,Baseline (BAU),Bolster & Fortify,Franks Tract (10 supplied RMA stations),10,9.730000,2.461272,saltier,285,Frank's Tract North East,-8.590000,-1.826549,fresher,281,South Franks Tract at Bethel Island,18.320000
2020-01-27,Baseline (BAU),Bolster & Fortify,Franks Tract (10 supplied RMA stations),10,10.270000,2.597869,saltier,285,Frank's Tract North East,-8.670000,-2.231565,fresher,292,Frank's Tract at Old River,18.940000
2020-01-28,Baseline (BAU),Bolster & Fortify,Franks Tract (10 supplied RMA stations),10,10.840000,2.742054,saltier,285,Frank's Tract North East,-9.560000,-2.460642,fresher,292,Frank's Tract at Old River,20.400000
2020-01-29,Baseline (BAU),Bolster & Fortify,Franks Tract (10 supplied RMA stations),10,12.400000,3.136667,saltier,285,Frank's Tract North East,-10.450000,-2.689718,fresher,292,Frank's Tract at Old River,22.850000
2020-01-30,Baseline (BAU),Bolster & Fortify,Franks Tract (10 supplied RMA stations),10,13.370000,3.382036,saltier,285,Frank's Tract North East,-10.650000,-2.741196,fresher,292,Frank's Tract at Old River,24.020000
2020-01-31,Baseline (BAU),Bolster & Fortify,Franks Tract (10 supplied RMA stations),10,13.150000,3.326385,saltier,285,Frank's Tract North East,-10.680000,-2.748918,fresher,292,Frank's Tract at Old River,23.830000
2020-02-01,Baseline (BAU),Bolster & Fortify,Franks Tract (10 supplied RMA stations),10,12.850000,3.250498,saltier,285,Frank's Tract North East,-10.620000,-2.733475,fresher,292,Frank's Tract at Old River,23.470000
2020-02-02,Baseline (BAU),Bolster & Fortify,Franks Tract (10 supplied RMA stations),10,12.910000,3.265676,saltier,285,Frank's Tract North East,-10.510000,-2.705162,fresher,292,Frank's Tract at Old River,23.420000
2020-02-03,Baseline (BAU),Bolster & Fortify,Franks Tract (10 supplied RMA stations),10,15.750000,3.984074,saltier,285,Frank's Tract North East,-11.220000,-2.887908,fresher,292,Frank's Tract at Old River,26.970000
2020-02-04,Baseline (BAU),Bolster & Fortify,Franks Tract (10 supplied RMA stations),10,16.210000,4.100434,saltier,285,Frank's Tract North East,-11.460000,-2.949682,fresher,292,Frank's Tract at Old River,27.670000
2020-02-05,Baseline (BAU),Bolster & Fortify,Franks Tract (10 supplied RMA stations),10,14.250000,3.604638,saltier,285,Frank's Tract North East,-9.280000,-2.388573,fresher,292,Frank's Tract at Old River,23.530000
2020-02-06,Baseline (BAU),Bolster & Fortify,Franks Tract (10 supplied RMA stations),10,12.320000,3.116431,saltier,285,Frank's Tract North East,-7.030000,-1.809447,fresher,292,Frank's Tract at Old River,19.350000
2020-02-07,Baseline (BAU),Bolster & Fortify,Franks Tract (10 supplied RMA stations),10,10.890000,2.754702,saltier,285,Frank's Tract North East,-5.620000,-1.278057,fresher,291,Frank's Tract at Sheep Slough,16.510000
2020-02-08,Baseline (BAU),Bolster & Fortify,Franks Tract (10 supplied RMA stations),10,10.060000,2.544748,saltier,285,Frank's Tract North East,-5.430000,-1.234849,fresher,291,Frank's Tract at Sheep Slough,15.490000
2020-02-09,Baseline (BAU),Bolster & Fortify,Franks Tract (10 supplied RMA stations),10,10.150000,2.567514,saltier,285,Frank's Tract North East,-4.820000,-1.096127,fresher,291,Frank's Tract at Sheep Slough,14.970000
2020-02-10,Baseline (BAU),Bolster & Fortify,Franks Tract (10 supplied RMA stations),10,8.930000,2.258907,saltier,285,Frank's Tract North East,-3.990000,-1.026983,fresher,292,Frank's Tract at Old River,12.920000
2020-02-11,Baseline (BAU),Bolster & Fortify,Franks Tract (10 supplied RMA stations),10,7.340000,1.856705,saltier,285,Frank's Tract North East,-3.430000,-0.882845,fresher,292,Frank's Tract at Old River,10.770000
2020-02-12,Baseline (BAU),Bolster & Fortify,Franks Tract (10 supplied RMA stations),10,5.960000,1.507624,saltier,285,Frank's Tract North East,-2.970000,-0.764446,fresher,292,Frank's Tract at Old River,8.930000
2020-02-13,Baseline (BAU),Bolster & Fortify,Franks Tract (10 supplied RMA stations),10,4.580000,1.158543,saltier,285,Frank's Tract North East,-2.600000,-0.669212,fresher,292,Frank's Tract at Old River,7.180000
2020-02-14,Baseline (BAU),Bolster & Fortify,Franks Tract (10 supplied RMA stations),10,3.480000,0.880291,saltier,285,Frank's Tract North East,-2.490000,-0.640899,fresher,292,Frank's Tract at Old River,5.970000
2020-02-15,Baseline (BAU),Bolster & Fortify,Franks Tract (10 supplied RMA stations),10,2.730000,0.690573,saltier,285,Frank's Tract North East,-2.660000,-0.684656,fresher,292,Frank's Tract at Old River,5.390000
2020-02-16,Baseline (BAU),Bolster & Fortify,Franks Tract (10 supplied RMA stations),10,2.270000,0.574213,saltier,285,Frank's Tract North East,-2.850000,-0.733560,fresher,292,Frank's Tract at Old River,5.120000
2020-02-17,Baseline (BAU),Bolster & Fortify,Franks Tract (10 supplied RMA stations),10,2.720000,0.688043,saltier,285,Frank's Tract North East,-3.330000,-0.857106,fresher,292,Frank's Tract at Old River,6.050000
2020-02-18,Baseline (BAU),Bolster & Fortify,Franks Tract (10 supplied RMA stations),10,2.800000,0.708280,saltier,285,Frank's Tract North East,-3.280000,-0.844237,fresher,292,Frank's Tract at Old River,6.080000
2020-02-19,Baseline (BAU),Bolster & Fortify,Franks Tract (10 supplied RMA stations),10,2.230000,0.564094,saltier,285,Frank's Tract North East,-3.120000,-0.803055,fresher,292,Frank's Tract at Old River,5.350000
2020-02-20,Baseline (BAU),Bolster & Fortify,Franks Tract (10 supplied RMA stations),10,1.710000,0.383968,saltier,283,Franks Tract,-2.960000,-0.761872,fresher,292,Frank's Tract at Old River,4.670000
2020-02-21,Baseline (BAU),Bolster & Fortify,Franks Tract (10 supplied RMA stations),10,1.470000,0.330078,saltier,283,Franks Tract,-3.010000,-0.774742,fresher,292,Frank's Tract at Old River,4.480000
2020-02-22,Baseline (BAU),Bolster & Fortify,Franks Tract (10 supplied RMA stations),10,1.240000,0.278433,saltier,283,Franks Tract,-2.870000,-0.738707,fresher,292,Frank's Tract at Old River,4.110000
2020-02-23,Baseline (BAU),Bolster & Fortify,Franks Tract (10 supplied RMA stations),10,1.000000,0.224543,saltier,283,Franks Tract,-2.350000,-0.604865,fresher,292,Frank's Tract at Old River,3.350000
2020-02-24,Baseline (BAU),Bolster & Fortify,Franks Tract (10 supplied RMA stations),10,0.660000,0.148198,saltier,283,Franks Tract,-1.880000,-0.483892,fresher,292,Frank's Tract at Old River,2.540000
2020-02-25,Baseline (BAU),Bolster & Fortify,Franks Tract (10 supplied RMA stations),10,0.890000,0.192962,saltier,282,South Central Franks Tract,-1.760000,-0.445204,fresher,285,Frank's Tract North East,2.650000
2020-02-26,Baseline (BAU),Bolster & Fortify,Franks Tract (10 supplied RMA stations),10,1.100000,0.226754,saltier,274,Piper Slough at Bethal Tract,-1.760000,-0.445204,fresher,285,Frank's Tract North East,2.860000
2020-02-27,Baseline (BAU),Bolster & Fortify,Franks Tract (10 supplied RMA stations),10,1.270000,0.261798,saltier,274,Piper Slough at Bethal Tract,-1.550000,-0.392083,fresher,285,Frank's Tract North East,2.820000
2020-02-28,Baseline (BAU),Bolster & Fortify,Franks Tract (10 supplied RMA stations),10,1.390000,0.286534,saltier,274,Piper Slough at Bethal Tract,-1.690000,-0.434988,fresher,292,Frank's Tract at Old River,3.080000
2020-02-29,Baseline (BAU),Bolster & Fortify,Franks Tract (10 supplied RMA stations),10,1.420000,0.292719,saltier,274,Piper Slough at Bethal Tract,-1.410000,-0.362919,fresher,292,Frank's Tract at Old River,2.830000
2020-03-01,Baseline (BAU),Bolster & Fortify,Franks Tract (10 supplied RMA stations),10,1.350000,0.278289,saltier,274,Piper Slough at Bethal Tract,-1.270000,-0.326884,fresher,292,Frank's Tract at Old River,2.620000
2020-03-02,Baseline (BAU),Bolster & Fortify,Franks Tract (10 supplied RMA stations),10,1.980000,0.429285,saltier,282,South Central Franks Tract,-2.150000,-0.553387,fresher,292,Frank's Tract at Old River,4.130000
2020-03-03,Baseline (BAU),Bolster & Fortify,Franks Tract (10 supplied RMA stations),10,2.230000,0.483488,saltier,282,South Central Franks Tract,-2.280000,-0.586848,fresher,292,Frank's Tract at Old River,4.510000
2020-03-04,Baseline (BAU),Bolster & Fortify,Franks Tract (10 supplied RMA stations),10,2.110000,0.457471,saltier,282,South Central Franks Tract,-2.830000,-0.728412,fresher,292,Frank's Tract at Old River,4.940000
2020-03-05,Baseline (BAU),Bolster & Fortify,Franks Tract (10 supplied RMA stations),10,2.070000,0.448798,saltier,282,South Central Franks Tract,-3.030000,-0.779890,fresher,292,Frank's Tract at Old River,5.100000
2020-03-06,Baseline (BAU),Bolster & Fortify,Franks Tract (10 supplied RMA stations),10,2.010000,0.435790,saltier,282,South Central Franks Tract,-2.840000,-0.730986,fresher,292,Frank's Tract at Old River,4.850000
2020-03-07,Baseline (BAU),Bolster & Fortify,Franks Tract (10 supplied RMA stations),10,2.080000,0.450966,saltier,282,South Central Franks Tract,-2.970000,-0.764446,fresher,292,Frank's Tract at Old River,5.050000
2020-03-08,Baseline (BAU),Bolster & Fortify,Franks Tract (10 supplied RMA stations),10,2.210000,0.479152,saltier,282,South Central Franks Tract,-3.340000,-0.859680,fresher,292,Frank's Tract at Old River,5.550000
2020-03-09,Baseline (BAU),Bolster & Fortify,Franks Tract (10 supplied RMA stations),10,2.240000,0.485656,saltier,282,South Central Franks Tract,-3.660000,-0.942045,fresher,292,Frank's Tract at Old River,5.900000
2020-03-10,Baseline (BAU),Bolster & Fortify,Franks Tract (10 supplied RMA stations),10,2.180000,0.472647,saltier,282,South Central Franks Tract,-4.030000,-1.037279,fresher,292,Frank's Tract at Old River,6.210000
2020-03-11,Baseline (BAU),Bolster & Fortify,Franks Tract (10 supplied RMA stations),10,1.970000,0.427117,saltier,282,South Central Franks Tract,-4.280000,-1.101626,fresher,292,Frank's Tract at Old River,6.250000
2020-03-12,Baseline (BAU),Bolster & Fortify,Franks Tract (10 supplied RMA stations),10,1.660000,0.359906,saltier,282,South Central Franks Tract,-4.430000,-1.140235,fresher,292,Frank's Tract at Old River,6.090000
2020-03-13,Baseline (BAU),Bolster & Fortify,Franks Tract (10 supplied RMA stations),10,1.260000,0.273181,saltier,282,South Central Franks Tract,-4.820000,-1.240617,fresher,292,Frank's Tract at Old River,6.080000
2020-03-14,Baseline (BAU),Bolster & Fortify,Franks Tract (10 supplied RMA stations),10,0.750000,0.162608,saltier,282,South Central Franks Tract,-5.010000,-1.289520,fresher,292,Frank's Tract at Old River,5.760000
2020-03-15,Baseline (BAU),Bolster & Fortify,Franks Tract (10 supplied RMA stations),10,0.330000,0.071548,saltier,282,South Central Franks Tract,-5.600000,-1.441380,fresher,292,Frank's Tract at Old River,5.930000
2020-03-16,Baseline (BAU),Bolster & Fortify,Franks Tract (10 supplied RMA stations),10,0.440000,0.098799,saltier,283,Franks Tract,-6.850000,-1.763117,fresher,292,Frank's Tract at Old River,7.290000
2020-03-17,Baseline (BAU),Bolster & Fortify,Franks Tract (10 supplied RMA stations),10,1.270000,0.321255,saltier,285,Frank's Tract North East,-7.250000,-1.866073,fresher,292,Frank's Tract at Old River,8.520000
2020-03-18,Baseline (BAU),Bolster & Fortify,Franks Tract (10 supplied RMA stations),10,2.090000,0.528680,saltier,285,Frank's Tract North East,-6.920000,-1.781134,fresher,292,Frank's Tract at Old River,9.010000
2020-03-19,Baseline (BAU),Bolster & Fortify,Franks Tract (10 supplied RMA stations),10,2.240000,0.566624,saltier,285,Frank's Tract North East,-6.540000,-1.683326,fresher,292,Frank's Tract at Old River,8.780000
2020-03-20,Baseline (BAU),Bolster & Fortify,Franks Tract (10 supplied RMA stations),10,1.920000,0.431122,saltier,283,Franks Tract,-6.010000,-1.546910,fresher,292,Frank's Tract at Old River,7.930000
2020-03-21,Baseline (BAU),Bolster & Fortify,Franks Tract (10 supplied RMA stations),10,1.860000,0.417650,saltier,283,Franks Tract,-6.030000,-1.552058,fresher,292,Frank's Tract at Old River,7.890000
2020-03-22,Baseline (BAU),Bolster & Fortify,Franks Tract (10 supplied RMA stations),10,2.330000,0.589390,saltier,285,Frank's Tract North East,-6.320000,-1.626700,fresher,292,Frank's Tract at Old River,8.650000
2020-03-23,Baseline (BAU),Bolster & Fortify,Franks Tract (10 supplied RMA stations),10,2.520000,0.637452,saltier,285,Frank's Tract North East,-6.330000,-1.629274,fresher,292,Frank's Tract at Old River,8.850000
2020-03-24,Baseline (BAU),Bolster & Fortify,Franks Tract (10 supplied RMA stations),10,2.330000,0.589390,saltier,285,Frank's Tract North East,-6.360000,-1.636996,fresher,292,Frank's Tract at Old River,8.690000
2020-03-25,Baseline (BAU),Bolster & Fortify,Franks Tract (10 supplied RMA stations),10,2.360000,0.596979,saltier,285,Frank's Tract North East,-6.660000,-1.714213,fresher,292,Frank's Tract at Old River,9.020000
2020-03-26,Baseline (BAU),Bolster & Fortify,Franks Tract (10 supplied RMA stations),10,2.850000,0.720928,saltier,285,Frank's Tract North East,-7.110000,-1.830038,fresher,292,Frank's Tract at Old River,9.960000
2020-03-27,Baseline (BAU),Bolster & Fortify,Franks Tract (10 supplied RMA stations),10,3.150000,0.796815,saltier,285,Frank's Tract North East,-6.830000,-1.757969,fresher,292,Frank's Tract at Old River,9.980000
2020-03-28,Baseline (BAU),Bolster & Fortify,Franks Tract (10 supplied RMA stations),10,3.020000,0.763930,saltier,285,Frank's Tract North East,-7.310000,-1.881516,fresher,292,Frank's Tract at Old River,10.330000
2020-03-29,Baseline (BAU),Bolster & Fortify,Franks Tract (10 supplied RMA stations),10,3.450000,0.872702,saltier,285,Frank's Tract North East,-8.120000,-2.090001,fresher,292,Frank's Tract at Old River,11.570000
2020-03-30,Baseline (BAU),Bolster & Fortify,Franks Tract (10 supplied RMA stations),10,4.480000,1.133248,saltier,285,Frank's Tract North East,-8.590000,-2.210974,fresher,292,Frank's Tract at Old River,13.070000
2020-03-31,Baseline (BAU),Bolster & Fortify,Franks Tract (10 supplied RMA stations),10,5.190000,1.312847,saltier,285,Frank's Tract North East,-8.910000,-2.293339,fresher,292,Frank's Tract at Old River,14.100000
2020-04-01,Baseline (BAU),Bolster & Fortify,Franks Tract (10 supplied RMA stations),10,5.700000,1.441855,saltier,285,Frank's Tract North East,-9.140000,-2.352538,fresher,292,Frank's Tract at Old River,14.840000
2020-04-02,Baseline (BAU),Bolster & Fortify,Franks Tract (10 supplied RMA stations),10,6.780000,1.715049,saltier,285,Frank's Tract North East,-8.370000,-2.154349,fresher,292,Frank's Tract at Old River,15.150000
2020-04-03,Baseline (BAU),Bolster & Fortify,Franks Tract (10 supplied RMA stations),10,6.420000,1.623984,saltier,285,Frank's Tract North East,-7.260000,-1.868646,fresher,292,Frank's Tract at Old River,13.680000
2020-04-04,Baseline (BAU),Bolster & Fortify,Franks Tract (10 supplied RMA stations),10,4.960000,1.254667,saltier,285,Frank's Tract North East,-7.280000,-1.873794,fresher,292,Frank's Tract at Old River,12.240000
2020-04-05,Baseline (BAU),Bolster & Fortify,Franks Tract (10 supplied RMA stations),10,4.280000,1.082656,saltier,285,Frank's Tract North East,-7.720000,-1.987046,fresher,292,Frank's Tract at Old River,12.000000
2020-04-06,Baseline (BAU),Bolster & Fortify,Franks Tract (10 supplied RMA stations),10,5.410000,1.368498,saltier,285,Frank's Tract North East,-7.670000,-1.974176,fresher,292,Frank's Tract at Old River,13.080000
2020-04-07,Baseline (BAU),Bolster & Fortify,Franks Tract (10 supplied RMA stations),10,5.990000,1.515213,saltier,285,Frank's Tract North East,-6.970000,-1.794004,fresher,292,Frank's Tract at Old River,12.960000
2020-04-08,Baseline (BAU),Bolster & Fortify,Franks Tract (10 supplied RMA stations),10,5.710000,1.444385,saltier,285,Frank's Tract North East,-6.680000,-1.719361,fresher,292,Frank's Tract at Old River,12.390000
2020-04-09,Baseline (BAU),Bolster & Fortify,Franks Tract (10 supplied RMA stations),10,5.730000,1.449444,saltier,285,Frank's Tract North East,-6.800000,-1.750247,fresher,292,Frank's Tract at Old River,12.530000
2020-04-10,Baseline (BAU),Bolster & Fortify,Franks Tract (10 supplied RMA stations),10,5.470000,1.383675,saltier,285,Frank's Tract North East,-6.740000,-1.734804,fresher,292,Frank's Tract at Old River,12.210000
2020-04-11,Baseline (BAU),Bolster & Fortify,Franks Tract (10 supplied RMA stations),10,4.740000,1.199016,saltier,285,Frank's Tract North East,-6.700000,-1.724508,fresher,292,Frank's Tract at Old River,11.440000
2020-04-12,Baseline (BAU),Bolster & Fortify,Franks Tract (10 supplied RMA stations),10,3.810000,0.963766,saltier,285,Frank's Tract North East,-6.890000,-1.773412,fresher,292,Frank's Tract at Old River,10.700000
2020-04-13,Baseline (BAU),Bolster & Fortify,Franks Tract (10 supplied RMA stations),10,3.700000,0.935941,saltier,285,Frank's Tract North East,-7.030000,-1.809447,fresher,292,Frank's Tract at Old River,10.730000
2020-04-14,Baseline (BAU),Bolster & Fortify,Franks Tract (10 supplied RMA stations),10,3.500000,0.885350,saltier,285,Frank's Tract North East,-6.620000,-1.703917,fresher,292,Frank's Tract at Old River,10.120000
2020-04-15,Baseline (BAU),Bolster & Fortify,Franks Tract (10 supplied RMA stations),10,2.940000,0.743694,saltier,285,Frank's Tract North East,-6.510000,-1.675604,fresher,292,Frank's Tract at Old River,9.450000
2020-04-16,Baseline (BAU),Bolster & Fortify,Franks Tract (10 supplied RMA stations),10,2.490000,0.629863,saltier,285,Frank's Tract North East,-5.930000,-1.526319,fresher,292,Frank's Tract at Old River,8.420000
2020-04-17,Baseline (BAU),Bolster & Fortify,Franks Tract (10 supplied RMA stations),10,2.000000,0.505914,saltier,285,Frank's Tract North East,-4.130000,-1.063018,fresher,292,Frank's Tract at Old River,6.130000
2020-04-18,Baseline (BAU),Bolster & Fortify,Franks Tract (10 supplied RMA stations),10,1.440000,0.323342,saltier,283,Franks Tract,-2.940000,-0.756725,fresher,292,Frank's Tract at Old River,4.380000
2020-04-19,Baseline (BAU),Bolster & Fortify,Franks Tract (10 supplied RMA stations),10,1.100000,0.246997,saltier,283,Franks Tract,-2.650000,-0.682082,fresher,292,Frank's Tract at Old River,3.750000
2020-04-20,Baseline (BAU),Bolster & Fortify,Franks Tract (10 supplied RMA stations),10,1.230000,0.253552,saltier,274,Piper Slough at Bethal Tract,-2.260000,-0.581700,fresher,292,Frank's Tract at Old River,3.490000
2020-04-21,Baseline (BAU),Bolster & Fortify,Franks Tract (10 supplied RMA stations),10,1.320000,0.272105,saltier,274,Piper Slough at Bethal Tract,-1.970000,-0.507057,fresher,292,Frank's Tract at Old River,3.290000
2020-04-22,Baseline (BAU),Bolster & Fortify,Franks Tract (10 supplied RMA stations),10,1.520000,0.313333,saltier,274,Piper Slough at Bethal Tract,-2.050000,-0.527648,fresher,292,Frank's Tract at Old River,3.570000
2020-04-23,Baseline (BAU),Bolster & Fortify,Franks Tract (10 supplied RMA stations),10,1.690000,0.348376,saltier,274,Piper Slough at Bethal Tract,-2.010000,-0.517353,fresher,292,Frank's Tract at Old River,3.700000
2020-04-24,Baseline (BAU),Bolster & Fortify,Franks Tract (10 supplied RMA stations),10,1.990000,0.431453,saltier,282,South Central Franks Tract,-2.570000,-0.661491,fresher,292,Frank's Tract at Old River,4.560000
2020-04-25,Baseline (BAU),Bolster & Fortify,Franks Tract (10 supplied RMA stations),10,2.080000,0.450966,saltier,282,South Central Franks Tract,-2.860000,-0.736133,fresher,292,Frank's Tract at Old River,4.940000
2020-04-26,Baseline (BAU),Bolster & Fortify,Franks Tract (10 supplied RMA stations),10,2.000000,0.433621,saltier,282,South Central Franks Tract,-2.660000,-0.684656,fresher,292,Frank's Tract at Old River,4.660000
2020-04-27,Baseline (BAU),Bolster & Fortify,Franks Tract (10 supplied RMA stations),10,1.970000,0.427117,saltier,282,South Central Franks Tract,-2.590000,-0.666638,fresher,292,Frank's Tract at Old River,4.560000
2020-04-28,Baseline (BAU),Bolster & Fortify,Franks Tract (10 supplied RMA stations),10,2.150000,0.466143,saltier,282,South Central Franks Tract,-3.140000,-0.808202,fresher,292,Frank's Tract at Old River,5.290000
2020-04-29,Baseline (BAU),Bolster & Fortify,Franks Tract (10 supplied RMA stations),10,2.260000,0.489992,saltier,282,South Central Franks Tract,-3.760000,-0.967784,fresher,292,Frank's Tract at Old River,6.020000
2020-04-30,Baseline (BAU),Bolster & Fortify,Franks Tract (10 supplied RMA stations),10,2.120000,0.459639,saltier,282,South Central Franks Tract,-3.130000,-0.805629,fresher,292,Frank's Tract at Old River,5.250000
2020-05-01,Baseline (BAU),Bolster & Fortify,Franks Tract (10 supplied RMA stations),10,2.000000,0.433621,saltier,282,South Central Franks Tract,-1.360000,-0.350049,fresher,292,Frank's Tract at Old River,3.360000
2020-05-02,Baseline (BAU),Bolster & Fortify,Franks Tract (10 supplied RMA stations),10,2.020000,0.437958,saltier,282,South Central Franks Tract,-1.750000,-0.442675,fresher,285,Frank's Tract North East,3.770000
2020-05-03,Baseline (BAU),Bolster & Fortify,Franks Tract (10 supplied RMA stations),10,2.160000,0.468311,saltier,282,South Central Franks Tract,-1.930000,-0.488207,fresher,285,Frank's Tract North East,4.090000
2020-05-04,Baseline (BAU),Bolster & Fortify,Franks Tract (10 supplied RMA stations),10,2.210000,0.479152,saltier,282,South Central Franks Tract,-2.040000,-0.516032,fresher,285,Frank's Tract North East,4.250000
2020-05-05,Baseline (BAU),Bolster & Fortify,Franks Tract (10 supplied RMA stations),10,2.070000,0.448798,saltier,282,South Central Franks Tract,-1.980000,-0.500855,fresher,285,Frank's Tract North East,4.050000
2020-05-06,Baseline (BAU),Bolster & Fortify,Franks Tract (10 supplied RMA stations),10,2.090000,0.453134,saltier,282,South Central Franks Tract,-2.260000,-0.571683,fresher,285,Frank's Tract North East,4.350000
2020-05-07,Baseline (BAU),Bolster & Fortify,Franks Tract (10 supplied RMA stations),10,2.030000,0.440126,saltier,282,South Central Franks Tract,-3.170000,-0.815924,fresher,292,Frank's Tract at Old River,5.200000
2020-05-08,Baseline (BAU),Bolster & Fortify,Franks Tract (10 supplied RMA stations),10,1.640000,0.348724,saltier,281,South Franks Tract at Bethel Island,-4.010000,-1.032131,fresher,292,Frank's Tract at Old River,5.650000
2020-05-09,Baseline (BAU),Bolster & Fortify,Franks Tract (10 supplied RMA stations),10,1.140000,0.242406,saltier,281,South Franks Tract at Bethel Island,-4.440000,-1.142809,fresher,292,Frank's Tract at Old River,5.580000
2020-05-10,Baseline (BAU),Bolster & Fortify,Franks Tract (10 supplied RMA stations),10,0.460000,0.097813,saltier,281,South Franks Tract at Bethel Island,-5.060000,-1.302390,fresher,292,Frank's Tract at Old River,5.520000
2020-05-11,Baseline (BAU),Bolster & Fortify,Franks Tract (10 supplied RMA stations),10,-0.260000,-0.055286,fresher,281,South Franks Tract at Bethel Island,-6.150000,-1.582944,fresher,292,Frank's Tract at Old River,5.890000
2020-05-12,Baseline (BAU),Bolster & Fortify,Franks Tract (10 supplied RMA stations),10,-0.920000,-0.206579,fresher,283,Franks Tract,-6.930000,-1.783708,fresher,292,Frank's Tract at Old River,6.010000
2020-05-13,Baseline (BAU),Bolster & Fortify,Franks Tract (10 supplied RMA stations),10,-0.730000,-0.163916,fresher,283,Franks Tract,-7.070000,-1.819742,fresher,292,Frank's Tract at Old River,6.340000
2020-05-14,Baseline (BAU),Bolster & Fortify,Franks Tract (10 supplied RMA stations),10,-0.210000,-0.053121,fresher,285,Frank's Tract North East,-6.910000,-1.778560,fresher,292,Frank's Tract at Old River,6.700000
2020-05-15,Baseline (BAU),Bolster & Fortify,Franks Tract (10 supplied RMA stations),10,0.090000,0.022766,saltier,285,Frank's Tract North East,-6.820000,-1.755395,fresher,292,Frank's Tract at Old River,6.910000
2020-05-16,Baseline (BAU),Bolster & Fortify,Franks Tract (10 supplied RMA stations),10,0.270000,0.068298,saltier,285,Frank's Tract North East,-6.870000,-1.768265,fresher,292,Frank's Tract at Old River,7.140000
2020-05-17,Baseline (BAU),Bolster & Fortify,Franks Tract (10 supplied RMA stations),10,0.180000,0.045532,saltier,285,Frank's Tract North East,-7.160000,-1.842908,fresher,292,Frank's Tract at Old River,7.340000
2020-05-18,Baseline (BAU),Bolster & Fortify,Franks Tract (10 supplied RMA stations),10,0.030000,0.007589,saltier,285,Frank's Tract North East,-7.350000,-1.891811,fresher,292,Frank's Tract at Old River,7.380000
2020-05-19,Baseline (BAU),Bolster & Fortify,Franks Tract (10 supplied RMA stations),10,0.070000,0.017707,saltier,285,Frank's Tract North East,-7.390000,-1.902107,fresher,292,Frank's Tract at Old River,7.460000
2020-05-20,Baseline (BAU),Bolster & Fortify,Franks Tract (10 supplied RMA stations),10,0.280000,0.070828,saltier,285,Frank's Tract North East,-7.750000,-1.994767,fresher,292,Frank's Tract at Old River,8.030000
2020-05-21,Baseline (BAU),Bolster & Fortify,Franks Tract (10 supplied RMA stations),10,0.850000,0.215013,saltier,285,Frank's Tract North East,-7.930000,-2.041097,fresher,292,Frank's Tract at Old River,8.780000
2020-05-22,Baseline (BAU),Bolster & Fortify,Franks Tract (10 supplied RMA stations),10,1.700000,0.430027,saltier,285,Frank's Tract North East,-8.840000,-2.275322,fresher,292,Frank's Tract at Old River,10.540000
2020-05-23,Baseline (BAU),Bolster & Fortify,Franks Tract (10 supplied RMA stations),10,3.210000,0.811992,saltier,285,Frank's Tract North East,-9.250000,-2.380851,fresher,292,Frank's Tract at Old River,12.460000
2020-05-24,Baseline (BAU),Bolster & Fortify,Franks Tract (10 supplied RMA stations),10,4.040000,1.021947,saltier,285,Frank's Tract North East,-9.080000,-2.337095,fresher,292,Frank's Tract at Old River,13.120000
2020-05-25,Baseline (BAU),Bolster & Fortify,Franks Tract (10 supplied RMA stations),10,3.880000,0.981473,saltier,285,Frank's Tract North East,-9.010000,-2.319078,fresher,292,Frank's Tract at Old River,12.890000
2020-05-26,Baseline (BAU),Bolster & Fortify,Franks Tract (10 supplied RMA stations),10,3.650000,0.923293,saltier,285,Frank's Tract North East,-9.030000,-2.324226,fresher,292,Frank's Tract at Old River,12.680000
2020-05-27,Baseline (BAU),Bolster & Fortify,Franks Tract (10 supplied RMA stations),10,3.370000,0.852465,saltier,285,Frank's Tract North East,-8.610000,-2.216122,fresher,292,Frank's Tract at Old River,11.980000
2020-05-28,Baseline (BAU),Bolster & Fortify,Franks Tract (10 supplied RMA stations),10,2.420000,0.612156,saltier,285,Frank's Tract North East,-7.180000,-1.848055,fresher,292,Frank's Tract at Old River,9.600000
2020-05-29,Baseline (BAU),Bolster & Fortify,Franks Tract (10 supplied RMA stations),10,1.300000,0.328844,saltier,285,Frank's Tract North East,-5.390000,-1.387328,fresher,292,Frank's Tract at Old River,6.690000
2020-05-30,Baseline (BAU),Bolster & Fortify,Franks Tract (10 supplied RMA stations),10,0.730000,0.163916,saltier,283,Franks Tract,-4.770000,-1.227747,fresher,292,Frank's Tract at Old River,5.500000
2020-05-31,Baseline (BAU),Bolster & Fortify,Franks Tract (10 supplied RMA stations),10,0.560000,0.125744,saltier,283,Franks Tract,-5.220000,-1.343572,fresher,292,Frank's Tract at Old River,5.780000
2020-06-01,Baseline (BAU),Bolster & Fortify,Franks Tract (10 supplied RMA stations),10,0.460000,0.103290,saltier,283,Franks Tract,-5.330000,-1.371885,fresher,292,Frank's Tract at Old River,5.790000
2020-06-02,Baseline (BAU),Bolster & Fortify,Franks Tract (10 supplied RMA stations),10,0.270000,0.060627,saltier,283,Franks Tract,-5.690000,-1.464545,fresher,292,Frank's Tract at Old River,5.960000
2020-06-03,Baseline (BAU),Bolster & Fortify,Franks Tract (10 supplied RMA stations),10,-0.060000,-0.013473,fresher,283,Franks Tract,-6.420000,-1.652439,fresher,292,Frank's Tract at Old River,6.360000
2020-06-04,Baseline (BAU),Bolster & Fortify,Franks Tract (10 supplied RMA stations),10,-0.150000,-0.037944,fresher,285,Frank's Tract North East,-7.450000,-1.917550,fresher,292,Frank's Tract at Old River,7.300000
2020-06-05,Baseline (BAU),Bolster & Fortify,Franks Tract (10 supplied RMA stations),10,0.210000,0.053121,saltier,285,Frank's Tract North East,-8.560000,-2.203253,fresher,292,Frank's Tract at Old River,8.770000
2020-06-06,Baseline (BAU),Bolster & Fortify,Franks Tract (10 supplied RMA stations),10,0.520000,0.131538,saltier,285,Frank's Tract North East,-9.510000,-2.447772,fresher,292,Frank's Tract at Old River,10.030000
2020-06-07,Baseline (BAU),Bolster & Fortify,Franks Tract (10 supplied RMA stations),10,1.380000,0.349081,saltier,285,Frank's Tract North East,-10.100000,-2.599632,fresher,292,Frank's Tract at Old River,11.480000
2020-06-08,Baseline (BAU),Bolster & Fortify,Franks Tract (10 supplied RMA stations),10,3.040000,0.768989,saltier,285,Frank's Tract North East,-9.690000,-2.494102,fresher,292,Frank's Tract at Old River,12.730000
2020-06-09,Baseline (BAU),Bolster & Fortify,Franks Tract (10 supplied RMA stations),10,3.750000,0.948589,saltier,285,Frank's Tract North East,-9.000000,-2.316504,fresher,292,Frank's Tract at Old River,12.750000
2020-06-10,Baseline (BAU),Bolster & Fortify,Franks Tract (10 supplied RMA stations),10,3.640000,0.920764,saltier,285,Frank's Tract North East,-8.970000,-2.308782,fresher,292,Frank's Tract at Old River,12.610000
2020-06-11,Baseline (BAU),Bolster & Fortify,Franks Tract (10 supplied RMA stations),10,3.400000,0.860054,saltier,285,Frank's Tract North East,-8.840000,-2.275322,fresher,292,Frank's Tract at Old River,12.240000
2020-06-12,Baseline (BAU),Bolster & Fortify,Franks Tract (10 supplied RMA stations),10,3.150000,0.796815,saltier,285,Frank's Tract North East,-9.000000,-2.316504,fresher,292,Frank's Tract at Old River,12.150000
2020-06-13,Baseline (BAU),Bolster & Fortify,Franks Tract (10 supplied RMA stations),10,3.760000,0.951119,saltier,285,Frank's Tract North East,-9.150000,-2.355112,fresher,292,Frank's Tract at Old River,12.910000
2020-06-14,Baseline (BAU),Bolster & Fortify,Franks Tract (10 supplied RMA stations),10,4.090000,1.034594,saltier,285,Frank's Tract North East,-9.220000,-2.373130,fresher,292,Frank's Tract at Old River,13.310000
2020-06-15,Baseline (BAU),Bolster & Fortify,Franks Tract (10 supplied RMA stations),10,4.170000,1.054831,saltier,285,Frank's Tract North East,-9.130000,-2.349964,fresher,292,Frank's Tract at Old River,13.300000
2020-06-16,Baseline (BAU),Bolster & Fortify,Franks Tract (10 supplied RMA stations),10,4.630000,1.171191,saltier,285,Frank's Tract North East,-9.330000,-2.401442,fresher,292,Frank's Tract at Old River,13.960000
2020-06-17,Baseline (BAU),Bolster & Fortify,Franks Tract (10 supplied RMA stations),10,5.740000,1.451973,saltier,285,Frank's Tract North East,-10.820000,-2.784952,fresher,292,Frank's Tract at Old River,16.560000
2020-06-18,Baseline (BAU),Bolster & Fortify,Franks Tract (10 supplied RMA stations),10,7.910000,2.000890,saltier,285,Frank's Tract North East,-12.150000,-3.127280,fresher,292,Frank's Tract at Old River,20.060000
2020-06-19,Baseline (BAU),Bolster & Fortify,Franks Tract (10 supplied RMA stations),10,9.770000,2.471390,saltier,285,Frank's Tract North East,-12.310000,-3.168463,fresher,292,Frank's Tract at Old River,22.080000
2020-06-20,Baseline (BAU),Bolster & Fortify,Franks Tract (10 supplied RMA stations),10,10.360000,2.620635,saltier,285,Frank's Tract North East,-12.680000,-3.263697,fresher,292,Frank's Tract at Old River,23.040000
2020-06-21,Baseline (BAU),Bolster & Fortify,Franks Tract (10 supplied RMA stations),10,10.460000,2.645931,saltier,285,Frank's Tract North East,-12.480000,-3.212219,fresher,292,Frank's Tract at Old River,22.940000
2020-06-22,Baseline (BAU),Bolster & Fortify,Franks Tract (10 supplied RMA stations),10,10.400000,2.630753,saltier,285,Frank's Tract North East,-12.490000,-3.214793,fresher,292,Frank's Tract at Old River,22.890000
2020-06-23,Baseline (BAU),Bolster & Fortify,Franks Tract (10 supplied RMA stations),10,9.870000,2.496686,saltier,285,Frank's Tract North East,-12.940000,-3.330618,fresher,292,Frank's Tract at Old River,22.810000
2020-06-24,Baseline (BAU),Bolster & Fortify,Franks Tract (10 supplied RMA stations),10,10.590000,2.678815,saltier,285,Frank's Tract North East,-13.410000,-3.451591,fresher,292,Frank's Tract at Old River,24.000000
2020-06-25,Baseline (BAU),Bolster & Fortify,Franks Tract (10 supplied RMA stations),10,11.350000,2.871063,saltier,285,Frank's Tract North East,-13.360000,-3.438721,fresher,292,Frank's Tract at Old River,24.710000
2020-06-26,Baseline (BAU),Bolster & Fortify,Franks Tract (10 supplied RMA stations),10,11.590000,2.931772,saltier,285,Frank's Tract North East,-13.470000,-3.467034,fresher,292,Frank's Tract at Old River,25.060000
2020-06-27,Baseline (BAU),Bolster & Fortify,Franks Tract (10 supplied RMA stations),10,11.210000,2.835649,saltier,285,Frank's Tract North East,-13.270000,-3.415556,fresher,292,Frank's Tract at Old River,24.480000
2020-06-28,Baseline (BAU),Bolster & Fortify,Franks Tract (10 supplied RMA stations),10,11.120000,2.812882,saltier,285,Frank's Tract North East,-13.110000,-3.374374,fresher,292,Frank's Tract at Old River,24.230000
2020-06-29,Baseline (BAU),Bolster & Fortify,Franks Tract (10 supplied RMA stations),10,11.230000,2.840708,saltier,285,Frank's Tract North East,-12.470000,-3.209645,fresher,292,Frank's Tract at Old River,23.700000
2020-06-30,Baseline (BAU),Bolster & Fortify,Franks Tract (10 supplied RMA stations),10,10.340000,2.615576,saltier,285,Frank's Tract North East,-12.080000,-3.109263,fresher,292,Frank's Tract at Old River,22.420000
2020-07-01,Baseline (BAU),Bolster & Fortify,Franks Tract (10 supplied RMA stations),10,9.860000,2.494157,saltier,285,Frank's Tract North East,-13.080000,-3.366652,fresher,292,Frank's Tract at Old River,22.940000
2020-07-02,Baseline (BAU),Bolster & Fortify,Franks Tract (10 supplied RMA stations),10,10.790000,2.729407,saltier,285,Frank's Tract North East,-14.700000,-3.783623,fresher,292,Frank's Tract at Old River,25.490000
2020-07-03,Baseline (BAU),Bolster & Fortify,Franks Tract (10 supplied RMA stations),10,12.610000,3.189788,saltier,285,Frank's Tract North East,-15.990000,-4.115655,fresher,292,Frank's Tract at Old River,28.600000
2020-07-04,Baseline (BAU),Bolster & Fortify,Franks Tract (10 supplied RMA stations),10,13.760000,3.480689,saltier,285,Frank's Tract North East,-16.110000,-4.146542,fresher,292,Frank's Tract at Old River,29.870000
2020-07-05,Baseline (BAU),Bolster & Fortify,Franks Tract (10 supplied RMA stations),10,14.710000,3.720998,saltier,285,Frank's Tract North East,-16.680000,-4.293254,fresher,292,Frank's Tract at Old River,31.390000
2020-07-06,Baseline (BAU),Bolster & Fortify,Franks Tract (10 supplied RMA stations),10,17.100000,4.325566,saltier,285,Frank's Tract North East,-18.830000,-4.846641,fresher,292,Frank's Tract at Old River,35.930000
2020-07-07,Baseline (BAU),Bolster & Fortify,Franks Tract (10 supplied RMA stations),10,19.990000,5.056612,saltier,285,Frank's Tract North East,-20.320000,-5.230151,fresher,292,Frank's Tract at Old River,40.310000
2020-07-08,Baseline (BAU),Bolster & Fortify,Franks Tract (10 supplied RMA stations),10,21.610000,5.466402,saltier,285,Frank's Tract North East,-20.520000,-5.281629,fresher,292,Frank's Tract at Old River,42.130000
2020-07-09,Baseline (BAU),Bolster & Fortify,Franks Tract (10 supplied RMA stations),10,23.560000,5.959668,saltier,285,Frank's Tract North East,-21.570000,-5.551888,fresher,292,Frank's Tract at Old River,45.130000
2020-07-10,Baseline (BAU),Bolster & Fortify,Franks Tract (10 supplied RMA stations),10,25.270000,6.392225,saltier,285,Frank's Tract North East,-22.900000,-5.894215,fresher,292,Frank's Tract at Old River,48.170000
2020-07-11,Baseline (BAU),Bolster & Fortify,Franks Tract (10 supplied RMA stations),10,25.970000,6.569295,saltier,285,Frank's Tract North East,-23.080000,-5.940545,fresher,292,Frank's Tract at Old River,49.050000
2020-07-12,Baseline (BAU),Bolster & Fortify,Franks Tract (10 supplied RMA stations),10,25.960000,6.566765,saltier,285,Frank's Tract North East,-23.580000,-6.069240,fresher,292,Frank's Tract at Old River,49.540000
2020-07-13,Baseline (BAU),Bolster & Fortify,Franks Tract (10 supplied RMA stations),10,26.040000,6.587002,saltier,285,Frank's Tract North East,-24.190000,-6.226248,fresher,292,Frank's Tract at Old River,50.230000
2020-07-14,Baseline (BAU),Bolster & Fortify,Franks Tract (10 supplied RMA stations),10,27.510000,6.958849,saltier,285,Frank's Tract North East,-24.870000,-6.401272,fresher,292,Frank's Tract at Old River,52.380000
2020-07-15,Baseline (BAU),Bolster & Fortify,Franks Tract (10 supplied RMA stations),10,28.390000,7.181451,saltier,285,Frank's Tract North East,-60.070000,-13.660657,fresher,291,Frank's Tract at Sheep Slough,88.460000
2020-07-16,Baseline (BAU),Bolster & Fortify,Franks Tract (10 supplied RMA stations),10,33.340000,8.433588,saltier,285,Frank's Tract North East,-126.010000,-28.656223,fresher,291,Frank's Tract at Sheep Slough,159.350000
2020-07-17,Baseline (BAU),Bolster & Fortify,Franks Tract (10 supplied RMA stations),10,41.110000,10.399065,saltier,285,Frank's Tract North East,-162.520000,-36.959046,fresher,291,Frank's Tract at Sheep Slough,203.630000
2020-07-18,Baseline (BAU),Bolster & Fortify,Franks Tract (10 supplied RMA stations),10,40.410000,10.221995,saltier,285,Frank's Tract North East,-182.050000,-41.400408,fresher,291,Frank's Tract at Sheep Slough,222.460000
2020-07-19,Baseline (BAU),Bolster & Fortify,Franks Tract (10 supplied RMA stations),10,35.830000,9.063451,saltier,285,Frank's Tract North East,-194.210000,-44.165742,fresher,291,Frank's Tract at Sheep Slough,230.040000
2020-07-20,Baseline (BAU),Bolster & Fortify,Franks Tract (10 supplied RMA stations),10,36.180000,9.151986,saltier,285,Frank's Tract North East,-202.840000,-46.128310,fresher,291,Frank's Tract at Sheep Slough,239.020000
2020-07-21,Baseline (BAU),Bolster & Fortify,Franks Tract (10 supplied RMA stations),10,40.920000,10.351003,saltier,285,Frank's Tract North East,-207.960000,-47.292661,fresher,291,Frank's Tract at Sheep Slough,248.880000
2020-07-22,Baseline (BAU),Bolster & Fortify,Franks Tract (10 supplied RMA stations),10,47.410000,11.992694,saltier,285,Frank's Tract North East,-210.430000,-47.854369,fresher,291,Frank's Tract at Sheep Slough,257.840000
2020-07-23,Baseline (BAU),Bolster & Fortify,Franks Tract (10 supplied RMA stations),10,56.270000,14.233893,saltier,285,Frank's Tract North East,-211.740000,-48.152279,fresher,291,Frank's Tract at Sheep Slough,268.010000
2020-07-24,Baseline (BAU),Bolster & Fortify,Franks Tract (10 supplied RMA stations),10,68.220000,17.256730,saltier,285,Frank's Tract North East,-212.570000,-48.341032,fresher,291,Frank's Tract at Sheep Slough,280.790000
2020-07-25,Baseline (BAU),Bolster & Fortify,Franks Tract (10 supplied RMA stations),10,81.230000,20.547702,saltier,285,Frank's Tract North East,-214.780000,-48.843613,fresher,291,Frank's Tract at Sheep Slough,296.010000
2020-07-26,Baseline (BAU),Bolster & Fortify,Franks Tract (10 supplied RMA stations),10,91.150000,23.057036,saltier,285,Frank's Tract North East,-218.750000,-49.746440,fresher,291,Frank's Tract at Sheep Slough,309.900000
2020-07-27,Baseline (BAU),Bolster & Fortify,Franks Tract (10 supplied RMA stations),10,97.060000,24.552012,saltier,285,Frank's Tract North East,-223.670000,-50.865308,fresher,291,Frank's Tract at Sheep Slough,320.730000
2020-07-28,Baseline (BAU),Bolster & Fortify,Franks Tract (10 supplied RMA stations),10,99.180000,25.088281,saltier,285,Frank's Tract North East,-230.310000,-52.375326,fresher,291,Frank's Tract at Sheep Slough,329.490000
2020-07-29,Baseline (BAU),Bolster & Fortify,Franks Tract (10 supplied RMA stations),10,101.180000,25.594195,saltier,285,Frank's Tract North East,-236.520000,-53.787556,fresher,291,Frank's Tract at Sheep Slough,337.700000
2020-07-30,Baseline (BAU),Bolster & Fortify,Franks Tract (10 supplied RMA stations),10,105.870000,26.780563,saltier,285,Frank's Tract North East,-240.230000,-54.631256,fresher,291,Frank's Tract at Sheep Slough,346.100000
2020-07-31,Baseline (BAU),Bolster & Fortify,Franks Tract (10 supplied RMA stations),10,113.360000,28.675212,saltier,285,Frank's Tract North East,-241.270000,-54.867764,fresher,291,Frank's Tract at Sheep Slough,354.630000
2020-08-01,Baseline (BAU),Bolster & Fortify,Franks Tract (10 supplied RMA stations),10,118.950000,30.089242,saltier,285,Frank's Tract North East,-240.010000,-54.581225,fresher,291,Frank's Tract at Sheep Slough,358.960000
2020-08-02,Baseline (BAU),Bolster & Fortify,Franks Tract (10 supplied RMA stations),10,123.130000,31.146602,saltier,285,Frank's Tract North East,-237.950000,-54.112756,fresher,291,Frank's Tract at Sheep Slough,361.080000
2020-08-03,Baseline (BAU),Bolster & Fortify,Franks Tract (10 supplied RMA stations),10,127.590000,32.274791,saltier,285,Frank's Tract North East,-236.500000,-53.783008,fresher,291,Frank's Tract at Sheep Slough,364.090000
2020-08-04,Baseline (BAU),Bolster & Fortify,Franks Tract (10 supplied RMA stations),10,133.580000,33.790003,saltier,285,Frank's Tract North East,-236.760000,-53.842135,fresher,291,Frank's Tract at Sheep Slough,370.340000
2020-08-05,Baseline (BAU),Bolster & Fortify,Franks Tract (10 supplied RMA stations),10,143.540000,36.309456,saltier,285,Frank's Tract North East,-236.460000,-53.773911,fresher,291,Frank's Tract at Sheep Slough,380.000000
2020-08-06,Baseline (BAU),Bolster & Fortify,Franks Tract (10 supplied RMA stations),10,156.330000,39.544776,saltier,285,Frank's Tract North East,-235.970000,-53.662479,fresher,291,Frank's Tract at Sheep Slough,392.300000
2020-08-07,Baseline (BAU),Bolster & Fortify,Franks Tract (10 supplied RMA stations),10,166.880000,42.213473,saltier,285,Frank's Tract North East,-236.900000,-53.873973,fresher,291,Frank's Tract at Sheep Slough,403.780000
2020-08-08,Baseline (BAU),Bolster & Fortify,Franks Tract (10 supplied RMA stations),10,177.260000,44.839168,saltier,285,Frank's Tract North East,-240.360000,-54.660819,fresher,291,Frank's Tract at Sheep Slough,417.620000
2020-08-09,Baseline (BAU),Bolster & Fortify,Franks Tract (10 supplied RMA stations),10,184.320000,46.625044,saltier,285,Frank's Tract North East,-245.380000,-55.802429,fresher,291,Frank's Tract at Sheep Slough,429.700000
2020-08-10,Baseline (BAU),Bolster & Fortify,Franks Tract (10 supplied RMA stations),10,186.900000,47.277674,saltier,285,Frank's Tract North East,-252.460000,-57.412508,fresher,291,Frank's Tract at Sheep Slough,439.360000
2020-08-11,Baseline (BAU),Bolster & Fortify,Franks Tract (10 supplied RMA stations),10,188.460000,47.672287,saltier,285,Frank's Tract North East,-261.270000,-59.416010,fresher,291,Frank's Tract at Sheep Slough,449.730000
2020-08-12,Baseline (BAU),Bolster & Fortify,Franks Tract (10 supplied RMA stations),10,184.060000,46.559276,saltier,285,Frank's Tract North East,-269.130000,-61.203471,fresher,291,Frank's Tract at Sheep Slough,453.190000
2020-08-13,Baseline (BAU),Bolster & Fortify,Franks Tract (10 supplied RMA stations),10,177.310000,44.851815,saltier,285,Frank's Tract North East,-269.900000,-61.378579,fresher,291,Frank's Tract at Sheep Slough,447.210000
2020-08-14,Baseline (BAU),Bolster & Fortify,Franks Tract (10 supplied RMA stations),10,168.200000,42.547377,saltier,285,Frank's Tract North East,-264.790000,-60.216502,fresher,291,Frank's Tract at Sheep Slough,432.990000
2020-08-15,Baseline (BAU),Bolster & Fortify,Franks Tract (10 supplied RMA stations),10,155.920000,39.441064,saltier,285,Frank's Tract North East,-260.110000,-59.152212,fresher,291,Frank's Tract at Sheep Slough,416.030000
2020-08-16,Baseline (BAU),Bolster & Fortify,Franks Tract (10 supplied RMA stations),10,138.800000,35.110439,saltier,285,Frank's Tract North East,-265.370000,-60.348401,fresher,291,Frank's Tract at Sheep Slough,404.170000
2020-08-17,Baseline (BAU),Bolster & Fortify,Franks Tract (10 supplied RMA stations),10,124.480000,31.488094,saltier,285,Frank's Tract North East,-278.920000,-63.429837,fresher,291,Frank's Tract at Sheep Slough,403.400000
2020-08-18,Baseline (BAU),Bolster & Fortify,Franks Tract (10 supplied RMA stations),10,119.480000,30.223309,saltier,285,Frank's Tract North East,-291.970000,-66.397568,fresher,291,Frank's Tract at Sheep Slough,411.450000
2020-08-19,Baseline (BAU),Bolster & Fortify,Franks Tract (10 supplied RMA stations),10,121.070000,30.625511,saltier,285,Frank's Tract North East,-307.970000,-70.036165,fresher,291,Frank's Tract at Sheep Slough,429.040000
2020-08-20,Baseline (BAU),Bolster & Fortify,Franks Tract (10 supplied RMA stations),10,126.470000,31.991479,saltier,285,Frank's Tract North East,-324.210000,-73.729340,fresher,291,Frank's Tract at Sheep Slough,450.680000
2020-08-21,Baseline (BAU),Bolster & Fortify,Franks Tract (10 supplied RMA stations),10,137.920000,34.887837,saltier,285,Frank's Tract North East,-333.150000,-75.762406,fresher,291,Frank's Tract at Sheep Slough,471.070000
2020-08-22,Baseline (BAU),Bolster & Fortify,Franks Tract (10 supplied RMA stations),10,157.260000,39.780026,saltier,285,Frank's Tract North East,-337.670000,-76.790310,fresher,291,Frank's Tract at Sheep Slough,494.930000
2020-08-23,Baseline (BAU),Bolster & Fortify,Franks Tract (10 supplied RMA stations),10,171.050000,43.268304,saltier,285,Frank's Tract North East,-341.570000,-77.677218,fresher,291,Frank's Tract at Sheep Slough,512.620000
2020-08-24,Baseline (BAU),Bolster & Fortify,Franks Tract (10 supplied RMA stations),10,172.990000,43.759041,saltier,285,Frank's Tract North East,-343.050000,-78.013788,fresher,291,Frank's Tract at Sheep Slough,516.040000
2020-08-25,Baseline (BAU),Bolster & Fortify,Franks Tract (10 supplied RMA stations),10,164.920000,41.717678,saltier,285,Frank's Tract North East,-345.610000,-78.595963,fresher,291,Frank's Tract at Sheep Slough,510.530000
2020-08-26,Baseline (BAU),Bolster & Fortify,Franks Tract (10 supplied RMA stations),10,153.970000,38.947798,saltier,285,Frank's Tract North East,-351.110000,-79.846731,fresher,291,Frank's Tract at Sheep Slough,505.080000
2020-08-27,Baseline (BAU),Bolster & Fortify,Franks Tract (10 supplied RMA stations),10,144.560000,36.567472,saltier,285,Frank's Tract North East,-354.030000,-80.510775,fresher,291,Frank's Tract at Sheep Slough,498.590000
2020-08-28,Baseline (BAU),Bolster & Fortify,Franks Tract (10 supplied RMA stations),10,137.820000,34.862541,saltier,285,Frank's Tract North East,-357.110000,-81.211205,fresher,291,Frank's Tract at Sheep Slough,494.930000
2020-08-29,Baseline (BAU),Bolster & Fortify,Franks Tract (10 supplied RMA stations),10,140.770000,35.608765,saltier,285,Frank's Tract North East,-368.270000,-83.749126,fresher,291,Frank's Tract at Sheep Slough,509.040000
2020-08-30,Baseline (BAU),Bolster & Fortify,Franks Tract (10 supplied RMA stations),10,146.980000,37.179628,saltier,285,Frank's Tract North East,-387.540000,-88.131361,fresher,291,Frank's Tract at Sheep Slough,534.520000
2020-08-31,Baseline (BAU),Bolster & Fortify,Franks Tract (10 supplied RMA stations),10,153.810000,38.907325,saltier,285,Frank's Tract North East,-410.990000,-93.464179,fresher,291,Frank's Tract at Sheep Slough,564.800000
2020-09-01,Baseline (BAU),Bolster & Fortify,Franks Tract (10 supplied RMA stations),10,169.180000,42.795275,saltier,285,Frank's Tract North East,-428.570000,-97.462087,fresher,291,Frank's Tract at Sheep Slough,597.750000
2020-09-02,Baseline (BAU),Bolster & Fortify,Franks Tract (10 supplied RMA stations),10,192.530000,48.701822,saltier,285,Frank's Tract North East,-443.840000,-100.934673,fresher,291,Frank's Tract at Sheep Slough,636.370000
2020-09-03,Baseline (BAU),Bolster & Fortify,Franks Tract (10 supplied RMA stations),10,223.030000,56.417012,saltier,285,Frank's Tract North East,-461.180000,-104.878002,fresher,291,Frank's Tract at Sheep Slough,684.210000
2020-09-04,Baseline (BAU),Bolster & Fortify,Franks Tract (10 supplied RMA stations),10,264.420000,66.886905,saltier,285,Frank's Tract North East,-476.960000,-108.466568,fresher,291,Frank's Tract at Sheep Slough,741.380000
2020-09-05,Baseline (BAU),Bolster & Fortify,Franks Tract (10 supplied RMA stations),10,307.190000,77.705878,saltier,285,Frank's Tract North East,-489.380000,-111.291029,fresher,291,Frank's Tract at Sheep Slough,796.570000
2020-09-06,Baseline (BAU),Bolster & Fortify,Franks Tract (10 supplied RMA stations),10,353.840000,89.506324,saltier,285,Frank's Tract North East,-497.280000,-113.087586,fresher,291,Frank's Tract at Sheep Slough,851.120000
2020-09-07,Baseline (BAU),Bolster & Fortify,Franks Tract (10 supplied RMA stations),10,397.080000,100.444187,saltier,285,Frank's Tract North East,-503.380000,-114.474801,fresher,291,Frank's Tract at Sheep Slough,900.460000
2020-09-08,Baseline (BAU),Bolster & Fortify,Franks Tract (10 supplied RMA stations),10,461.780000,116.810509,saltier,285,Frank's Tract North East,-497.830000,-113.212663,fresher,291,Frank's Tract at Sheep Slough,959.610000
2020-09-09,Baseline (BAU),Bolster & Fortify,Franks Tract (10 supplied RMA stations),10,496.750000,125.656417,saltier,285,Frank's Tract North East,-476.440000,-108.348314,fresher,291,Frank's Tract at Sheep Slough,973.190000
2020-09-10,Baseline (BAU),Bolster & Fortify,Franks Tract (10 supplied RMA stations),10,505.740000,127.930501,saltier,285,Frank's Tract North East,-470.870000,-107.081628,fresher,291,Frank's Tract at Sheep Slough,976.610000
2020-09-11,Baseline (BAU),Bolster & Fortify,Franks Tract (10 supplied RMA stations),10,515.850000,130.487897,saltier,285,Frank's Tract North East,-466.230000,-106.026434,fresher,291,Frank's Tract at Sheep Slough,982.080000
2020-09-12,Baseline (BAU),Bolster & Fortify,Franks Tract (10 supplied RMA stations),10,522.650000,132.208005,saltier,285,Frank's Tract North East,-456.900000,-103.904678,fresher,291,Frank's Tract at Sheep Slough,979.550000
2020-09-13,Baseline (BAU),Bolster & Fortify,Franks Tract (10 supplied RMA stations),10,519.550000,131.423838,saltier,285,Frank's Tract North East,-444.600000,-101.107507,fresher,291,Frank's Tract at Sheep Slough,964.150000
2020-09-14,Baseline (BAU),Bolster & Fortify,Franks Tract (10 supplied RMA stations),10,506.230000,128.054450,saltier,285,Frank's Tract North East,-434.780000,-98.874318,fresher,291,Frank's Tract at Sheep Slough,941.010000
2020-09-15,Baseline (BAU),Bolster & Fortify,Franks Tract (10 supplied RMA stations),10,490.800000,124.151323,saltier,285,Frank's Tract North East,-428.940000,-97.546230,fresher,291,Frank's Tract at Sheep Slough,919.740000
2020-09-16,Baseline (BAU),Bolster & Fortify,Franks Tract (10 supplied RMA stations),10,484.220000,122.486865,saltier,285,Frank's Tract North East,-426.000000,-96.877638,fresher,291,Frank's Tract at Sheep Slough,910.220000
2020-09-17,Baseline (BAU),Bolster & Fortify,Franks Tract (10 supplied RMA stations),10,478.750000,121.103190,saltier,285,Frank's Tract North East,-423.050000,-96.206772,fresher,291,Frank's Tract at Sheep Slough,901.800000
2020-09-18,Baseline (BAU),Bolster & Fortify,Franks Tract (10 supplied RMA stations),10,470.350000,118.978351,saltier,285,Frank's Tract North East,-417.840000,-95.021953,fresher,291,Frank's Tract at Sheep Slough,888.190000
2020-09-19,Baseline (BAU),Bolster & Fortify,Franks Tract (10 supplied RMA stations),10,463.220000,117.174767,saltier,285,Frank's Tract North East,-411.560000,-93.593804,fresher,291,Frank's Tract at Sheep Slough,874.780000
2020-09-20,Baseline (BAU),Bolster & Fortify,Franks Tract (10 supplied RMA stations),10,461.410000,116.716915,saltier,285,Frank's Tract North East,-405.510000,-92.217960,fresher,291,Frank's Tract at Sheep Slough,866.920000
2020-09-21,Baseline (BAU),Bolster & Fortify,Franks Tract (10 supplied RMA stations),10,456.020000,115.353476,saltier,285,Frank's Tract North East,-396.380000,-90.141686,fresher,291,Frank's Tract at Sheep Slough,852.400000
2020-09-22,Baseline (BAU),Bolster & Fortify,Franks Tract (10 supplied RMA stations),10,447.240000,113.132513,saltier,285,Frank's Tract North East,-389.370000,-88.547525,fresher,291,Frank's Tract at Sheep Slough,836.610000
2020-09-23,Baseline (BAU),Bolster & Fortify,Franks Tract (10 supplied RMA stations),10,439.040000,111.058266,saltier,285,Frank's Tract North East,-390.600000,-88.827243,fresher,291,Frank's Tract at Sheep Slough,829.640000
2020-09-24,Baseline (BAU),Bolster & Fortify,Franks Tract (10 supplied RMA stations),10,431.360000,109.115555,saltier,285,Frank's Tract North East,-395.850000,-90.021157,fresher,291,Frank's Tract at Sheep Slough,827.210000
2020-09-25,Baseline (BAU),Bolster & Fortify,Franks Tract (10 supplied RMA stations),10,426.980000,108.007603,saltier,285,Frank's Tract North East,-395.790000,-90.007512,fresher,291,Frank's Tract at Sheep Slough,822.770000
2020-09-26,Baseline (BAU),Bolster & Fortify,Franks Tract (10 supplied RMA stations),10,433.890000,109.755537,saltier,285,Frank's Tract North East,-390.600000,-88.827243,fresher,291,Frank's Tract at Sheep Slough,824.490000
2020-09-27,Baseline (BAU),Bolster & Fortify,Franks Tract (10 supplied RMA stations),10,442.400000,111.908201,saltier,285,Frank's Tract North East,-383.760000,-87.271742,fresher,291,Frank's Tract at Sheep Slough,826.160000
2020-09-28,Baseline (BAU),Bolster & Fortify,Franks Tract (10 supplied RMA stations),10,441.830000,111.764016,saltier,285,Frank's Tract North East,-378.470000,-86.068731,fresher,291,Frank's Tract at Sheep Slough,820.300000
2020-09-29,Baseline (BAU),Bolster & Fortify,Franks Tract (10 supplied RMA stations),10,436.100000,110.314572,saltier,285,Frank's Tract North East,-376.290000,-85.572973,fresher,291,Frank's Tract at Sheep Slough,812.390000
2020-09-30,Baseline (BAU),Bolster & Fortify,Franks Tract (10 supplied RMA stations),10,425.960000,107.749587,saltier,285,Frank's Tract North East,-378.030000,-85.968670,fresher,291,Frank's Tract at Sheep Slough,803.990000
2020-10-01,Baseline (BAU),Bolster & Fortify,Franks Tract (10 supplied RMA stations),10,418.280000,105.806877,saltier,285,Frank's Tract North East,-381.120000,-86.671374,fresher,291,Frank's Tract at Sheep Slough,799.400000
2020-10-02,Baseline (BAU),Bolster & Fortify,Franks Tract (10 supplied RMA stations),10,413.490000,104.595213,saltier,285,Frank's Tract North East,-384.950000,-87.542363,fresher,291,Frank's Tract at Sheep Slough,798.440000
2020-10-03,Baseline (BAU),Bolster & Fortify,Franks Tract (10 supplied RMA stations),10,410.540000,103.848989,saltier,285,Frank's Tract North East,-390.550000,-88.815872,fresher,291,Frank's Tract at Sheep Slough,801.090000
2020-10-04,Baseline (BAU),Bolster & Fortify,Franks Tract (10 supplied RMA stations),10,409.260000,103.525204,saltier,285,Frank's Tract North East,-397.650000,-90.430499,fresher,291,Frank's Tract at Sheep Slough,806.910000
2020-10-05,Baseline (BAU),Bolster & Fortify,Franks Tract (10 supplied RMA stations),10,412.470000,104.337197,saltier,285,Frank's Tract North East,-408.060000,-92.797861,fresher,291,Frank's Tract at Sheep Slough,820.530000
2020-10-06,Baseline (BAU),Bolster & Fortify,Franks Tract (10 supplied RMA stations),10,415.400000,105.078361,saltier,285,Frank's Tract North East,-421.990000,-95.965715,fresher,291,Frank's Tract at Sheep Slough,837.390000
2020-10-07,Baseline (BAU),Bolster & Fortify,Franks Tract (10 supplied RMA stations),10,412.820000,104.425732,saltier,285,Frank's Tract North East,-435.300000,-98.992572,fresher,291,Frank's Tract at Sheep Slough,848.120000
2020-10-08,Baseline (BAU),Bolster & Fortify,Franks Tract (10 supplied RMA stations),10,408.220000,103.262129,saltier,285,Frank's Tract North East,-446.100000,-101.448625,fresher,291,Frank's Tract at Sheep Slough,854.320000
2020-10-09,Baseline (BAU),Bolster & Fortify,Franks Tract (10 supplied RMA stations),10,414.910000,104.954412,saltier,285,Frank's Tract North East,-449.590000,-102.242294,fresher,291,Frank's Tract at Sheep Slough,864.500000
2020-10-10,Baseline (BAU),Bolster & Fortify,Franks Tract (10 supplied RMA stations),10,435.790000,110.236155,saltier,285,Frank's Tract North East,-447.040000,-101.662393,fresher,291,Frank's Tract at Sheep Slough,882.830000
2020-10-11,Baseline (BAU),Bolster & Fortify,Franks Tract (10 supplied RMA stations),10,456.820000,115.555842,saltier,285,Frank's Tract North East,-443.440000,-100.843708,fresher,291,Frank's Tract at Sheep Slough,900.260000
2020-10-12,Baseline (BAU),Bolster & Fortify,Franks Tract (10 supplied RMA stations),10,472.420000,119.501972,saltier,285,Frank's Tract North East,-442.310000,-100.586732,fresher,291,Frank's Tract at Sheep Slough,914.730000
2020-10-13,Baseline (BAU),Bolster & Fortify,Franks Tract (10 supplied RMA stations),10,471.630000,119.302136,saltier,285,Frank's Tract North East,-441.940000,-100.502590,fresher,291,Frank's Tract at Sheep Slough,913.570000
2020-10-14,Baseline (BAU),Bolster & Fortify,Franks Tract (10 supplied RMA stations),10,464.530000,117.506141,saltier,285,Frank's Tract North East,-445.320000,-101.271243,fresher,291,Frank's Tract at Sheep Slough,909.850000
2020-10-15,Baseline (BAU),Bolster & Fortify,Franks Tract (10 supplied RMA stations),10,446.870000,113.038919,saltier,285,Frank's Tract North East,-448.160000,-101.917094,fresher,291,Frank's Tract at Sheep Slough,895.030000
2020-10-16,Baseline (BAU),Bolster & Fortify,Franks Tract (10 supplied RMA stations),10,417.160000,105.523565,saltier,285,Frank's Tract North East,-451.690000,-102.719860,fresher,291,Frank's Tract at Sheep Slough,868.850000
2020-10-17,Baseline (BAU),Bolster & Fortify,Franks Tract (10 supplied RMA stations),10,388.430000,98.256109,saltier,285,Frank's Tract North East,-454.080000,-103.263375,fresher,291,Frank's Tract at Sheep Slough,842.510000
2020-10-18,Baseline (BAU),Bolster & Fortify,Franks Tract (10 supplied RMA stations),10,370.860000,93.811653,saltier,285,Frank's Tract North East,-456.060000,-103.713651,fresher,291,Frank's Tract at Sheep Slough,826.920000
2020-10-19,Baseline (BAU),Bolster & Fortify,Franks Tract (10 supplied RMA stations),10,364.860000,92.293911,saltier,285,Frank's Tract North East,-464.240000,-105.573884,fresher,291,Frank's Tract at Sheep Slough,829.100000
2020-10-20,Baseline (BAU),Bolster & Fortify,Franks Tract (10 supplied RMA stations),10,366.210000,92.635403,saltier,285,Frank's Tract North East,-478.060000,-108.716722,fresher,291,Frank's Tract at Sheep Slough,844.270000
2020-10-21,Baseline (BAU),Bolster & Fortify,Franks Tract (10 supplied RMA stations),10,368.190000,93.136258,saltier,285,Frank's Tract North East,-491.520000,-111.777691,fresher,291,Frank's Tract at Sheep Slough,859.710000
2020-10-22,Baseline (BAU),Bolster & Fortify,Franks Tract (10 supplied RMA stations),10,370.790000,93.793946,saltier,285,Frank's Tract North East,-503.510000,-114.504365,fresher,291,Frank's Tract at Sheep Slough,874.300000
2020-10-23,Baseline (BAU),Bolster & Fortify,Franks Tract (10 supplied RMA stations),10,378.540000,95.754364,saltier,285,Frank's Tract North East,-510.280000,-116.043946,fresher,291,Frank's Tract at Sheep Slough,888.820000
2020-10-24,Baseline (BAU),Bolster & Fortify,Franks Tract (10 supplied RMA stations),10,378.520000,95.749305,saltier,285,Frank's Tract North East,-517.350000,-117.651751,fresher,291,Frank's Tract at Sheep Slough,895.870000
2020-10-25,Baseline (BAU),Bolster & Fortify,Franks Tract (10 supplied RMA stations),10,405.130000,102.480492,saltier,285,Frank's Tract North East,-524.940000,-119.377810,fresher,291,Frank's Tract at Sheep Slough,930.070000
2020-10-26,Baseline (BAU),Bolster & Fortify,Franks Tract (10 supplied RMA stations),10,468.840000,118.596386,saltier,285,Frank's Tract North East,-528.790000,-120.253348,fresher,291,Frank's Tract at Sheep Slough,997.630000
2020-10-27,Baseline (BAU),Bolster & Fortify,Franks Tract (10 supplied RMA stations),10,490.410000,124.052669,saltier,285,Frank's Tract North East,-519.530000,-118.147510,fresher,291,Frank's Tract at Sheep Slough,1009.940000
2020-10-28,Baseline (BAU),Bolster & Fortify,Franks Tract (10 supplied RMA stations),10,490.020000,123.954016,saltier,285,Frank's Tract North East,-511.150000,-116.241795,fresher,291,Frank's Tract at Sheep Slough,1001.170000
2020-10-29,Baseline (BAU),Bolster & Fortify,Franks Tract (10 supplied RMA stations),10,488.430000,123.551814,saltier,285,Frank's Tract North East,-508.800000,-115.707376,fresher,291,Frank's Tract at Sheep Slough,997.230000
2020-10-30,Baseline (BAU),Bolster & Fortify,Franks Tract (10 supplied RMA stations),10,480.390000,121.518040,saltier,285,Frank's Tract North East,-509.970000,-115.973448,fresher,291,Frank's Tract at Sheep Slough,990.360000
2020-10-31,Baseline (BAU),Bolster & Fortify,Franks Tract (10 supplied RMA stations),10,475.620000,120.311435,saltier,285,Frank's Tract North East,-509.330000,-115.827904,fresher,291,Frank's Tract at Sheep Slough,984.950000
2020-11-01,Baseline (BAU),Bolster & Fortify,Franks Tract (10 supplied RMA stations),10,482.960000,122.168139,saltier,285,Frank's Tract North East,-504.790000,-114.795453,fresher,291,Frank's Tract at Sheep Slough,987.750000
2020-11-02,Baseline (BAU),Bolster & Fortify,Franks Tract (10 supplied RMA stations),10,489.310000,123.774417,saltier,285,Frank's Tract North East,-500.540000,-113.828950,fresher,291,Frank's Tract at Sheep Slough,989.850000
2020-11-03,Baseline (BAU),Bolster & Fortify,Franks Tract (10 supplied RMA stations),10,479.610000,121.320733,saltier,285,Frank's Tract North East,-496.680000,-112.951139,fresher,291,Frank's Tract at Sheep Slough,976.290000
2020-11-04,Baseline (BAU),Bolster & Fortify,Franks Tract (10 supplied RMA stations),10,469.030000,118.644448,saltier,285,Frank's Tract North East,-492.530000,-112.007378,fresher,291,Frank's Tract at Sheep Slough,961.560000
2020-11-05,Baseline (BAU),Bolster & Fortify,Franks Tract (10 supplied RMA stations),10,467.000000,118.130945,saltier,285,Frank's Tract North East,-489.560000,-111.331963,fresher,291,Frank's Tract at Sheep Slough,956.560000
2020-11-06,Baseline (BAU),Bolster & Fortify,Franks Tract (10 supplied RMA stations),10,456.710000,115.528017,saltier,285,Frank's Tract North East,-493.360000,-112.196130,fresher,291,Frank's Tract at Sheep Slough,950.070000
2020-11-07,Baseline (BAU),Bolster & Fortify,Franks Tract (10 supplied RMA stations),10,436.490000,110.413225,saltier,285,Frank's Tract North East,-491.670000,-111.811803,fresher,291,Frank's Tract at Sheep Slough,928.160000
2020-11-08,Baseline (BAU),Bolster & Fortify,Franks Tract (10 supplied RMA stations),10,456.100000,115.373713,saltier,285,Frank's Tract North East,-487.840000,-110.940814,fresher,291,Frank's Tract at Sheep Slough,943.940000
2020-11-09,Baseline (BAU),Bolster & Fortify,Franks Tract (10 supplied RMA stations),10,478.390000,121.012126,saltier,285,Frank's Tract North East,-477.210000,-108.523421,fresher,291,Frank's Tract at Sheep Slough,955.600000
2020-11-10,Baseline (BAU),Bolster & Fortify,Franks Tract (10 supplied RMA stations),10,472.120000,119.426085,saltier,285,Frank's Tract North East,-464.480000,-105.628463,fresher,291,Frank's Tract at Sheep Slough,936.600000
2020-11-11,Baseline (BAU),Bolster & Fortify,Franks Tract (10 supplied RMA stations),10,456.950000,115.588726,saltier,285,Frank's Tract North East,-458.840000,-104.345858,fresher,291,Frank's Tract at Sheep Slough,915.790000
2020-11-12,Baseline (BAU),Bolster & Fortify,Franks Tract (10 supplied RMA stations),10,434.980000,110.031260,saltier,285,Frank's Tract North East,-456.240000,-103.754586,fresher,291,Frank's Tract at Sheep Slough,891.220000
2020-11-13,Baseline (BAU),Bolster & Fortify,Franks Tract (10 supplied RMA stations),10,410.890000,103.937524,saltier,285,Frank's Tract North East,-455.450000,-103.574930,fresher,291,Frank's Tract at Sheep Slough,866.340000
2020-11-14,Baseline (BAU),Bolster & Fortify,Franks Tract (10 supplied RMA stations),10,397.890000,100.649083,saltier,285,Frank's Tract North East,-452.200000,-102.835840,fresher,291,Frank's Tract at Sheep Slough,850.090000
2020-11-15,Baseline (BAU),Bolster & Fortify,Franks Tract (10 supplied RMA stations),10,389.950000,98.640604,saltier,285,Frank's Tract North East,-449.990000,-102.333259,fresher,291,Frank's Tract at Sheep Slough,839.940000
2020-11-16,Baseline (BAU),Bolster & Fortify,Franks Tract (10 supplied RMA stations),10,378.420000,95.724009,saltier,285,Frank's Tract North East,-451.080000,-102.581138,fresher,291,Frank's Tract at Sheep Slough,829.500000
2020-11-17,Baseline (BAU),Bolster & Fortify,Franks Tract (10 supplied RMA stations),10,346.670000,87.692622,saltier,285,Frank's Tract North East,-452.290000,-102.856307,fresher,291,Frank's Tract at Sheep Slough,798.960000
2020-11-18,Baseline (BAU),Bolster & Fortify,Franks Tract (10 supplied RMA stations),10,311.340000,78.755650,saltier,285,Frank's Tract North East,-455.100000,-103.495336,fresher,291,Frank's Tract at Sheep Slough,766.440000
2020-11-19,Baseline (BAU),Bolster & Fortify,Franks Tract (10 supplied RMA stations),10,308.860000,78.128316,saltier,285,Frank's Tract North East,-462.390000,-105.153171,fresher,291,Frank's Tract at Sheep Slough,771.250000
2020-11-20,Baseline (BAU),Bolster & Fortify,Franks Tract (10 supplied RMA stations),10,328.540000,83.106511,saltier,285,Frank's Tract North East,-469.150000,-106.690478,fresher,291,Frank's Tract at Sheep Slough,797.690000
2020-11-21,Baseline (BAU),Bolster & Fortify,Franks Tract (10 supplied RMA stations),10,348.540000,88.165652,saltier,285,Frank's Tract North East,-469.700000,-106.815555,fresher,291,Frank's Tract at Sheep Slough,818.240000
2020-11-22,Baseline (BAU),Bolster & Fortify,Franks Tract (10 supplied RMA stations),10,356.550000,90.191838,saltier,285,Frank's Tract North East,-469.380000,-106.742783,fresher,291,Frank's Tract at Sheep Slough,825.930000
2020-11-23,Baseline (BAU),Bolster & Fortify,Franks Tract (10 supplied RMA stations),10,357.570000,90.449854,saltier,285,Frank's Tract North East,-469.300000,-106.724590,fresher,291,Frank's Tract at Sheep Slough,826.870000
2020-11-24,Baseline (BAU),Bolster & Fortify,Franks Tract (10 supplied RMA stations),10,355.440000,89.911056,saltier,285,Frank's Tract North East,-470.600000,-107.020226,fresher,291,Frank's Tract at Sheep Slough,826.040000
2020-11-25,Baseline (BAU),Bolster & Fortify,Franks Tract (10 supplied RMA stations),10,357.220000,90.361319,saltier,285,Frank's Tract North East,-471.430000,-107.208978,fresher,291,Frank's Tract at Sheep Slough,828.650000
2020-11-26,Baseline (BAU),Bolster & Fortify,Franks Tract (10 supplied RMA stations),10,397.430000,100.532722,saltier,285,Frank's Tract North East,-471.600000,-107.247638,fresher,291,Frank's Tract at Sheep Slough,869.030000
2020-11-27,Baseline (BAU),Bolster & Fortify,Franks Tract (10 supplied RMA stations),10,428.140000,108.301034,saltier,285,Frank's Tract North East,-459.070000,-104.398162,fresher,291,Frank's Tract at Sheep Slough,887.210000
2020-11-28,Baseline (BAU),Bolster & Fortify,Franks Tract (10 supplied RMA stations),10,427.580000,108.159378,saltier,285,Frank's Tract North East,-448.750000,-102.051268,fresher,291,Frank's Tract at Sheep Slough,876.330000
2020-11-29,Baseline (BAU),Bolster & Fortify,Franks Tract (10 supplied RMA stations),10,423.310000,107.079251,saltier,285,Frank's Tract North East,-443.750000,-100.914206,fresher,291,Frank's Tract at Sheep Slough,867.060000
2018-10-01,Baseline (BAU),Eco Machine,Franks Tract (10 supplied RMA stations),10,2.200000,0.556506,saltier,285,Frank's Tract North East,-228.040000,-41.423213,fresher,265,Little Franks Tract at Fisherman's Cut,230.240000
2018-10-02,Baseline (BAU),Eco Machine,Franks Tract (10 supplied RMA stations),10,-5.020000,-1.269844,fresher,285,Frank's Tract North East,-251.770000,-45.733742,fresher,265,Little Franks Tract at Fisherman's Cut,246.750000
2018-10-03,Baseline (BAU),Eco Machine,Franks Tract (10 supplied RMA stations),10,-13.100000,-3.371800,fresher,292,Frank's Tract at Old River,-257.360000,-46.749159,fresher,265,Little Franks Tract at Fisherman's Cut,244.260000
2018-10-04,Baseline (BAU),Eco Machine,Franks Tract (10 supplied RMA stations),10,-18.910000,-4.783418,fresher,285,Frank's Tract North East,-246.500000,-44.776452,fresher,265,Little Franks Tract at Fisherman's Cut,227.590000
2018-10-05,Baseline (BAU),Eco Machine,Franks Tract (10 supplied RMA stations),10,-14.430000,-3.650170,fresher,285,Frank's Tract North East,-231.710000,-42.089865,fresher,265,Little Franks Tract at Fisherman's Cut,217.280000
2018-10-06,Baseline (BAU),Eco Machine,Franks Tract (10 supplied RMA stations),10,16.580000,4.194028,saltier,285,Frank's Tract North East,-224.590000,-40.796525,fresher,265,Little Franks Tract at Fisherman's Cut,241.170000
2018-10-07,Baseline (BAU),Eco Machine,Franks Tract (10 supplied RMA stations),10,31.060000,7.856846,saltier,285,Frank's Tract North East,-203.140000,-36.900156,fresher,265,Little Franks Tract at Fisherman's Cut,234.200000
2018-10-08,Baseline (BAU),Eco Machine,Franks Tract (10 supplied RMA stations),10,1.960000,0.495796,saltier,285,Frank's Tract North East,-210.790000,-38.289770,fresher,265,Little Franks Tract at Fisherman's Cut,212.750000
2018-10-09,Baseline (BAU),Eco Machine,Franks Tract (10 supplied RMA stations),10,-9.940000,-2.558450,fresher,292,Frank's Tract at Old River,-248.950000,-45.221492,fresher,265,Little Franks Tract at Fisherman's Cut,239.010000
2018-10-10,Baseline (BAU),Eco Machine,Franks Tract (10 supplied RMA stations),10,-22.000000,-5.662565,fresher,292,Frank's Tract at Old River,-285.550000,-51.869841,fresher,265,Little Franks Tract at Fisherman's Cut,263.550000
2018-10-11,Baseline (BAU),Eco Machine,Franks Tract (10 supplied RMA stations),10,-44.430000,-11.435807,fresher,292,Frank's Tract at Old River,-286.910000,-52.116884,fresher,265,Little Franks Tract at Fisherman's Cut,242.480000
2018-10-12,Baseline (BAU),Eco Machine,Franks Tract (10 supplied RMA stations),10,-60.100000,-15.469098,fresher,292,Frank's Tract at Old River,-280.110000,-50.881671,fresher,265,Little Franks Tract at Fisherman's Cut,220.010000
2018-10-13,Baseline (BAU),Eco Machine,Franks Tract (10 supplied RMA stations),10,-66.360000,-17.080355,fresher,292,Frank's Tract at Old River,-293.920000,-53.390242,fresher,265,Little Franks Tract at Fisherman's Cut,227.560000
2018-10-14,Baseline (BAU),Eco Machine,Franks Tract (10 supplied RMA stations),10,-38.440000,-9.723669,fresher,285,Frank's Tract North East,-285.640000,-51.886190,fresher,265,Little Franks Tract at Fisherman's Cut,247.200000
2018-10-15,Baseline (BAU),Eco Machine,Franks Tract (10 supplied RMA stations),10,-25.150000,-6.361870,fresher,285,Frank's Tract North East,-267.010000,-48.502071,fresher,265,Little Franks Tract at Fisherman's Cut,241.860000
2018-10-16,Baseline (BAU),Eco Machine,Franks Tract (10 supplied RMA stations),10,-38.490000,-9.736317,fresher,285,Frank's Tract North East,-272.710000,-49.537469,fresher,265,Little Franks Tract at Fisherman's Cut,234.220000
2018-10-17,Baseline (BAU),Eco Machine,Franks Tract (10 supplied RMA stations),10,-43.430000,-10.985925,fresher,285,Frank's Tract North East,-265.200000,-48.173286,fresher,265,Little Franks Tract at Fisherman's Cut,221.770000
2018-10-18,Baseline (BAU),Eco Machine,Franks Tract (10 supplied RMA stations),10,-44.160000,-11.170584,fresher,285,Frank's Tract North East,-246.330000,-44.745572,fresher,265,Little Franks Tract at Fisherman's Cut,202.170000
2018-10-19,Baseline (BAU),Eco Machine,Franks Tract (10 supplied RMA stations),10,-46.250000,-11.699264,fresher,285,Frank's Tract North East,-237.120000,-43.072585,fresher,265,Little Franks Tract at Fisherman's Cut,190.870000
2018-10-20,Baseline (BAU),Eco Machine,Franks Tract (10 supplied RMA stations),10,-47.080000,-11.909218,fresher,285,Frank's Tract North East,-248.780000,-45.190611,fresher,265,Little Franks Tract at Fisherman's Cut,201.700000
2018-10-21,Baseline (BAU),Eco Machine,Franks Tract (10 supplied RMA stations),10,-44.870000,-11.350183,fresher,285,Frank's Tract North East,-270.940000,-49.215951,fresher,265,Little Franks Tract at Fisherman's Cut,226.070000
2018-10-22,Baseline (BAU),Eco Machine,Franks Tract (10 supplied RMA stations),10,-41.170000,-10.414242,fresher,285,Frank's Tract North East,-281.900000,-51.206823,fresher,265,Little Franks Tract at Fisherman's Cut,240.730000
2018-10-23,Baseline (BAU),Eco Machine,Franks Tract (10 supplied RMA stations),10,-45.470000,-11.501957,fresher,285,Frank's Tract North East,-275.300000,-50.007940,fresher,265,Little Franks Tract at Fisherman's Cut,229.830000
2018-10-24,Baseline (BAU),Eco Machine,Franks Tract (10 supplied RMA stations),10,-57.110000,-14.446377,fresher,285,Frank's Tract North East,-268.210000,-48.720049,fresher,265,Little Franks Tract at Fisherman's Cut,211.100000
2018-10-25,Baseline (BAU),Eco Machine,Franks Tract (10 supplied RMA stations),10,-63.430000,-16.045066,fresher,285,Frank's Tract North East,-267.950000,-48.672821,fresher,265,Little Franks Tract at Fisherman's Cut,204.520000
2018-10-26,Baseline (BAU),Eco Machine,Franks Tract (10 supplied RMA stations),10,-68.370000,-17.294674,fresher,285,Frank's Tract North East,-281.390000,-51.114182,fresher,265,Little Franks Tract at Fisherman's Cut,213.020000
2018-10-27,Baseline (BAU),Eco Machine,Franks Tract (10 supplied RMA stations),10,-71.580000,-18.106666,fresher,285,Frank's Tract North East,-307.970000,-55.942409,fresher,265,Little Franks Tract at Fisherman's Cut,236.390000
2018-10-28,Baseline (BAU),Eco Machine,Franks Tract (10 supplied RMA stations),10,-66.300000,-16.771053,fresher,285,Frank's Tract North East,-322.530000,-58.587217,fresher,265,Little Franks Tract at Fisherman's Cut,256.230000
2018-10-29,Baseline (BAU),Eco Machine,Franks Tract (10 supplied RMA stations),10,-47.170000,-11.931984,fresher,285,Frank's Tract North East,-303.230000,-55.081394,fresher,265,Little Franks Tract at Fisherman's Cut,256.060000
2018-10-30,Baseline (BAU),Eco Machine,Franks Tract (10 supplied RMA stations),10,-25.510000,-6.452934,fresher,285,Frank's Tract North East,-293.300000,-53.277620,fresher,265,Little Franks Tract at Fisherman's Cut,267.790000
2018-10-31,Baseline (BAU),Eco Machine,Franks Tract (10 supplied RMA stations),10,-31.540000,-7.978266,fresher,285,Frank's Tract North East,-283.030000,-51.412086,fresher,265,Little Franks Tract at Fisherman's Cut,251.490000
2018-11-01,Baseline (BAU),Eco Machine,Franks Tract (10 supplied RMA stations),10,-43.460000,-10.993514,fresher,285,Frank's Tract North East,-272.170000,-49.439379,fresher,265,Little Franks Tract at Fisherman's Cut,228.710000
2018-11-02,Baseline (BAU),Eco Machine,Franks Tract (10 supplied RMA stations),10,-53.750000,-13.596442,fresher,285,Frank's Tract North East,-265.710000,-48.265927,fresher,265,Little Franks Tract at Fisherman's Cut,211.960000
2018-11-03,Baseline (BAU),Eco Machine,Franks Tract (10 supplied RMA stations),10,-58.620000,-14.828343,fresher,285,Frank's Tract North East,-270.470000,-49.130576,fresher,265,Little Franks Tract at Fisherman's Cut,211.850000
2018-11-04,Baseline (BAU),Eco Machine,Franks Tract (10 supplied RMA stations),10,-65.900000,-16.669870,fresher,285,Frank's Tract North East,-286.310000,-52.007894,fresher,265,Little Franks Tract at Fisherman's Cut,220.410000
2018-11-05,Baseline (BAU),Eco Machine,Franks Tract (10 supplied RMA stations),10,-79.820000,-20.191032,fresher,285,Frank's Tract North East,-312.090000,-56.690803,fresher,265,Little Franks Tract at Fisherman's Cut,232.270000
2018-11-06,Baseline (BAU),Eco Machine,Franks Tract (10 supplied RMA stations),10,-85.520000,-22.011935,fresher,292,Frank's Tract at Old River,-350.160000,-63.606176,fresher,265,Little Franks Tract at Fisherman's Cut,264.640000
2018-11-07,Baseline (BAU),Eco Machine,Franks Tract (10 supplied RMA stations),10,-93.640000,-24.101936,fresher,292,Frank's Tract at Old River,-388.250000,-70.525182,fresher,265,Little Franks Tract at Fisherman's Cut,294.610000
2018-11-08,Baseline (BAU),Eco Machine,Franks Tract (10 supplied RMA stations),10,-102.420000,-26.361814,fresher,292,Frank's Tract at Old River,-419.570000,-76.214426,fresher,265,Little Franks Tract at Fisherman's Cut,317.150000
2018-11-09,Baseline (BAU),Eco Machine,Franks Tract (10 supplied RMA stations),10,-115.260000,-29.666693,fresher,292,Frank's Tract at Old River,-442.630000,-80.403249,fresher,265,Little Franks Tract at Fisherman's Cut,327.370000
2018-11-10,Baseline (BAU),Eco Machine,Franks Tract (10 supplied RMA stations),10,-124.850000,-32.135056,fresher,292,Frank's Tract at Old River,-471.650000,-85.674700,fresher,265,Little Franks Tract at Fisherman's Cut,346.800000
2018-11-11,Baseline (BAU),Eco Machine,Franks Tract (10 supplied RMA stations),10,-137.310000,-35.342127,fresher,292,Frank's Tract at Old River,-467.100000,-84.848197,fresher,265,Little Franks Tract at Fisherman's Cut,329.790000
2018-11-12,Baseline (BAU),Eco Machine,Franks Tract (10 supplied RMA stations),10,-153.430000,-39.491243,fresher,292,Frank's Tract at Old River,-432.900000,-78.635805,fresher,265,Little Franks Tract at Fisherman's Cut,279.470000
2018-11-13,Baseline (BAU),Eco Machine,Franks Tract (10 supplied RMA stations),10,-166.710000,-42.909373,fresher,292,Frank's Tract at Old River,-420.520000,-91.173239,fresher,282,South Central Franks Tract,253.810000
2018-11-14,Baseline (BAU),Eco Machine,Franks Tract (10 supplied RMA stations),10,-177.580000,-45.707195,fresher,292,Frank's Tract at Old River,-416.430000,-90.286483,fresher,282,South Central Franks Tract,238.850000
2018-11-15,Baseline (BAU),Eco Machine,Franks Tract (10 supplied RMA stations),10,-186.830000,-48.088046,fresher,292,Frank's Tract at Old River,-416.530000,-90.308164,fresher,282,South Central Franks Tract,229.700000
2018-11-16,Baseline (BAU),Eco Machine,Franks Tract (10 supplied RMA stations),10,-191.430000,-49.272037,fresher,292,Frank's Tract at Old River,-424.890000,-92.120701,fresher,282,South Central Franks Tract,233.460000
2018-11-17,Baseline (BAU),Eco Machine,Franks Tract (10 supplied RMA stations),10,-197.130000,-50.739156,fresher,292,Frank's Tract at Old River,-438.440000,-95.058487,fresher,282,South Central Franks Tract,241.310000
2018-11-18,Baseline (BAU),Eco Machine,Franks Tract (10 supplied RMA stations),10,-207.550000,-53.421153,fresher,292,Frank's Tract at Old River,-450.570000,-97.688400,fresher,282,South Central Franks Tract,243.020000
2018-11-19,Baseline (BAU),Eco Machine,Franks Tract (10 supplied RMA stations),10,-210.250000,-54.116104,fresher,292,Frank's Tract at Old River,-464.730000,-100.758440,fresher,282,South Central Franks Tract,254.480000
2018-11-20,Baseline (BAU),Eco Machine,Franks Tract (10 supplied RMA stations),10,-210.060000,-54.067200,fresher,292,Frank's Tract at Old River,-484.610000,-105.068637,fresher,282,South Central Franks Tract,274.550000
2018-11-21,Baseline (BAU),Eco Machine,Franks Tract (10 supplied RMA stations),10,-210.850000,-54.270538,fresher,292,Frank's Tract at Old River,-525.360000,-95.431062,fresher,265,Little Franks Tract at Fisherman's Cut,314.510000
2018-11-22,Baseline (BAU),Eco Machine,Franks Tract (10 supplied RMA stations),10,-217.810000,-56.061968,fresher,292,Frank's Tract at Old River,-554.320000,-124.468590,fresher,283,Franks Tract,336.510000
2018-11-23,Baseline (BAU),Eco Machine,Franks Tract (10 supplied RMA stations),10,-225.290000,-57.987240,fresher,292,Frank's Tract at Old River,-557.000000,-120.763564,fresher,282,South Central Franks Tract,331.710000
2018-11-24,Baseline (BAU),Eco Machine,Franks Tract (10 supplied RMA stations),10,-229.100000,-58.967893,fresher,292,Frank's Tract at Old River,-565.840000,-122.680171,fresher,282,South Central Franks Tract,336.740000
2018-11-25,Baseline (BAU),Eco Machine,Franks Tract (10 supplied RMA stations),10,-233.470000,-60.092684,fresher,292,Frank's Tract at Old River,-560.160000,-121.448686,fresher,282,South Central Franks Tract,326.690000
2018-11-26,Baseline (BAU),Eco Machine,Franks Tract (10 supplied RMA stations),10,-198.940000,-41.783098,fresher,276,North West Franks Tract,-536.260000,-116.266910,fresher,282,South Central Franks Tract,337.320000
2018-11-27,Baseline (BAU),Eco Machine,Franks Tract (10 supplied RMA stations),10,-188.480000,-39.586198,fresher,276,North West Franks Tract,-503.940000,-109.259588,fresher,282,South Central Franks Tract,315.460000
2018-11-28,Baseline (BAU),Eco Machine,Franks Tract (10 supplied RMA stations),10,-196.260000,-41.220221,fresher,276,North West Franks Tract,-468.140000,-101.497765,fresher,282,South Central Franks Tract,271.880000
2018-11-29,Baseline (BAU),Eco Machine,Franks Tract (10 supplied RMA stations),10,-213.930000,-54.115103,fresher,285,Frank's Tract North East,-439.850000,-95.364190,fresher,282,South Central Franks Tract,225.920000
2018-11-30,Baseline (BAU),Eco Machine,Franks Tract (10 supplied RMA stations),10,-164.640000,-34.579116,fresher,276,North West Franks Tract,-414.170000,-89.796491,fresher,282,South Central Franks Tract,249.530000
2018-12-01,Baseline (BAU),Eco Machine,Franks Tract (10 supplied RMA stations),10,-98.330000,-20.652116,fresher,276,North West Franks Tract,-386.030000,-83.695437,fresher,282,South Central Franks Tract,287.700000
2018-12-02,Baseline (BAU),Eco Machine,Franks Tract (10 supplied RMA stations),10,-80.420000,-16.890503,fresher,276,North West Franks Tract,-350.140000,-75.914101,fresher,282,South Central Franks Tract,269.720000
2018-12-03,Baseline (BAU),Eco Machine,Franks Tract (10 supplied RMA stations),10,-76.220000,-16.008383,fresher,276,North West Franks Tract,-309.570000,-67.118091,fresher,282,South Central Franks Tract,233.350000
2018-12-04,Baseline (BAU),Eco Machine,Franks Tract (10 supplied RMA stations),10,-82.990000,-20.992906,fresher,285,Frank's Tract North East,-277.400000,-63.084171,fresher,291,Frank's Tract at Sheep Slough,194.410000
2018-12-05,Baseline (BAU),Eco Machine,Franks Tract (10 supplied RMA stations),10,-76.050000,-19.237384,fresher,285,Frank's Tract North East,-267.730000,-48.632858,fresher,265,Little Franks Tract at Fisherman's Cut,191.680000
2018-12-06,Baseline (BAU),Eco Machine,Franks Tract (10 supplied RMA stations),10,-82.200000,-20.793070,fresher,285,Frank's Tract North East,-265.130000,-48.160571,fresher,265,Little Franks Tract at Fisherman's Cut,182.930000
2018-12-07,Baseline (BAU),Eco Machine,Franks Tract (10 supplied RMA stations),10,-88.820000,-22.861319,fresher,292,Frank's Tract at Old River,-251.120000,-45.615670,fresher,265,Little Franks Tract at Fisherman's Cut,162.300000
2018-12-08,Baseline (BAU),Eco Machine,Franks Tract (10 supplied RMA stations),10,-88.260000,-22.717181,fresher,292,Frank's Tract at Old River,-239.550000,-43.513992,fresher,265,Little Franks Tract at Fisherman's Cut,151.290000
2018-12-09,Baseline (BAU),Eco Machine,Franks Tract (10 supplied RMA stations),10,-84.380000,-21.718511,fresher,292,Frank's Tract at Old River,-242.640000,-44.075287,fresher,265,Little Franks Tract at Fisherman's Cut,158.260000
2018-12-10,Baseline (BAU),Eco Machine,Franks Tract (10 supplied RMA stations),10,-80.340000,-20.678658,fresher,292,Frank's Tract at Old River,-251.610000,-45.704678,fresher,265,Little Franks Tract at Fisherman's Cut,171.270000
2018-12-11,Baseline (BAU),Eco Machine,Franks Tract (10 supplied RMA stations),10,-82.020000,-21.111072,fresher,292,Frank's Tract at Old River,-250.320000,-45.470351,fresher,265,Little Franks Tract at Fisherman's Cut,168.300000
2018-12-12,Baseline (BAU),Eco Machine,Franks Tract (10 supplied RMA stations),10,-90.100000,-23.190778,fresher,292,Frank's Tract at Old River,-232.500000,-50.408489,fresher,282,South Central Franks Tract,142.400000
2018-12-13,Baseline (BAU),Eco Machine,Franks Tract (10 supplied RMA stations),10,-92.610000,-23.836825,fresher,292,Frank's Tract at Old River,-231.370000,-50.163493,fresher,282,South Central Franks Tract,138.760000
2018-12-14,Baseline (BAU),Eco Machine,Franks Tract (10 supplied RMA stations),10,-89.830000,-23.121282,fresher,292,Frank's Tract at Old River,-252.530000,-45.871795,fresher,265,Little Franks Tract at Fisherman's Cut,162.700000
2018-12-15,Baseline (BAU),Eco Machine,Franks Tract (10 supplied RMA stations),10,-97.780000,-25.167528,fresher,292,Frank's Tract at Old River,-251.740000,-45.728292,fresher,265,Little Franks Tract at Fisherman's Cut,153.960000
2018-12-16,Baseline (BAU),Eco Machine,Franks Tract (10 supplied RMA stations),10,-101.400000,-26.099277,fresher,292,Frank's Tract at Old River,-268.540000,-48.779993,fresher,265,Little Franks Tract at Fisherman's Cut,167.140000
2018-12-17,Baseline (BAU),Eco Machine,Franks Tract (10 supplied RMA stations),10,-108.490000,-27.924167,fresher,292,Frank's Tract at Old River,-265.540000,-48.235047,fresher,265,Little Franks Tract at Fisherman's Cut,157.050000
2018-12-18,Baseline (BAU),Eco Machine,Franks Tract (10 supplied RMA stations),10,-117.250000,-30.178898,fresher,292,Frank's Tract at Old River,-260.320000,-56.440163,fresher,282,South Central Franks Tract,143.070000
2018-12-19,Baseline (BAU),Eco Machine,Franks Tract (10 supplied RMA stations),10,-115.880000,-29.826274,fresher,292,Frank's Tract at Old River,-262.270000,-56.862944,fresher,282,South Central Franks Tract,146.390000
2018-12-20,Baseline (BAU),Eco Machine,Franks Tract (10 supplied RMA stations),10,-105.180000,-27.072209,fresher,292,Frank's Tract at Old River,-264.150000,-57.270548,fresher,282,South Central Franks Tract,158.970000
2018-12-21,Baseline (BAU),Eco Machine,Franks Tract (10 supplied RMA stations),10,-96.810000,-24.917860,fresher,292,Frank's Tract at Old River,-274.140000,-49.797227,fresher,265,Little Franks Tract at Fisherman's Cut,177.330000
2018-12-22,Baseline (BAU),Eco Machine,Franks Tract (10 supplied RMA stations),10,-96.460000,-24.827774,fresher,292,Frank's Tract at Old River,-268.770000,-48.821773,fresher,265,Little Franks Tract at Fisherman's Cut,172.310000
2018-12-23,Baseline (BAU),Eco Machine,Franks Tract (10 supplied RMA stations),10,-99.590000,-25.633402,fresher,292,Frank's Tract at Old River,-256.160000,-55.538231,fresher,282,South Central Franks Tract,156.570000
2018-12-24,Baseline (BAU),Eco Machine,Franks Tract (10 supplied RMA stations),10,-101.390000,-26.096703,fresher,292,Frank's Tract at Old River,-251.800000,-54.592936,fresher,282,South Central Franks Tract,150.410000
2018-12-25,Baseline (BAU),Eco Machine,Franks Tract (10 supplied RMA stations),10,-105.340000,-27.113391,fresher,292,Frank's Tract at Old River,-249.150000,-54.018388,fresher,282,South Central Franks Tract,143.810000
2018-12-26,Baseline (BAU),Eco Machine,Franks Tract (10 supplied RMA stations),10,-89.690000,-18.837469,fresher,276,North West Franks Tract,-241.880000,-52.442174,fresher,282,South Central Franks Tract,152.190000
2018-12-27,Baseline (BAU),Eco Machine,Franks Tract (10 supplied RMA stations),10,-58.930000,-12.376988,fresher,276,North West Franks Tract,-226.660000,-49.142315,fresher,282,South Central Franks Tract,167.730000
2018-12-28,Baseline (BAU),Eco Machine,Franks Tract (10 supplied RMA stations),10,-24.640000,-5.175106,fresher,276,North West Franks Tract,-203.950000,-44.218544,fresher,282,South Central Franks Tract,179.310000
2018-12-29,Baseline (BAU),Eco Machine,Franks Tract (10 supplied RMA stations),10,-10.310000,-2.165395,fresher,276,North West Franks Tract,-180.080000,-39.043272,fresher,282,South Central Franks Tract,169.770000
2018-12-30,Baseline (BAU),Eco Machine,Franks Tract (10 supplied RMA stations),10,-6.210000,-1.304278,fresher,276,North West Franks Tract,-161.770000,-36.788487,fresher,291,Frank's Tract at Sheep Slough,155.560000
2018-12-31,Baseline (BAU),Eco Machine,Franks Tract (10 supplied RMA stations),10,11.710000,2.459435,saltier,276,North West Franks Tract,-160.720000,-36.549704,fresher,291,Frank's Tract at Sheep Slough,172.430000
2019-01-01,Baseline (BAU),Eco Machine,Franks Tract (10 supplied RMA stations),10,16.240000,3.410865,saltier,276,North West Franks Tract,-145.690000,-33.131697,fresher,291,Frank's Tract at Sheep Slough,161.930000
2019-01-02,Baseline (BAU),Eco Machine,Franks Tract (10 supplied RMA stations),10,-8.570000,-1.799945,fresher,276,North West Franks Tract,-125.160000,-28.462923,fresher,291,Frank's Tract at Sheep Slough,116.590000
2019-01-03,Baseline (BAU),Eco Machine,Franks Tract (10 supplied RMA stations),10,-22.660000,-4.759249,fresher,276,North West Franks Tract,-120.790000,-21.941370,fresher,265,Little Franks Tract at Fisherman's Cut,98.130000
2019-01-04,Baseline (BAU),Eco Machine,Franks Tract (10 supplied RMA stations),10,-29.530000,-6.279160,fresher,281,South Franks Tract at Bethel Island,-137.910000,-25.051199,fresher,265,Little Franks Tract at Fisherman's Cut,108.380000
2019-01-05,Baseline (BAU),Eco Machine,Franks Tract (10 supplied RMA stations),10,-27.950000,-5.943194,fresher,281,South Franks Tract at Bethel Island,-189.100000,-34.349805,fresher,265,Little Franks Tract at Fisherman's Cut,161.150000
2019-01-06,Baseline (BAU),Eco Machine,Franks Tract (10 supplied RMA stations),10,-32.790000,-6.972355,fresher,281,South Franks Tract at Bethel Island,-187.980000,-34.146359,fresher,265,Little Franks Tract at Fisherman's Cut,155.190000
2019-01-07,Baseline (BAU),Eco Machine,Franks Tract (10 supplied RMA stations),10,-39.170000,-8.328977,fresher,281,South Franks Tract at Bethel Island,-156.560000,-28.438951,fresher,265,Little Franks Tract at Fisherman's Cut,117.390000
2019-01-08,Baseline (BAU),Eco Machine,Franks Tract (10 supplied RMA stations),10,-42.330000,-9.000909,fresher,281,South Franks Tract at Bethel Island,-151.750000,-27.565219,fresher,265,Little Franks Tract at Fisherman's Cut,109.420000
2019-01-09,Baseline (BAU),Eco Machine,Franks Tract (10 supplied RMA stations),10,-42.500000,-10.750675,fresher,285,Frank's Tract North East,-143.640000,-26.092047,fresher,265,Little Franks Tract at Fisherman's Cut,101.140000
2019-01-10,Baseline (BAU),Eco Machine,Franks Tract (10 supplied RMA stations),10,-22.750000,-5.754773,fresher,285,Frank's Tract North East,-109.750000,-19.935966,fresher,265,Little Franks Tract at Fisherman's Cut,87.000000
2019-01-11,Baseline (BAU),Eco Machine,Franks Tract (10 supplied RMA stations),10,-3.410000,-0.862584,fresher,285,Frank's Tract North East,-92.600000,-16.820687,fresher,265,Little Franks Tract at Fisherman's Cut,89.190000
2019-01-12,Baseline (BAU),Eco Machine,Franks Tract (10 supplied RMA stations),10,17.290000,4.373627,saltier,285,Frank's Tract North East,-84.800000,-19.284563,fresher,291,Frank's Tract at Sheep Slough,102.090000
2019-01-13,Baseline (BAU),Eco Machine,Franks Tract (10 supplied RMA stations),10,34.880000,8.823142,saltier,285,Frank's Tract North East,-77.190000,-17.553955,fresher,291,Frank's Tract at Sheep Slough,112.070000
2019-01-14,Baseline (BAU),Eco Machine,Franks Tract (10 supplied RMA stations),10,45.510000,11.512076,saltier,285,Frank's Tract North East,-69.550000,-15.816525,fresher,291,Frank's Tract at Sheep Slough,115.060000
2019-01-15,Baseline (BAU),Eco Machine,Franks Tract (10 supplied RMA stations),10,51.490000,13.024759,saltier,285,Frank's Tract North East,-72.420000,-13.155013,fresher,265,Little Franks Tract at Fisherman's Cut,123.910000
2019-01-16,Baseline (BAU),Eco Machine,Franks Tract (10 supplied RMA stations),10,52.480000,13.275186,saltier,285,Frank's Tract North East,-74.280000,-13.492880,fresher,265,Little Franks Tract at Fisherman's Cut,126.760000
2019-01-17,Baseline (BAU),Eco Machine,Franks Tract (10 supplied RMA stations),10,50.880000,12.870455,saltier,285,Frank's Tract North East,-66.400000,-12.061486,fresher,265,Little Franks Tract at Fisherman's Cut,117.280000
2019-01-18,Baseline (BAU),Eco Machine,Franks Tract (10 supplied RMA stations),10,68.960000,17.443919,saltier,285,Frank's Tract North East,-50.170000,-9.113325,fresher,265,Little Franks Tract at Fisherman's Cut,119.130000
2019-01-19,Baseline (BAU),Eco Machine,Franks Tract (10 supplied RMA stations),10,81.880000,20.712124,saltier,285,Frank's Tract North East,-46.290000,-8.408527,fresher,265,Little Franks Tract at Fisherman's Cut,128.170000
2019-01-20,Baseline (BAU),Eco Machine,Franks Tract (10 supplied RMA stations),10,101.100000,22.701282,saltier,283,Franks Tract,-40.770000,-7.405825,fresher,265,Little Franks Tract at Fisherman's Cut,141.870000
2019-01-21,Baseline (BAU),Eco Machine,Franks Tract (10 supplied RMA stations),10,114.740000,25.764046,saltier,283,Franks Tract,-24.380000,-4.428600,fresher,265,Little Franks Tract at Fisherman's Cut,139.120000
2019-01-22,Baseline (BAU),Eco Machine,Franks Tract (10 supplied RMA stations),10,122.150000,27.427909,saltier,283,Franks Tract,-13.290000,-2.414114,fresher,265,Little Franks Tract at Fisherman's Cut,135.440000
2019-01-23,Baseline (BAU),Eco Machine,Franks Tract (10 supplied RMA stations),10,130.500000,29.302841,saltier,283,Franks Tract,-9.040000,-1.642106,fresher,265,Little Franks Tract at Fisherman's Cut,139.540000
2019-01-24,Baseline (BAU),Eco Machine,Franks Tract (10 supplied RMA stations),10,140.020000,31.440489,saltier,283,Franks Tract,-5.730000,-1.040848,fresher,265,Little Franks Tract at Fisherman's Cut,145.750000
2019-01-25,Baseline (BAU),Eco Machine,Franks Tract (10 supplied RMA stations),10,145.050000,32.569940,saltier,283,Franks Tract,-1.240000,-0.225245,fresher,265,Little Franks Tract at Fisherman's Cut,146.290000
2019-01-26,Baseline (BAU),Eco Machine,Franks Tract (10 supplied RMA stations),10,145.160000,32.594639,saltier,283,Franks Tract,2.830000,0.514066,saltier,265,Little Franks Tract at Fisherman's Cut,142.330000
2019-01-27,Baseline (BAU),Eco Machine,Franks Tract (10 supplied RMA stations),10,144.440000,32.432969,saltier,283,Franks Tract,4.330000,0.786540,saltier,265,Little Franks Tract at Fisherman's Cut,140.110000
2019-01-28,Baseline (BAU),Eco Machine,Franks Tract (10 supplied RMA stations),10,142.860000,32.078191,saltier,283,Franks Tract,3.240000,0.588542,saltier,265,Little Franks Tract at Fisherman's Cut,139.620000
2019-01-29,Baseline (BAU),Eco Machine,Franks Tract (10 supplied RMA stations),10,141.840000,30.752431,saltier,282,South Central Franks Tract,2.590000,0.470471,saltier,265,Little Franks Tract at Fisherman's Cut,139.250000
2019-01-30,Baseline (BAU),Eco Machine,Franks Tract (10 supplied RMA stations),10,139.800000,30.310137,saltier,282,South Central Franks Tract,2.010000,0.365114,saltier,265,Little Franks Tract at Fisherman's Cut,137.790000
2019-01-31,Baseline (BAU),Eco Machine,Franks Tract (10 supplied RMA stations),10,136.490000,29.592493,saltier,282,South Central Franks Tract,2.170000,0.394178,saltier,265,Little Franks Tract at Fisherman's Cut,134.320000
2019-02-01,Baseline (BAU),Eco Machine,Franks Tract (10 supplied RMA stations),10,129.070000,27.983758,saltier,282,South Central Franks Tract,3.100000,0.563112,saltier,265,Little Franks Tract at Fisherman's Cut,125.970000
2019-02-02,Baseline (BAU),Eco Machine,Franks Tract (10 supplied RMA stations),10,113.400000,23.376255,saltier,274,Piper Slough at Bethal Tract,3.820000,0.693899,saltier,265,Little Franks Tract at Fisherman's Cut,109.580000
2019-02-03,Baseline (BAU),Eco Machine,Franks Tract (10 supplied RMA stations),10,95.290000,20.659892,saltier,282,South Central Franks Tract,8.070000,1.465907,saltier,265,Little Franks Tract at Fisherman's Cut,87.220000
2019-02-04,Baseline (BAU),Eco Machine,Franks Tract (10 supplied RMA stations),10,88.250000,19.815906,saltier,283,Franks Tract,10.890000,1.978156,saltier,265,Little Franks Tract at Fisherman's Cut,77.360000
2019-02-05,Baseline (BAU),Eco Machine,Franks Tract (10 supplied RMA stations),10,82.220000,18.461913,saltier,283,Franks Tract,15.350000,2.788310,saltier,265,Little Franks Tract at Fisherman's Cut,66.870000
2019-02-06,Baseline (BAU),Eco Machine,Franks Tract (10 supplied RMA stations),10,73.140000,16.423064,saltier,283,Franks Tract,18.540000,3.367770,saltier,265,Little Franks Tract at Fisherman's Cut,54.600000
2019-02-07,Baseline (BAU),Eco Machine,Franks Tract (10 supplied RMA stations),10,64.930000,14.579567,saltier,283,Franks Tract,18.210000,3.307826,saltier,265,Little Franks Tract at Fisherman's Cut,46.720000
2019-02-08,Baseline (BAU),Eco Machine,Franks Tract (10 supplied RMA stations),10,58.460000,13.126775,saltier,283,Franks Tract,15.820000,2.873685,saltier,265,Little Franks Tract at Fisherman's Cut,42.640000
2019-02-09,Baseline (BAU),Eco Machine,Franks Tract (10 supplied RMA stations),10,56.140000,12.605835,saltier,283,Franks Tract,13.600000,2.470425,saltier,265,Little Franks Tract at Fisherman's Cut,42.540000
2019-02-10,Baseline (BAU),Eco Machine,Franks Tract (10 supplied RMA stations),10,55.100000,12.372311,saltier,283,Franks Tract,15.450000,3.017683,saltier,270,Frank's Tract at False River,39.650000
2019-02-11,Baseline (BAU),Eco Machine,Franks Tract (10 supplied RMA stations),10,49.820000,11.186725,saltier,283,Franks Tract,20.200000,3.945450,saltier,270,Frank's Tract at False River,29.620000
2019-02-12,Baseline (BAU),Eco Machine,Franks Tract (10 supplied RMA stations),10,43.860000,9.848449,saltier,283,Franks Tract,20.310000,3.966935,saltier,270,Frank's Tract at False River,23.550000
2019-02-13,Baseline (BAU),Eco Machine,Franks Tract (10 supplied RMA stations),10,49.960000,10.298745,saltier,274,Piper Slough at Bethal Tract,12.010000,2.345785,saltier,270,Frank's Tract at False River,37.950000
2019-02-14,Baseline (BAU),Eco Machine,Franks Tract (10 supplied RMA stations),10,40.410000,9.073776,saltier,283,Franks Tract,6.240000,1.326853,saltier,281,South Franks Tract at Bethel Island,34.170000
2019-02-15,Baseline (BAU),Eco Machine,Franks Tract (10 supplied RMA stations),10,36.990000,9.356881,saltier,285,Frank's Tract North East,4.380000,0.931348,saltier,281,South Franks Tract at Bethel Island,32.610000
2019-02-16,Baseline (BAU),Eco Machine,Franks Tract (10 supplied RMA stations),10,34.240000,8.661250,saltier,285,Frank's Tract North East,2.670000,0.567740,saltier,281,South Franks Tract at Bethel Island,31.570000
2019-02-17,Baseline (BAU),Eco Machine,Franks Tract (10 supplied RMA stations),10,33.900000,8.575244,saltier,285,Frank's Tract North East,-0.500000,-0.103070,fresher,274,Piper Slough at Bethal Tract,34.400000
2019-02-18,Baseline (BAU),Eco Machine,Franks Tract (10 supplied RMA stations),10,41.860000,10.588782,saltier,285,Frank's Tract North East,-0.580000,-0.119561,fresher,274,Piper Slough at Bethal Tract,42.440000
2019-02-19,Baseline (BAU),Eco Machine,Franks Tract (10 supplied RMA stations),10,51.350000,12.989345,saltier,285,Frank's Tract North East,-0.100000,-0.021264,fresher,281,South Franks Tract at Bethel Island,51.450000
2019-02-20,Baseline (BAU),Eco Machine,Franks Tract (10 supplied RMA stations),10,60.430000,15.286195,saltier,285,Frank's Tract North East,3.670000,0.780376,saltier,281,South Franks Tract at Bethel Island,56.760000
2019-02-21,Baseline (BAU),Eco Machine,Franks Tract (10 supplied RMA stations),10,69.080000,17.474273,saltier,285,Frank's Tract North East,8.200000,1.690347,saltier,274,Piper Slough at Bethal Tract,60.880000
2019-02-22,Baseline (BAU),Eco Machine,Franks Tract (10 supplied RMA stations),10,73.900000,16.593716,saltier,283,Franks Tract,11.400000,2.226640,saltier,270,Frank's Tract at False River,62.500000
2019-02-23,Baseline (BAU),Eco Machine,Franks Tract (10 supplied RMA stations),10,76.270000,17.125883,saltier,283,Franks Tract,14.600000,2.851662,saltier,270,Frank's Tract at False River,61.670000
2019-02-24,Baseline (BAU),Eco Machine,Franks Tract (10 supplied RMA stations),10,78.260000,17.572723,saltier,283,Franks Tract,15.880000,3.101671,saltier,270,Frank's Tract at False River,62.380000
2019-02-25,Baseline (BAU),Eco Machine,Franks Tract (10 supplied RMA stations),10,81.630000,18.329432,saltier,283,Franks Tract,13.280000,2.593840,saltier,270,Frank's Tract at False River,68.350000
2019-02-26,Baseline (BAU),Eco Machine,Franks Tract (10 supplied RMA stations),10,81.300000,18.255333,saltier,283,Franks Tract,10.880000,2.125074,saltier,270,Frank's Tract at False River,70.420000
2019-02-27,Baseline (BAU),Eco Machine,Franks Tract (10 supplied RMA stations),10,75.030000,16.847450,saltier,283,Franks Tract,15.560000,3.039168,saltier,270,Frank's Tract at False River,59.470000
2019-02-28,Baseline (BAU),Eco Machine,Franks Tract (10 supplied RMA stations),10,72.690000,16.322019,saltier,283,Franks Tract,21.760000,4.570223,saltier,276,North West Franks Tract,50.930000
2019-03-01,Baseline (BAU),Eco Machine,Franks Tract (10 supplied RMA stations),10,65.860000,14.788392,saltier,283,Franks Tract,22.270000,4.590734,saltier,274,Piper Slough at Bethal Tract,43.590000
2019-03-02,Baseline (BAU),Eco Machine,Franks Tract (10 supplied RMA stations),10,59.890000,13.447871,saltier,283,Franks Tract,22.520000,4.398591,saltier,270,Frank's Tract at False River,37.370000
2019-03-03,Baseline (BAU),Eco Machine,Franks Tract (10 supplied RMA stations),10,54.340000,13.745686,saltier,285,Frank's Tract North East,19.550000,4.030033,saltier,274,Piper Slough at Bethal Tract,34.790000
2019-03-04,Baseline (BAU),Eco Machine,Franks Tract (10 supplied RMA stations),10,49.410000,12.498608,saltier,285,Frank's Tract North East,13.390000,2.760212,saltier,274,Piper Slough at Bethal Tract,36.020000
2019-03-05,Baseline (BAU),Eco Machine,Franks Tract (10 supplied RMA stations),10,46.030000,11.643613,saltier,285,Frank's Tract North East,5.440000,1.156743,saltier,281,South Franks Tract at Bethel Island,40.590000
2019-03-06,Baseline (BAU),Eco Machine,Franks Tract (10 supplied RMA stations),10,50.980000,12.895751,saltier,285,Frank's Tract North East,-4.470000,-0.950486,fresher,281,South Franks Tract at Bethel Island,55.450000
2019-03-07,Baseline (BAU),Eco Machine,Franks Tract (10 supplied RMA stations),10,58.070000,14.689216,saltier,285,Frank's Tract North East,-6.590000,-1.401275,fresher,281,South Franks Tract at Bethel Island,64.660000
2019-03-08,Baseline (BAU),Eco Machine,Franks Tract (10 supplied RMA stations),10,58.640000,14.833402,saltier,285,Frank's Tract North East,-8.620000,-1.776925,fresher,274,Piper Slough at Bethal Tract,67.260000
2019-03-09,Baseline (BAU),Eco Machine,Franks Tract (10 supplied RMA stations),10,60.120000,15.207778,saltier,285,Frank's Tract North East,-11.420000,-2.428310,fresher,281,South Franks Tract at Bethel Island,71.540000
2019-03-10,Baseline (BAU),Eco Machine,Franks Tract (10 supplied RMA stations),10,64.170000,16.232254,saltier,285,Frank's Tract North East,-14.780000,-3.142769,fresher,281,South Franks Tract at Bethel Island,78.950000
2019-03-11,Baseline (BAU),Eco Machine,Franks Tract (10 supplied RMA stations),10,65.640000,16.604101,saltier,285,Frank's Tract North East,-17.870000,-3.799817,fresher,281,South Franks Tract at Bethel Island,83.510000
2019-03-12,Baseline (BAU),Eco Machine,Franks Tract (10 supplied RMA stations),10,65.750000,16.631926,saltier,285,Frank's Tract North East,-20.750000,-4.412210,fresher,281,South Franks Tract at Bethel Island,86.500000
2019-03-13,Baseline (BAU),Eco Machine,Franks Tract (10 supplied RMA stations),10,61.290000,15.503738,saltier,285,Frank's Tract North East,-24.810000,-5.275515,fresher,281,South Franks Tract at Bethel Island,86.100000
2019-03-14,Baseline (BAU),Eco Machine,Franks Tract (10 supplied RMA stations),10,62.290000,15.756695,saltier,285,Frank's Tract North East,-32.730000,-6.959597,fresher,281,South Franks Tract at Bethel Island,95.020000
2019-03-15,Baseline (BAU),Eco Machine,Franks Tract (10 supplied RMA stations),10,70.940000,17.944773,saltier,285,Frank's Tract North East,-36.700000,-7.803764,fresher,281,South Franks Tract at Bethel Island,107.640000
2019-03-16,Baseline (BAU),Eco Machine,Franks Tract (10 supplied RMA stations),10,79.560000,20.125263,saltier,285,Frank's Tract North East,-33.520000,-7.127580,fresher,281,South Franks Tract at Bethel Island,113.080000
2019-03-17,Baseline (BAU),Eco Machine,Franks Tract (10 supplied RMA stations),10,87.270000,22.075562,saltier,285,Frank's Tract North East,-24.250000,-5.156438,fresher,281,South Franks Tract at Bethel Island,111.520000
2019-03-18,Baseline (BAU),Eco Machine,Franks Tract (10 supplied RMA stations),10,92.300000,23.347936,saltier,285,Frank's Tract North East,-12.560000,-2.670716,fresher,281,South Franks Tract at Bethel Island,104.860000
2019-03-19,Baseline (BAU),Eco Machine,Franks Tract (10 supplied RMA stations),10,93.520000,23.656544,saltier,285,Frank's Tract North East,-1.110000,-0.236027,fresher,281,South Franks Tract at Bethel Island,94.630000
2019-03-20,Baseline (BAU),Eco Machine,Franks Tract (10 supplied RMA stations),10,93.440000,23.636307,saltier,285,Frank's Tract North East,7.180000,1.480084,saltier,274,Piper Slough at Bethal Tract,86.260000
2019-03-21,Baseline (BAU),Eco Machine,Franks Tract (10 supplied RMA stations),10,94.500000,21.219299,saltier,283,Franks Tract,9.380000,1.933591,saltier,274,Piper Slough at Bethal Tract,85.120000
2019-03-22,Baseline (BAU),Eco Machine,Franks Tract (10 supplied RMA stations),10,92.820000,20.842067,saltier,283,Franks Tract,15.050000,3.102404,saltier,274,Piper Slough at Bethal Tract,77.770000
2019-03-23,Baseline (BAU),Eco Machine,Franks Tract (10 supplied RMA stations),10,91.650000,20.579352,saltier,283,Franks Tract,18.210000,3.753806,saltier,274,Piper Slough at Bethal Tract,73.440000
2019-03-24,Baseline (BAU),Eco Machine,Franks Tract (10 supplied RMA stations),10,89.230000,20.035958,saltier,283,Franks Tract,18.710000,3.856876,saltier,274,Piper Slough at Bethal Tract,70.520000
2019-03-25,Baseline (BAU),Eco Machine,Franks Tract (10 supplied RMA stations),10,87.770000,19.708126,saltier,283,Franks Tract,20.920000,4.086080,saltier,270,Frank's Tract at False River,66.850000
2019-03-26,Baseline (BAU),Eco Machine,Franks Tract (10 supplied RMA stations),10,86.020000,19.315176,saltier,283,Franks Tract,21.430000,4.500914,saltier,276,North West Franks Tract,64.590000
2019-03-27,Baseline (BAU),Eco Machine,Franks Tract (10 supplied RMA stations),10,81.540000,18.309224,saltier,283,Franks Tract,20.320000,4.267782,saltier,276,North West Franks Tract,61.220000
2019-03-28,Baseline (BAU),Eco Machine,Franks Tract (10 supplied RMA stations),10,77.210000,19.530814,saltier,285,Frank's Tract North East,18.950000,3.980043,saltier,276,North West Franks Tract,58.260000
2019-03-29,Baseline (BAU),Eco Machine,Franks Tract (10 supplied RMA stations),10,76.180000,19.270268,saltier,285,Frank's Tract North East,13.660000,2.815870,saltier,274,Piper Slough at Bethal Tract,62.520000
2019-03-30,Baseline (BAU),Eco Machine,Franks Tract (10 supplied RMA stations),10,76.030000,19.232325,saltier,285,Frank's Tract North East,12.730000,2.624160,saltier,274,Piper Slough at Bethal Tract,63.300000
2019-03-31,Baseline (BAU),Eco Machine,Franks Tract (10 supplied RMA stations),10,76.150000,19.262680,saltier,285,Frank's Tract North East,14.130000,2.912756,saltier,274,Piper Slough at Bethal Tract,62.020000
2019-04-01,Baseline (BAU),Eco Machine,Franks Tract (10 supplied RMA stations),10,76.100000,19.250032,saltier,285,Frank's Tract North East,17.500000,3.607447,saltier,274,Piper Slough at Bethal Tract,58.600000
2019-04-02,Baseline (BAU),Eco Machine,Franks Tract (10 supplied RMA stations),10,74.080000,18.739059,saltier,285,Frank's Tract North East,15.550000,3.205474,saltier,274,Piper Slough at Bethal Tract,58.530000
2019-04-03,Baseline (BAU),Eco Machine,Franks Tract (10 supplied RMA stations),10,72.150000,18.250852,saltier,285,Frank's Tract North East,10.030000,2.067582,saltier,274,Piper Slough at Bethal Tract,62.120000
2019-04-04,Baseline (BAU),Eco Machine,Franks Tract (10 supplied RMA stations),10,73.150000,18.503809,saltier,285,Frank's Tract North East,6.150000,1.267760,saltier,274,Piper Slough at Bethal Tract,67.000000
2019-04-05,Baseline (BAU),Eco Machine,Franks Tract (10 supplied RMA stations),10,75.800000,19.174145,saltier,285,Frank's Tract North East,4.310000,0.888463,saltier,274,Piper Slough at Bethal Tract,71.490000
2019-04-06,Baseline (BAU),Eco Machine,Franks Tract (10 supplied RMA stations),10,77.190000,19.525755,saltier,285,Frank's Tract North East,5.100000,1.051313,saltier,274,Piper Slough at Bethal Tract,72.090000
2019-04-07,Baseline (BAU),Eco Machine,Franks Tract (10 supplied RMA stations),10,77.890000,19.702825,saltier,285,Frank's Tract North East,7.220000,1.488329,saltier,274,Piper Slough at Bethal Tract,70.670000
2019-04-08,Baseline (BAU),Eco Machine,Franks Tract (10 supplied RMA stations),10,78.390000,19.829304,saltier,285,Frank's Tract North East,10.820000,2.230433,saltier,274,Piper Slough at Bethal Tract,67.570000
2019-04-09,Baseline (BAU),Eco Machine,Franks Tract (10 supplied RMA stations),10,77.620000,19.634527,saltier,285,Frank's Tract North East,14.540000,2.997273,saltier,274,Piper Slough at Bethal Tract,63.080000
2019-04-10,Baseline (BAU),Eco Machine,Franks Tract (10 supplied RMA stations),10,78.740000,19.917839,saltier,285,Frank's Tract North East,20.820000,4.291831,saltier,274,Piper Slough at Bethal Tract,57.920000
2019-04-11,Baseline (BAU),Eco Machine,Franks Tract (10 supplied RMA stations),10,75.980000,19.219677,saltier,285,Frank's Tract North East,23.970000,5.451073,saltier,291,Frank's Tract at Sheep Slough,52.010000
2019-04-12,Baseline (BAU),Eco Machine,Franks Tract (10 supplied RMA stations),10,71.840000,16.131158,saltier,283,Franks Tract,25.990000,5.910446,saltier,291,Frank's Tract at Sheep Slough,45.850000
2019-04-13,Baseline (BAU),Eco Machine,Franks Tract (10 supplied RMA stations),10,70.230000,15.769644,saltier,283,Franks Tract,24.990000,4.881030,saltier,270,Frank's Tract at False River,45.240000
2019-04-14,Baseline (BAU),Eco Machine,Franks Tract (10 supplied RMA stations),10,70.270000,15.778626,saltier,283,Franks Tract,22.900000,4.472812,saltier,270,Frank's Tract at False River,47.370000
2019-04-15,Baseline (BAU),Eco Machine,Franks Tract (10 supplied RMA stations),10,68.300000,15.336276,saltier,283,Franks Tract,22.020000,4.300931,saltier,270,Frank's Tract at False River,46.280000
2019-04-16,Baseline (BAU),Eco Machine,Franks Tract (10 supplied RMA stations),10,64.020000,14.375233,saltier,283,Franks Tract,21.080000,4.117331,saltier,270,Frank's Tract at False River,42.940000
2019-04-17,Baseline (BAU),Eco Machine,Franks Tract (10 supplied RMA stations),10,61.050000,13.708341,saltier,283,Franks Tract,20.820000,4.066548,saltier,270,Frank's Tract at False River,40.230000
2019-04-18,Baseline (BAU),Eco Machine,Franks Tract (10 supplied RMA stations),10,58.800000,13.203119,saltier,283,Franks Tract,18.450000,3.603641,saltier,270,Frank's Tract at False River,40.350000
2019-04-19,Baseline (BAU),Eco Machine,Franks Tract (10 supplied RMA stations),10,58.730000,13.187401,saltier,283,Franks Tract,15.900000,3.105577,saltier,270,Frank's Tract at False River,42.830000
2019-04-20,Baseline (BAU),Eco Machine,Franks Tract (10 supplied RMA stations),10,58.570000,13.151474,saltier,283,Franks Tract,15.350000,2.998151,saltier,270,Frank's Tract at False River,43.220000
2019-04-21,Baseline (BAU),Eco Machine,Franks Tract (10 supplied RMA stations),10,53.630000,12.042233,saltier,283,Franks Tract,17.530000,3.423948,saltier,270,Frank's Tract at False River,36.100000
2019-04-22,Baseline (BAU),Eco Machine,Franks Tract (10 supplied RMA stations),10,49.510000,11.117116,saltier,283,Franks Tract,17.870000,3.490356,saltier,270,Frank's Tract at False River,31.640000
2019-04-23,Baseline (BAU),Eco Machine,Franks Tract (10 supplied RMA stations),10,46.920000,10.535550,saltier,283,Franks Tract,16.710000,3.263786,saltier,270,Frank's Tract at False River,30.210000
2019-04-24,Baseline (BAU),Eco Machine,Franks Tract (10 supplied RMA stations),10,45.180000,10.144846,saltier,283,Franks Tract,14.970000,2.923930,saltier,270,Frank's Tract at False River,30.210000
2019-04-25,Baseline (BAU),Eco Machine,Franks Tract (10 supplied RMA stations),10,44.720000,10.041556,saltier,283,Franks Tract,14.000000,2.734470,saltier,270,Frank's Tract at False River,30.720000
2019-04-26,Baseline (BAU),Eco Machine,Franks Tract (10 supplied RMA stations),10,44.030000,9.886621,saltier,283,Franks Tract,14.140000,2.761815,saltier,270,Frank's Tract at False River,29.890000
2019-04-27,Baseline (BAU),Eco Machine,Franks Tract (10 supplied RMA stations),10,43.520000,9.772105,saltier,283,Franks Tract,13.270000,2.735475,saltier,274,Piper Slough at Bethal Tract,30.250000
2019-04-28,Baseline (BAU),Eco Machine,Franks Tract (10 supplied RMA stations),10,43.310000,9.724951,saltier,283,Franks Tract,12.930000,2.665388,saltier,274,Piper Slough at Bethal Tract,30.380000
2019-04-29,Baseline (BAU),Eco Machine,Franks Tract (10 supplied RMA stations),10,43.730000,9.819259,saltier,283,Franks Tract,12.440000,2.564379,saltier,274,Piper Slough at Bethal Tract,31.290000
2019-04-30,Baseline (BAU),Eco Machine,Franks Tract (10 supplied RMA stations),10,41.540000,9.327510,saltier,283,Franks Tract,12.080000,2.490169,saltier,274,Piper Slough at Bethal Tract,29.460000
2019-05-01,Baseline (BAU),Eco Machine,Franks Tract (10 supplied RMA stations),10,38.570000,8.660618,saltier,283,Franks Tract,10.900000,2.246924,saltier,274,Piper Slough at Bethal Tract,27.670000
2019-05-02,Baseline (BAU),Eco Machine,Franks Tract (10 supplied RMA stations),10,37.080000,8.326049,saltier,283,Franks Tract,10.680000,2.201573,saltier,274,Piper Slough at Bethal Tract,26.400000
2019-05-03,Baseline (BAU),Eco Machine,Franks Tract (10 supplied RMA stations),10,37.740000,8.474247,saltier,283,Franks Tract,10.050000,1.962959,saltier,270,Frank's Tract at False River,27.690000
2019-05-04,Baseline (BAU),Eco Machine,Franks Tract (10 supplied RMA stations),10,40.380000,9.067040,saltier,283,Franks Tract,8.220000,1.694469,saltier,274,Piper Slough at Bethal Tract,32.160000
2019-05-05,Baseline (BAU),Eco Machine,Franks Tract (10 supplied RMA stations),10,42.770000,9.603697,saltier,283,Franks Tract,7.690000,1.585215,saltier,274,Piper Slough at Bethal Tract,35.080000
2019-05-06,Baseline (BAU),Eco Machine,Franks Tract (10 supplied RMA stations),10,41.700000,9.363437,saltier,283,Franks Tract,8.970000,1.849074,saltier,274,Piper Slough at Bethal Tract,32.730000
2019-05-07,Baseline (BAU),Eco Machine,Franks Tract (10 supplied RMA stations),10,39.520000,8.873933,saltier,283,Franks Tract,9.080000,1.871750,saltier,274,Piper Slough at Bethal Tract,30.440000
2019-05-08,Baseline (BAU),Eco Machine,Franks Tract (10 supplied RMA stations),10,38.380000,8.617954,saltier,283,Franks Tract,8.750000,1.709044,saltier,270,Frank's Tract at False River,29.630000
2019-05-09,Baseline (BAU),Eco Machine,Franks Tract (10 supplied RMA stations),10,39.340000,8.833516,saltier,283,Franks Tract,7.580000,1.562540,saltier,274,Piper Slough at Bethal Tract,31.760000
2019-05-10,Baseline (BAU),Eco Machine,Franks Tract (10 supplied RMA stations),10,38.780000,8.707772,saltier,283,Franks Tract,6.750000,1.391444,saltier,274,Piper Slough at Bethal Tract,32.030000
2019-05-11,Baseline (BAU),Eco Machine,Franks Tract (10 supplied RMA stations),10,35.720000,8.020670,saltier,283,Franks Tract,6.240000,1.286312,saltier,274,Piper Slough at Bethal Tract,29.480000
2019-05-12,Baseline (BAU),Eco Machine,Franks Tract (10 supplied RMA stations),10,33.870000,7.605266,saltier,283,Franks Tract,5.930000,1.222409,saltier,274,Piper Slough at Bethal Tract,27.940000
2019-05-13,Baseline (BAU),Eco Machine,Franks Tract (10 supplied RMA stations),10,33.850000,7.600775,saltier,283,Franks Tract,5.000000,1.030699,saltier,274,Piper Slough at Bethal Tract,28.850000
2019-05-14,Baseline (BAU),Eco Machine,Franks Tract (10 supplied RMA stations),10,33.330000,7.484013,saltier,283,Franks Tract,4.950000,1.020392,saltier,274,Piper Slough at Bethal Tract,28.380000
2019-05-15,Baseline (BAU),Eco Machine,Franks Tract (10 supplied RMA stations),10,32.910000,7.389705,saltier,283,Franks Tract,6.040000,1.179729,saltier,270,Frank's Tract at False River,26.870000
2019-05-16,Baseline (BAU),Eco Machine,Franks Tract (10 supplied RMA stations),10,34.440000,7.733256,saltier,283,Franks Tract,5.160000,1.007848,saltier,270,Frank's Tract at False River,29.280000
2019-05-17,Baseline (BAU),Eco Machine,Franks Tract (10 supplied RMA stations),10,32.970000,7.403178,saltier,283,Franks Tract,4.580000,0.944120,saltier,274,Piper Slough at Bethal Tract,28.390000
2019-05-18,Baseline (BAU),Eco Machine,Franks Tract (10 supplied RMA stations),10,31.820000,7.144953,saltier,283,Franks Tract,5.580000,1.089882,saltier,270,Frank's Tract at False River,26.240000
2019-05-19,Baseline (BAU),Eco Machine,Franks Tract (10 supplied RMA stations),10,31.880000,7.158426,saltier,283,Franks Tract,5.520000,1.159358,saltier,276,North West Franks Tract,26.360000
2019-05-20,Baseline (BAU),Eco Machine,Franks Tract (10 supplied RMA stations),10,31.870000,7.156180,saltier,283,Franks Tract,5.650000,1.186662,saltier,276,North West Franks Tract,26.220000
2019-05-21,Baseline (BAU),Eco Machine,Franks Tract (10 supplied RMA stations),10,32.020000,7.189862,saltier,283,Franks Tract,5.250000,1.082234,saltier,274,Piper Slough at Bethal Tract,26.770000
2019-05-22,Baseline (BAU),Eco Machine,Franks Tract (10 supplied RMA stations),10,29.710000,6.671168,saltier,283,Franks Tract,6.210000,1.280128,saltier,274,Piper Slough at Bethal Tract,23.500000
2019-05-23,Baseline (BAU),Eco Machine,Franks Tract (10 supplied RMA stations),10,27.190000,6.105320,saltier,283,Franks Tract,7.570000,1.589917,saltier,276,North West Franks Tract,19.620000
2019-05-24,Baseline (BAU),Eco Machine,Franks Tract (10 supplied RMA stations),10,26.890000,6.037957,saltier,283,Franks Tract,6.840000,1.760543,saltier,292,Frank's Tract at Old River,20.050000
2019-05-25,Baseline (BAU),Eco Machine,Franks Tract (10 supplied RMA stations),10,27.350000,6.141247,saltier,283,Franks Tract,6.260000,1.611257,saltier,292,Frank's Tract at Old River,21.090000
2019-05-26,Baseline (BAU),Eco Machine,Franks Tract (10 supplied RMA stations),10,27.610000,6.199628,saltier,283,Franks Tract,6.440000,1.657587,saltier,292,Frank's Tract at Old River,21.170000
2019-05-27,Baseline (BAU),Eco Machine,Franks Tract (10 supplied RMA stations),10,25.730000,5.777487,saltier,283,Franks Tract,5.860000,1.508301,saltier,292,Frank's Tract at Old River,19.870000
2019-05-28,Baseline (BAU),Eco Machine,Franks Tract (10 supplied RMA stations),10,25.230000,5.665216,saltier,283,Franks Tract,5.340000,1.374459,saltier,292,Frank's Tract at Old River,19.890000
2019-05-29,Baseline (BAU),Eco Machine,Franks Tract (10 supplied RMA stations),10,25.810000,5.795451,saltier,283,Franks Tract,6.010000,1.546910,saltier,292,Frank's Tract at Old River,19.800000
2019-05-30,Baseline (BAU),Eco Machine,Franks Tract (10 supplied RMA stations),10,26.700000,5.995294,saltier,283,Franks Tract,6.770000,1.742526,saltier,292,Frank's Tract at Old River,19.930000
2019-05-31,Baseline (BAU),Eco Machine,Franks Tract (10 supplied RMA stations),10,26.970000,6.055921,saltier,283,Franks Tract,7.490000,1.703318,saltier,291,Frank's Tract at Sheep Slough,19.480000
2019-06-01,Baseline (BAU),Eco Machine,Franks Tract (10 supplied RMA stations),10,28.180000,6.327617,saltier,283,Franks Tract,7.200000,1.307872,saltier,265,Little Franks Tract at Fisherman's Cut,20.980000
2019-06-02,Baseline (BAU),Eco Machine,Franks Tract (10 supplied RMA stations),10,30.130000,6.765476,saltier,283,Franks Tract,6.240000,1.133489,saltier,265,Little Franks Tract at Fisherman's Cut,23.890000
2019-06-03,Baseline (BAU),Eco Machine,Franks Tract (10 supplied RMA stations),10,31.000000,6.960828,saltier,283,Franks Tract,6.240000,1.133489,saltier,265,Little Franks Tract at Fisherman's Cut,24.760000
2019-06-04,Baseline (BAU),Eco Machine,Franks Tract (10 supplied RMA stations),10,31.500000,7.073100,saltier,283,Franks Tract,5.570000,1.011784,saltier,265,Little Franks Tract at Fisherman's Cut,25.930000
2019-06-05,Baseline (BAU),Eco Machine,Franks Tract (10 supplied RMA stations),10,32.400000,7.275188,saltier,283,Franks Tract,4.820000,0.875548,saltier,265,Little Franks Tract at Fisherman's Cut,27.580000
2019-06-06,Baseline (BAU),Eco Machine,Franks Tract (10 supplied RMA stations),10,32.220000,7.234770,saltier,283,Franks Tract,4.700000,0.853750,saltier,265,Little Franks Tract at Fisherman's Cut,27.520000
2019-06-07,Baseline (BAU),Eco Machine,Franks Tract (10 supplied RMA stations),10,30.820000,6.920410,saltier,283,Franks Tract,5.350000,0.971822,saltier,265,Little Franks Tract at Fisherman's Cut,25.470000
2019-06-08,Baseline (BAU),Eco Machine,Franks Tract (10 supplied RMA stations),10,30.460000,6.839575,saltier,283,Franks Tract,5.140000,0.933675,saltier,265,Little Franks Tract at Fisherman's Cut,25.320000
2019-06-09,Baseline (BAU),Eco Machine,Franks Tract (10 supplied RMA stations),10,30.810000,6.918165,saltier,283,Franks Tract,4.760000,0.864649,saltier,265,Little Franks Tract at Fisherman's Cut,26.050000
2019-06-10,Baseline (BAU),Eco Machine,Franks Tract (10 supplied RMA stations),10,31.280000,7.023700,saltier,283,Franks Tract,4.620000,0.839218,saltier,265,Little Franks Tract at Fisherman's Cut,26.660000
2019-06-11,Baseline (BAU),Eco Machine,Franks Tract (10 supplied RMA stations),10,31.660000,7.109026,saltier,283,Franks Tract,4.780000,0.868282,saltier,265,Little Franks Tract at Fisherman's Cut,26.880000
2019-06-12,Baseline (BAU),Eco Machine,Franks Tract (10 supplied RMA stations),10,31.390000,7.048400,saltier,283,Franks Tract,5.350000,0.971822,saltier,265,Little Franks Tract at Fisherman's Cut,26.040000
2019-06-13,Baseline (BAU),Eco Machine,Franks Tract (10 supplied RMA stations),10,29.690000,6.666677,saltier,283,Franks Tract,5.790000,1.051747,saltier,265,Little Franks Tract at Fisherman's Cut,23.900000
2019-06-14,Baseline (BAU),Eco Machine,Franks Tract (10 supplied RMA stations),10,27.860000,6.255764,saltier,283,Franks Tract,5.860000,1.064463,saltier,265,Little Franks Tract at Fisherman's Cut,22.000000
2019-06-15,Baseline (BAU),Eco Machine,Franks Tract (10 supplied RMA stations),10,26.780000,6.013257,saltier,283,Franks Tract,5.640000,1.024500,saltier,265,Little Franks Tract at Fisherman's Cut,21.140000
2019-06-16,Baseline (BAU),Eco Machine,Franks Tract (10 supplied RMA stations),10,25.330000,5.687670,saltier,283,Franks Tract,5.360000,0.973638,saltier,265,Little Franks Tract at Fisherman's Cut,19.970000
2019-06-17,Baseline (BAU),Eco Machine,Franks Tract (10 supplied RMA stations),10,23.340000,5.240830,saltier,283,Franks Tract,5.200000,0.944574,saltier,265,Little Franks Tract at Fisherman's Cut,18.140000
2019-06-18,Baseline (BAU),Eco Machine,Franks Tract (10 supplied RMA stations),10,21.080000,4.733363,saltier,283,Franks Tract,5.340000,0.970005,saltier,265,Little Franks Tract at Fisherman's Cut,15.740000
2019-06-19,Baseline (BAU),Eco Machine,Franks Tract (10 supplied RMA stations),10,19.230000,4.089002,saltier,281,South Franks Tract at Bethel Island,5.520000,1.002702,saltier,265,Little Franks Tract at Fisherman's Cut,13.710000
2019-06-20,Baseline (BAU),Eco Machine,Franks Tract (10 supplied RMA stations),10,17.990000,3.825333,saltier,281,South Franks Tract at Bethel Island,5.540000,1.006335,saltier,265,Little Franks Tract at Fisherman's Cut,12.450000
2019-06-21,Baseline (BAU),Eco Machine,Franks Tract (10 supplied RMA stations),10,16.700000,3.551032,saltier,281,South Franks Tract at Bethel Island,5.540000,1.006335,saltier,265,Little Franks Tract at Fisherman's Cut,11.160000
2019-06-22,Baseline (BAU),Eco Machine,Franks Tract (10 supplied RMA stations),10,15.490000,3.293741,saltier,281,South Franks Tract at Bethel Island,5.450000,0.989986,saltier,265,Little Franks Tract at Fisherman's Cut,10.040000
2019-06-23,Baseline (BAU),Eco Machine,Franks Tract (10 supplied RMA stations),10,14.410000,3.064094,saltier,281,South Franks Tract at Bethel Island,5.350000,0.971822,saltier,265,Little Franks Tract at Fisherman's Cut,9.060000
2019-06-24,Baseline (BAU),Eco Machine,Franks Tract (10 supplied RMA stations),10,13.290000,2.825941,saltier,281,South Franks Tract at Bethel Island,4.580000,1.158543,saltier,285,Frank's Tract North East,8.710000
2019-06-25,Baseline (BAU),Eco Machine,Franks Tract (10 supplied RMA stations),10,12.090000,2.570777,saltier,281,South Franks Tract at Bethel Island,3.590000,0.908116,saltier,285,Frank's Tract North East,8.500000
2019-06-26,Baseline (BAU),Eco Machine,Franks Tract (10 supplied RMA stations),10,10.780000,2.292223,saltier,281,South Franks Tract at Bethel Island,3.110000,0.786696,saltier,285,Frank's Tract North East,7.670000
2019-06-27,Baseline (BAU),Eco Machine,Franks Tract (10 supplied RMA stations),10,9.730000,2.068954,saltier,281,South Franks Tract at Bethel Island,2.730000,0.613002,saltier,283,Franks Tract,7.000000
2019-06-28,Baseline (BAU),Eco Machine,Franks Tract (10 supplied RMA stations),10,9.050000,1.924362,saltier,281,South Franks Tract at Bethel Island,2.130000,0.478276,saltier,283,Franks Tract,6.920000
2019-06-29,Baseline (BAU),Eco Machine,Franks Tract (10 supplied RMA stations),10,8.110000,1.724483,saltier,281,South Franks Tract at Bethel Island,1.560000,0.350287,saltier,283,Franks Tract,6.550000
2019-06-30,Baseline (BAU),Eco Machine,Franks Tract (10 supplied RMA stations),10,7.040000,1.496962,saltier,281,South Franks Tract at Bethel Island,0.920000,0.199466,saltier,282,South Central Franks Tract,6.120000
2019-07-01,Baseline (BAU),Eco Machine,Franks Tract (10 supplied RMA stations),10,6.240000,1.326853,saltier,281,South Franks Tract at Bethel Island,0.190000,0.041194,saltier,282,South Central Franks Tract,6.050000
2019-07-02,Baseline (BAU),Eco Machine,Franks Tract (10 supplied RMA stations),10,5.710000,1.214155,saltier,281,South Franks Tract at Bethel Island,-0.360000,-0.078052,fresher,282,South Central Franks Tract,6.070000
2019-07-03,Baseline (BAU),Eco Machine,Franks Tract (10 supplied RMA stations),10,5.360000,1.139732,saltier,281,South Franks Tract at Bethel Island,-0.750000,-0.162608,fresher,282,South Central Franks Tract,6.110000
2019-07-04,Baseline (BAU),Eco Machine,Franks Tract (10 supplied RMA stations),10,5.210000,1.107837,saltier,281,South Franks Tract at Bethel Island,-1.040000,-0.225483,fresher,282,South Central Franks Tract,6.250000
2019-07-05,Baseline (BAU),Eco Machine,Franks Tract (10 supplied RMA stations),10,5.010000,1.065310,saltier,281,South Franks Tract at Bethel Island,-1.260000,-0.273181,fresher,282,South Central Franks Tract,6.270000
2019-07-06,Baseline (BAU),Eco Machine,Franks Tract (10 supplied RMA stations),10,4.960000,1.054678,saltier,281,South Franks Tract at Bethel Island,-1.380000,-0.299199,fresher,282,South Central Franks Tract,6.340000
2019-07-07,Baseline (BAU),Eco Machine,Franks Tract (10 supplied RMA stations),10,4.960000,1.054678,saltier,281,South Franks Tract at Bethel Island,-1.510000,-0.343393,fresher,291,Frank's Tract at Sheep Slough,6.470000
2019-07-08,Baseline (BAU),Eco Machine,Franks Tract (10 supplied RMA stations),10,4.920000,1.046172,saltier,281,South Franks Tract at Bethel Island,-1.830000,-0.416165,fresher,291,Frank's Tract at Sheep Slough,6.750000
2019-07-09,Baseline (BAU),Eco Machine,Franks Tract (10 supplied RMA stations),10,4.970000,1.056804,saltier,281,South Franks Tract at Bethel Island,-2.120000,-0.482114,fresher,291,Frank's Tract at Sheep Slough,7.090000
2019-07-10,Baseline (BAU),Eco Machine,Franks Tract (10 supplied RMA stations),10,5.040000,1.071689,saltier,281,South Franks Tract at Bethel Island,-2.590000,-0.588998,fresher,291,Frank's Tract at Sheep Slough,7.630000
2019-07-11,Baseline (BAU),Eco Machine,Franks Tract (10 supplied RMA stations),10,5.320000,1.131227,saltier,281,South Franks Tract at Bethel Island,-3.210000,-0.583093,fresher,265,Little Franks Tract at Fisherman's Cut,8.530000
2019-07-12,Baseline (BAU),Eco Machine,Franks Tract (10 supplied RMA stations),10,5.630000,1.197144,saltier,281,South Franks Tract at Bethel Island,-4.950000,-0.899162,fresher,265,Little Franks Tract at Fisherman's Cut,10.580000
2019-07-13,Baseline (BAU),Eco Machine,Franks Tract (10 supplied RMA stations),10,5.760000,1.224787,saltier,281,South Franks Tract at Bethel Island,-7.190000,-1.306056,fresher,265,Little Franks Tract at Fisherman's Cut,12.950000
2019-07-14,Baseline (BAU),Eco Machine,Franks Tract (10 supplied RMA stations),10,5.780000,1.229040,saltier,281,South Franks Tract at Bethel Island,-9.470000,-1.720215,fresher,265,Little Franks Tract at Fisherman's Cut,15.250000
2019-07-15,Baseline (BAU),Eco Machine,Franks Tract (10 supplied RMA stations),10,5.600000,1.190765,saltier,281,South Franks Tract at Bethel Island,-12.090000,-2.196135,fresher,265,Little Franks Tract at Fisherman's Cut,17.690000
2019-07-16,Baseline (BAU),Eco Machine,Franks Tract (10 supplied RMA stations),10,5.110000,1.086573,saltier,281,South Franks Tract at Bethel Island,-16.170000,-2.937263,fresher,265,Little Franks Tract at Fisherman's Cut,21.280000
2019-07-17,Baseline (BAU),Eco Machine,Franks Tract (10 supplied RMA stations),10,4.700000,0.999392,saltier,281,South Franks Tract at Bethel Island,-19.900000,-3.614813,fresher,265,Little Franks Tract at Fisherman's Cut,24.600000
2019-07-18,Baseline (BAU),Eco Machine,Franks Tract (10 supplied RMA stations),10,3.430000,0.729344,saltier,281,South Franks Tract at Bethel Island,-23.280000,-4.228786,fresher,265,Little Franks Tract at Fisherman's Cut,26.710000
2019-07-19,Baseline (BAU),Eco Machine,Franks Tract (10 supplied RMA stations),10,1.710000,0.363609,saltier,281,South Franks Tract at Bethel Island,-26.630000,-4.837310,fresher,265,Little Franks Tract at Fisherman's Cut,28.340000
2019-07-20,Baseline (BAU),Eco Machine,Franks Tract (10 supplied RMA stations),10,-0.190000,-0.040401,fresher,281,South Franks Tract at Bethel Island,-27.120000,-4.926318,fresher,265,Little Franks Tract at Fisherman's Cut,26.930000
2019-07-21,Baseline (BAU),Eco Machine,Franks Tract (10 supplied RMA stations),10,-2.050000,-0.435905,fresher,281,South Franks Tract at Bethel Island,-26.160000,-4.751935,fresher,265,Little Franks Tract at Fisherman's Cut,24.110000
2019-07-22,Baseline (BAU),Eco Machine,Franks Tract (10 supplied RMA stations),10,-3.060000,-0.787611,fresher,292,Frank's Tract at Old River,-25.010000,-4.543039,fresher,265,Little Franks Tract at Fisherman's Cut,21.950000
2019-07-23,Baseline (BAU),Eco Machine,Franks Tract (10 supplied RMA stations),10,-3.280000,-0.844237,fresher,292,Frank's Tract at Old River,-24.580000,-4.464930,fresher,265,Little Franks Tract at Fisherman's Cut,21.300000
2019-07-24,Baseline (BAU),Eco Machine,Franks Tract (10 supplied RMA stations),10,-3.220000,-0.828794,fresher,292,Frank's Tract at Old River,-26.560000,-4.824595,fresher,265,Little Franks Tract at Fisherman's Cut,23.340000
2019-07-25,Baseline (BAU),Eco Machine,Franks Tract (10 supplied RMA stations),10,-3.150000,-0.810776,fresher,292,Frank's Tract at Old River,-32.020000,-5.816398,fresher,265,Little Franks Tract at Fisherman's Cut,28.870000
2019-07-26,Baseline (BAU),Eco Machine,Franks Tract (10 supplied RMA stations),10,-4.220000,-1.086183,fresher,292,Frank's Tract at Old River,-37.040000,-6.728275,fresher,265,Little Franks Tract at Fisherman's Cut,32.820000
2019-07-27,Baseline (BAU),Eco Machine,Franks Tract (10 supplied RMA stations),10,-4.480000,-1.153104,fresher,292,Frank's Tract at Old River,-41.940000,-7.618355,fresher,265,Little Franks Tract at Fisherman's Cut,37.460000
2019-07-28,Baseline (BAU),Eco Machine,Franks Tract (10 supplied RMA stations),10,-3.790000,-0.975506,fresher,292,Frank's Tract at Old River,-51.740000,-9.398514,fresher,265,Little Franks Tract at Fisherman's Cut,47.950000
2019-07-29,Baseline (BAU),Eco Machine,Franks Tract (10 supplied RMA stations),10,-4.790000,-1.232895,fresher,292,Frank's Tract at Old River,-60.990000,-11.078766,fresher,265,Little Franks Tract at Fisherman's Cut,56.200000
2019-07-30,Baseline (BAU),Eco Machine,Franks Tract (10 supplied RMA stations),10,-7.130000,-1.835186,fresher,292,Frank's Tract at Old River,-66.010000,-11.990643,fresher,265,Little Franks Tract at Fisherman's Cut,58.880000
2019-07-31,Baseline (BAU),Eco Machine,Franks Tract (10 supplied RMA stations),10,-9.370000,-2.411738,fresher,292,Frank's Tract at Old River,-71.290000,-12.949750,fresher,265,Little Franks Tract at Fisherman's Cut,61.920000
2019-08-01,Baseline (BAU),Eco Machine,Franks Tract (10 supplied RMA stations),10,-11.680000,-3.006307,fresher,292,Frank's Tract at Old River,-75.390000,-13.694510,fresher,265,Little Franks Tract at Fisherman's Cut,63.710000
2019-08-02,Baseline (BAU),Eco Machine,Franks Tract (10 supplied RMA stations),10,-14.070000,-3.621468,fresher,292,Frank's Tract at Old River,-72.920000,-13.245837,fresher,265,Little Franks Tract at Fisherman's Cut,58.850000
2019-08-03,Baseline (BAU),Eco Machine,Franks Tract (10 supplied RMA stations),10,-15.330000,-3.945778,fresher,292,Frank's Tract at Old River,-70.620000,-12.828045,fresher,265,Little Franks Tract at Fisherman's Cut,55.290000
2019-08-04,Baseline (BAU),Eco Machine,Franks Tract (10 supplied RMA stations),10,-15.740000,-4.051308,fresher,292,Frank's Tract at Old River,-68.910000,-12.517425,fresher,265,Little Franks Tract at Fisherman's Cut,53.170000
2019-08-05,Baseline (BAU),Eco Machine,Franks Tract (10 supplied RMA stations),10,-16.170000,-4.161985,fresher,292,Frank's Tract at Old River,-65.660000,-11.927066,fresher,265,Little Franks Tract at Fisherman's Cut,49.490000
2019-08-06,Baseline (BAU),Eco Machine,Franks Tract (10 supplied RMA stations),10,-16.480000,-4.241776,fresher,292,Frank's Tract at Old River,-66.140000,-12.014258,fresher,265,Little Franks Tract at Fisherman's Cut,49.660000
2019-08-07,Baseline (BAU),Eco Machine,Franks Tract (10 supplied RMA stations),10,-17.950000,-4.620138,fresher,292,Frank's Tract at Old River,-66.100000,-12.006992,fresher,265,Little Franks Tract at Fisherman's Cut,48.150000
2019-08-08,Baseline (BAU),Eco Machine,Franks Tract (10 supplied RMA stations),10,-20.610000,-5.304794,fresher,292,Frank's Tract at Old River,-62.900000,-11.425715,fresher,265,Little Franks Tract at Fisherman's Cut,42.290000
2019-08-09,Baseline (BAU),Eco Machine,Franks Tract (10 supplied RMA stations),10,-21.290000,-5.385456,fresher,285,Frank's Tract North East,-61.260000,-13.281824,fresher,282,South Central Franks Tract,39.970000
2019-08-10,Baseline (BAU),Eco Machine,Franks Tract (10 supplied RMA stations),10,-20.410000,-5.162853,fresher,285,Frank's Tract North East,-57.980000,-12.570685,fresher,282,South Central Franks Tract,37.570000
2019-08-11,Baseline (BAU),Eco Machine,Franks Tract (10 supplied RMA stations),10,-19.240000,-4.866894,fresher,285,Frank's Tract North East,-53.250000,-11.545170,fresher,282,South Central Franks Tract,34.010000
2019-08-12,Baseline (BAU),Eco Machine,Franks Tract (10 supplied RMA stations),10,-17.560000,-4.441926,fresher,285,Frank's Tract North East,-47.770000,-10.357047,fresher,282,South Central Franks Tract,30.210000
2019-08-13,Baseline (BAU),Eco Machine,Franks Tract (10 supplied RMA stations),10,-15.260000,-3.860125,fresher,285,Frank's Tract North East,-42.150000,-9.138571,fresher,282,South Central Franks Tract,26.890000
2019-08-14,Baseline (BAU),Eco Machine,Franks Tract (10 supplied RMA stations),10,-12.400000,-3.136667,fresher,285,Frank's Tract North East,-36.860000,-7.991643,fresher,282,South Central Franks Tract,24.460000
2019-08-15,Baseline (BAU),Eco Machine,Franks Tract (10 supplied RMA stations),10,-9.070000,-2.294320,fresher,285,Frank's Tract North East,-32.100000,-6.959624,fresher,282,South Central Franks Tract,23.030000
2019-08-16,Baseline (BAU),Eco Machine,Franks Tract (10 supplied RMA stations),10,-6.550000,-1.656869,fresher,285,Frank's Tract North East,-29.620000,-5.380440,fresher,265,Little Franks Tract at Fisherman's Cut,23.070000
2019-08-17,Baseline (BAU),Eco Machine,Franks Tract (10 supplied RMA stations),10,-4.710000,-1.191428,fresher,285,Frank's Tract North East,-27.850000,-5.058922,fresher,265,Little Franks Tract at Fisherman's Cut,23.140000
2019-08-18,Baseline (BAU),Eco Machine,Franks Tract (10 supplied RMA stations),10,-3.210000,-0.811992,fresher,285,Frank's Tract North East,-24.440000,-4.439499,fresher,265,Little Franks Tract at Fisherman's Cut,21.230000
2019-08-19,Baseline (BAU),Eco Machine,Franks Tract (10 supplied RMA stations),10,-1.900000,-0.480618,fresher,285,Frank's Tract North East,-22.240000,-4.821870,fresher,282,South Central Franks Tract,20.340000
2019-08-20,Baseline (BAU),Eco Machine,Franks Tract (10 supplied RMA stations),10,-0.980000,-0.247898,fresher,285,Frank's Tract North East,-20.500000,-4.444620,fresher,282,South Central Franks Tract,19.520000
2019-08-21,Baseline (BAU),Eco Machine,Franks Tract (10 supplied RMA stations),10,0.010000,0.002530,saltier,285,Frank's Tract North East,-19.040000,-4.128076,fresher,282,South Central Franks Tract,19.050000
2019-08-22,Baseline (BAU),Eco Machine,Franks Tract (10 supplied RMA stations),10,0.870000,0.220073,saltier,285,Frank's Tract North East,-17.640000,-3.824541,fresher,282,South Central Franks Tract,18.510000
2019-08-23,Baseline (BAU),Eco Machine,Franks Tract (10 supplied RMA stations),10,0.990000,0.250427,saltier,285,Frank's Tract North East,-19.250000,-3.496741,fresher,265,Little Franks Tract at Fisherman's Cut,20.240000
2019-08-24,Baseline (BAU),Eco Machine,Franks Tract (10 supplied RMA stations),10,1.170000,0.295960,saltier,285,Frank's Tract North East,-19.800000,-3.596648,fresher,265,Little Franks Tract at Fisherman's Cut,20.970000
2019-08-25,Baseline (BAU),Eco Machine,Franks Tract (10 supplied RMA stations),10,1.180000,0.298489,saltier,285,Frank's Tract North East,-19.780000,-3.593015,fresher,265,Little Franks Tract at Fisherman's Cut,20.960000
2019-08-26,Baseline (BAU),Eco Machine,Franks Tract (10 supplied RMA stations),10,0.310000,0.078417,saltier,285,Frank's Tract North East,-20.810000,-3.780113,fresher,265,Little Franks Tract at Fisherman's Cut,21.120000
2019-08-27,Baseline (BAU),Eco Machine,Franks Tract (10 supplied RMA stations),10,-0.540000,-0.136597,fresher,285,Frank's Tract North East,-22.340000,-4.058036,fresher,265,Little Franks Tract at Fisherman's Cut,21.800000
2019-08-28,Baseline (BAU),Eco Machine,Franks Tract (10 supplied RMA stations),10,-1.270000,-0.321255,fresher,285,Frank's Tract North East,-22.460000,-4.079834,fresher,265,Little Franks Tract at Fisherman's Cut,21.190000
2019-08-29,Baseline (BAU),Eco Machine,Franks Tract (10 supplied RMA stations),10,-1.870000,-0.473030,fresher,285,Frank's Tract North East,-20.990000,-3.812810,fresher,265,Little Franks Tract at Fisherman's Cut,19.120000
2019-08-30,Baseline (BAU),Eco Machine,Franks Tract (10 supplied RMA stations),10,-1.970000,-0.498325,fresher,285,Frank's Tract North East,-19.200000,-3.487659,fresher,265,Little Franks Tract at Fisherman's Cut,17.230000
2019-08-31,Baseline (BAU),Eco Machine,Franks Tract (10 supplied RMA stations),10,-1.620000,-0.409790,fresher,285,Frank's Tract North East,-18.110000,-3.289661,fresher,265,Little Franks Tract at Fisherman's Cut,16.490000
2019-09-01,Baseline (BAU),Eco Machine,Franks Tract (10 supplied RMA stations),10,-1.080000,-0.273194,fresher,285,Frank's Tract North East,-17.270000,-3.137076,fresher,265,Little Franks Tract at Fisherman's Cut,16.190000
2019-09-02,Baseline (BAU),Eco Machine,Franks Tract (10 supplied RMA stations),10,-0.450000,-0.113831,fresher,285,Frank's Tract North East,-15.770000,-2.864603,fresher,265,Little Franks Tract at Fisherman's Cut,15.320000
2019-09-03,Baseline (BAU),Eco Machine,Franks Tract (10 supplied RMA stations),10,0.110000,0.027825,saltier,285,Frank's Tract North East,-14.740000,-2.677505,fresher,265,Little Franks Tract at Fisherman's Cut,14.850000
2019-09-04,Baseline (BAU),Eco Machine,Franks Tract (10 supplied RMA stations),10,0.430000,0.108772,saltier,285,Frank's Tract North East,-15.390000,-2.795576,fresher,265,Little Franks Tract at Fisherman's Cut,15.820000
2019-09-05,Baseline (BAU),Eco Machine,Franks Tract (10 supplied RMA stations),10,0.520000,0.131538,saltier,285,Frank's Tract North East,-15.890000,-2.886401,fresher,265,Little Franks Tract at Fisherman's Cut,16.410000
2019-09-06,Baseline (BAU),Eco Machine,Franks Tract (10 supplied RMA stations),10,0.830000,0.209954,saltier,285,Frank's Tract North East,-14.880000,-2.702936,fresher,265,Little Franks Tract at Fisherman's Cut,15.710000
2019-09-07,Baseline (BAU),Eco Machine,Franks Tract (10 supplied RMA stations),10,1.180000,0.298489,saltier,285,Frank's Tract North East,-15.190000,-2.759247,fresher,265,Little Franks Tract at Fisherman's Cut,16.370000
2019-09-08,Baseline (BAU),Eco Machine,Franks Tract (10 supplied RMA stations),10,1.280000,0.323785,saltier,285,Frank's Tract North East,-15.030000,-2.730183,fresher,265,Little Franks Tract at Fisherman's Cut,16.310000
2019-09-09,Baseline (BAU),Eco Machine,Franks Tract (10 supplied RMA stations),10,1.310000,0.331374,saltier,285,Frank's Tract North East,-14.630000,-2.657523,fresher,265,Little Franks Tract at Fisherman's Cut,15.940000
2019-09-10,Baseline (BAU),Eco Machine,Franks Tract (10 supplied RMA stations),10,1.350000,0.341492,saltier,285,Frank's Tract North East,-13.860000,-2.517654,fresher,265,Little Franks Tract at Fisherman's Cut,15.210000
2019-09-11,Baseline (BAU),Eco Machine,Franks Tract (10 supplied RMA stations),10,1.490000,0.376906,saltier,285,Frank's Tract North East,-11.900000,-2.580047,fresher,282,South Central Franks Tract,13.390000
2019-09-12,Baseline (BAU),Eco Machine,Franks Tract (10 supplied RMA stations),10,1.570000,0.333840,saltier,281,South Franks Tract at Bethel Island,-10.740000,-2.328547,fresher,282,South Central Franks Tract,12.310000
2019-09-13,Baseline (BAU),Eco Machine,Franks Tract (10 supplied RMA stations),10,1.990000,0.423147,saltier,281,South Franks Tract at Bethel Island,-10.500000,-1.907313,fresher,265,Little Franks Tract at Fisherman's Cut,12.490000
2019-09-14,Baseline (BAU),Eco Machine,Franks Tract (10 supplied RMA stations),10,2.070000,0.440158,saltier,281,South Franks Tract at Bethel Island,-10.850000,-1.970890,fresher,265,Little Franks Tract at Fisherman's Cut,12.920000
2019-09-15,Baseline (BAU),Eco Machine,Franks Tract (10 supplied RMA stations),10,1.920000,0.408262,saltier,281,South Franks Tract at Bethel Island,-10.940000,-1.987239,fresher,265,Little Franks Tract at Fisherman's Cut,12.860000
2019-09-16,Baseline (BAU),Eco Machine,Franks Tract (10 supplied RMA stations),10,1.380000,0.293439,saltier,281,South Franks Tract at Bethel Island,-11.130000,-2.413103,fresher,282,South Central Franks Tract,12.510000
2019-09-17,Baseline (BAU),Eco Machine,Franks Tract (10 supplied RMA stations),10,1.200000,0.255164,saltier,281,South Franks Tract at Bethel Island,-11.670000,-2.530181,fresher,282,South Central Franks Tract,12.870000
2019-09-18,Baseline (BAU),Eco Machine,Franks Tract (10 supplied RMA stations),10,1.350000,0.287059,saltier,281,South Franks Tract at Bethel Island,-11.460000,-2.484651,fresher,282,South Central Franks Tract,12.810000
2019-09-19,Baseline (BAU),Eco Machine,Franks Tract (10 supplied RMA stations),10,1.600000,0.340219,saltier,281,South Franks Tract at Bethel Island,-11.040000,-2.393590,fresher,282,South Central Franks Tract,12.640000
2019-09-20,Baseline (BAU),Eco Machine,Franks Tract (10 supplied RMA stations),10,2.100000,0.446537,saltier,281,South Franks Tract at Bethel Island,-10.270000,-2.226646,fresher,282,South Central Franks Tract,12.370000
2019-09-21,Baseline (BAU),Eco Machine,Franks Tract (10 supplied RMA stations),10,2.510000,0.533718,saltier,281,South Franks Tract at Bethel Island,-9.310000,-2.018508,fresher,282,South Central Franks Tract,11.820000
2019-09-22,Baseline (BAU),Eco Machine,Franks Tract (10 supplied RMA stations),10,2.570000,0.546476,saltier,281,South Franks Tract at Bethel Island,-9.420000,-1.711133,fresher,265,Little Franks Tract at Fisherman's Cut,11.990000
2019-09-23,Baseline (BAU),Eco Machine,Franks Tract (10 supplied RMA stations),10,2.810000,0.597509,saltier,281,South Franks Tract at Bethel Island,-9.170000,-1.665720,fresher,265,Little Franks Tract at Fisherman's Cut,11.980000
2019-09-24,Baseline (BAU),Eco Machine,Franks Tract (10 supplied RMA stations),10,2.970000,0.631531,saltier,281,South Franks Tract at Bethel Island,-8.920000,-1.620308,fresher,265,Little Franks Tract at Fisherman's Cut,11.890000
2019-09-25,Baseline (BAU),Eco Machine,Franks Tract (10 supplied RMA stations),10,2.880000,0.612394,saltier,281,South Franks Tract at Bethel Island,-9.670000,-1.756545,fresher,265,Little Franks Tract at Fisherman's Cut,12.550000
2019-09-26,Baseline (BAU),Eco Machine,Franks Tract (10 supplied RMA stations),10,2.220000,0.472053,saltier,281,South Franks Tract at Bethel Island,-10.440000,-1.896414,fresher,265,Little Franks Tract at Fisherman's Cut,12.660000
2019-09-27,Baseline (BAU),Eco Machine,Franks Tract (10 supplied RMA stations),10,1.510000,0.321081,saltier,281,South Franks Tract at Bethel Island,-10.500000,-2.276512,fresher,282,South Central Franks Tract,12.010000
2019-09-28,Baseline (BAU),Eco Machine,Franks Tract (10 supplied RMA stations),10,0.940000,0.199878,saltier,281,South Franks Tract at Bethel Island,-11.320000,-2.454297,fresher,282,South Central Franks Tract,12.260000
2019-09-29,Baseline (BAU),Eco Machine,Franks Tract (10 supplied RMA stations),10,0.660000,0.140340,saltier,281,South Franks Tract at Bethel Island,-11.410000,-2.473810,fresher,282,South Central Franks Tract,12.070000
2019-09-30,Baseline (BAU),Eco Machine,Franks Tract (10 supplied RMA stations),10,0.750000,0.159477,saltier,281,South Franks Tract at Bethel Island,-11.000000,-2.384918,fresher,282,South Central Franks Tract,11.750000
2019-10-01,Baseline (BAU),Eco Machine,Franks Tract (10 supplied RMA stations),10,0.820000,0.174362,saltier,281,South Franks Tract at Bethel Island,-10.350000,-2.243991,fresher,282,South Central Franks Tract,11.170000
2019-10-02,Baseline (BAU),Eco Machine,Franks Tract (10 supplied RMA stations),10,1.420000,0.359199,saltier,285,Frank's Tract North East,-9.530000,-2.066206,fresher,282,South Central Franks Tract,10.950000
2019-10-03,Baseline (BAU),Eco Machine,Franks Tract (10 supplied RMA stations),10,1.880000,0.475559,saltier,285,Frank's Tract North East,-9.450000,-1.716582,fresher,265,Little Franks Tract at Fisherman's Cut,11.330000
2019-10-04,Baseline (BAU),Eco Machine,Franks Tract (10 supplied RMA stations),10,2.860000,0.723457,saltier,285,Frank's Tract North East,-8.260000,-1.500420,fresher,265,Little Franks Tract at Fisherman's Cut,11.120000
2019-10-05,Baseline (BAU),Eco Machine,Franks Tract (10 supplied RMA stations),10,3.640000,0.920764,saltier,285,Frank's Tract North East,-7.780000,-1.413228,fresher,265,Little Franks Tract at Fisherman's Cut,11.420000
2019-10-06,Baseline (BAU),Eco Machine,Franks Tract (10 supplied RMA stations),10,4.270000,1.080127,saltier,285,Frank's Tract North East,-7.690000,-1.396880,fresher,265,Little Franks Tract at Fisherman's Cut,11.960000
2019-10-07,Baseline (BAU),Eco Machine,Franks Tract (10 supplied RMA stations),10,4.720000,1.193957,saltier,285,Frank's Tract North East,-7.120000,-1.293340,fresher,265,Little Franks Tract at Fisherman's Cut,11.840000
2019-10-08,Baseline (BAU),Eco Machine,Franks Tract (10 supplied RMA stations),10,4.770000,1.206605,saltier,285,Frank's Tract North East,-6.570000,-1.193433,fresher,265,Little Franks Tract at Fisherman's Cut,11.340000
2019-10-09,Baseline (BAU),Eco Machine,Franks Tract (10 supplied RMA stations),10,5.060000,1.279963,saltier,285,Frank's Tract North East,-5.720000,-1.039032,fresher,265,Little Franks Tract at Fisherman's Cut,10.780000
2019-10-10,Baseline (BAU),Eco Machine,Franks Tract (10 supplied RMA stations),10,5.330000,1.348261,saltier,285,Frank's Tract North East,-5.110000,-0.928226,fresher,265,Little Franks Tract at Fisherman's Cut,10.440000
2019-10-11,Baseline (BAU),Eco Machine,Franks Tract (10 supplied RMA stations),10,4.980000,1.058930,saltier,281,South Franks Tract at Bethel Island,-5.000000,-0.908244,fresher,265,Little Franks Tract at Fisherman's Cut,9.980000
2019-10-12,Baseline (BAU),Eco Machine,Franks Tract (10 supplied RMA stations),10,5.540000,1.178007,saltier,281,South Franks Tract at Bethel Island,-4.880000,-0.886447,fresher,265,Little Franks Tract at Fisherman's Cut,10.420000
2019-10-13,Baseline (BAU),Eco Machine,Franks Tract (10 supplied RMA stations),10,5.880000,1.250303,saltier,281,South Franks Tract at Bethel Island,-4.760000,-0.864649,fresher,265,Little Franks Tract at Fisherman's Cut,10.640000
2019-10-14,Baseline (BAU),Eco Machine,Franks Tract (10 supplied RMA stations),10,5.910000,1.256682,saltier,281,South Franks Tract at Bethel Island,-4.400000,-0.799255,fresher,265,Little Franks Tract at Fisherman's Cut,10.310000
2019-10-15,Baseline (BAU),Eco Machine,Franks Tract (10 supplied RMA stations),10,5.740000,1.220534,saltier,281,South Franks Tract at Bethel Island,-3.970000,-0.721146,fresher,265,Little Franks Tract at Fisherman's Cut,9.710000
2019-10-16,Baseline (BAU),Eco Machine,Franks Tract (10 supplied RMA stations),10,5.400000,1.212531,saltier,283,Franks Tract,-3.990000,-0.724779,fresher,265,Little Franks Tract at Fisherman's Cut,9.390000
2019-10-17,Baseline (BAU),Eco Machine,Franks Tract (10 supplied RMA stations),10,5.660000,1.270913,saltier,283,Franks Tract,-3.640000,-0.661202,fresher,265,Little Franks Tract at Fisherman's Cut,9.300000
2019-10-18,Baseline (BAU),Eco Machine,Franks Tract (10 supplied RMA stations),10,5.460000,1.226004,saltier,283,Franks Tract,-2.560000,-0.465021,fresher,265,Little Franks Tract at Fisherman's Cut,8.020000
2019-10-19,Baseline (BAU),Eco Machine,Franks Tract (10 supplied RMA stations),10,5.390000,1.210286,saltier,283,Franks Tract,-1.950000,-0.354215,fresher,265,Little Franks Tract at Fisherman's Cut,7.340000
2019-10-20,Baseline (BAU),Eco Machine,Franks Tract (10 supplied RMA stations),10,5.000000,1.122714,saltier,283,Franks Tract,-1.520000,-0.276106,fresher,265,Little Franks Tract at Fisherman's Cut,6.520000
2019-10-21,Baseline (BAU),Eco Machine,Franks Tract (10 supplied RMA stations),10,4.400000,0.987989,saltier,283,Franks Tract,-1.150000,-0.208896,fresher,265,Little Franks Tract at Fisherman's Cut,5.550000
2019-10-22,Baseline (BAU),Eco Machine,Franks Tract (10 supplied RMA stations),10,4.070000,0.913889,saltier,283,Franks Tract,-0.910000,-0.165300,fresher,265,Little Franks Tract at Fisherman's Cut,4.980000
2019-10-23,Baseline (BAU),Eco Machine,Franks Tract (10 supplied RMA stations),10,4.120000,0.925117,saltier,283,Franks Tract,-0.940000,-0.170750,fresher,265,Little Franks Tract at Fisherman's Cut,5.060000
2019-10-24,Baseline (BAU),Eco Machine,Franks Tract (10 supplied RMA stations),10,4.010000,0.900417,saltier,283,Franks Tract,-0.890000,-0.161668,fresher,265,Little Franks Tract at Fisherman's Cut,4.900000
2019-10-25,Baseline (BAU),Eco Machine,Franks Tract (10 supplied RMA stations),10,3.580000,0.803863,saltier,283,Franks Tract,-0.800000,-0.145319,fresher,265,Little Franks Tract at Fisherman's Cut,4.380000
2019-10-26,Baseline (BAU),Eco Machine,Franks Tract (10 supplied RMA stations),10,3.290000,0.748186,saltier,291,Frank's Tract at Sheep Slough,-1.200000,-0.247368,fresher,274,Piper Slough at Bethal Tract,4.490000
2019-10-27,Baseline (BAU),Eco Machine,Franks Tract (10 supplied RMA stations),10,3.650000,0.830055,saltier,291,Frank's Tract at Sheep Slough,-2.160000,-0.445262,fresher,274,Piper Slough at Bethal Tract,5.810000
2019-10-28,Baseline (BAU),Eco Machine,Franks Tract (10 supplied RMA stations),10,3.850000,0.875537,saltier,291,Frank's Tract at Sheep Slough,-1.920000,-0.395788,fresher,274,Piper Slough at Bethal Tract,5.770000
2019-10-29,Baseline (BAU),Eco Machine,Franks Tract (10 supplied RMA stations),10,3.960000,0.900553,saltier,291,Frank's Tract at Sheep Slough,-2.240000,-0.461753,fresher,274,Piper Slough at Bethal Tract,6.200000
2019-10-30,Baseline (BAU),Eco Machine,Franks Tract (10 supplied RMA stations),10,3.830000,0.870989,saltier,291,Frank's Tract at Sheep Slough,-2.670000,-0.550393,fresher,274,Piper Slough at Bethal Tract,6.500000
2019-10-31,Baseline (BAU),Eco Machine,Franks Tract (10 supplied RMA stations),10,3.580000,0.814136,saltier,291,Frank's Tract at Sheep Slough,-2.950000,-0.608112,fresher,274,Piper Slough at Bethal Tract,6.530000
2019-11-01,Baseline (BAU),Eco Machine,Franks Tract (10 supplied RMA stations),10,3.280000,0.745912,saltier,291,Frank's Tract at Sheep Slough,-3.440000,-0.731470,fresher,281,South Franks Tract at Bethel Island,6.720000
2019-11-02,Baseline (BAU),Eco Machine,Franks Tract (10 supplied RMA stations),10,3.080000,0.700430,saltier,291,Frank's Tract at Sheep Slough,-3.870000,-0.822904,fresher,281,South Franks Tract at Bethel Island,6.950000
2019-11-03,Baseline (BAU),Eco Machine,Franks Tract (10 supplied RMA stations),10,3.090000,0.702704,saltier,291,Frank's Tract at Sheep Slough,-4.400000,-0.907015,fresher,274,Piper Slough at Bethal Tract,7.490000
2019-11-04,Baseline (BAU),Eco Machine,Franks Tract (10 supplied RMA stations),10,2.960000,0.673140,saltier,291,Frank's Tract at Sheep Slough,-4.990000,-1.028638,fresher,274,Piper Slough at Bethal Tract,7.950000
2019-11-05,Baseline (BAU),Eco Machine,Franks Tract (10 supplied RMA stations),10,2.740000,0.623110,saltier,291,Frank's Tract at Sheep Slough,-5.440000,-1.121401,fresher,274,Piper Slough at Bethal Tract,8.180000
2019-11-06,Baseline (BAU),Eco Machine,Franks Tract (10 supplied RMA stations),10,2.780000,0.632206,saltier,291,Frank's Tract at Sheep Slough,-5.750000,-1.185304,fresher,274,Piper Slough at Bethal Tract,8.530000
2019-11-07,Baseline (BAU),Eco Machine,Franks Tract (10 supplied RMA stations),10,2.980000,0.677689,saltier,291,Frank's Tract at Sheep Slough,-6.120000,-1.261576,fresher,274,Piper Slough at Bethal Tract,9.100000
2019-11-08,Baseline (BAU),Eco Machine,Franks Tract (10 supplied RMA stations),10,3.060000,0.695882,saltier,291,Frank's Tract at Sheep Slough,-6.960000,-1.264276,fresher,265,Little Franks Tract at Fisherman's Cut,10.020000
2019-11-09,Baseline (BAU),Eco Machine,Franks Tract (10 supplied RMA stations),10,2.680000,0.609465,saltier,291,Frank's Tract at Sheep Slough,-8.560000,-1.554915,fresher,265,Little Franks Tract at Fisherman's Cut,11.240000
2019-11-10,Baseline (BAU),Eco Machine,Franks Tract (10 supplied RMA stations),10,2.020000,0.459373,saltier,291,Frank's Tract at Sheep Slough,-11.280000,-2.049000,fresher,265,Little Franks Tract at Fisherman's Cut,13.300000
2019-11-11,Baseline (BAU),Eco Machine,Franks Tract (10 supplied RMA stations),10,0.890000,0.202397,saltier,291,Frank's Tract at Sheep Slough,-15.350000,-2.788310,fresher,265,Little Franks Tract at Fisherman's Cut,16.240000
2019-11-12,Baseline (BAU),Eco Machine,Franks Tract (10 supplied RMA stations),10,-0.310000,-0.070498,fresher,291,Frank's Tract at Sheep Slough,-20.450000,-3.714720,fresher,265,Little Franks Tract at Fisherman's Cut,20.140000
2019-11-13,Baseline (BAU),Eco Machine,Franks Tract (10 supplied RMA stations),10,-1.870000,-0.425261,fresher,291,Frank's Tract at Sheep Slough,-29.170000,-5.298698,fresher,265,Little Franks Tract at Fisherman's Cut,27.300000
2019-11-14,Baseline (BAU),Eco Machine,Franks Tract (10 supplied RMA stations),10,-3.980000,-0.905101,fresher,291,Frank's Tract at Sheep Slough,-37.770000,-6.860879,fresher,265,Little Franks Tract at Fisherman's Cut,33.790000
2019-11-15,Baseline (BAU),Eco Machine,Franks Tract (10 supplied RMA stations),10,-6.330000,-1.629274,fresher,292,Frank's Tract at Old River,-44.460000,-8.076110,fresher,265,Little Franks Tract at Fisherman's Cut,38.130000
2019-11-16,Baseline (BAU),Eco Machine,Franks Tract (10 supplied RMA stations),10,-6.890000,-1.773412,fresher,292,Frank's Tract at Old River,-53.470000,-9.712766,fresher,265,Little Franks Tract at Fisherman's Cut,46.580000
2019-11-17,Baseline (BAU),Eco Machine,Franks Tract (10 supplied RMA stations),10,-7.530000,-1.938142,fresher,292,Frank's Tract at Old River,-61.550000,-11.180489,fresher,265,Little Franks Tract at Fisherman's Cut,54.020000
2019-11-18,Baseline (BAU),Eco Machine,Franks Tract (10 supplied RMA stations),10,-8.760000,-2.254730,fresher,292,Frank's Tract at Old River,-66.890000,-12.150494,fresher,265,Little Franks Tract at Fisherman's Cut,58.130000
2019-11-19,Baseline (BAU),Eco Machine,Franks Tract (10 supplied RMA stations),10,-11.570000,-2.977994,fresher,292,Frank's Tract at Old River,-69.190000,-12.568287,fresher,265,Little Franks Tract at Fisherman's Cut,57.620000
2019-11-20,Baseline (BAU),Eco Machine,Franks Tract (10 supplied RMA stations),10,-14.230000,-3.662650,fresher,292,Frank's Tract at Old River,-61.620000,-11.193205,fresher,265,Little Franks Tract at Fisherman's Cut,47.390000
2019-11-21,Baseline (BAU),Eco Machine,Franks Tract (10 supplied RMA stations),10,-15.400000,-3.963796,fresher,292,Frank's Tract at Old River,-57.210000,-10.392133,fresher,265,Little Franks Tract at Fisherman's Cut,41.810000
2019-11-22,Baseline (BAU),Eco Machine,Franks Tract (10 supplied RMA stations),10,-16.120000,-4.149116,fresher,292,Frank's Tract at Old River,-58.510000,-10.628277,fresher,265,Little Franks Tract at Fisherman's Cut,42.390000
2019-11-23,Baseline (BAU),Eco Machine,Franks Tract (10 supplied RMA stations),10,-16.240000,-4.180003,fresher,292,Frank's Tract at Old River,-67.800000,-12.315795,fresher,265,Little Franks Tract at Fisherman's Cut,51.560000
2019-11-24,Baseline (BAU),Eco Machine,Franks Tract (10 supplied RMA stations),10,-16.410000,-4.223759,fresher,292,Frank's Tract at Old River,-85.380000,-15.509182,fresher,265,Little Franks Tract at Fisherman's Cut,68.970000
2019-11-25,Baseline (BAU),Eco Machine,Franks Tract (10 supplied RMA stations),10,-16.880000,-4.344732,fresher,292,Frank's Tract at Old River,-102.490000,-18.617195,fresher,265,Little Franks Tract at Fisherman's Cut,85.610000
2019-11-26,Baseline (BAU),Eco Machine,Franks Tract (10 supplied RMA stations),10,-19.090000,-4.913562,fresher,292,Frank's Tract at Old River,-122.310000,-22.217476,fresher,265,Little Franks Tract at Fisherman's Cut,103.220000
2019-11-27,Baseline (BAU),Eco Machine,Franks Tract (10 supplied RMA stations),10,-20.130000,-5.181247,fresher,292,Frank's Tract at Old River,-189.540000,-34.429731,fresher,265,Little Franks Tract at Fisherman's Cut,169.410000
2019-11-28,Baseline (BAU),Eco Machine,Franks Tract (10 supplied RMA stations),10,-24.180000,-6.223674,fresher,292,Frank's Tract at Old River,-230.470000,-41.864620,fresher,265,Little Franks Tract at Fisherman's Cut,206.290000
2019-11-29,Baseline (BAU),Eco Machine,Franks Tract (10 supplied RMA stations),10,-33.150000,-8.532456,fresher,292,Frank's Tract at Old River,-245.080000,-44.518510,fresher,265,Little Franks Tract at Fisherman's Cut,211.930000
2019-11-30,Baseline (BAU),Eco Machine,Franks Tract (10 supplied RMA stations),10,-38.570000,-9.927506,fresher,292,Frank's Tract at Old River,-231.750000,-42.097131,fresher,265,Little Franks Tract at Fisherman's Cut,193.180000
2019-12-01,Baseline (BAU),Eco Machine,Franks Tract (10 supplied RMA stations),10,-37.880000,-9.749907,fresher,292,Frank's Tract at Old River,-298.040000,-54.138636,fresher,265,Little Franks Tract at Fisherman's Cut,260.160000
2019-12-02,Baseline (BAU),Eco Machine,Franks Tract (10 supplied RMA stations),10,-49.600000,-12.766510,fresher,292,Frank's Tract at Old River,-275.870000,-50.111480,fresher,265,Little Franks Tract at Fisherman's Cut,226.270000
2019-12-03,Baseline (BAU),Eco Machine,Franks Tract (10 supplied RMA stations),10,-61.280000,-15.772817,fresher,292,Frank's Tract at Old River,-226.610000,-41.163455,fresher,265,Little Franks Tract at Fisherman's Cut,165.330000
2019-12-04,Baseline (BAU),Eco Machine,Franks Tract (10 supplied RMA stations),10,-67.030000,-17.252806,fresher,292,Frank's Tract at Old River,-217.910000,-48.930131,fresher,283,Franks Tract,150.880000
2019-12-05,Baseline (BAU),Eco Machine,Franks Tract (10 supplied RMA stations),10,-71.410000,-18.380171,fresher,292,Frank's Tract at Old River,-228.730000,-49.591113,fresher,282,South Central Franks Tract,157.320000
2019-12-06,Baseline (BAU),Eco Machine,Franks Tract (10 supplied RMA stations),10,-71.200000,-18.326119,fresher,292,Frank's Tract at Old River,-238.470000,-51.702849,fresher,282,South Central Franks Tract,167.270000
2019-12-07,Baseline (BAU),Eco Machine,Franks Tract (10 supplied RMA stations),10,-66.250000,-17.052042,fresher,292,Frank's Tract at Old River,-247.070000,-53.567421,fresher,282,South Central Franks Tract,180.820000
2019-12-08,Baseline (BAU),Eco Machine,Franks Tract (10 supplied RMA stations),10,-72.490000,-18.658152,fresher,292,Frank's Tract at Old River,-251.240000,-54.471522,fresher,282,South Central Franks Tract,178.750000
2019-12-09,Baseline (BAU),Eco Machine,Franks Tract (10 supplied RMA stations),10,-76.190000,-19.610492,fresher,292,Frank's Tract at Old River,-248.340000,-53.842771,fresher,282,South Central Franks Tract,172.150000
2019-12-10,Baseline (BAU),Eco Machine,Franks Tract (10 supplied RMA stations),10,-73.750000,-18.982462,fresher,292,Frank's Tract at Old River,-237.980000,-51.596612,fresher,282,South Central Franks Tract,164.230000
2019-12-11,Baseline (BAU),Eco Machine,Franks Tract (10 supplied RMA stations),10,-66.080000,-17.008286,fresher,292,Frank's Tract at Old River,-223.170000,-48.385646,fresher,282,South Central Franks Tract,157.090000
2019-12-12,Baseline (BAU),Eco Machine,Franks Tract (10 supplied RMA stations),10,-61.320000,-15.783113,fresher,292,Frank's Tract at Old River,-206.460000,-44.762739,fresher,282,South Central Franks Tract,145.140000
2019-12-13,Baseline (BAU),Eco Machine,Franks Tract (10 supplied RMA stations),10,-58.970000,-15.178248,fresher,292,Frank's Tract at Old River,-189.560000,-41.098638,fresher,282,South Central Franks Tract,130.590000
2019-12-14,Baseline (BAU),Eco Machine,Franks Tract (10 supplied RMA stations),10,-57.820000,-14.882250,fresher,292,Frank's Tract at Old River,-174.990000,-37.939706,fresher,282,South Central Franks Tract,117.170000
2019-12-15,Baseline (BAU),Eco Machine,Franks Tract (10 supplied RMA stations),10,-56.370000,-14.509036,fresher,292,Frank's Tract at Old River,-161.310000,-34.973735,fresher,282,South Central Franks Tract,104.940000
2019-12-16,Baseline (BAU),Eco Machine,Franks Tract (10 supplied RMA stations),10,-50.660000,-13.039343,fresher,292,Frank's Tract at Old River,-148.780000,-32.257097,fresher,282,South Central Franks Tract,98.120000
2019-12-17,Baseline (BAU),Eco Machine,Franks Tract (10 supplied RMA stations),10,-42.390000,-10.910733,fresher,292,Frank's Tract at Old River,-137.830000,-29.883020,fresher,282,South Central Franks Tract,95.440000
2019-12-18,Baseline (BAU),Eco Machine,Franks Tract (10 supplied RMA stations),10,-35.570000,-9.155338,fresher,292,Frank's Tract at Old River,-128.180000,-27.790796,fresher,282,South Central Franks Tract,92.610000
2019-12-19,Baseline (BAU),Eco Machine,Franks Tract (10 supplied RMA stations),10,-35.730000,-9.196520,fresher,292,Frank's Tract at Old River,-119.100000,-25.822155,fresher,282,South Central Franks Tract,83.370000
2019-12-20,Baseline (BAU),Eco Machine,Franks Tract (10 supplied RMA stations),10,-35.360000,-9.101286,fresher,292,Frank's Tract at Old River,-110.520000,-23.961919,fresher,282,South Central Franks Tract,75.160000
2019-12-21,Baseline (BAU),Eco Machine,Franks Tract (10 supplied RMA stations),10,-31.100000,-8.004808,fresher,292,Frank's Tract at Old River,-102.620000,-22.249115,fresher,282,South Central Franks Tract,71.520000
2019-12-22,Baseline (BAU),Eco Machine,Franks Tract (10 supplied RMA stations),10,-27.080000,-6.970103,fresher,292,Frank's Tract at Old River,-95.900000,-20.792147,fresher,282,South Central Franks Tract,68.820000
2019-12-23,Baseline (BAU),Eco Machine,Franks Tract (10 supplied RMA stations),10,-28.990000,-7.461716,fresher,292,Frank's Tract at Old River,-90.960000,-19.721102,fresher,282,South Central Franks Tract,61.970000
2019-12-24,Baseline (BAU),Eco Machine,Franks Tract (10 supplied RMA stations),10,-31.090000,-8.002234,fresher,292,Frank's Tract at Old River,-86.970000,-18.856027,fresher,282,South Central Franks Tract,55.880000
2019-12-25,Baseline (BAU),Eco Machine,Franks Tract (10 supplied RMA stations),10,-30.390000,-7.822061,fresher,292,Frank's Tract at Old River,-83.350000,-18.071172,fresher,282,South Central Franks Tract,52.960000
2019-12-26,Baseline (BAU),Eco Machine,Franks Tract (10 supplied RMA stations),10,-29.580000,-7.613576,fresher,292,Frank's Tract at Old River,-87.280000,-15.854315,fresher,265,Little Franks Tract at Fisherman's Cut,57.700000
2019-12-27,Baseline (BAU),Eco Machine,Franks Tract (10 supplied RMA stations),10,-30.940000,-7.963626,fresher,292,Frank's Tract at Old River,-86.260000,-15.669033,fresher,265,Little Franks Tract at Fisherman's Cut,55.320000
2019-12-28,Baseline (BAU),Eco Machine,Franks Tract (10 supplied RMA stations),10,-31.670000,-8.151520,fresher,292,Frank's Tract at Old River,-83.830000,-15.227627,fresher,265,Little Franks Tract at Fisherman's Cut,52.160000
2019-12-29,Baseline (BAU),Eco Machine,Franks Tract (10 supplied RMA stations),10,-30.590000,-7.873539,fresher,292,Frank's Tract at Old River,-84.680000,-15.382028,fresher,265,Little Franks Tract at Fisherman's Cut,54.090000
2019-12-30,Baseline (BAU),Eco Machine,Franks Tract (10 supplied RMA stations),10,-30.230000,-7.780879,fresher,292,Frank's Tract at Old River,-82.400000,-14.967869,fresher,265,Little Franks Tract at Fisherman's Cut,52.170000
2019-12-31,Baseline (BAU),Eco Machine,Franks Tract (10 supplied RMA stations),10,-31.460000,-8.097468,fresher,292,Frank's Tract at Old River,-82.730000,-17.936750,fresher,282,South Central Franks Tract,51.270000
2020-01-01,Baseline (BAU),Eco Machine,Franks Tract (10 supplied RMA stations),10,-32.780000,-8.437222,fresher,292,Frank's Tract at Old River,-83.010000,-17.997457,fresher,282,South Central Franks Tract,50.230000
2020-01-02,Baseline (BAU),Eco Machine,Franks Tract (10 supplied RMA stations),10,-35.310000,-9.088417,fresher,292,Frank's Tract at Old River,-81.670000,-17.706930,fresher,282,South Central Franks Tract,46.360000
2020-01-03,Baseline (BAU),Eco Machine,Franks Tract (10 supplied RMA stations),10,-34.270000,-8.668838,fresher,285,Frank's Tract North East,-79.510000,-17.238619,fresher,282,South Central Franks Tract,45.240000
2020-01-04,Baseline (BAU),Eco Machine,Franks Tract (10 supplied RMA stations),10,-33.380000,-8.443707,fresher,285,Frank's Tract North East,-77.390000,-16.778981,fresher,282,South Central Franks Tract,44.010000
2020-01-05,Baseline (BAU),Eco Machine,Franks Tract (10 supplied RMA stations),10,-31.410000,-7.945381,fresher,285,Frank's Tract North East,-74.960000,-16.252131,fresher,282,South Central Franks Tract,43.550000
2020-01-06,Baseline (BAU),Eco Machine,Franks Tract (10 supplied RMA stations),10,-30.120000,-7.619067,fresher,285,Frank's Tract North East,-71.720000,-15.549664,fresher,282,South Central Franks Tract,41.600000
2020-01-07,Baseline (BAU),Eco Machine,Franks Tract (10 supplied RMA stations),10,-29.800000,-7.538120,fresher,285,Frank's Tract North East,-67.960000,-14.734456,fresher,282,South Central Franks Tract,38.160000
2020-01-08,Baseline (BAU),Eco Machine,Franks Tract (10 supplied RMA stations),10,-29.790000,-7.535591,fresher,285,Frank's Tract North East,-64.440000,-13.971282,fresher,282,South Central Franks Tract,34.650000
2020-01-09,Baseline (BAU),Eco Machine,Franks Tract (10 supplied RMA stations),10,-29.080000,-7.484881,fresher,292,Frank's Tract at Old River,-62.260000,-11.309460,fresher,265,Little Franks Tract at Fisherman's Cut,33.180000
2020-01-10,Baseline (BAU),Eco Machine,Franks Tract (10 supplied RMA stations),10,-29.810000,-7.540650,fresher,285,Frank's Tract North East,-58.720000,-12.731125,fresher,282,South Central Franks Tract,28.910000
2020-01-11,Baseline (BAU),Eco Machine,Franks Tract (10 supplied RMA stations),10,-29.830000,-7.545709,fresher,285,Frank's Tract North East,-57.090000,-10.370335,fresher,265,Little Franks Tract at Fisherman's Cut,27.260000
2020-01-12,Baseline (BAU),Eco Machine,Franks Tract (10 supplied RMA stations),10,-29.460000,-7.452115,fresher,285,Frank's Tract North East,-55.540000,-10.088779,fresher,265,Little Franks Tract at Fisherman's Cut,26.080000
2020-01-13,Baseline (BAU),Eco Machine,Franks Tract (10 supplied RMA stations),10,-28.960000,-7.325636,fresher,285,Frank's Tract North East,-53.770000,-9.767261,fresher,265,Little Franks Tract at Fisherman's Cut,24.810000
2020-01-14,Baseline (BAU),Eco Machine,Franks Tract (10 supplied RMA stations),10,-27.490000,-6.953789,fresher,285,Frank's Tract North East,-51.710000,-11.211282,fresher,282,South Central Franks Tract,24.220000
2020-01-15,Baseline (BAU),Eco Machine,Franks Tract (10 supplied RMA stations),10,-25.770000,-6.518703,fresher,285,Frank's Tract North East,-49.800000,-10.797173,fresher,282,South Central Franks Tract,24.030000
2020-01-16,Baseline (BAU),Eco Machine,Franks Tract (10 supplied RMA stations),10,-24.720000,-6.253098,fresher,285,Frank's Tract North East,-54.960000,-9.983423,fresher,265,Little Franks Tract at Fisherman's Cut,30.240000
2020-01-17,Baseline (BAU),Eco Machine,Franks Tract (10 supplied RMA stations),10,-22.890000,-5.790187,fresher,285,Frank's Tract North East,-50.460000,-9.166003,fresher,265,Little Franks Tract at Fisherman's Cut,27.570000
2020-01-18,Baseline (BAU),Eco Machine,Franks Tract (10 supplied RMA stations),10,-21.550000,-5.451225,fresher,285,Frank's Tract North East,-48.220000,-8.759110,fresher,265,Little Franks Tract at Fisherman's Cut,26.670000
2020-01-19,Baseline (BAU),Eco Machine,Franks Tract (10 supplied RMA stations),10,-20.120000,-5.089496,fresher,285,Frank's Tract North East,-53.340000,-9.689152,fresher,265,Little Franks Tract at Fisherman's Cut,33.220000
2020-01-20,Baseline (BAU),Eco Machine,Franks Tract (10 supplied RMA stations),10,-18.970000,-4.798595,fresher,285,Frank's Tract North East,-63.040000,-11.451146,fresher,265,Little Franks Tract at Fisherman's Cut,44.070000
2020-01-21,Baseline (BAU),Eco Machine,Franks Tract (10 supplied RMA stations),10,-19.260000,-4.871953,fresher,285,Frank's Tract North East,-68.880000,-12.511976,fresher,265,Little Franks Tract at Fisherman's Cut,49.620000
2020-01-22,Baseline (BAU),Eco Machine,Franks Tract (10 supplied RMA stations),10,-20.410000,-5.162853,fresher,285,Frank's Tract North East,-66.710000,-12.117798,fresher,265,Little Franks Tract at Fisherman's Cut,46.300000
2020-01-23,Baseline (BAU),Eco Machine,Franks Tract (10 supplied RMA stations),10,-21.390000,-5.410751,fresher,285,Frank's Tract North East,-65.810000,-11.954314,fresher,265,Little Franks Tract at Fisherman's Cut,44.420000
2020-01-24,Baseline (BAU),Eco Machine,Franks Tract (10 supplied RMA stations),10,-22.410000,-5.668768,fresher,285,Frank's Tract North East,-69.140000,-12.559204,fresher,265,Little Franks Tract at Fisherman's Cut,46.730000
2020-01-25,Baseline (BAU),Eco Machine,Franks Tract (10 supplied RMA stations),10,-22.920000,-5.797776,fresher,285,Frank's Tract North East,-70.890000,-12.877090,fresher,265,Little Franks Tract at Fisherman's Cut,47.970000
2020-01-26,Baseline (BAU),Eco Machine,Franks Tract (10 supplied RMA stations),10,-23.710000,-5.997612,fresher,285,Frank's Tract North East,-68.100000,-12.370290,fresher,265,Little Franks Tract at Fisherman's Cut,44.390000
2020-01-27,Baseline (BAU),Eco Machine,Franks Tract (10 supplied RMA stations),10,-23.950000,-6.058321,fresher,285,Frank's Tract North East,-58.330000,-10.595580,fresher,265,Little Franks Tract at Fisherman's Cut,34.380000
2020-01-28,Baseline (BAU),Eco Machine,Franks Tract (10 supplied RMA stations),10,-22.700000,-5.742125,fresher,285,Frank's Tract North East,-51.120000,-9.285891,fresher,265,Little Franks Tract at Fisherman's Cut,28.420000
2020-01-29,Baseline (BAU),Eco Machine,Franks Tract (10 supplied RMA stations),10,-18.810000,-4.758122,fresher,285,Frank's Tract North East,-46.830000,-10.153245,fresher,282,South Central Franks Tract,28.020000
2020-01-30,Baseline (BAU),Eco Machine,Franks Tract (10 supplied RMA stations),10,-14.270000,-3.609697,fresher,285,Frank's Tract North East,-44.810000,-9.715288,fresher,282,South Central Franks Tract,30.540000
2020-01-31,Baseline (BAU),Eco Machine,Franks Tract (10 supplied RMA stations),10,-10.730000,-2.714229,fresher,285,Frank's Tract North East,-42.090000,-9.125563,fresher,282,South Central Franks Tract,31.360000
2020-02-01,Baseline (BAU),Eco Machine,Franks Tract (10 supplied RMA stations),10,-8.420000,-2.129898,fresher,285,Frank's Tract North East,-39.770000,-9.044187,fresher,291,Frank's Tract at Sheep Slough,31.350000
2020-02-02,Baseline (BAU),Eco Machine,Franks Tract (10 supplied RMA stations),10,-8.410000,-2.127369,fresher,285,Frank's Tract North East,-39.780000,-9.046461,fresher,291,Frank's Tract at Sheep Slough,31.370000
2020-02-03,Baseline (BAU),Eco Machine,Franks Tract (10 supplied RMA stations),10,-3.590000,-0.908116,fresher,285,Frank's Tract North East,-40.700000,-9.255680,fresher,291,Frank's Tract at Sheep Slough,37.110000
2020-02-04,Baseline (BAU),Eco Machine,Franks Tract (10 supplied RMA stations),10,-0.270000,-0.068298,fresher,285,Frank's Tract North East,-39.320000,-8.941851,fresher,291,Frank's Tract at Sheep Slough,39.050000
2020-02-05,Baseline (BAU),Eco Machine,Franks Tract (10 supplied RMA stations),10,-2.550000,-0.645040,fresher,285,Frank's Tract North East,-34.750000,-7.902577,fresher,291,Frank's Tract at Sheep Slough,32.200000
2020-02-06,Baseline (BAU),Eco Machine,Franks Tract (10 supplied RMA stations),10,-4.160000,-1.052301,fresher,285,Frank's Tract North East,-33.060000,-6.005312,fresher,265,Little Franks Tract at Fisherman's Cut,28.900000
2020-02-07,Baseline (BAU),Eco Machine,Franks Tract (10 supplied RMA stations),10,-5.220000,-1.320436,fresher,285,Frank's Tract North East,-31.770000,-5.770985,fresher,265,Little Franks Tract at Fisherman's Cut,26.550000
2020-02-08,Baseline (BAU),Eco Machine,Franks Tract (10 supplied RMA stations),10,-4.440000,-0.944107,fresher,281,South Franks Tract at Bethel Island,-29.760000,-5.405871,fresher,265,Little Franks Tract at Fisherman's Cut,25.320000
2020-02-09,Baseline (BAU),Eco Machine,Franks Tract (10 supplied RMA stations),10,-0.810000,-0.204895,fresher,285,Frank's Tract North East,-24.870000,-5.655744,fresher,291,Frank's Tract at Sheep Slough,24.060000
2020-02-10,Baseline (BAU),Eco Machine,Franks Tract (10 supplied RMA stations),10,-0.730000,-0.155225,fresher,281,South Franks Tract at Bethel Island,-24.140000,-4.385004,fresher,265,Little Franks Tract at Fisherman's Cut,23.410000
2020-02-11,Baseline (BAU),Eco Machine,Franks Tract (10 supplied RMA stations),10,-0.070000,-0.014885,fresher,281,South Franks Tract at Bethel Island,-23.830000,-4.328693,fresher,265,Little Franks Tract at Fisherman's Cut,23.760000
2020-02-12,Baseline (BAU),Eco Machine,Franks Tract (10 supplied RMA stations),10,-0.310000,-0.065917,fresher,281,South Franks Tract at Bethel Island,-22.260000,-4.043504,fresher,265,Little Franks Tract at Fisherman's Cut,21.950000
2020-02-13,Baseline (BAU),Eco Machine,Franks Tract (10 supplied RMA stations),10,-0.650000,-0.138214,fresher,281,South Franks Tract at Bethel Island,-21.390000,-3.885470,fresher,265,Little Franks Tract at Fisherman's Cut,20.740000
2020-02-14,Baseline (BAU),Eco Machine,Franks Tract (10 supplied RMA stations),10,-0.890000,-0.189247,fresher,281,South Franks Tract at Bethel Island,-21.540000,-3.912717,fresher,265,Little Franks Tract at Fisherman's Cut,20.650000
2020-02-15,Baseline (BAU),Eco Machine,Franks Tract (10 supplied RMA stations),10,-1.560000,-0.331713,fresher,281,South Franks Tract at Bethel Island,-21.450000,-3.896369,fresher,265,Little Franks Tract at Fisherman's Cut,19.890000
2020-02-16,Baseline (BAU),Eco Machine,Franks Tract (10 supplied RMA stations),10,-2.570000,-0.546476,fresher,281,South Franks Tract at Bethel Island,-21.190000,-3.849140,fresher,265,Little Franks Tract at Fisherman's Cut,18.620000
2020-02-17,Baseline (BAU),Eco Machine,Franks Tract (10 supplied RMA stations),10,-3.140000,-0.667679,fresher,281,South Franks Tract at Bethel Island,-21.600000,-3.923616,fresher,265,Little Franks Tract at Fisherman's Cut,18.460000
2020-02-18,Baseline (BAU),Eco Machine,Franks Tract (10 supplied RMA stations),10,-5.000000,-1.063183,fresher,281,South Franks Tract at Bethel Island,-22.690000,-4.121613,fresher,265,Little Franks Tract at Fisherman's Cut,17.690000
2020-02-19,Baseline (BAU),Eco Machine,Franks Tract (10 supplied RMA stations),10,-5.760000,-1.224787,fresher,281,South Franks Tract at Bethel Island,-22.670000,-4.117980,fresher,265,Little Franks Tract at Fisherman's Cut,16.910000
2020-02-20,Baseline (BAU),Eco Machine,Franks Tract (10 supplied RMA stations),10,-5.750000,-1.222661,fresher,281,South Franks Tract at Bethel Island,-22.410000,-4.070752,fresher,265,Little Franks Tract at Fisherman's Cut,16.660000
2020-02-21,Baseline (BAU),Eco Machine,Franks Tract (10 supplied RMA stations),10,-6.080000,-1.292831,fresher,281,South Franks Tract at Bethel Island,-22.600000,-4.105265,fresher,265,Little Franks Tract at Fisherman's Cut,16.520000
2020-02-22,Baseline (BAU),Eco Machine,Franks Tract (10 supplied RMA stations),10,-6.800000,-1.445929,fresher,281,South Franks Tract at Bethel Island,-22.840000,-4.148861,fresher,265,Little Franks Tract at Fisherman's Cut,16.040000
2020-02-23,Baseline (BAU),Eco Machine,Franks Tract (10 supplied RMA stations),10,-7.660000,-1.628797,fresher,281,South Franks Tract at Bethel Island,-18.750000,-3.405917,fresher,265,Little Franks Tract at Fisherman's Cut,11.090000
2020-02-24,Baseline (BAU),Eco Machine,Franks Tract (10 supplied RMA stations),10,-9.040000,-1.922235,fresher,281,South Franks Tract at Bethel Island,-18.300000,-3.967636,fresher,282,South Central Franks Tract,9.260000
2020-02-25,Baseline (BAU),Eco Machine,Franks Tract (10 supplied RMA stations),10,-10.520000,-2.236937,fresher,281,South Franks Tract at Bethel Island,-18.320000,-3.971972,fresher,282,South Central Franks Tract,7.800000
2020-02-26,Baseline (BAU),Eco Machine,Franks Tract (10 supplied RMA stations),10,-11.290000,-2.567485,fresher,291,Frank's Tract at Sheep Slough,-18.110000,-3.926442,fresher,282,South Central Franks Tract,6.820000
2020-02-27,Baseline (BAU),Eco Machine,Franks Tract (10 supplied RMA stations),10,-10.660000,-2.424215,fresher,291,Frank's Tract at Sheep Slough,-17.780000,-3.854894,fresher,282,South Central Franks Tract,7.120000
2020-02-28,Baseline (BAU),Eco Machine,Franks Tract (10 supplied RMA stations),10,-10.050000,-2.285494,fresher,291,Frank's Tract at Sheep Slough,-17.110000,-3.709631,fresher,282,South Central Franks Tract,7.060000
2020-02-29,Baseline (BAU),Eco Machine,Franks Tract (10 supplied RMA stations),10,-9.340000,-2.124031,fresher,291,Frank's Tract at Sheep Slough,-18.000000,-3.710517,fresher,274,Piper Slough at Bethal Tract,8.660000
2020-03-01,Baseline (BAU),Eco Machine,Franks Tract (10 supplied RMA stations),10,-8.390000,-1.907989,fresher,291,Frank's Tract at Sheep Slough,-19.220000,-3.962007,fresher,274,Piper Slough at Bethal Tract,10.830000
2020-03-02,Baseline (BAU),Eco Machine,Franks Tract (10 supplied RMA stations),10,-7.950000,-1.807928,fresher,291,Frank's Tract at Sheep Slough,-17.020000,-3.508500,fresher,274,Piper Slough at Bethal Tract,9.070000
2020-03-03,Baseline (BAU),Eco Machine,Franks Tract (10 supplied RMA stations),10,-6.460000,-1.634103,fresher,285,Frank's Tract North East,-14.530000,-2.995212,fresher,274,Piper Slough at Bethal Tract,8.070000
2020-03-04,Baseline (BAU),Eco Machine,Franks Tract (10 supplied RMA stations),10,-4.820000,-1.219253,fresher,285,Frank's Tract North East,-14.150000,-2.570332,fresher,265,Little Franks Tract at Fisherman's Cut,9.330000
2020-03-05,Baseline (BAU),Eco Machine,Franks Tract (10 supplied RMA stations),10,-3.690000,-0.933412,fresher,285,Frank's Tract North East,-14.690000,-2.668422,fresher,265,Little Franks Tract at Fisherman's Cut,11.000000
2020-03-06,Baseline (BAU),Eco Machine,Franks Tract (10 supplied RMA stations),10,-3.580000,-0.905586,fresher,285,Frank's Tract North East,-15.510000,-2.817374,fresher,265,Little Franks Tract at Fisherman's Cut,11.930000
2020-03-07,Baseline (BAU),Eco Machine,Franks Tract (10 supplied RMA stations),10,-3.130000,-0.702819,fresher,283,Franks Tract,-16.080000,-2.920914,fresher,265,Little Franks Tract at Fisherman's Cut,12.950000
2020-03-08,Baseline (BAU),Eco Machine,Franks Tract (10 supplied RMA stations),10,-2.620000,-0.595820,fresher,291,Frank's Tract at Sheep Slough,-16.140000,-2.931813,fresher,265,Little Franks Tract at Fisherman's Cut,13.520000
2020-03-09,Baseline (BAU),Eco Machine,Franks Tract (10 supplied RMA stations),10,-2.310000,-0.518694,fresher,283,Franks Tract,-16.410000,-2.980858,fresher,265,Little Franks Tract at Fisherman's Cut,14.100000
2020-03-10,Baseline (BAU),Eco Machine,Franks Tract (10 supplied RMA stations),10,-1.550000,-0.348041,fresher,283,Franks Tract,-18.060000,-3.280579,fresher,265,Little Franks Tract at Fisherman's Cut,16.510000
2020-03-11,Baseline (BAU),Eco Machine,Franks Tract (10 supplied RMA stations),10,-1.080000,-0.242506,fresher,283,Franks Tract,-21.020000,-3.818260,fresher,265,Little Franks Tract at Fisherman's Cut,19.940000
2020-03-12,Baseline (BAU),Eco Machine,Franks Tract (10 supplied RMA stations),10,-1.350000,-0.303133,fresher,283,Franks Tract,-26.110000,-4.742853,fresher,265,Little Franks Tract at Fisherman's Cut,24.760000
2020-03-13,Baseline (BAU),Eco Machine,Franks Tract (10 supplied RMA stations),10,-2.610000,-0.586057,fresher,283,Franks Tract,-34.350000,-6.239639,fresher,265,Little Franks Tract at Fisherman's Cut,31.740000
2020-03-14,Baseline (BAU),Eco Machine,Franks Tract (10 supplied RMA stations),10,-5.230000,-1.174359,fresher,283,Franks Tract,-38.030000,-6.908107,fresher,265,Little Franks Tract at Fisherman's Cut,32.800000
2020-03-15,Baseline (BAU),Eco Machine,Franks Tract (10 supplied RMA stations),10,-6.910000,-1.571419,fresher,291,Frank's Tract at Sheep Slough,-40.560000,-7.367679,fresher,265,Little Franks Tract at Fisherman's Cut,33.650000
2020-03-16,Baseline (BAU),Eco Machine,Franks Tract (10 supplied RMA stations),10,-6.770000,-1.712519,fresher,285,Frank's Tract North East,-36.400000,-6.612020,fresher,265,Little Franks Tract at Fisherman's Cut,29.630000
2020-03-17,Baseline (BAU),Eco Machine,Franks Tract (10 supplied RMA stations),10,-4.880000,-1.234430,fresher,285,Frank's Tract North East,-33.150000,-6.021661,fresher,265,Little Franks Tract at Fisherman's Cut,28.270000
2020-03-18,Baseline (BAU),Eco Machine,Franks Tract (10 supplied RMA stations),10,-3.870000,-0.978944,fresher,285,Frank's Tract North East,-32.100000,-5.830929,fresher,265,Little Franks Tract at Fisherman's Cut,28.230000
2020-03-19,Baseline (BAU),Eco Machine,Franks Tract (10 supplied RMA stations),10,-3.930000,-0.994121,fresher,285,Frank's Tract North East,-30.140000,-5.474898,fresher,265,Little Franks Tract at Fisherman's Cut,26.210000
2020-03-20,Baseline (BAU),Eco Machine,Franks Tract (10 supplied RMA stations),10,-4.570000,-1.156014,fresher,285,Frank's Tract North East,-27.470000,-4.989895,fresher,265,Little Franks Tract at Fisherman's Cut,22.900000
2020-03-21,Baseline (BAU),Eco Machine,Franks Tract (10 supplied RMA stations),10,-4.950000,-1.252137,fresher,285,Frank's Tract North East,-27.830000,-5.055289,fresher,265,Little Franks Tract at Fisherman's Cut,22.880000
2020-03-22,Baseline (BAU),Eco Machine,Franks Tract (10 supplied RMA stations),10,-4.890000,-1.236960,fresher,285,Frank's Tract North East,-28.690000,-5.211507,fresher,265,Little Franks Tract at Fisherman's Cut,23.800000
2020-03-23,Baseline (BAU),Eco Machine,Franks Tract (10 supplied RMA stations),10,-5.510000,-1.393793,fresher,285,Frank's Tract North East,-29.530000,-5.364092,fresher,265,Little Franks Tract at Fisherman's Cut,24.020000
2020-03-24,Baseline (BAU),Eco Machine,Franks Tract (10 supplied RMA stations),10,-6.390000,-1.616396,fresher,285,Frank's Tract North East,-28.170000,-5.117049,fresher,265,Little Franks Tract at Fisherman's Cut,21.780000
2020-03-25,Baseline (BAU),Eco Machine,Franks Tract (10 supplied RMA stations),10,-6.640000,-1.679635,fresher,285,Frank's Tract North East,-28.120000,-5.107967,fresher,265,Little Franks Tract at Fisherman's Cut,21.480000
2020-03-26,Baseline (BAU),Eco Machine,Franks Tract (10 supplied RMA stations),10,-6.340000,-1.603748,fresher,285,Frank's Tract North East,-28.360000,-5.151563,fresher,265,Little Franks Tract at Fisherman's Cut,22.020000
2020-03-27,Baseline (BAU),Eco Machine,Franks Tract (10 supplied RMA stations),10,-6.670000,-1.687224,fresher,285,Frank's Tract North East,-27.690000,-5.029858,fresher,265,Little Franks Tract at Fisherman's Cut,21.020000
2020-03-28,Baseline (BAU),Eco Machine,Franks Tract (10 supplied RMA stations),10,-6.950000,-1.758052,fresher,285,Frank's Tract North East,-28.230000,-5.127948,fresher,265,Little Franks Tract at Fisherman's Cut,21.280000
2020-03-29,Baseline (BAU),Eco Machine,Franks Tract (10 supplied RMA stations),10,-6.150000,-1.555686,fresher,285,Frank's Tract North East,-31.090000,-5.647464,fresher,265,Little Franks Tract at Fisherman's Cut,24.940000
2020-03-30,Baseline (BAU),Eco Machine,Franks Tract (10 supplied RMA stations),10,-5.170000,-1.307788,fresher,285,Frank's Tract North East,-33.100000,-6.012578,fresher,265,Little Franks Tract at Fisherman's Cut,27.930000
2020-03-31,Baseline (BAU),Eco Machine,Franks Tract (10 supplied RMA stations),10,-5.070000,-1.282492,fresher,285,Frank's Tract North East,-35.950000,-6.530278,fresher,265,Little Franks Tract at Fisherman's Cut,30.880000
2020-04-01,Baseline (BAU),Eco Machine,Franks Tract (10 supplied RMA stations),10,-5.750000,-1.454503,fresher,285,Frank's Tract North East,-38.020000,-6.906291,fresher,265,Little Franks Tract at Fisherman's Cut,32.270000
2020-04-02,Baseline (BAU),Eco Machine,Franks Tract (10 supplied RMA stations),10,-4.010000,-1.014358,fresher,285,Frank's Tract North East,-31.790000,-5.774618,fresher,265,Little Franks Tract at Fisherman's Cut,27.780000
2020-04-03,Baseline (BAU),Eco Machine,Franks Tract (10 supplied RMA stations),10,-3.900000,-0.986533,fresher,285,Frank's Tract North East,-30.840000,-5.602052,fresher,265,Little Franks Tract at Fisherman's Cut,26.940000
2020-04-04,Baseline (BAU),Eco Machine,Franks Tract (10 supplied RMA stations),10,-5.520000,-1.396323,fresher,285,Frank's Tract North East,-36.570000,-6.642900,fresher,265,Little Franks Tract at Fisherman's Cut,31.050000
2020-04-05,Baseline (BAU),Eco Machine,Franks Tract (10 supplied RMA stations),10,-6.440000,-1.369380,fresher,281,South Franks Tract at Bethel Island,-44.810000,-8.139687,fresher,265,Little Franks Tract at Fisherman's Cut,38.370000
2020-04-06,Baseline (BAU),Eco Machine,Franks Tract (10 supplied RMA stations),10,-5.860000,-1.482328,fresher,285,Frank's Tract North East,-38.860000,-7.058876,fresher,265,Little Franks Tract at Fisherman's Cut,33.000000
2020-04-07,Baseline (BAU),Eco Machine,Franks Tract (10 supplied RMA stations),10,-4.530000,-1.145895,fresher,285,Frank's Tract North East,-31.790000,-5.774618,fresher,265,Little Franks Tract at Fisherman's Cut,27.260000
2020-04-08,Baseline (BAU),Eco Machine,Franks Tract (10 supplied RMA stations),10,-4.150000,-1.049772,fresher,285,Frank's Tract North East,-30.800000,-5.594786,fresher,265,Little Franks Tract at Fisherman's Cut,26.650000
2020-04-09,Baseline (BAU),Eco Machine,Franks Tract (10 supplied RMA stations),10,-3.360000,-0.849936,fresher,285,Frank's Tract North East,-30.900000,-5.612951,fresher,265,Little Franks Tract at Fisherman's Cut,27.540000
2020-04-10,Baseline (BAU),Eco Machine,Franks Tract (10 supplied RMA stations),10,-2.990000,-0.756342,fresher,285,Frank's Tract North East,-30.090000,-5.465815,fresher,265,Little Franks Tract at Fisherman's Cut,27.100000
2020-04-11,Baseline (BAU),Eco Machine,Franks Tract (10 supplied RMA stations),10,-3.180000,-0.804403,fresher,285,Frank's Tract North East,-29.040000,-5.275084,fresher,265,Little Franks Tract at Fisherman's Cut,25.860000
2020-04-12,Baseline (BAU),Eco Machine,Franks Tract (10 supplied RMA stations),10,-2.560000,-0.647570,fresher,285,Frank's Tract North East,-27.330000,-4.964464,fresher,265,Little Franks Tract at Fisherman's Cut,24.770000
2020-04-13,Baseline (BAU),Eco Machine,Franks Tract (10 supplied RMA stations),10,-0.770000,-0.194777,fresher,285,Frank's Tract North East,-24.970000,-4.535773,fresher,265,Little Franks Tract at Fisherman's Cut,24.200000
2020-04-14,Baseline (BAU),Eco Machine,Franks Tract (10 supplied RMA stations),10,1.520000,0.384495,saltier,285,Frank's Tract North East,-22.010000,-3.998092,fresher,265,Little Franks Tract at Fisherman's Cut,23.530000
2020-04-15,Baseline (BAU),Eco Machine,Franks Tract (10 supplied RMA stations),10,3.440000,0.772427,saltier,283,Franks Tract,-20.620000,-3.745600,fresher,265,Little Franks Tract at Fisherman's Cut,24.060000
2020-04-16,Baseline (BAU),Eco Machine,Franks Tract (10 supplied RMA stations),10,5.920000,1.329294,saltier,283,Franks Tract,-18.750000,-3.405917,fresher,265,Little Franks Tract at Fisherman's Cut,24.670000
2020-04-17,Baseline (BAU),Eco Machine,Franks Tract (10 supplied RMA stations),10,8.510000,1.910860,saltier,283,Franks Tract,-16.870000,-3.064417,fresher,265,Little Franks Tract at Fisherman's Cut,25.380000
2020-04-18,Baseline (BAU),Eco Machine,Franks Tract (10 supplied RMA stations),10,8.230000,1.847988,saltier,283,Franks Tract,-14.380000,-2.612111,fresher,265,Little Franks Tract at Fisherman's Cut,22.610000
2020-04-19,Baseline (BAU),Eco Machine,Franks Tract (10 supplied RMA stations),10,8.550000,1.919841,saltier,283,Franks Tract,-13.270000,-2.410481,fresher,265,Little Franks Tract at Fisherman's Cut,21.820000
2020-04-20,Baseline (BAU),Eco Machine,Franks Tract (10 supplied RMA stations),10,9.560000,2.146630,saltier,283,Franks Tract,-12.600000,-2.288776,fresher,265,Little Franks Tract at Fisherman's Cut,22.160000
2020-04-21,Baseline (BAU),Eco Machine,Franks Tract (10 supplied RMA stations),10,9.790000,2.198274,saltier,283,Franks Tract,-11.070000,-2.010853,fresher,265,Little Franks Tract at Fisherman's Cut,20.860000
2020-04-22,Baseline (BAU),Eco Machine,Franks Tract (10 supplied RMA stations),10,10.520000,2.362191,saltier,283,Franks Tract,-10.130000,-1.840103,fresher,265,Little Franks Tract at Fisherman's Cut,20.650000
2020-04-23,Baseline (BAU),Eco Machine,Franks Tract (10 supplied RMA stations),10,12.240000,2.748404,saltier,283,Franks Tract,-9.950000,-1.807406,fresher,265,Little Franks Tract at Fisherman's Cut,22.190000
2020-04-24,Baseline (BAU),Eco Machine,Franks Tract (10 supplied RMA stations),10,12.900000,2.896603,saltier,283,Franks Tract,-10.600000,-1.925478,fresher,265,Little Franks Tract at Fisherman's Cut,23.500000
2020-04-25,Baseline (BAU),Eco Machine,Franks Tract (10 supplied RMA stations),10,13.690000,3.073992,saltier,283,Franks Tract,-11.920000,-2.165255,fresher,265,Little Franks Tract at Fisherman's Cut,25.610000
2020-04-26,Baseline (BAU),Eco Machine,Franks Tract (10 supplied RMA stations),10,14.550000,3.267098,saltier,283,Franks Tract,-13.330000,-2.421380,fresher,265,Little Franks Tract at Fisherman's Cut,27.880000
2020-04-27,Baseline (BAU),Eco Machine,Franks Tract (10 supplied RMA stations),10,14.490000,3.253626,saltier,283,Franks Tract,-14.490000,-2.632092,fresher,265,Little Franks Tract at Fisherman's Cut,28.980000
2020-04-28,Baseline (BAU),Eco Machine,Franks Tract (10 supplied RMA stations),10,13.690000,3.073992,saltier,283,Franks Tract,-15.540000,-2.822824,fresher,265,Little Franks Tract at Fisherman's Cut,29.230000
2020-04-29,Baseline (BAU),Eco Machine,Franks Tract (10 supplied RMA stations),10,13.050000,2.930284,saltier,283,Franks Tract,-17.160000,-3.117095,fresher,265,Little Franks Tract at Fisherman's Cut,30.210000
2020-04-30,Baseline (BAU),Eco Machine,Franks Tract (10 supplied RMA stations),10,13.260000,2.977438,saltier,283,Franks Tract,-16.070000,-2.919098,fresher,265,Little Franks Tract at Fisherman's Cut,29.330000
2020-05-01,Baseline (BAU),Eco Machine,Franks Tract (10 supplied RMA stations),10,13.480000,3.026838,saltier,283,Franks Tract,-13.890000,-2.523103,fresher,265,Little Franks Tract at Fisherman's Cut,27.370000
2020-05-02,Baseline (BAU),Eco Machine,Franks Tract (10 supplied RMA stations),10,13.220000,2.968456,saltier,283,Franks Tract,-14.070000,-2.555800,fresher,265,Little Franks Tract at Fisherman's Cut,27.290000
2020-05-03,Baseline (BAU),Eco Machine,Franks Tract (10 supplied RMA stations),10,12.280000,2.757386,saltier,283,Franks Tract,-14.500000,-2.633909,fresher,265,Little Franks Tract at Fisherman's Cut,26.780000
2020-05-04,Baseline (BAU),Eco Machine,Franks Tract (10 supplied RMA stations),10,11.510000,2.584488,saltier,283,Franks Tract,-16.410000,-2.980858,fresher,265,Little Franks Tract at Fisherman's Cut,27.920000
2020-05-05,Baseline (BAU),Eco Machine,Franks Tract (10 supplied RMA stations),10,11.230000,2.521616,saltier,283,Franks Tract,-20.690000,-3.758316,fresher,265,Little Franks Tract at Fisherman's Cut,31.920000
2020-05-06,Baseline (BAU),Eco Machine,Franks Tract (10 supplied RMA stations),10,9.030000,2.027622,saltier,283,Franks Tract,-24.400000,-4.432233,fresher,265,Little Franks Tract at Fisherman's Cut,33.430000
2020-05-07,Baseline (BAU),Eco Machine,Franks Tract (10 supplied RMA stations),10,6.550000,1.489551,saltier,291,Frank's Tract at Sheep Slough,-33.270000,-6.043459,fresher,265,Little Franks Tract at Fisherman's Cut,39.820000
2020-05-08,Baseline (BAU),Eco Machine,Franks Tract (10 supplied RMA stations),10,4.210000,0.912773,saltier,282,South Central Franks Tract,-50.280000,-9.133306,fresher,265,Little Franks Tract at Fisherman's Cut,54.490000
2020-05-09,Baseline (BAU),Eco Machine,Franks Tract (10 supplied RMA stations),10,0.700000,0.159189,saltier,291,Frank's Tract at Sheep Slough,-69.460000,-12.617332,fresher,265,Little Franks Tract at Fisherman's Cut,70.160000
2020-05-10,Baseline (BAU),Eco Machine,Franks Tract (10 supplied RMA stations),10,-3.240000,-0.736816,fresher,291,Frank's Tract at Sheep Slough,-85.280000,-15.491018,fresher,265,Little Franks Tract at Fisherman's Cut,82.040000
2020-05-11,Baseline (BAU),Eco Machine,Franks Tract (10 supplied RMA stations),10,-7.430000,-1.689673,fresher,291,Frank's Tract at Sheep Slough,-91.450000,-16.611791,fresher,265,Little Franks Tract at Fisherman's Cut,84.020000
2020-05-12,Baseline (BAU),Eco Machine,Franks Tract (10 supplied RMA stations),10,-11.250000,-2.558388,fresher,291,Frank's Tract at Sheep Slough,-87.950000,-15.976020,fresher,265,Little Franks Tract at Fisherman's Cut,76.700000
2020-05-13,Baseline (BAU),Eco Machine,Franks Tract (10 supplied RMA stations),10,-13.970000,-3.176950,fresher,291,Frank's Tract at Sheep Slough,-76.920000,-13.972433,fresher,265,Little Franks Tract at Fisherman's Cut,62.950000
2020-05-14,Baseline (BAU),Eco Machine,Franks Tract (10 supplied RMA stations),10,-15.840000,-3.602211,fresher,291,Frank's Tract at Sheep Slough,-68.180000,-12.384821,fresher,265,Little Franks Tract at Fisherman's Cut,52.340000
2020-05-15,Baseline (BAU),Eco Machine,Franks Tract (10 supplied RMA stations),10,-17.420000,-3.961522,fresher,291,Frank's Tract at Sheep Slough,-62.030000,-11.267681,fresher,265,Little Franks Tract at Fisherman's Cut,44.610000
2020-05-16,Baseline (BAU),Eco Machine,Franks Tract (10 supplied RMA stations),10,-19.480000,-4.429992,fresher,291,Frank's Tract at Sheep Slough,-60.560000,-11.000657,fresher,265,Little Franks Tract at Fisherman's Cut,41.080000
2020-05-17,Baseline (BAU),Eco Machine,Franks Tract (10 supplied RMA stations),10,-20.930000,-4.759739,fresher,291,Frank's Tract at Sheep Slough,-61.140000,-11.106013,fresher,265,Little Franks Tract at Fisherman's Cut,40.210000
2020-05-18,Baseline (BAU),Eco Machine,Franks Tract (10 supplied RMA stations),10,-21.610000,-4.914380,fresher,291,Frank's Tract at Sheep Slough,-59.390000,-10.788128,fresher,265,Little Franks Tract at Fisherman's Cut,37.780000
2020-05-19,Baseline (BAU),Eco Machine,Franks Tract (10 supplied RMA stations),10,-22.230000,-5.055375,fresher,291,Frank's Tract at Sheep Slough,-54.100000,-9.827205,fresher,265,Little Franks Tract at Fisherman's Cut,31.870000
2020-05-20,Baseline (BAU),Eco Machine,Franks Tract (10 supplied RMA stations),10,-22.810000,-5.769950,fresher,285,Frank's Tract North East,-50.900000,-9.245929,fresher,265,Little Franks Tract at Fisherman's Cut,28.090000
2020-05-21,Baseline (BAU),Eco Machine,Franks Tract (10 supplied RMA stations),10,-21.160000,-5.352571,fresher,285,Frank's Tract North East,-51.190000,-9.298607,fresher,265,Little Franks Tract at Fisherman's Cut,30.030000
2020-05-22,Baseline (BAU),Eco Machine,Franks Tract (10 supplied RMA stations),10,-18.500000,-4.679706,fresher,285,Frank's Tract North East,-51.090000,-9.280442,fresher,265,Little Franks Tract at Fisherman's Cut,32.590000
2020-05-23,Baseline (BAU),Eco Machine,Franks Tract (10 supplied RMA stations),10,-14.310000,-3.619815,fresher,285,Frank's Tract North East,-46.940000,-8.526599,fresher,265,Little Franks Tract at Fisherman's Cut,32.630000
2020-05-24,Baseline (BAU),Eco Machine,Franks Tract (10 supplied RMA stations),10,-10.730000,-2.714229,fresher,285,Frank's Tract North East,-45.750000,-8.310437,fresher,265,Little Franks Tract at Fisherman's Cut,35.020000
2020-05-25,Baseline (BAU),Eco Machine,Franks Tract (10 supplied RMA stations),10,-8.390000,-2.122310,fresher,285,Frank's Tract North East,-45.040000,-8.181466,fresher,265,Little Franks Tract at Fisherman's Cut,36.650000
2020-05-26,Baseline (BAU),Eco Machine,Franks Tract (10 supplied RMA stations),10,-6.650000,-1.682164,fresher,285,Frank's Tract North East,-45.610000,-8.285006,fresher,265,Little Franks Tract at Fisherman's Cut,38.960000
2020-05-27,Baseline (BAU),Eco Machine,Franks Tract (10 supplied RMA stations),10,-5.780000,-1.462092,fresher,285,Frank's Tract North East,-46.780000,-8.497535,fresher,265,Little Franks Tract at Fisherman's Cut,41.000000
2020-05-28,Baseline (BAU),Eco Machine,Franks Tract (10 supplied RMA stations),10,-6.010000,-1.349502,fresher,283,Franks Tract,-45.340000,-8.235961,fresher,265,Little Franks Tract at Fisherman's Cut,39.330000
2020-05-29,Baseline (BAU),Eco Machine,Franks Tract (10 supplied RMA stations),10,-5.650000,-1.268667,fresher,283,Franks Tract,-44.410000,-8.067027,fresher,265,Little Franks Tract at Fisherman's Cut,38.760000
2020-05-30,Baseline (BAU),Eco Machine,Franks Tract (10 supplied RMA stations),10,-7.030000,-1.578536,fresher,283,Franks Tract,-41.240000,-7.491200,fresher,265,Little Franks Tract at Fisherman's Cut,34.210000
2020-05-31,Baseline (BAU),Eco Machine,Franks Tract (10 supplied RMA stations),10,-7.840000,-1.760416,fresher,283,Franks Tract,-38.570000,-7.006198,fresher,265,Little Franks Tract at Fisherman's Cut,30.730000
2020-06-01,Baseline (BAU),Eco Machine,Franks Tract (10 supplied RMA stations),10,-7.480000,-1.679580,fresher,283,Franks Tract,-38.500000,-6.993482,fresher,265,Little Franks Tract at Fisherman's Cut,31.020000
2020-06-02,Baseline (BAU),Eco Machine,Franks Tract (10 supplied RMA stations),10,-7.800000,-1.751434,fresher,283,Franks Tract,-41.550000,-7.547511,fresher,265,Little Franks Tract at Fisherman's Cut,33.750000
2020-06-03,Baseline (BAU),Eco Machine,Franks Tract (10 supplied RMA stations),10,-8.830000,-1.982713,fresher,283,Franks Tract,-48.800000,-8.864466,fresher,265,Little Franks Tract at Fisherman's Cut,39.970000
2020-06-04,Baseline (BAU),Eco Machine,Franks Tract (10 supplied RMA stations),10,-11.780000,-2.979834,fresher,285,Frank's Tract North East,-61.760000,-11.218636,fresher,265,Little Franks Tract at Fisherman's Cut,49.980000
2020-06-05,Baseline (BAU),Eco Machine,Franks Tract (10 supplied RMA stations),10,-14.340000,-3.627404,fresher,285,Frank's Tract North East,-79.710000,-14.479233,fresher,265,Little Franks Tract at Fisherman's Cut,65.370000
2020-06-06,Baseline (BAU),Eco Machine,Franks Tract (10 supplied RMA stations),10,-18.500000,-4.679706,fresher,285,Frank's Tract North East,-85.540000,-15.538246,fresher,265,Little Franks Tract at Fisherman's Cut,67.040000
2020-06-07,Baseline (BAU),Eco Machine,Franks Tract (10 supplied RMA stations),10,-21.530000,-5.446165,fresher,285,Frank's Tract North East,-74.770000,-13.581888,fresher,265,Little Franks Tract at Fisherman's Cut,53.240000
2020-06-08,Baseline (BAU),Eco Machine,Franks Tract (10 supplied RMA stations),10,-19.870000,-5.026257,fresher,285,Frank's Tract North East,-65.420000,-11.883471,fresher,265,Little Franks Tract at Fisherman's Cut,45.550000
2020-06-09,Baseline (BAU),Eco Machine,Franks Tract (10 supplied RMA stations),10,-18.070000,-4.570934,fresher,285,Frank's Tract North East,-65.700000,-11.934332,fresher,265,Little Franks Tract at Fisherman's Cut,47.630000
2020-06-10,Baseline (BAU),Eco Machine,Franks Tract (10 supplied RMA stations),10,-18.190000,-4.601289,fresher,285,Frank's Tract North East,-66.290000,-12.041505,fresher,265,Little Franks Tract at Fisherman's Cut,48.100000
2020-06-11,Baseline (BAU),Eco Machine,Franks Tract (10 supplied RMA stations),10,-19.320000,-4.887130,fresher,285,Frank's Tract North East,-64.120000,-11.647327,fresher,265,Little Franks Tract at Fisherman's Cut,44.800000
2020-06-12,Baseline (BAU),Eco Machine,Franks Tract (10 supplied RMA stations),10,-20.830000,-5.269095,fresher,285,Frank's Tract North East,-59.020000,-10.720918,fresher,265,Little Franks Tract at Fisherman's Cut,38.190000
2020-06-13,Baseline (BAU),Eco Machine,Franks Tract (10 supplied RMA stations),10,-21.470000,-5.430988,fresher,285,Frank's Tract North East,-53.020000,-9.631024,fresher,265,Little Franks Tract at Fisherman's Cut,31.550000
2020-06-14,Baseline (BAU),Eco Machine,Franks Tract (10 supplied RMA stations),10,-20.610000,-5.213445,fresher,285,Frank's Tract North East,-50.510000,-9.175086,fresher,265,Little Franks Tract at Fisherman's Cut,29.900000
2020-06-15,Baseline (BAU),Eco Machine,Franks Tract (10 supplied RMA stations),10,-20.660000,-5.226093,fresher,285,Frank's Tract North East,-50.900000,-9.245929,fresher,265,Little Franks Tract at Fisherman's Cut,30.240000
2020-06-16,Baseline (BAU),Eco Machine,Franks Tract (10 supplied RMA stations),10,-21.460000,-5.428458,fresher,285,Frank's Tract North East,-51.340000,-9.325854,fresher,265,Little Franks Tract at Fisherman's Cut,29.880000
2020-06-17,Baseline (BAU),Eco Machine,Franks Tract (10 supplied RMA stations),10,-18.850000,-4.768240,fresher,285,Frank's Tract North East,-53.760000,-9.765444,fresher,265,Little Franks Tract at Fisherman's Cut,34.910000
2020-06-18,Baseline (BAU),Eco Machine,Franks Tract (10 supplied RMA stations),10,-15.290000,-3.867713,fresher,285,Frank's Tract North East,-65.760000,-11.945231,fresher,265,Little Franks Tract at Fisherman's Cut,50.470000
2020-06-19,Baseline (BAU),Eco Machine,Franks Tract (10 supplied RMA stations),10,-14.860000,-3.758942,fresher,285,Frank's Tract North East,-79.810000,-14.497398,fresher,265,Little Franks Tract at Fisherman's Cut,64.950000
2020-06-20,Baseline (BAU),Eco Machine,Franks Tract (10 supplied RMA stations),10,-16.600000,-4.199087,fresher,285,Frank's Tract North East,-87.340000,-15.865214,fresher,265,Little Franks Tract at Fisherman's Cut,70.740000
2020-06-21,Baseline (BAU),Eco Machine,Franks Tract (10 supplied RMA stations),10,-18.890000,-4.778359,fresher,285,Frank's Tract North East,-92.570000,-16.815238,fresher,265,Little Franks Tract at Fisherman's Cut,73.680000
2020-06-22,Baseline (BAU),Eco Machine,Franks Tract (10 supplied RMA stations),10,-21.610000,-5.466402,fresher,285,Frank's Tract North East,-101.620000,-18.459160,fresher,265,Little Franks Tract at Fisherman's Cut,80.010000
2020-06-23,Baseline (BAU),Eco Machine,Franks Tract (10 supplied RMA stations),10,-25.810000,-6.528822,fresher,285,Frank's Tract North East,-108.420000,-19.694373,fresher,265,Little Franks Tract at Fisherman's Cut,82.610000
2020-06-24,Baseline (BAU),Eco Machine,Franks Tract (10 supplied RMA stations),10,-28.350000,-7.171333,fresher,285,Frank's Tract North East,-108.560000,-19.719804,fresher,265,Little Franks Tract at Fisherman's Cut,80.210000
2020-06-25,Baseline (BAU),Eco Machine,Franks Tract (10 supplied RMA stations),10,-29.230000,-7.393935,fresher,285,Frank's Tract North East,-107.240000,-19.480027,fresher,265,Little Franks Tract at Fisherman's Cut,78.010000
2020-06-26,Baseline (BAU),Eco Machine,Franks Tract (10 supplied RMA stations),10,-30.860000,-7.806255,fresher,285,Frank's Tract North East,-98.120000,-17.823389,fresher,265,Little Franks Tract at Fisherman's Cut,67.260000
2020-06-27,Baseline (BAU),Eco Machine,Franks Tract (10 supplied RMA stations),10,-31.490000,-7.965618,fresher,285,Frank's Tract North East,-89.750000,-16.302988,fresher,265,Little Franks Tract at Fisherman's Cut,58.260000
2020-06-28,Baseline (BAU),Eco Machine,Franks Tract (10 supplied RMA stations),10,-31.320000,-7.922615,fresher,285,Frank's Tract North East,-88.860000,-16.141321,fresher,265,Little Franks Tract at Fisherman's Cut,57.540000
2020-06-29,Baseline (BAU),Eco Machine,Franks Tract (10 supplied RMA stations),10,-29.600000,-7.487529,fresher,285,Frank's Tract North East,-86.640000,-15.738060,fresher,265,Little Franks Tract at Fisherman's Cut,57.040000
2020-06-30,Baseline (BAU),Eco Machine,Franks Tract (10 supplied RMA stations),10,-29.640000,-7.497647,fresher,285,Frank's Tract North East,-90.380000,-16.417427,fresher,265,Little Franks Tract at Fisherman's Cut,60.740000
2020-07-01,Baseline (BAU),Eco Machine,Franks Tract (10 supplied RMA stations),10,-32.270000,-8.162924,fresher,285,Frank's Tract North East,-108.840000,-19.770665,fresher,265,Little Franks Tract at Fisherman's Cut,76.570000
2020-07-02,Baseline (BAU),Eco Machine,Franks Tract (10 supplied RMA stations),10,-36.110000,-9.134279,fresher,285,Frank's Tract North East,-135.650000,-24.640672,fresher,265,Little Franks Tract at Fisherman's Cut,99.540000
2020-07-03,Baseline (BAU),Eco Machine,Franks Tract (10 supplied RMA stations),10,-41.190000,-10.419301,fresher,285,Frank's Tract North East,-148.030000,-26.889485,fresher,265,Little Franks Tract at Fisherman's Cut,106.840000
2020-07-04,Baseline (BAU),Eco Machine,Franks Tract (10 supplied RMA stations),10,-44.630000,-11.487285,fresher,292,Frank's Tract at Old River,-152.210000,-27.648778,fresher,265,Little Franks Tract at Fisherman's Cut,107.580000
2020-07-05,Baseline (BAU),Eco Machine,Franks Tract (10 supplied RMA stations),10,-46.830000,-12.053542,fresher,292,Frank's Tract at Old River,-162.230000,-29.468900,fresher,265,Little Franks Tract at Fisherman's Cut,115.400000
2020-07-06,Baseline (BAU),Eco Machine,Franks Tract (10 supplied RMA stations),10,-50.740000,-13.059934,fresher,292,Frank's Tract at Old River,-166.430000,-30.231825,fresher,265,Little Franks Tract at Fisherman's Cut,115.690000
2020-07-07,Baseline (BAU),Eco Machine,Franks Tract (10 supplied RMA stations),10,-53.720000,-13.826954,fresher,292,Frank's Tract at Old River,-158.570000,-28.804065,fresher,265,Little Franks Tract at Fisherman's Cut,104.850000
2020-07-08,Baseline (BAU),Eco Machine,Franks Tract (10 supplied RMA stations),10,-54.290000,-13.973666,fresher,292,Frank's Tract at Old River,-152.880000,-27.770483,fresher,265,Little Franks Tract at Fisherman's Cut,98.590000
2020-07-09,Baseline (BAU),Eco Machine,Franks Tract (10 supplied RMA stations),10,-54.630000,-14.061178,fresher,292,Frank's Tract at Old River,-150.050000,-27.256416,fresher,265,Little Franks Tract at Fisherman's Cut,95.420000
2020-07-10,Baseline (BAU),Eco Machine,Franks Tract (10 supplied RMA stations),10,-53.510000,-13.535732,fresher,285,Frank's Tract North East,-138.760000,-25.205600,fresher,265,Little Franks Tract at Fisherman's Cut,85.250000
2020-07-11,Baseline (BAU),Eco Machine,Franks Tract (10 supplied RMA stations),10,-52.340000,-13.239772,fresher,285,Frank's Tract North East,-130.170000,-23.645236,fresher,265,Little Franks Tract at Fisherman's Cut,77.830000
2020-07-12,Baseline (BAU),Eco Machine,Franks Tract (10 supplied RMA stations),10,-52.400000,-13.254950,fresher,285,Frank's Tract North East,-136.230000,-24.746029,fresher,265,Little Franks Tract at Fisherman's Cut,83.830000
2020-07-13,Baseline (BAU),Eco Machine,Franks Tract (10 supplied RMA stations),10,-53.970000,-13.652092,fresher,285,Frank's Tract North East,-151.350000,-27.492560,fresher,265,Little Franks Tract at Fisherman's Cut,97.380000
2020-07-14,Baseline (BAU),Eco Machine,Franks Tract (10 supplied RMA stations),10,-56.300000,-14.241482,fresher,285,Frank's Tract North East,-163.320000,-29.666897,fresher,265,Little Franks Tract at Fisherman's Cut,107.020000
2020-07-15,Baseline (BAU),Eco Machine,Franks Tract (10 supplied RMA stations),10,-59.810000,-15.394455,fresher,292,Frank's Tract at Old River,-180.450000,-32.778543,fresher,265,Little Franks Tract at Fisherman's Cut,120.640000
2020-07-16,Baseline (BAU),Eco Machine,Franks Tract (10 supplied RMA stations),10,-65.580000,-16.879592,fresher,292,Frank's Tract at Old River,-201.060000,-36.522326,fresher,265,Little Franks Tract at Fisherman's Cut,135.480000
2020-07-17,Baseline (BAU),Eco Machine,Franks Tract (10 supplied RMA stations),10,-71.380000,-18.372450,fresher,292,Frank's Tract at Old River,-214.100000,-38.891028,fresher,265,Little Franks Tract at Fisherman's Cut,142.720000
2020-07-18,Baseline (BAU),Eco Machine,Franks Tract (10 supplied RMA stations),10,-71.690000,-18.452240,fresher,292,Frank's Tract at Old River,-230.130000,-41.802860,fresher,265,Little Franks Tract at Fisherman's Cut,158.440000
2020-07-19,Baseline (BAU),Eco Machine,Franks Tract (10 supplied RMA stations),10,-76.500000,-19.690283,fresher,292,Frank's Tract at Old River,-244.640000,-44.438585,fresher,265,Little Franks Tract at Fisherman's Cut,168.140000
2020-07-20,Baseline (BAU),Eco Machine,Franks Tract (10 supplied RMA stations),10,-84.900000,-21.852353,fresher,292,Frank's Tract at Old River,-250.330000,-45.472167,fresher,265,Little Franks Tract at Fisherman's Cut,165.430000
2020-07-21,Baseline (BAU),Eco Machine,Franks Tract (10 supplied RMA stations),10,-87.970000,-22.642538,fresher,292,Frank's Tract at Old River,-251.390000,-45.664715,fresher,265,Little Franks Tract at Fisherman's Cut,163.420000
2020-07-22,Baseline (BAU),Eco Machine,Franks Tract (10 supplied RMA stations),10,-86.890000,-22.364558,fresher,292,Frank's Tract at Old River,-248.320000,-45.107053,fresher,265,Little Franks Tract at Fisherman's Cut,161.430000
2020-07-23,Baseline (BAU),Eco Machine,Franks Tract (10 supplied RMA stations),10,-86.890000,-22.364558,fresher,292,Frank's Tract at Old River,-237.500000,-51.492543,fresher,282,South Central Franks Tract,150.610000
2020-07-24,Baseline (BAU),Eco Machine,Franks Tract (10 supplied RMA stations),10,-88.640000,-22.814989,fresher,292,Frank's Tract at Old River,-241.060000,-52.264389,fresher,282,South Central Franks Tract,152.420000
2020-07-25,Baseline (BAU),Eco Machine,Franks Tract (10 supplied RMA stations),10,-93.040000,-23.947502,fresher,292,Frank's Tract at Old River,-243.380000,-52.767390,fresher,282,South Central Franks Tract,150.340000
2020-07-26,Baseline (BAU),Eco Machine,Franks Tract (10 supplied RMA stations),10,-97.770000,-25.164954,fresher,292,Frank's Tract at Old River,-246.070000,-53.350611,fresher,282,South Central Franks Tract,148.300000
2020-07-27,Baseline (BAU),Eco Machine,Franks Tract (10 supplied RMA stations),10,-107.450000,-27.180236,fresher,285,Frank's Tract North East,-247.450000,-53.649810,fresher,282,South Central Franks Tract,140.000000
2020-07-28,Baseline (BAU),Eco Machine,Franks Tract (10 supplied RMA stations),10,-115.960000,-29.332900,fresher,285,Frank's Tract North East,-248.990000,-53.983698,fresher,282,South Central Franks Tract,133.030000
2020-07-29,Baseline (BAU),Eco Machine,Franks Tract (10 supplied RMA stations),10,-119.930000,-30.868701,fresher,292,Frank's Tract at Old River,-251.500000,-54.527893,fresher,282,South Central Franks Tract,131.570000
2020-07-30,Baseline (BAU),Eco Machine,Franks Tract (10 supplied RMA stations),10,-120.920000,-31.123516,fresher,292,Frank's Tract at Old River,-253.850000,-55.037398,fresher,282,South Central Franks Tract,132.930000
2020-07-31,Baseline (BAU),Eco Machine,Franks Tract (10 supplied RMA stations),10,-119.360000,-30.721989,fresher,292,Frank's Tract at Old River,-254.350000,-55.145803,fresher,282,South Central Franks Tract,134.990000
2020-08-01,Baseline (BAU),Eco Machine,Franks Tract (10 supplied RMA stations),10,-114.320000,-29.424747,fresher,292,Frank's Tract at Old River,-254.440000,-46.218744,fresher,265,Little Franks Tract at Fisherman's Cut,140.120000
2020-08-02,Baseline (BAU),Eco Machine,Franks Tract (10 supplied RMA stations),10,-107.820000,-27.751716,fresher,292,Frank's Tract at Old River,-261.170000,-47.441241,fresher,265,Little Franks Tract at Fisherman's Cut,153.350000
2020-08-03,Baseline (BAU),Eco Machine,Franks Tract (10 supplied RMA stations),10,-105.860000,-27.247233,fresher,292,Frank's Tract at Old River,-261.970000,-47.586560,fresher,265,Little Franks Tract at Fisherman's Cut,156.110000
2020-08-04,Baseline (BAU),Eco Machine,Franks Tract (10 supplied RMA stations),10,-107.390000,-27.641039,fresher,292,Frank's Tract at Old River,-260.400000,-56.457508,fresher,282,South Central Franks Tract,153.010000
2020-08-05,Baseline (BAU),Eco Machine,Franks Tract (10 supplied RMA stations),10,-107.280000,-27.612726,fresher,292,Frank's Tract at Old River,-262.990000,-57.019048,fresher,282,South Central Franks Tract,155.710000
2020-08-06,Baseline (BAU),Eco Machine,Franks Tract (10 supplied RMA stations),10,-104.860000,-26.989844,fresher,292,Frank's Tract at Old River,-264.370000,-57.318247,fresher,282,South Central Franks Tract,159.510000
2020-08-07,Baseline (BAU),Eco Machine,Franks Tract (10 supplied RMA stations),10,-101.970000,-26.245989,fresher,292,Frank's Tract at Old River,-265.260000,-57.511208,fresher,282,South Central Franks Tract,163.290000
2020-08-08,Baseline (BAU),Eco Machine,Franks Tract (10 supplied RMA stations),10,-101.170000,-26.040077,fresher,292,Frank's Tract at Old River,-267.480000,-57.992528,fresher,282,South Central Franks Tract,166.310000
2020-08-09,Baseline (BAU),Eco Machine,Franks Tract (10 supplied RMA stations),10,-101.340000,-26.083834,fresher,292,Frank's Tract at Old River,-271.860000,-58.942159,fresher,282,South Central Franks Tract,170.520000
2020-08-10,Baseline (BAU),Eco Machine,Franks Tract (10 supplied RMA stations),10,-106.350000,-26.901983,fresher,285,Frank's Tract North East,-279.520000,-60.602929,fresher,282,South Central Franks Tract,173.170000
2020-08-11,Baseline (BAU),Eco Machine,Franks Tract (10 supplied RMA stations),10,-111.060000,-28.093411,fresher,285,Frank's Tract North East,-290.960000,-63.083243,fresher,282,South Central Franks Tract,179.900000
2020-08-12,Baseline (BAU),Eco Machine,Franks Tract (10 supplied RMA stations),10,-120.030000,-30.362435,fresher,285,Frank's Tract North East,-304.060000,-65.923464,fresher,282,South Central Franks Tract,184.030000
2020-08-13,Baseline (BAU),Eco Machine,Franks Tract (10 supplied RMA stations),10,-119.520000,-30.763171,fresher,292,Frank's Tract at Old River,-315.730000,-68.453645,fresher,282,South Central Franks Tract,196.210000
2020-08-14,Baseline (BAU),Eco Machine,Franks Tract (10 supplied RMA stations),10,-106.450000,-27.399093,fresher,292,Frank's Tract at Old River,-341.850000,-62.096674,fresher,265,Little Franks Tract at Fisherman's Cut,235.400000
2020-08-15,Baseline (BAU),Eco Machine,Franks Tract (10 supplied RMA stations),10,-97.660000,-25.136641,fresher,292,Frank's Tract at Old River,-370.630000,-67.324529,fresher,265,Little Franks Tract at Fisherman's Cut,272.970000
2020-08-16,Baseline (BAU),Eco Machine,Franks Tract (10 supplied RMA stations),10,-109.820000,-28.266495,fresher,292,Frank's Tract at Old River,-386.170000,-70.147353,fresher,265,Little Franks Tract at Fisherman's Cut,276.350000
2020-08-17,Baseline (BAU),Eco Machine,Franks Tract (10 supplied RMA stations),10,-127.520000,-32.822286,fresher,292,Frank's Tract at Old River,-388.890000,-87.322467,fresher,283,Franks Tract,261.370000
2020-08-18,Baseline (BAU),Eco Machine,Franks Tract (10 supplied RMA stations),10,-135.360000,-34.840218,fresher,292,Frank's Tract at Old River,-398.120000,-86.316679,fresher,282,South Central Franks Tract,262.760000
2020-08-19,Baseline (BAU),Eco Machine,Franks Tract (10 supplied RMA stations),10,-142.470000,-36.670256,fresher,292,Frank's Tract at Old River,-413.630000,-89.679413,fresher,282,South Central Franks Tract,271.160000
2020-08-20,Baseline (BAU),Eco Machine,Franks Tract (10 supplied RMA stations),10,-144.960000,-37.311156,fresher,292,Frank's Tract at Old River,-430.410000,-93.317497,fresher,282,South Central Franks Tract,285.450000
2020-08-21,Baseline (BAU),Eco Machine,Franks Tract (10 supplied RMA stations),10,-136.140000,-35.040982,fresher,292,Frank's Tract at Old River,-448.520000,-97.243938,fresher,282,South Central Franks Tract,312.380000
2020-08-22,Baseline (BAU),Eco Machine,Franks Tract (10 supplied RMA stations),10,-122.730000,-31.589391,fresher,292,Frank's Tract at Old River,-464.240000,-100.652203,fresher,282,South Central Franks Tract,341.510000
2020-08-23,Baseline (BAU),Eco Machine,Franks Tract (10 supplied RMA stations),10,-101.700000,-26.176494,fresher,292,Frank's Tract at Old River,-483.660000,-104.862667,fresher,282,South Central Franks Tract,381.960000
2020-08-24,Baseline (BAU),Eco Machine,Franks Tract (10 supplied RMA stations),10,-91.370000,-23.517662,fresher,292,Frank's Tract at Old River,-507.060000,-109.936037,fresher,282,South Central Franks Tract,415.690000
2020-08-25,Baseline (BAU),Eco Machine,Franks Tract (10 supplied RMA stations),10,-94.730000,-24.382490,fresher,292,Frank's Tract at Old River,-531.860000,-115.312943,fresher,282,South Central Franks Tract,437.130000
2020-08-26,Baseline (BAU),Eco Machine,Franks Tract (10 supplied RMA stations),10,-103.680000,-26.686125,fresher,292,Frank's Tract at Old River,-556.050000,-120.557594,fresher,282,South Central Franks Tract,452.370000
2020-08-27,Baseline (BAU),Eco Machine,Franks Tract (10 supplied RMA stations),10,-107.060000,-27.556100,fresher,292,Frank's Tract at Old River,-576.980000,-125.095442,fresher,282,South Central Franks Tract,469.920000
2020-08-28,Baseline (BAU),Eco Machine,Franks Tract (10 supplied RMA stations),10,-111.830000,-28.783848,fresher,292,Frank's Tract at Old River,-592.430000,-128.445167,fresher,282,South Central Franks Tract,480.600000
2020-08-29,Baseline (BAU),Eco Machine,Franks Tract (10 supplied RMA stations),10,-135.310000,-34.827349,fresher,292,Frank's Tract at Old River,-603.530000,-130.851766,fresher,282,South Central Franks Tract,468.220000
2020-08-30,Baseline (BAU),Eco Machine,Franks Tract (10 supplied RMA stations),10,-159.530000,-41.061318,fresher,292,Frank's Tract at Old River,-612.680000,-132.835584,fresher,282,South Central Franks Tract,453.150000
2020-08-31,Baseline (BAU),Eco Machine,Franks Tract (10 supplied RMA stations),10,-172.690000,-44.448561,fresher,292,Frank's Tract at Old River,-617.480000,-133.876276,fresher,282,South Central Franks Tract,444.790000
2020-09-01,Baseline (BAU),Eco Machine,Franks Tract (10 supplied RMA stations),10,-191.140000,-49.197394,fresher,292,Frank's Tract at Old River,-616.940000,-133.759198,fresher,282,South Central Franks Tract,425.800000
2020-09-02,Baseline (BAU),Eco Machine,Franks Tract (10 supplied RMA stations),10,-223.610000,-57.554826,fresher,292,Frank's Tract at Old River,-602.810000,-130.695663,fresher,282,South Central Franks Tract,379.200000
2020-09-03,Baseline (BAU),Eco Machine,Franks Tract (10 supplied RMA stations),10,-233.680000,-59.111005,fresher,285,Frank's Tract North East,-580.470000,-125.852111,fresher,282,South Central Franks Tract,346.790000
2020-09-04,Baseline (BAU),Eco Machine,Franks Tract (10 supplied RMA stations),10,-221.580000,-56.050224,fresher,285,Frank's Tract North East,-554.970000,-120.323438,fresher,282,South Central Franks Tract,333.390000
2020-09-05,Baseline (BAU),Eco Machine,Franks Tract (10 supplied RMA stations),10,-198.580000,-50.232212,fresher,285,Frank's Tract North East,-527.250000,-114.313445,fresher,282,South Central Franks Tract,328.670000
2020-09-06,Baseline (BAU),Eco Machine,Franks Tract (10 supplied RMA stations),10,-167.850000,-42.458842,fresher,285,Frank's Tract North East,-497.100000,-107.776603,fresher,282,South Central Franks Tract,329.250000
2020-09-07,Baseline (BAU),Eco Machine,Franks Tract (10 supplied RMA stations),10,-139.830000,-35.370985,fresher,285,Frank's Tract North East,-468.470000,-101.569312,fresher,282,South Central Franks Tract,328.640000
2020-09-08,Baseline (BAU),Eco Machine,Franks Tract (10 supplied RMA stations),10,-89.410000,-22.616890,fresher,285,Frank's Tract North East,-433.260000,-93.935407,fresher,282,South Central Franks Tract,343.850000
2020-09-09,Baseline (BAU),Eco Machine,Franks Tract (10 supplied RMA stations),10,-75.440000,-19.083080,fresher,285,Frank's Tract North East,-392.960000,-85.197936,fresher,282,South Central Franks Tract,317.520000
2020-09-10,Baseline (BAU),Eco Machine,Franks Tract (10 supplied RMA stations),10,-80.910000,-20.466755,fresher,285,Frank's Tract North East,-370.000000,-80.219962,fresher,282,South Central Franks Tract,289.090000
2020-09-11,Baseline (BAU),Eco Machine,Franks Tract (10 supplied RMA stations),10,-80.060000,-20.251742,fresher,285,Frank's Tract North East,-347.900000,-75.428445,fresher,282,South Central Franks Tract,267.840000
2020-09-12,Baseline (BAU),Eco Machine,Franks Tract (10 supplied RMA stations),10,-76.920000,-19.457457,fresher,285,Frank's Tract North East,-325.310000,-70.530691,fresher,282,South Central Franks Tract,248.390000
2020-09-13,Baseline (BAU),Eco Machine,Franks Tract (10 supplied RMA stations),10,-75.560000,-19.113435,fresher,285,Frank's Tract North East,-310.540000,-67.328397,fresher,282,South Central Franks Tract,234.980000
2020-09-14,Baseline (BAU),Eco Machine,Franks Tract (10 supplied RMA stations),10,-79.400000,-20.084790,fresher,285,Frank's Tract North East,-305.130000,-66.155451,fresher,282,South Central Franks Tract,225.730000
2020-09-15,Baseline (BAU),Eco Machine,Franks Tract (10 supplied RMA stations),10,-87.280000,-22.078092,fresher,285,Frank's Tract North East,-296.920000,-64.375435,fresher,282,South Central Franks Tract,209.640000
2020-09-16,Baseline (BAU),Eco Machine,Franks Tract (10 supplied RMA stations),10,-88.210000,-22.313342,fresher,285,Frank's Tract North East,-286.890000,-62.200824,fresher,282,South Central Franks Tract,198.680000
2020-09-17,Baseline (BAU),Eco Machine,Franks Tract (10 supplied RMA stations),10,-86.300000,-21.830194,fresher,285,Frank's Tract North East,-278.570000,-60.396959,fresher,282,South Central Franks Tract,192.270000
2020-09-18,Baseline (BAU),Eco Machine,Franks Tract (10 supplied RMA stations),10,-84.730000,-21.433051,fresher,285,Frank's Tract North East,-273.500000,-59.297728,fresher,282,South Central Franks Tract,188.770000
2020-09-19,Baseline (BAU),Eco Machine,Franks Tract (10 supplied RMA stations),10,-83.480000,-21.116855,fresher,285,Frank's Tract North East,-268.160000,-58.139959,fresher,282,South Central Franks Tract,184.680000
2020-09-20,Baseline (BAU),Eco Machine,Franks Tract (10 supplied RMA stations),10,-79.020000,-19.988667,fresher,285,Frank's Tract North East,-262.320000,-56.873785,fresher,282,South Central Franks Tract,183.300000
2020-09-21,Baseline (BAU),Eco Machine,Franks Tract (10 supplied RMA stations),10,-78.080000,-19.750887,fresher,285,Frank's Tract North East,-276.950000,-50.307661,fresher,265,Little Franks Tract at Fisherman's Cut,198.870000
2020-09-22,Baseline (BAU),Eco Machine,Franks Tract (10 supplied RMA stations),10,-82.570000,-20.886664,fresher,285,Frank's Tract North East,-282.370000,-51.292198,fresher,265,Little Franks Tract at Fisherman's Cut,199.800000
2020-09-23,Baseline (BAU),Eco Machine,Franks Tract (10 supplied RMA stations),10,-89.100000,-22.538474,fresher,285,Frank's Tract North East,-290.030000,-52.683628,fresher,265,Little Franks Tract at Fisherman's Cut,200.930000
2020-09-24,Baseline (BAU),Eco Machine,Franks Tract (10 supplied RMA stations),10,-94.280000,-23.848791,fresher,285,Frank's Tract North East,-310.160000,-56.340220,fresher,265,Little Franks Tract at Fisherman's Cut,215.880000
2020-09-25,Baseline (BAU),Eco Machine,Franks Tract (10 supplied RMA stations),10,-96.710000,-24.463477,fresher,285,Frank's Tract North East,-306.390000,-55.655404,fresher,265,Little Franks Tract at Fisherman's Cut,209.680000
2020-09-26,Baseline (BAU),Eco Machine,Franks Tract (10 supplied RMA stations),10,-91.380000,-23.115216,fresher,285,Frank's Tract North East,-286.860000,-52.107801,fresher,265,Little Franks Tract at Fisherman's Cut,195.480000
2020-09-27,Baseline (BAU),Eco Machine,Franks Tract (10 supplied RMA stations),10,-84.520000,-21.379930,fresher,285,Frank's Tract North East,-284.950000,-51.760852,fresher,265,Little Franks Tract at Fisherman's Cut,200.430000
2020-09-28,Baseline (BAU),Eco Machine,Franks Tract (10 supplied RMA stations),10,-84.330000,-21.331868,fresher,285,Frank's Tract North East,-299.290000,-54.365697,fresher,265,Little Franks Tract at Fisherman's Cut,214.960000
2020-09-29,Baseline (BAU),Eco Machine,Franks Tract (10 supplied RMA stations),10,-87.320000,-22.088210,fresher,285,Frank's Tract North East,-305.140000,-55.428343,fresher,265,Little Franks Tract at Fisherman's Cut,217.820000
2020-09-30,Baseline (BAU),Eco Machine,Franks Tract (10 supplied RMA stations),10,-94.080000,-23.798200,fresher,285,Frank's Tract North East,-302.220000,-54.897928,fresher,265,Little Franks Tract at Fisherman's Cut,208.140000
2020-10-01,Baseline (BAU),Eco Machine,Franks Tract (10 supplied RMA stations),10,-101.200000,-25.599254,fresher,285,Frank's Tract North East,-314.840000,-68.260683,fresher,282,South Central Franks Tract,213.640000
2020-10-02,Baseline (BAU),Eco Machine,Franks Tract (10 supplied RMA stations),10,-108.980000,-27.567260,fresher,285,Frank's Tract North East,-327.100000,-70.918782,fresher,282,South Central Franks Tract,218.120000
2020-10-03,Baseline (BAU),Eco Machine,Franks Tract (10 supplied RMA stations),10,-116.140000,-29.378432,fresher,285,Frank's Tract North East,-339.680000,-73.646261,fresher,282,South Central Franks Tract,223.540000
2020-10-04,Baseline (BAU),Eco Machine,Franks Tract (10 supplied RMA stations),10,-122.750000,-31.050479,fresher,285,Frank's Tract North East,-353.070000,-76.549356,fresher,282,South Central Franks Tract,230.320000
2020-10-05,Baseline (BAU),Eco Machine,Franks Tract (10 supplied RMA stations),10,-126.820000,-32.080014,fresher,285,Frank's Tract North East,-365.660000,-79.279003,fresher,282,South Central Franks Tract,238.840000
2020-10-06,Baseline (BAU),Eco Machine,Franks Tract (10 supplied RMA stations),10,-132.490000,-33.514280,fresher,285,Frank's Tract North East,-376.770000,-81.687770,fresher,282,South Central Franks Tract,244.280000
2020-10-07,Baseline (BAU),Eco Machine,Franks Tract (10 supplied RMA stations),10,-142.980000,-36.167800,fresher,285,Frank's Tract North East,-387.150000,-83.938265,fresher,282,South Central Franks Tract,244.170000
2020-10-08,Baseline (BAU),Eco Machine,Franks Tract (10 supplied RMA stations),10,-159.760000,-40.412419,fresher,285,Frank's Tract North East,-401.710000,-72.970176,fresher,265,Little Franks Tract at Fisherman's Cut,241.950000
2020-10-09,Baseline (BAU),Eco Machine,Franks Tract (10 supplied RMA stations),10,-166.810000,-42.195766,fresher,285,Frank's Tract North East,-406.840000,-73.902035,fresher,265,Little Franks Tract at Fisherman's Cut,240.030000
2020-10-10,Baseline (BAU),Eco Machine,Franks Tract (10 supplied RMA stations),10,-157.340000,-39.800263,fresher,285,Frank's Tract North East,-387.890000,-70.459789,fresher,265,Little Franks Tract at Fisherman's Cut,230.550000
2020-10-11,Baseline (BAU),Eco Machine,Franks Tract (10 supplied RMA stations),10,-138.920000,-29.177179,fresher,276,North West Franks Tract,-374.600000,-81.217291,fresher,282,South Central Franks Tract,235.680000
2020-10-12,Baseline (BAU),Eco Machine,Franks Tract (10 supplied RMA stations),10,-122.940000,-25.820921,fresher,276,North West Franks Tract,-360.770000,-78.218799,fresher,282,South Central Franks Tract,237.830000
2020-10-13,Baseline (BAU),Eco Machine,Franks Tract (10 supplied RMA stations),10,-135.660000,-34.316154,fresher,285,Frank's Tract North East,-348.400000,-75.536850,fresher,282,South Central Franks Tract,212.740000
2020-10-14,Baseline (BAU),Eco Machine,Franks Tract (10 supplied RMA stations),10,-137.470000,-34.774006,fresher,285,Frank's Tract North East,-343.980000,-74.578547,fresher,282,South Central Franks Tract,206.510000
2020-10-15,Baseline (BAU),Eco Machine,Franks Tract (10 supplied RMA stations),10,-149.730000,-37.875260,fresher,285,Frank's Tract North East,-345.480000,-74.903763,fresher,282,South Central Franks Tract,195.750000
2020-10-16,Baseline (BAU),Eco Machine,Franks Tract (10 supplied RMA stations),10,-154.040000,-39.648251,fresher,292,Frank's Tract at Old River,-372.350000,-67.636965,fresher,265,Little Franks Tract at Fisherman's Cut,218.310000
2020-10-17,Baseline (BAU),Eco Machine,Franks Tract (10 supplied RMA stations),10,-155.330000,-39.980283,fresher,292,Frank's Tract at Old River,-411.370000,-74.724905,fresher,265,Little Franks Tract at Fisherman's Cut,256.040000
2020-10-18,Baseline (BAU),Eco Machine,Franks Tract (10 supplied RMA stations),10,-160.680000,-41.357316,fresher,292,Frank's Tract at Old River,-437.120000,-79.402364,fresher,265,Little Franks Tract at Fisherman's Cut,276.440000
2020-10-19,Baseline (BAU),Eco Machine,Franks Tract (10 supplied RMA stations),10,-172.550000,-44.412527,fresher,292,Frank's Tract at Old River,-447.170000,-81.227935,fresher,265,Little Franks Tract at Fisherman's Cut,274.620000
2020-10-20,Baseline (BAU),Eco Machine,Franks Tract (10 supplied RMA stations),10,-184.090000,-47.382800,fresher,292,Frank's Tract at Old River,-462.430000,-83.999897,fresher,265,Little Franks Tract at Fisherman's Cut,278.340000
2020-10-21,Baseline (BAU),Eco Machine,Franks Tract (10 supplied RMA stations),10,-191.890000,-49.390436,fresher,292,Frank's Tract at Old River,-489.490000,-88.915316,fresher,265,Little Franks Tract at Fisherman's Cut,297.600000
2020-10-22,Baseline (BAU),Eco Machine,Franks Tract (10 supplied RMA stations),10,-199.670000,-51.392925,fresher,292,Frank's Tract at Old River,-504.020000,-91.554675,fresher,265,Little Franks Tract at Fisherman's Cut,304.350000
2020-10-23,Baseline (BAU),Eco Machine,Franks Tract (10 supplied RMA stations),10,-216.880000,-55.822595,fresher,292,Frank's Tract at Old River,-482.040000,-87.562032,fresher,265,Little Franks Tract at Fisherman's Cut,265.160000
2020-10-24,Baseline (BAU),Eco Machine,Franks Tract (10 supplied RMA stations),10,-235.090000,-60.509655,fresher,292,Frank's Tract at Old River,-479.630000,-103.988920,fresher,282,South Central Franks Tract,244.540000
2020-10-25,Baseline (BAU),Eco Machine,Franks Tract (10 supplied RMA stations),10,-237.990000,-49.984716,fresher,276,North West Franks Tract,-484.570000,-105.059964,fresher,282,South Central Franks Tract,246.580000
2020-10-26,Baseline (BAU),Eco Machine,Franks Tract (10 supplied RMA stations),10,-164.240000,-34.495104,fresher,276,North West Franks Tract,-475.920000,-103.184552,fresher,282,South Central Franks Tract,311.680000
2020-10-27,Baseline (BAU),Eco Machine,Franks Tract (10 supplied RMA stations),10,-159.210000,-33.438660,fresher,276,North West Franks Tract,-446.610000,-96.829830,fresher,282,South Central Franks Tract,287.400000
2020-10-28,Baseline (BAU),Eco Machine,Franks Tract (10 supplied RMA stations),10,-175.660000,-36.893631,fresher,276,North West Franks Tract,-421.270000,-91.335847,fresher,282,South Central Franks Tract,245.610000
2020-10-29,Baseline (BAU),Eco Machine,Franks Tract (10 supplied RMA stations),10,-185.550000,-38.970815,fresher,276,North West Franks Tract,-403.740000,-87.535155,fresher,282,South Central Franks Tract,218.190000
2020-10-30,Baseline (BAU),Eco Machine,Franks Tract (10 supplied RMA stations),10,-194.220000,-40.791763,fresher,276,North West Franks Tract,-392.030000,-84.996302,fresher,282,South Central Franks Tract,197.810000
2020-10-31,Baseline (BAU),Eco Machine,Franks Tract (10 supplied RMA stations),10,-192.410000,-40.411611,fresher,276,North West Franks Tract,-383.490000,-83.144738,fresher,282,South Central Franks Tract,191.080000
2020-11-01,Baseline (BAU),Eco Machine,Franks Tract (10 supplied RMA stations),10,-183.070000,-38.449943,fresher,276,North West Franks Tract,-372.750000,-80.816191,fresher,282,South Central Franks Tract,189.680000
2020-11-02,Baseline (BAU),Eco Machine,Franks Tract (10 supplied RMA stations),10,-181.220000,-38.061390,fresher,276,North West Franks Tract,-359.610000,-77.967298,fresher,282,South Central Franks Tract,178.390000
2020-11-03,Baseline (BAU),Eco Machine,Franks Tract (10 supplied RMA stations),10,-190.300000,-48.137728,fresher,285,Frank's Tract North East,-372.900000,-67.736872,fresher,265,Little Franks Tract at Fisherman's Cut,182.600000
2020-11-04,Baseline (BAU),Eco Machine,Franks Tract (10 supplied RMA stations),10,-185.160000,-38.888903,fresher,276,North West Franks Tract,-371.820000,-67.540691,fresher,265,Little Franks Tract at Fisherman's Cut,186.660000
2020-11-05,Baseline (BAU),Eco Machine,Franks Tract (10 supplied RMA stations),10,-189.340000,-39.766823,fresher,276,North West Franks Tract,-396.400000,-72.005621,fresher,265,Little Franks Tract at Fisherman's Cut,207.060000
2020-11-06,Baseline (BAU),Eco Machine,Franks Tract (10 supplied RMA stations),10,-189.260000,-47.874652,fresher,285,Frank's Tract North East,-462.310000,-83.978099,fresher,265,Little Franks Tract at Fisherman's Cut,273.050000
2020-11-07,Baseline (BAU),Eco Machine,Franks Tract (10 supplied RMA stations),10,-195.160000,-41.498165,fresher,281,South Franks Tract at Bethel Island,-423.930000,-77.006415,fresher,265,Little Franks Tract at Fisherman's Cut,228.770000
2020-11-08,Baseline (BAU),Eco Machine,Franks Tract (10 supplied RMA stations),10,-169.130000,-35.522144,fresher,276,North West Franks Tract,-351.040000,-63.766027,fresher,265,Little Franks Tract at Fisherman's Cut,181.910000
2020-11-09,Baseline (BAU),Eco Machine,Franks Tract (10 supplied RMA stations),10,-106.940000,-22.460463,fresher,276,North West Franks Tract,-338.230000,-73.331886,fresher,282,South Central Franks Tract,231.290000
2020-11-10,Baseline (BAU),Eco Machine,Franks Tract (10 supplied RMA stations),10,-97.100000,-20.393781,fresher,276,North West Franks Tract,-315.590000,-68.423291,fresher,282,South Central Franks Tract,218.490000
2020-11-11,Baseline (BAU),Eco Machine,Franks Tract (10 supplied RMA stations),10,-127.750000,-26.831159,fresher,276,North West Franks Tract,-298.630000,-64.746182,fresher,282,South Central Franks Tract,170.880000
2020-11-12,Baseline (BAU),Eco Machine,Franks Tract (10 supplied RMA stations),10,-164.650000,-34.581216,fresher,276,North West Franks Tract,-307.040000,-55.773476,fresher,265,Little Franks Tract at Fisherman's Cut,142.390000
2020-11-13,Baseline (BAU),Eco Machine,Franks Tract (10 supplied RMA stations),10,-166.700000,-35.446527,fresher,281,South Franks Tract at Bethel Island,-340.280000,-61.811485,fresher,265,Little Franks Tract at Fisherman's Cut,173.580000
2020-11-14,Baseline (BAU),Eco Machine,Franks Tract (10 supplied RMA stations),10,-171.380000,-36.441666,fresher,281,South Franks Tract at Bethel Island,-354.720000,-64.434495,fresher,265,Little Franks Tract at Fisherman's Cut,183.340000
2020-11-15,Baseline (BAU),Eco Machine,Franks Tract (10 supplied RMA stations),10,-178.030000,-37.855700,fresher,281,South Franks Tract at Bethel Island,-371.240000,-67.435335,fresher,265,Little Franks Tract at Fisherman's Cut,193.210000
2020-11-16,Baseline (BAU),Eco Machine,Franks Tract (10 supplied RMA stations),10,-175.500000,-45.171825,fresher,292,Frank's Tract at Old River,-416.550000,-75.665846,fresher,265,Little Franks Tract at Fisherman's Cut,241.050000
2020-11-17,Baseline (BAU),Eco Machine,Franks Tract (10 supplied RMA stations),10,-172.760000,-44.466579,fresher,292,Frank's Tract at Old River,-513.930000,-93.354815,fresher,265,Little Franks Tract at Fisherman's Cut,341.170000
2020-11-18,Baseline (BAU),Eco Machine,Franks Tract (10 supplied RMA stations),10,-177.130000,-45.591370,fresher,292,Frank's Tract at Old River,-535.630000,-97.296596,fresher,265,Little Franks Tract at Fisherman's Cut,358.500000
2020-11-19,Baseline (BAU),Eco Machine,Franks Tract (10 supplied RMA stations),10,-188.740000,-48.579660,fresher,292,Frank's Tract at Old River,-476.320000,-86.523000,fresher,265,Little Franks Tract at Fisherman's Cut,287.580000
2020-11-20,Baseline (BAU),Eco Machine,Franks Tract (10 supplied RMA stations),10,-196.980000,-50.700548,fresher,292,Frank's Tract at Old River,-434.300000,-78.890114,fresher,265,Little Franks Tract at Fisherman's Cut,237.320000
2020-11-21,Baseline (BAU),Eco Machine,Franks Tract (10 supplied RMA stations),10,-201.590000,-51.887113,fresher,292,Frank's Tract at Old River,-414.040000,-89.768305,fresher,282,South Central Franks Tract,212.450000
2020-11-22,Baseline (BAU),Eco Machine,Franks Tract (10 supplied RMA stations),10,-204.870000,-52.731350,fresher,292,Frank's Tract at Old River,-417.390000,-90.494621,fresher,282,South Central Franks Tract,212.520000
2020-11-23,Baseline (BAU),Eco Machine,Franks Tract (10 supplied RMA stations),10,-211.410000,-54.414676,fresher,292,Frank's Tract at Old River,-425.780000,-92.313663,fresher,282,South Central Franks Tract,214.370000
2020-11-24,Baseline (BAU),Eco Machine,Franks Tract (10 supplied RMA stations),10,-217.720000,-56.038802,fresher,292,Frank's Tract at Old River,-435.850000,-94.496947,fresher,282,South Central Franks Tract,218.130000
2020-11-25,Baseline (BAU),Eco Machine,Franks Tract (10 supplied RMA stations),10,-221.250000,-56.947387,fresher,292,Frank's Tract at Old River,-446.330000,-96.769123,fresher,282,South Central Franks Tract,225.080000
2020-11-26,Baseline (BAU),Eco Machine,Franks Tract (10 supplied RMA stations),10,-203.500000,-51.476761,fresher,285,Frank's Tract North East,-452.620000,-98.132862,fresher,282,South Central Franks Tract,249.120000
2020-11-27,Baseline (BAU),Eco Machine,Franks Tract (10 supplied RMA stations),10,-188.080000,-48.409783,fresher,292,Frank's Tract at Old River,-446.260000,-96.753946,fresher,282,South Central Franks Tract,258.180000
2020-11-28,Baseline (BAU),Eco Machine,Franks Tract (10 supplied RMA stations),10,-180.930000,-46.569449,fresher,292,Frank's Tract at Old River,-438.210000,-95.008620,fresher,282,South Central Franks Tract,257.280000
2020-11-29,Baseline (BAU),Eco Machine,Franks Tract (10 supplied RMA stations),10,-174.920000,-45.022540,fresher,292,Frank's Tract at Old River,-435.870000,-94.501283,fresher,282,South Central Franks Tract,260.950000
2018-10-01,Baseline (BAU),New Green Watershed,Franks Tract (10 supplied RMA stations),10,2.530000,0.639981,saltier,285,Frank's Tract North East,-233.390000,-42.395035,fresher,265,Little Franks Tract at Fisherman's Cut,235.920000
2018-10-02,Baseline (BAU),New Green Watershed,Franks Tract (10 supplied RMA stations),10,-4.390000,-1.110481,fresher,285,Frank's Tract North East,-256.560000,-46.603840,fresher,265,Little Franks Tract at Fisherman's Cut,252.170000
2018-10-03,Baseline (BAU),New Green Watershed,Franks Tract (10 supplied RMA stations),10,-10.560000,-2.718031,fresher,292,Frank's Tract at Old River,-261.080000,-47.424893,fresher,265,Little Franks Tract at Fisherman's Cut,250.520000
2018-10-04,Baseline (BAU),New Green Watershed,Franks Tract (10 supplied RMA stations),10,-17.330000,-4.460557,fresher,292,Frank's Tract at Old River,-249.600000,-45.339563,fresher,265,Little Franks Tract at Fisherman's Cut,232.270000
2018-10-05,Baseline (BAU),New Green Watershed,Franks Tract (10 supplied RMA stations),10,-13.180000,-3.333974,fresher,285,Frank's Tract North East,-234.570000,-42.609381,fresher,265,Little Franks Tract at Fisherman's Cut,221.390000
2018-10-06,Baseline (BAU),New Green Watershed,Franks Tract (10 supplied RMA stations),10,17.880000,4.522872,saltier,285,Frank's Tract North East,-227.060000,-41.245197,fresher,265,Little Franks Tract at Fisherman's Cut,244.940000
2018-10-07,Baseline (BAU),New Green Watershed,Franks Tract (10 supplied RMA stations),10,32.480000,8.216045,saltier,285,Frank's Tract North East,-204.710000,-37.185345,fresher,265,Little Franks Tract at Fisherman's Cut,237.190000
2018-10-08,Baseline (BAU),New Green Watershed,Franks Tract (10 supplied RMA stations),10,3.590000,0.908116,saltier,285,Frank's Tract North East,-212.120000,-38.531363,fresher,265,Little Franks Tract at Fisherman's Cut,215.710000
2018-10-09,Baseline (BAU),New Green Watershed,Franks Tract (10 supplied RMA stations),10,-7.850000,-2.020506,fresher,292,Frank's Tract at Old River,-250.510000,-45.504864,fresher,265,Little Franks Tract at Fisherman's Cut,242.660000
2018-10-10,Baseline (BAU),New Green Watershed,Franks Tract (10 supplied RMA stations),10,-19.950000,-5.134917,fresher,292,Frank's Tract at Old River,-286.830000,-52.102352,fresher,265,Little Franks Tract at Fisherman's Cut,266.880000
2018-10-11,Baseline (BAU),New Green Watershed,Franks Tract (10 supplied RMA stations),10,-42.180000,-10.856681,fresher,292,Frank's Tract at Old River,-288.130000,-52.338495,fresher,265,Little Franks Tract at Fisherman's Cut,245.950000
2018-10-12,Baseline (BAU),New Green Watershed,Franks Tract (10 supplied RMA stations),10,-57.500000,-14.799886,fresher,292,Frank's Tract at Old River,-281.470000,-51.128714,fresher,265,Little Franks Tract at Fisherman's Cut,223.970000
2018-10-13,Baseline (BAU),New Green Watershed,Franks Tract (10 supplied RMA stations),10,-63.230000,-16.274727,fresher,292,Frank's Tract at Old River,-295.300000,-53.640918,fresher,265,Little Franks Tract at Fisherman's Cut,232.070000
2018-10-14,Baseline (BAU),New Green Watershed,Franks Tract (10 supplied RMA stations),10,-36.130000,-9.139338,fresher,285,Frank's Tract North East,-286.610000,-52.062389,fresher,265,Little Franks Tract at Fisherman's Cut,250.480000
2018-10-15,Baseline (BAU),New Green Watershed,Franks Tract (10 supplied RMA stations),10,-22.380000,-5.661179,fresher,285,Frank's Tract North East,-267.830000,-48.651023,fresher,265,Little Franks Tract at Fisherman's Cut,245.450000
2018-10-16,Baseline (BAU),New Green Watershed,Franks Tract (10 supplied RMA stations),10,-35.340000,-8.939502,fresher,285,Frank's Tract North East,-273.780000,-49.731834,fresher,265,Little Franks Tract at Fisherman's Cut,238.440000
2018-10-17,Baseline (BAU),New Green Watershed,Franks Tract (10 supplied RMA stations),10,-40.050000,-10.130930,fresher,285,Frank's Tract North East,-265.720000,-48.267744,fresher,265,Little Franks Tract at Fisherman's Cut,225.670000
2018-10-18,Baseline (BAU),New Green Watershed,Franks Tract (10 supplied RMA stations),10,-40.620000,-10.275116,fresher,285,Frank's Tract North East,-245.730000,-44.636582,fresher,265,Little Franks Tract at Fisherman's Cut,205.110000
2018-10-19,Baseline (BAU),New Green Watershed,Franks Tract (10 supplied RMA stations),10,-42.370000,-10.717790,fresher,285,Frank's Tract North East,-235.620000,-42.800112,fresher,265,Little Franks Tract at Fisherman's Cut,193.250000
2018-10-20,Baseline (BAU),New Green Watershed,Franks Tract (10 supplied RMA stations),10,-42.850000,-10.839210,fresher,285,Frank's Tract North East,-246.520000,-44.780085,fresher,265,Little Franks Tract at Fisherman's Cut,203.670000
2018-10-21,Baseline (BAU),New Green Watershed,Franks Tract (10 supplied RMA stations),10,-40.290000,-10.191640,fresher,285,Frank's Tract North East,-267.570000,-48.603794,fresher,265,Little Franks Tract at Fisherman's Cut,227.280000
2018-10-22,Baseline (BAU),New Green Watershed,Franks Tract (10 supplied RMA stations),10,-36.290000,-9.179812,fresher,285,Frank's Tract North East,-277.320000,-50.374871,fresher,265,Little Franks Tract at Fisherman's Cut,241.030000
2018-10-23,Baseline (BAU),New Green Watershed,Franks Tract (10 supplied RMA stations),10,-40.370000,-10.211876,fresher,285,Frank's Tract North East,-270.090000,-49.061549,fresher,265,Little Franks Tract at Fisherman's Cut,229.720000
2018-10-24,Baseline (BAU),New Green Watershed,Franks Tract (10 supplied RMA stations),10,-51.770000,-13.095587,fresher,285,Frank's Tract North East,-262.950000,-47.764576,fresher,265,Little Franks Tract at Fisherman's Cut,211.180000
2018-10-25,Baseline (BAU),New Green Watershed,Franks Tract (10 supplied RMA stations),10,-57.900000,-14.646213,fresher,285,Frank's Tract North East,-263.260000,-47.820887,fresher,265,Little Franks Tract at Fisherman's Cut,205.360000
2018-10-26,Baseline (BAU),New Green Watershed,Franks Tract (10 supplied RMA stations),10,-62.720000,-15.865467,fresher,285,Frank's Tract North East,-277.440000,-50.396669,fresher,265,Little Franks Tract at Fisherman's Cut,214.720000
2018-10-27,Baseline (BAU),New Green Watershed,Franks Tract (10 supplied RMA stations),10,-65.730000,-16.626867,fresher,285,Frank's Tract North East,-304.510000,-55.313904,fresher,265,Little Franks Tract at Fisherman's Cut,238.780000
2018-10-28,Baseline (BAU),New Green Watershed,Franks Tract (10 supplied RMA stations),10,-60.310000,-15.255840,fresher,285,Frank's Tract North East,-319.280000,-57.996858,fresher,265,Little Franks Tract at Fisherman's Cut,258.970000
2018-10-29,Baseline (BAU),New Green Watershed,Franks Tract (10 supplied RMA stations),10,-41.170000,-10.414242,fresher,285,Frank's Tract North East,-300.060000,-54.505567,fresher,265,Little Franks Tract at Fisherman's Cut,258.890000
2018-10-30,Baseline (BAU),New Green Watershed,Franks Tract (10 supplied RMA stations),10,-19.500000,-4.932663,fresher,285,Frank's Tract North East,-290.700000,-52.805333,fresher,265,Little Franks Tract at Fisherman's Cut,271.200000
2018-10-31,Baseline (BAU),New Green Watershed,Franks Tract (10 supplied RMA stations),10,-25.420000,-6.430168,fresher,285,Frank's Tract North East,-281.310000,-51.099650,fresher,265,Little Franks Tract at Fisherman's Cut,255.890000
2018-11-01,Baseline (BAU),New Green Watershed,Franks Tract (10 supplied RMA stations),10,-37.270000,-9.427709,fresher,285,Frank's Tract North East,-271.150000,-49.254097,fresher,265,Little Franks Tract at Fisherman's Cut,233.880000
2018-11-02,Baseline (BAU),New Green Watershed,Franks Tract (10 supplied RMA stations),10,-47.650000,-12.053404,fresher,285,Frank's Tract North East,-265.270000,-48.186002,fresher,265,Little Franks Tract at Fisherman's Cut,217.620000
2018-11-03,Baseline (BAU),New Green Watershed,Franks Tract (10 supplied RMA stations),10,-52.710000,-13.333366,fresher,285,Frank's Tract North East,-270.230000,-49.086980,fresher,265,Little Franks Tract at Fisherman's Cut,217.520000
2018-11-04,Baseline (BAU),New Green Watershed,Franks Tract (10 supplied RMA stations),10,-60.280000,-15.248251,fresher,285,Frank's Tract North East,-286.150000,-51.978830,fresher,265,Little Franks Tract at Fisherman's Cut,225.870000
2018-11-05,Baseline (BAU),New Green Watershed,Franks Tract (10 supplied RMA stations),10,-74.500000,-18.845301,fresher,285,Frank's Tract North East,-312.530000,-56.770728,fresher,265,Little Franks Tract at Fisherman's Cut,238.030000
2018-11-06,Baseline (BAU),New Green Watershed,Franks Tract (10 supplied RMA stations),10,-80.920000,-20.827944,fresher,292,Frank's Tract at Old River,-352.520000,-64.034867,fresher,265,Little Franks Tract at Fisherman's Cut,271.600000
2018-11-07,Baseline (BAU),New Green Watershed,Franks Tract (10 supplied RMA stations),10,-89.550000,-23.049213,fresher,292,Frank's Tract at Old River,-392.730000,-71.338969,fresher,265,Little Franks Tract at Fisherman's Cut,303.180000
2018-11-08,Baseline (BAU),New Green Watershed,Franks Tract (10 supplied RMA stations),10,-98.850000,-25.442934,fresher,292,Frank's Tract at Old River,-425.840000,-77.353364,fresher,265,Little Franks Tract at Fisherman's Cut,326.990000
2018-11-09,Baseline (BAU),New Green Watershed,Franks Tract (10 supplied RMA stations),10,-112.210000,-28.881655,fresher,292,Frank's Tract at Old River,-449.950000,-81.732919,fresher,265,Little Franks Tract at Fisherman's Cut,337.740000
2018-11-10,Baseline (BAU),New Green Watershed,Franks Tract (10 supplied RMA stations),10,-122.240000,-31.463270,fresher,292,Frank's Tract at Old River,-478.880000,-86.988021,fresher,265,Little Franks Tract at Fisherman's Cut,356.640000
2018-11-11,Baseline (BAU),New Green Watershed,Franks Tract (10 supplied RMA stations),10,-134.660000,-34.660046,fresher,292,Frank's Tract at Old River,-473.220000,-85.959889,fresher,265,Little Franks Tract at Fisherman's Cut,338.560000
2018-11-12,Baseline (BAU),New Green Watershed,Franks Tract (10 supplied RMA stations),10,-150.340000,-38.695910,fresher,292,Frank's Tract at Old River,-437.890000,-79.542233,fresher,265,Little Franks Tract at Fisherman's Cut,287.550000
2018-11-13,Baseline (BAU),New Green Watershed,Franks Tract (10 supplied RMA stations),10,-163.220000,-42.011085,fresher,292,Frank's Tract at Old River,-416.320000,-75.624067,fresher,265,Little Franks Tract at Fisherman's Cut,253.100000
2018-11-14,Baseline (BAU),New Green Watershed,Franks Tract (10 supplied RMA stations),10,-173.850000,-44.747133,fresher,292,Frank's Tract at Old River,-412.040000,-89.334684,fresher,282,South Central Franks Tract,238.190000
2018-11-15,Baseline (BAU),New Green Watershed,Franks Tract (10 supplied RMA stations),10,-183.150000,-47.140854,fresher,292,Frank's Tract at Old River,-412.280000,-89.386718,fresher,282,South Central Franks Tract,229.130000
2018-11-16,Baseline (BAU),New Green Watershed,Franks Tract (10 supplied RMA stations),10,-188.100000,-48.414931,fresher,292,Frank's Tract at Old River,-420.740000,-91.220937,fresher,282,South Central Franks Tract,232.640000
2018-11-17,Baseline (BAU),New Green Watershed,Franks Tract (10 supplied RMA stations),10,-194.050000,-49.946397,fresher,292,Frank's Tract at Old River,-434.370000,-94.176067,fresher,282,South Central Franks Tract,240.320000
2018-11-18,Baseline (BAU),New Green Watershed,Franks Tract (10 supplied RMA stations),10,-204.560000,-52.651559,fresher,292,Frank's Tract at Old River,-446.570000,-96.821158,fresher,282,South Central Franks Tract,242.010000
2018-11-19,Baseline (BAU),New Green Watershed,Franks Tract (10 supplied RMA stations),10,-207.390000,-53.379971,fresher,292,Frank's Tract at Old River,-460.800000,-99.906374,fresher,282,South Central Franks Tract,253.410000
2018-11-20,Baseline (BAU),New Green Watershed,Franks Tract (10 supplied RMA stations),10,-207.390000,-53.379971,fresher,292,Frank's Tract at Old River,-480.790000,-104.240420,fresher,282,South Central Franks Tract,273.400000
2018-11-21,Baseline (BAU),New Green Watershed,Franks Tract (10 supplied RMA stations),10,-208.430000,-53.647656,fresher,292,Frank's Tract at Old River,-530.770000,-96.413782,fresher,265,Little Franks Tract at Fisherman's Cut,322.340000
2018-11-22,Baseline (BAU),New Green Watershed,Franks Tract (10 supplied RMA stations),10,-215.370000,-55.433938,fresher,292,Frank's Tract at Old River,-551.320000,-123.794961,fresher,283,Franks Tract,335.950000
2018-11-23,Baseline (BAU),New Green Watershed,Franks Tract (10 supplied RMA stations),10,-222.620000,-57.300010,fresher,292,Frank's Tract at Old River,-553.540000,-120.013399,fresher,282,South Central Franks Tract,330.920000
2018-11-24,Baseline (BAU),New Green Watershed,Franks Tract (10 supplied RMA stations),10,-226.160000,-58.211168,fresher,292,Frank's Tract at Old River,-562.510000,-121.958191,fresher,282,South Central Franks Tract,336.350000
2018-11-25,Baseline (BAU),New Green Watershed,Franks Tract (10 supplied RMA stations),10,-230.210000,-59.253595,fresher,292,Frank's Tract at Old River,-556.920000,-120.746219,fresher,282,South Central Franks Tract,326.710000
2018-11-26,Baseline (BAU),New Green Watershed,Franks Tract (10 supplied RMA stations),10,-203.060000,-42.648416,fresher,276,North West Franks Tract,-533.080000,-115.577452,fresher,282,South Central Franks Tract,330.020000
2018-11-27,Baseline (BAU),New Green Watershed,Franks Tract (10 supplied RMA stations),10,-191.630000,-40.247789,fresher,276,North West Franks Tract,-500.800000,-108.578802,fresher,282,South Central Franks Tract,309.170000
2018-11-28,Baseline (BAU),New Green Watershed,Franks Tract (10 supplied RMA stations),10,-198.440000,-41.678084,fresher,276,North West Franks Tract,-465.020000,-100.821315,fresher,282,South Central Franks Tract,266.580000
2018-11-29,Baseline (BAU),New Green Watershed,Franks Tract (10 supplied RMA stations),10,-210.550000,-53.260108,fresher,285,Frank's Tract North East,-436.720000,-94.685572,fresher,282,South Central Franks Tract,226.170000
2018-11-30,Baseline (BAU),New Green Watershed,Franks Tract (10 supplied RMA stations),10,-165.760000,-34.814348,fresher,276,North West Franks Tract,-410.980000,-89.104865,fresher,282,South Central Franks Tract,245.220000
2018-12-01,Baseline (BAU),New Green Watershed,Franks Tract (10 supplied RMA stations),10,-98.620000,-20.713025,fresher,276,North West Franks Tract,-382.650000,-82.962617,fresher,282,South Central Franks Tract,284.030000
2018-12-02,Baseline (BAU),New Green Watershed,Franks Tract (10 supplied RMA stations),10,-79.380000,-16.672074,fresher,276,North West Franks Tract,-346.630000,-75.153095,fresher,282,South Central Franks Tract,267.250000
2018-12-03,Baseline (BAU),New Green Watershed,Franks Tract (10 supplied RMA stations),10,-74.550000,-15.657635,fresher,276,North West Franks Tract,-305.970000,-66.337572,fresher,282,South Central Franks Tract,231.420000
2018-12-04,Baseline (BAU),New Green Watershed,Franks Tract (10 supplied RMA stations),10,-79.180000,-20.029140,fresher,285,Frank's Tract North East,-273.200000,-62.129039,fresher,291,Frank's Tract at Sheep Slough,194.020000
2018-12-05,Baseline (BAU),New Green Watershed,Franks Tract (10 supplied RMA stations),10,-72.590000,-18.362153,fresher,285,Frank's Tract North East,-268.250000,-48.727315,fresher,265,Little Franks Tract at Fisherman's Cut,195.660000
2018-12-06,Baseline (BAU),New Green Watershed,Franks Tract (10 supplied RMA stations),10,-79.090000,-20.006373,fresher,285,Frank's Tract North East,-265.170000,-48.167837,fresher,265,Little Franks Tract at Fisherman's Cut,186.080000
2018-12-07,Baseline (BAU),New Green Watershed,Franks Tract (10 supplied RMA stations),10,-86.160000,-22.176664,fresher,292,Frank's Tract at Old River,-252.290000,-45.828199,fresher,265,Little Franks Tract at Fisherman's Cut,166.130000
2018-12-08,Baseline (BAU),New Green Watershed,Franks Tract (10 supplied RMA stations),10,-85.840000,-22.094299,fresher,292,Frank's Tract at Old River,-242.280000,-44.009894,fresher,265,Little Franks Tract at Fisherman's Cut,156.440000
2018-12-09,Baseline (BAU),New Green Watershed,Franks Tract (10 supplied RMA stations),10,-82.400000,-21.208880,fresher,292,Frank's Tract at Old River,-246.470000,-44.771002,fresher,265,Little Franks Tract at Fisherman's Cut,164.070000
2018-12-10,Baseline (BAU),New Green Watershed,Franks Tract (10 supplied RMA stations),10,-78.870000,-20.300296,fresher,292,Frank's Tract at Old River,-256.040000,-46.509382,fresher,265,Little Franks Tract at Fisherman's Cut,177.170000
2018-12-11,Baseline (BAU),New Green Watershed,Franks Tract (10 supplied RMA stations),10,-80.870000,-20.815074,fresher,292,Frank's Tract at Old River,-255.080000,-46.334999,fresher,265,Little Franks Tract at Fisherman's Cut,174.210000
2018-12-12,Baseline (BAU),New Green Watershed,Franks Tract (10 supplied RMA stations),10,-88.970000,-22.899928,fresher,292,Frank's Tract at Old River,-230.480000,-41.866437,fresher,265,Little Franks Tract at Fisherman's Cut,141.510000
2018-12-13,Baseline (BAU),New Green Watershed,Franks Tract (10 supplied RMA stations),10,-91.600000,-23.576862,fresher,292,Frank's Tract at Old River,-228.250000,-49.487044,fresher,282,South Central Franks Tract,136.650000
2018-12-14,Baseline (BAU),New Green Watershed,Franks Tract (10 supplied RMA stations),10,-89.410000,-23.013179,fresher,292,Frank's Tract at Old River,-256.970000,-46.678316,fresher,265,Little Franks Tract at Fisherman's Cut,167.560000
2018-12-15,Baseline (BAU),New Green Watershed,Franks Tract (10 supplied RMA stations),10,-97.600000,-25.121198,fresher,292,Frank's Tract at Old River,-255.700000,-46.447622,fresher,265,Little Franks Tract at Fisherman's Cut,158.100000
2018-12-16,Baseline (BAU),New Green Watershed,Franks Tract (10 supplied RMA stations),10,-101.570000,-26.143033,fresher,292,Frank's Tract at Old River,-273.500000,-49.680972,fresher,265,Little Franks Tract at Fisherman's Cut,171.930000
2018-12-17,Baseline (BAU),New Green Watershed,Franks Tract (10 supplied RMA stations),10,-108.770000,-27.996236,fresher,292,Frank's Tract at Old River,-271.540000,-49.324940,fresher,265,Little Franks Tract at Fisherman's Cut,162.770000
2018-12-18,Baseline (BAU),New Green Watershed,Franks Tract (10 supplied RMA stations),10,-117.520000,-30.248393,fresher,292,Frank's Tract at Old River,-258.350000,-56.013046,fresher,282,South Central Franks Tract,140.830000
2018-12-19,Baseline (BAU),New Green Watershed,Franks Tract (10 supplied RMA stations),10,-116.500000,-29.985856,fresher,292,Frank's Tract at Old River,-260.490000,-56.477021,fresher,282,South Central Franks Tract,143.990000
2018-12-20,Baseline (BAU),New Green Watershed,Franks Tract (10 supplied RMA stations),10,-106.780000,-27.484031,fresher,292,Frank's Tract at Old River,-272.160000,-49.437562,fresher,265,Little Franks Tract at Fisherman's Cut,165.380000
2018-12-21,Baseline (BAU),New Green Watershed,Franks Tract (10 supplied RMA stations),10,-99.660000,-25.651420,fresher,292,Frank's Tract at Old River,-287.520000,-52.227689,fresher,265,Little Franks Tract at Fisherman's Cut,187.860000
2018-12-22,Baseline (BAU),New Green Watershed,Franks Tract (10 supplied RMA stations),10,-100.220000,-25.795558,fresher,292,Frank's Tract at Old River,-282.540000,-51.323078,fresher,265,Little Franks Tract at Fisherman's Cut,182.320000
2018-12-23,Baseline (BAU),New Green Watershed,Franks Tract (10 supplied RMA stations),10,-104.000000,-26.768489,fresher,292,Frank's Tract at Old River,-266.930000,-48.487539,fresher,265,Little Franks Tract at Fisherman's Cut,162.930000
2018-12-24,Baseline (BAU),New Green Watershed,Franks Tract (10 supplied RMA stations),10,-106.610000,-27.440275,fresher,292,Frank's Tract at Old River,-258.390000,-46.936257,fresher,265,Little Franks Tract at Fisherman's Cut,151.780000
2018-12-25,Baseline (BAU),New Green Watershed,Franks Tract (10 supplied RMA stations),10,-111.110000,-28.598527,fresher,292,Frank's Tract at Old River,-249.520000,-54.098608,fresher,282,South Central Franks Tract,138.410000
2018-12-26,Baseline (BAU),New Green Watershed,Franks Tract (10 supplied RMA stations),10,-104.010000,-21.845079,fresher,276,North West Franks Tract,-242.900000,-52.663321,fresher,282,South Central Franks Tract,138.890000
2018-12-27,Baseline (BAU),New Green Watershed,Franks Tract (10 supplied RMA stations),10,-72.590000,-15.245979,fresher,276,North West Franks Tract,-228.280000,-49.493548,fresher,282,South Central Franks Tract,155.690000
2018-12-28,Baseline (BAU),New Green Watershed,Franks Tract (10 supplied RMA stations),10,-37.620000,-7.901278,fresher,276,North West Franks Tract,-206.090000,-44.682519,fresher,282,South Central Franks Tract,168.470000
2018-12-29,Baseline (BAU),New Green Watershed,Franks Tract (10 supplied RMA stations),10,-22.670000,-4.761349,fresher,276,North West Franks Tract,-182.670000,-39.604812,fresher,282,South Central Franks Tract,160.000000
2018-12-30,Baseline (BAU),New Green Watershed,Franks Tract (10 supplied RMA stations),10,-18.130000,-3.807819,fresher,276,North West Franks Tract,-166.300000,-37.818665,fresher,291,Frank's Tract at Sheep Slough,148.170000
2018-12-31,Baseline (BAU),New Green Watershed,Franks Tract (10 supplied RMA stations),10,0.160000,0.033605,saltier,276,North West Franks Tract,-165.670000,-37.675395,fresher,291,Frank's Tract at Sheep Slough,165.830000
2019-01-01,Baseline (BAU),New Green Watershed,Franks Tract (10 supplied RMA stations),10,5.110000,1.073246,saltier,276,North West Franks Tract,-150.930000,-34.323338,fresher,291,Frank's Tract at Sheep Slough,156.040000
2019-01-02,Baseline (BAU),New Green Watershed,Franks Tract (10 supplied RMA stations),10,-19.710000,-4.139665,fresher,276,North West Franks Tract,-132.730000,-24.110257,fresher,265,Little Franks Tract at Fisherman's Cut,113.020000
2019-01-03,Baseline (BAU),New Green Watershed,Franks Tract (10 supplied RMA stations),10,-34.260000,-7.195581,fresher,276,North West Franks Tract,-134.930000,-24.509885,fresher,265,Little Franks Tract at Fisherman's Cut,100.670000
2019-01-04,Baseline (BAU),New Green Watershed,Franks Tract (10 supplied RMA stations),10,-35.480000,-7.544348,fresher,281,South Franks Tract at Bethel Island,-153.030000,-27.797730,fresher,265,Little Franks Tract at Fisherman's Cut,117.550000
2019-01-05,Baseline (BAU),New Green Watershed,Franks Tract (10 supplied RMA stations),10,-34.480000,-7.331711,fresher,281,South Franks Tract at Bethel Island,-205.490000,-37.327031,fresher,265,Little Franks Tract at Fisherman's Cut,171.010000
2019-01-06,Baseline (BAU),New Green Watershed,Franks Tract (10 supplied RMA stations),10,-40.400000,-8.590520,fresher,281,South Franks Tract at Bethel Island,-204.000000,-37.056374,fresher,265,Little Franks Tract at Fisherman's Cut,163.600000
2019-01-07,Baseline (BAU),New Green Watershed,Franks Tract (10 supplied RMA stations),10,-47.660000,-10.134262,fresher,281,South Franks Tract at Bethel Island,-172.640000,-31.359865,fresher,265,Little Franks Tract at Fisherman's Cut,124.980000
2019-01-08,Baseline (BAU),New Green Watershed,Franks Tract (10 supplied RMA stations),10,-51.230000,-10.893375,fresher,281,South Franks Tract at Bethel Island,-168.070000,-30.529729,fresher,265,Little Franks Tract at Fisherman's Cut,116.840000
2019-01-09,Baseline (BAU),New Green Watershed,Franks Tract (10 supplied RMA stations),10,-50.950000,-12.888162,fresher,285,Frank's Tract North East,-159.520000,-28.976631,fresher,265,Little Franks Tract at Fisherman's Cut,108.570000
2019-01-10,Baseline (BAU),New Green Watershed,Franks Tract (10 supplied RMA stations),10,-31.120000,-7.872024,fresher,285,Frank's Tract North East,-124.300000,-22.578957,fresher,265,Little Franks Tract at Fisherman's Cut,93.180000
2019-01-11,Baseline (BAU),New Green Watershed,Franks Tract (10 supplied RMA stations),10,-11.550000,-2.921654,fresher,285,Frank's Tract North East,-106.050000,-19.263865,fresher,265,Little Franks Tract at Fisherman's Cut,94.500000
2019-01-12,Baseline (BAU),New Green Watershed,Franks Tract (10 supplied RMA stations),10,9.360000,2.367678,saltier,285,Frank's Tract North East,-92.110000,-20.946947,fresher,291,Frank's Tract at Sheep Slough,101.470000
2019-01-13,Baseline (BAU),New Green Watershed,Franks Tract (10 supplied RMA stations),10,27.080000,6.850077,saltier,285,Frank's Tract North East,-84.360000,-19.184501,fresher,291,Frank's Tract at Sheep Slough,111.440000
2019-01-14,Baseline (BAU),New Green Watershed,Franks Tract (10 supplied RMA stations),10,37.950000,9.599720,saltier,285,Frank's Tract North East,-77.500000,-14.077789,fresher,265,Little Franks Tract at Fisherman's Cut,115.450000
2019-01-15,Baseline (BAU),New Green Watershed,Franks Tract (10 supplied RMA stations),10,44.190000,11.178172,saltier,285,Frank's Tract North East,-82.360000,-14.960603,fresher,265,Little Franks Tract at Fisherman's Cut,126.550000
2019-01-16,Baseline (BAU),New Green Watershed,Franks Tract (10 supplied RMA stations),10,45.300000,11.458955,saltier,285,Frank's Tract North East,-83.240000,-15.120454,fresher,265,Little Franks Tract at Fisherman's Cut,128.540000
2019-01-17,Baseline (BAU),New Green Watershed,Franks Tract (10 supplied RMA stations),10,43.880000,11.099756,saltier,285,Frank's Tract North East,-74.480000,-13.529209,fresher,265,Little Franks Tract at Fisherman's Cut,118.360000
2019-01-18,Baseline (BAU),New Green Watershed,Franks Tract (10 supplied RMA stations),10,62.090000,15.706104,saltier,285,Frank's Tract North East,-57.920000,-10.521104,fresher,265,Little Franks Tract at Fisherman's Cut,120.010000
2019-01-19,Baseline (BAU),New Green Watershed,Franks Tract (10 supplied RMA stations),10,75.440000,19.083080,saltier,285,Frank's Tract North East,-53.490000,-9.716399,fresher,265,Little Franks Tract at Fisherman's Cut,128.930000
2019-01-20,Baseline (BAU),New Green Watershed,Franks Tract (10 supplied RMA stations),10,94.340000,21.183372,saltier,283,Franks Tract,-47.400000,-8.610157,fresher,265,Little Franks Tract at Fisherman's Cut,141.740000
2019-01-21,Baseline (BAU),New Green Watershed,Franks Tract (10 supplied RMA stations),10,108.200000,24.295536,saltier,283,Franks Tract,-30.530000,-5.545741,fresher,265,Little Franks Tract at Fisherman's Cut,138.730000
2019-01-22,Baseline (BAU),New Green Watershed,Franks Tract (10 supplied RMA stations),10,115.840000,26.011043,saltier,283,Franks Tract,-18.300000,-3.324175,fresher,265,Little Franks Tract at Fisherman's Cut,134.140000
2019-01-23,Baseline (BAU),New Green Watershed,Franks Tract (10 supplied RMA stations),10,124.580000,27.973548,saltier,283,Franks Tract,-13.280000,-2.412297,fresher,265,Little Franks Tract at Fisherman's Cut,137.860000
2019-01-24,Baseline (BAU),New Green Watershed,Franks Tract (10 supplied RMA stations),10,134.430000,30.185295,saltier,283,Franks Tract,-9.600000,-1.743829,fresher,265,Little Franks Tract at Fisherman's Cut,144.030000
2019-01-25,Baseline (BAU),New Green Watershed,Franks Tract (10 supplied RMA stations),10,139.740000,31.377617,saltier,283,Franks Tract,-4.850000,-0.880997,fresher,265,Little Franks Tract at Fisherman's Cut,144.590000
2019-01-26,Baseline (BAU),New Green Watershed,Franks Tract (10 supplied RMA stations),10,140.130000,31.465189,saltier,283,Franks Tract,-0.500000,-0.090824,fresher,265,Little Franks Tract at Fisherman's Cut,140.630000
2019-01-27,Baseline (BAU),New Green Watershed,Franks Tract (10 supplied RMA stations),10,139.640000,31.355163,saltier,283,Franks Tract,1.250000,0.227061,saltier,265,Little Franks Tract at Fisherman's Cut,138.390000
2019-01-28,Baseline (BAU),New Green Watershed,Franks Tract (10 supplied RMA stations),10,138.300000,31.054275,saltier,283,Franks Tract,0.460000,0.083558,saltier,265,Little Franks Tract at Fisherman's Cut,137.840000
2019-01-29,Baseline (BAU),New Green Watershed,Franks Tract (10 supplied RMA stations),10,136.770000,29.653200,saltier,282,South Central Franks Tract,0.120000,0.021798,saltier,265,Little Franks Tract at Fisherman's Cut,136.650000
2019-01-30,Baseline (BAU),New Green Watershed,Franks Tract (10 supplied RMA stations),10,134.950000,29.258605,saltier,282,South Central Franks Tract,-0.220000,-0.039963,fresher,265,Little Franks Tract at Fisherman's Cut,135.170000
2019-01-31,Baseline (BAU),New Green Watershed,Franks Tract (10 supplied RMA stations),10,131.880000,28.592996,saltier,282,South Central Franks Tract,0.150000,0.027247,saltier,265,Little Franks Tract at Fisherman's Cut,131.730000
2019-02-01,Baseline (BAU),New Green Watershed,Franks Tract (10 supplied RMA stations),10,124.800000,27.057976,saltier,282,South Central Franks Tract,1.300000,0.236144,saltier,265,Little Franks Tract at Fisherman's Cut,123.500000
2019-02-02,Baseline (BAU),New Green Watershed,Franks Tract (10 supplied RMA stations),10,108.400000,22.345556,saltier,274,Piper Slough at Bethal Tract,2.360000,0.428691,saltier,265,Little Franks Tract at Fisherman's Cut,106.040000
2019-02-03,Baseline (BAU),New Green Watershed,Franks Tract (10 supplied RMA stations),10,91.840000,19.911895,saltier,282,South Central Franks Tract,6.680000,1.213415,saltier,265,Little Franks Tract at Fisherman's Cut,85.160000
2019-02-04,Baseline (BAU),New Green Watershed,Franks Tract (10 supplied RMA stations),10,85.200000,19.131050,saltier,283,Franks Tract,9.430000,1.712949,saltier,265,Little Franks Tract at Fisherman's Cut,75.770000
2019-02-05,Baseline (BAU),New Green Watershed,Franks Tract (10 supplied RMA stations),10,79.280000,17.801757,saltier,283,Franks Tract,13.860000,2.517654,saltier,265,Little Franks Tract at Fisherman's Cut,65.420000
2019-02-06,Baseline (BAU),New Green Watershed,Franks Tract (10 supplied RMA stations),10,70.380000,15.803325,saltier,283,Franks Tract,17.210000,3.126177,saltier,265,Little Franks Tract at Fisherman's Cut,53.170000
2019-02-07,Baseline (BAU),New Green Watershed,Franks Tract (10 supplied RMA stations),10,62.330000,13.995756,saltier,283,Franks Tract,17.010000,3.089848,saltier,265,Little Franks Tract at Fisherman's Cut,45.320000
2019-02-08,Baseline (BAU),New Green Watershed,Franks Tract (10 supplied RMA stations),10,56.020000,12.578890,saltier,283,Franks Tract,14.640000,2.659340,saltier,265,Little Franks Tract at Fisherman's Cut,41.380000
2019-02-09,Baseline (BAU),New Green Watershed,Franks Tract (10 supplied RMA stations),10,53.810000,12.082651,saltier,283,Franks Tract,12.360000,2.245180,saltier,265,Little Franks Tract at Fisherman's Cut,41.450000
2019-02-10,Baseline (BAU),New Green Watershed,Franks Tract (10 supplied RMA stations),10,52.810000,11.858108,saltier,283,Franks Tract,14.200000,2.773534,saltier,270,Frank's Tract at False River,38.610000
2019-02-11,Baseline (BAU),New Green Watershed,Franks Tract (10 supplied RMA stations),10,47.650000,10.699467,saltier,283,Franks Tract,19.080000,3.726692,saltier,270,Frank's Tract at False River,28.570000
2019-02-12,Baseline (BAU),New Green Watershed,Franks Tract (10 supplied RMA stations),10,41.840000,9.394873,saltier,283,Franks Tract,19.390000,3.787241,saltier,270,Frank's Tract at False River,22.450000
2019-02-13,Baseline (BAU),New Green Watershed,Franks Tract (10 supplied RMA stations),10,46.840000,9.655589,saltier,274,Piper Slough at Bethal Tract,11.300000,2.207108,saltier,270,Frank's Tract at False River,35.540000
2019-02-14,Baseline (BAU),New Green Watershed,Franks Tract (10 supplied RMA stations),10,38.780000,8.707772,saltier,283,Franks Tract,3.430000,0.729344,saltier,281,South Franks Tract at Bethel Island,35.350000
2019-02-15,Baseline (BAU),New Green Watershed,Franks Tract (10 supplied RMA stations),10,35.840000,9.065981,saltier,285,Frank's Tract North East,1.620000,0.344471,saltier,281,South Franks Tract at Bethel Island,34.220000
2019-02-16,Baseline (BAU),New Green Watershed,Franks Tract (10 supplied RMA stations),10,33.140000,8.382997,saltier,285,Frank's Tract North East,0.040000,0.008505,saltier,281,South Franks Tract at Bethel Island,33.100000
2019-02-17,Baseline (BAU),New Green Watershed,Franks Tract (10 supplied RMA stations),10,32.910000,8.324817,saltier,285,Frank's Tract North East,-2.240000,-0.461753,fresher,274,Piper Slough at Bethal Tract,35.150000
2019-02-18,Baseline (BAU),New Green Watershed,Franks Tract (10 supplied RMA stations),10,40.990000,10.368710,saltier,285,Frank's Tract North East,-2.150000,-0.457169,fresher,281,South Franks Tract at Bethel Island,43.140000
2019-02-19,Baseline (BAU),New Green Watershed,Franks Tract (10 supplied RMA stations),10,50.590000,12.797097,saltier,285,Frank's Tract North East,-1.960000,-0.416768,fresher,281,South Franks Tract at Bethel Island,52.550000
2019-02-20,Baseline (BAU),New Green Watershed,Franks Tract (10 supplied RMA stations),10,59.780000,15.121773,saltier,285,Frank's Tract North East,1.960000,0.416768,saltier,281,South Franks Tract at Bethel Island,57.820000
2019-02-21,Baseline (BAU),New Green Watershed,Franks Tract (10 supplied RMA stations),10,68.490000,17.325029,saltier,285,Frank's Tract North East,6.910000,1.424426,saltier,274,Piper Slough at Bethal Tract,61.580000
2019-02-22,Baseline (BAU),New Green Watershed,Franks Tract (10 supplied RMA stations),10,73.140000,16.423064,saltier,283,Franks Tract,10.970000,2.142653,saltier,270,Frank's Tract at False River,62.170000
2019-02-23,Baseline (BAU),New Green Watershed,Franks Tract (10 supplied RMA stations),10,75.580000,16.970948,saltier,283,Franks Tract,14.230000,2.779394,saltier,270,Frank's Tract at False River,61.350000
2019-02-24,Baseline (BAU),New Green Watershed,Franks Tract (10 supplied RMA stations),10,77.610000,17.426770,saltier,283,Franks Tract,15.560000,3.039168,saltier,270,Frank's Tract at False River,62.050000
2019-02-25,Baseline (BAU),New Green Watershed,Franks Tract (10 supplied RMA stations),10,81.060000,18.201443,saltier,283,Franks Tract,13.040000,2.546964,saltier,270,Frank's Tract at False River,68.020000
2019-02-26,Baseline (BAU),New Green Watershed,Franks Tract (10 supplied RMA stations),10,80.850000,18.154289,saltier,283,Franks Tract,10.700000,1.943643,saltier,265,Little Franks Tract at Fisherman's Cut,70.150000
2019-02-27,Baseline (BAU),New Green Watershed,Franks Tract (10 supplied RMA stations),10,74.690000,16.771105,saltier,283,Franks Tract,15.390000,3.005964,saltier,270,Frank's Tract at False River,59.300000
2019-02-28,Baseline (BAU),New Green Watershed,Franks Tract (10 supplied RMA stations),10,72.350000,16.245675,saltier,283,Franks Tract,21.530000,4.521917,saltier,276,North West Franks Tract,50.820000
2019-03-01,Baseline (BAU),New Green Watershed,Franks Tract (10 supplied RMA stations),10,65.560000,14.721029,saltier,283,Franks Tract,21.640000,4.460866,saltier,274,Piper Slough at Bethal Tract,43.920000
2019-03-02,Baseline (BAU),New Green Watershed,Franks Tract (10 supplied RMA stations),10,59.630000,13.389490,saltier,283,Franks Tract,22.280000,4.351714,saltier,270,Frank's Tract at False River,37.350000
2019-03-03,Baseline (BAU),New Green Watershed,Franks Tract (10 supplied RMA stations),10,54.220000,13.715332,saltier,285,Frank's Tract North East,18.840000,3.883674,saltier,274,Piper Slough at Bethal Tract,35.380000
2019-03-04,Baseline (BAU),New Green Watershed,Franks Tract (10 supplied RMA stations),10,49.270000,12.463194,saltier,285,Frank's Tract North East,12.770000,2.632405,saltier,274,Piper Slough at Bethal Tract,36.500000
2019-03-05,Baseline (BAU),New Green Watershed,Franks Tract (10 supplied RMA stations),10,45.890000,11.608199,saltier,285,Frank's Tract North East,4.530000,0.963244,saltier,281,South Franks Tract at Bethel Island,41.360000
2019-03-06,Baseline (BAU),New Green Watershed,Franks Tract (10 supplied RMA stations),10,50.900000,12.875514,saltier,285,Frank's Tract North East,-5.260000,-1.118469,fresher,281,South Franks Tract at Bethel Island,56.160000
2019-03-07,Baseline (BAU),New Green Watershed,Franks Tract (10 supplied RMA stations),10,58.020000,14.676568,saltier,285,Frank's Tract North East,-7.320000,-1.556500,fresher,281,South Franks Tract at Bethel Island,65.340000
2019-03-08,Baseline (BAU),New Green Watershed,Franks Tract (10 supplied RMA stations),10,58.560000,14.813165,saltier,285,Frank's Tract North East,-9.000000,-1.855258,fresher,274,Piper Slough at Bethal Tract,67.560000
2019-03-09,Baseline (BAU),New Green Watershed,Franks Tract (10 supplied RMA stations),10,60.040000,15.187542,saltier,285,Frank's Tract North East,-11.970000,-2.545260,fresher,281,South Franks Tract at Bethel Island,72.010000
2019-03-10,Baseline (BAU),New Green Watershed,Franks Tract (10 supplied RMA stations),10,64.100000,16.214547,saltier,285,Frank's Tract North East,-15.280000,-3.249088,fresher,281,South Franks Tract at Bethel Island,79.380000
2019-03-11,Baseline (BAU),New Green Watershed,Franks Tract (10 supplied RMA stations),10,65.560000,16.583865,saltier,285,Frank's Tract North East,-18.320000,-3.895503,fresher,281,South Franks Tract at Bethel Island,83.880000
2019-03-12,Baseline (BAU),New Green Watershed,Franks Tract (10 supplied RMA stations),10,65.700000,16.619279,saltier,285,Frank's Tract North East,-21.120000,-4.490886,fresher,281,South Franks Tract at Bethel Island,86.820000
2019-03-13,Baseline (BAU),New Green Watershed,Franks Tract (10 supplied RMA stations),10,61.210000,15.483501,saltier,285,Frank's Tract North East,-25.060000,-5.328674,fresher,281,South Franks Tract at Bethel Island,86.270000
2019-03-14,Baseline (BAU),New Green Watershed,Franks Tract (10 supplied RMA stations),10,62.200000,15.733929,saltier,285,Frank's Tract North East,-32.990000,-7.014882,fresher,281,South Franks Tract at Bethel Island,95.190000
2019-03-15,Baseline (BAU),New Green Watershed,Franks Tract (10 supplied RMA stations),10,71.020000,17.965010,saltier,285,Frank's Tract North East,-36.970000,-7.861176,fresher,281,South Franks Tract at Bethel Island,107.990000
2019-03-16,Baseline (BAU),New Green Watershed,Franks Tract (10 supplied RMA stations),10,79.810000,20.188503,saltier,285,Frank's Tract North East,-33.720000,-7.170107,fresher,281,South Franks Tract at Bethel Island,113.530000
2019-03-17,Baseline (BAU),New Green Watershed,Franks Tract (10 supplied RMA stations),10,87.630000,22.166627,saltier,285,Frank's Tract North East,-24.430000,-5.194713,fresher,281,South Franks Tract at Bethel Island,112.060000
2019-03-18,Baseline (BAU),New Green Watershed,Franks Tract (10 supplied RMA stations),10,92.720000,23.454178,saltier,285,Frank's Tract North East,-12.740000,-2.708991,fresher,281,South Franks Tract at Bethel Island,105.460000
2019-03-19,Baseline (BAU),New Green Watershed,Franks Tract (10 supplied RMA stations),10,93.960000,23.767845,saltier,285,Frank's Tract North East,-1.250000,-0.265796,fresher,281,South Franks Tract at Bethel Island,95.210000
2019-03-20,Baseline (BAU),New Green Watershed,Franks Tract (10 supplied RMA stations),10,93.850000,23.740020,saltier,285,Frank's Tract North East,6.980000,1.438856,saltier,274,Piper Slough at Bethal Tract,86.870000
2019-03-21,Baseline (BAU),New Green Watershed,Franks Tract (10 supplied RMA stations),10,94.760000,21.277680,saltier,283,Franks Tract,9.130000,1.882057,saltier,274,Piper Slough at Bethal Tract,85.630000
2019-03-22,Baseline (BAU),New Green Watershed,Franks Tract (10 supplied RMA stations),10,93.080000,20.900448,saltier,283,Franks Tract,14.740000,3.038501,saltier,274,Piper Slough at Bethal Tract,78.340000
2019-03-23,Baseline (BAU),New Green Watershed,Franks Tract (10 supplied RMA stations),10,91.900000,20.635487,saltier,283,Franks Tract,17.880000,3.685780,saltier,274,Piper Slough at Bethal Tract,74.020000
2019-03-24,Baseline (BAU),New Green Watershed,Franks Tract (10 supplied RMA stations),10,89.460000,20.087603,saltier,283,Franks Tract,18.380000,3.788850,saltier,274,Piper Slough at Bethal Tract,71.080000
2019-03-25,Baseline (BAU),New Green Watershed,Franks Tract (10 supplied RMA stations),10,88.000000,19.759770,saltier,283,Franks Tract,20.850000,4.072408,saltier,270,Frank's Tract at False River,67.150000
2019-03-26,Baseline (BAU),New Green Watershed,Franks Tract (10 supplied RMA stations),10,86.240000,19.364575,saltier,283,Franks Tract,21.380000,4.490412,saltier,276,North West Franks Tract,64.860000
2019-03-27,Baseline (BAU),New Green Watershed,Franks Tract (10 supplied RMA stations),10,81.760000,18.358623,saltier,283,Franks Tract,20.350000,4.274083,saltier,276,North West Franks Tract,61.410000
2019-03-28,Baseline (BAU),New Green Watershed,Franks Tract (10 supplied RMA stations),10,77.500000,19.604172,saltier,285,Frank's Tract North East,19.010000,3.992644,saltier,276,North West Franks Tract,58.490000
2019-03-29,Baseline (BAU),New Green Watershed,Franks Tract (10 supplied RMA stations),10,76.430000,19.333508,saltier,285,Frank's Tract North East,13.540000,2.791133,saltier,274,Piper Slough at Bethal Tract,62.890000
2019-03-30,Baseline (BAU),New Green Watershed,Franks Tract (10 supplied RMA stations),10,76.290000,19.298094,saltier,285,Frank's Tract North East,12.690000,2.615914,saltier,274,Piper Slough at Bethal Tract,63.600000
2019-03-31,Baseline (BAU),New Green Watershed,Franks Tract (10 supplied RMA stations),10,76.420000,19.330978,saltier,285,Frank's Tract North East,14.130000,2.912756,saltier,274,Piper Slough at Bethal Tract,62.290000
2019-04-01,Baseline (BAU),New Green Watershed,Franks Tract (10 supplied RMA stations),10,76.380000,19.320860,saltier,285,Frank's Tract North East,17.510000,3.609508,saltier,274,Piper Slough at Bethal Tract,58.870000
2019-04-02,Baseline (BAU),New Green Watershed,Franks Tract (10 supplied RMA stations),10,74.370000,18.812416,saltier,285,Frank's Tract North East,15.530000,3.201351,saltier,274,Piper Slough at Bethal Tract,58.840000
2019-04-03,Baseline (BAU),New Green Watershed,Franks Tract (10 supplied RMA stations),10,72.420000,18.319150,saltier,285,Frank's Tract North East,9.960000,2.053153,saltier,274,Piper Slough at Bethal Tract,62.460000
2019-04-04,Baseline (BAU),New Green Watershed,Franks Tract (10 supplied RMA stations),10,73.390000,18.564518,saltier,285,Frank's Tract North East,6.070000,1.251269,saltier,274,Piper Slough at Bethal Tract,67.320000
2019-04-05,Baseline (BAU),New Green Watershed,Franks Tract (10 supplied RMA stations),10,76.040000,19.234854,saltier,285,Frank's Tract North East,4.240000,0.874033,saltier,274,Piper Slough at Bethal Tract,71.800000
2019-04-06,Baseline (BAU),New Green Watershed,Franks Tract (10 supplied RMA stations),10,77.410000,19.581406,saltier,285,Frank's Tract North East,5.020000,1.034822,saltier,274,Piper Slough at Bethal Tract,72.390000
2019-04-07,Baseline (BAU),New Green Watershed,Franks Tract (10 supplied RMA stations),10,78.100000,19.755946,saltier,285,Frank's Tract North East,7.160000,1.475961,saltier,274,Piper Slough at Bethal Tract,70.940000
2019-04-08,Baseline (BAU),New Green Watershed,Franks Tract (10 supplied RMA stations),10,78.590000,19.879895,saltier,285,Frank's Tract North East,10.820000,2.230433,saltier,274,Piper Slough at Bethal Tract,67.770000
2019-04-09,Baseline (BAU),New Green Watershed,Franks Tract (10 supplied RMA stations),10,77.820000,19.685118,saltier,285,Frank's Tract North East,14.460000,2.980782,saltier,274,Piper Slough at Bethal Tract,63.360000
2019-04-10,Baseline (BAU),New Green Watershed,Franks Tract (10 supplied RMA stations),10,78.870000,19.950723,saltier,285,Frank's Tract North East,20.710000,4.269156,saltier,274,Piper Slough at Bethal Tract,58.160000
2019-04-11,Baseline (BAU),New Green Watershed,Franks Tract (10 supplied RMA stations),10,76.140000,19.260150,saltier,285,Frank's Tract North East,24.010000,5.460169,saltier,291,Frank's Tract at Sheep Slough,52.130000
2019-04-12,Baseline (BAU),New Green Watershed,Franks Tract (10 supplied RMA stations),10,72.070000,16.182803,saltier,283,Franks Tract,26.040000,5.921816,saltier,291,Frank's Tract at Sheep Slough,46.030000
2019-04-13,Baseline (BAU),New Green Watershed,Franks Tract (10 supplied RMA stations),10,70.520000,15.834761,saltier,283,Franks Tract,25.100000,4.902515,saltier,270,Frank's Tract at False River,45.420000
2019-04-14,Baseline (BAU),New Green Watershed,Franks Tract (10 supplied RMA stations),10,70.480000,15.825780,saltier,283,Franks Tract,22.940000,4.480625,saltier,270,Frank's Tract at False River,47.540000
2019-04-15,Baseline (BAU),New Green Watershed,Franks Tract (10 supplied RMA stations),10,68.470000,15.374449,saltier,283,Franks Tract,21.990000,4.295072,saltier,270,Frank's Tract at False River,46.480000
2019-04-16,Baseline (BAU),New Green Watershed,Franks Tract (10 supplied RMA stations),10,64.180000,14.411160,saltier,283,Franks Tract,21.010000,4.103659,saltier,270,Frank's Tract at False River,43.170000
2019-04-17,Baseline (BAU),New Green Watershed,Franks Tract (10 supplied RMA stations),10,61.210000,13.744268,saltier,283,Franks Tract,20.750000,4.052876,saltier,270,Frank's Tract at False River,40.460000
2019-04-18,Baseline (BAU),New Green Watershed,Franks Tract (10 supplied RMA stations),10,58.960000,13.239046,saltier,283,Franks Tract,18.390000,3.591922,saltier,270,Frank's Tract at False River,40.570000
2019-04-19,Baseline (BAU),New Green Watershed,Franks Tract (10 supplied RMA stations),10,58.870000,13.218837,saltier,283,Franks Tract,15.850000,3.095811,saltier,270,Frank's Tract at False River,43.020000
2019-04-20,Baseline (BAU),New Green Watershed,Franks Tract (10 supplied RMA stations),10,58.690000,13.178420,saltier,283,Franks Tract,15.280000,2.984479,saltier,270,Frank's Tract at False River,43.410000
2019-04-21,Baseline (BAU),New Green Watershed,Franks Tract (10 supplied RMA stations),10,53.720000,12.062442,saltier,283,Franks Tract,17.370000,3.392696,saltier,270,Frank's Tract at False River,36.350000
2019-04-22,Baseline (BAU),New Green Watershed,Franks Tract (10 supplied RMA stations),10,49.600000,11.137325,saltier,283,Franks Tract,17.730000,3.463011,saltier,270,Frank's Tract at False River,31.870000
2019-04-23,Baseline (BAU),New Green Watershed,Franks Tract (10 supplied RMA stations),10,47.010000,10.555759,saltier,283,Franks Tract,16.610000,3.244254,saltier,270,Frank's Tract at False River,30.400000
2019-04-24,Baseline (BAU),New Green Watershed,Franks Tract (10 supplied RMA stations),10,45.280000,10.167300,saltier,283,Franks Tract,14.900000,2.910258,saltier,270,Frank's Tract at False River,30.380000
2019-04-25,Baseline (BAU),New Green Watershed,Franks Tract (10 supplied RMA stations),10,44.810000,10.061765,saltier,283,Franks Tract,13.980000,2.730564,saltier,270,Frank's Tract at False River,30.830000
2019-04-26,Baseline (BAU),New Green Watershed,Franks Tract (10 supplied RMA stations),10,44.120000,9.906830,saltier,283,Franks Tract,14.170000,2.767675,saltier,270,Frank's Tract at False River,29.950000
2019-04-27,Baseline (BAU),New Green Watershed,Franks Tract (10 supplied RMA stations),10,43.610000,9.792313,saltier,283,Franks Tract,13.140000,2.708677,saltier,274,Piper Slough at Bethal Tract,30.470000
2019-04-28,Baseline (BAU),New Green Watershed,Franks Tract (10 supplied RMA stations),10,43.420000,9.749650,saltier,283,Franks Tract,12.810000,2.640651,saltier,274,Piper Slough at Bethal Tract,30.610000
2019-04-29,Baseline (BAU),New Green Watershed,Franks Tract (10 supplied RMA stations),10,43.830000,9.841713,saltier,283,Franks Tract,12.330000,2.541704,saltier,274,Piper Slough at Bethal Tract,31.500000
2019-04-30,Baseline (BAU),New Green Watershed,Franks Tract (10 supplied RMA stations),10,41.660000,9.354455,saltier,283,Franks Tract,11.990000,2.471616,saltier,274,Piper Slough at Bethal Tract,29.670000
2019-05-01,Baseline (BAU),New Green Watershed,Franks Tract (10 supplied RMA stations),10,38.700000,8.689808,saltier,283,Franks Tract,10.800000,2.226310,saltier,274,Piper Slough at Bethal Tract,27.900000
2019-05-02,Baseline (BAU),New Green Watershed,Franks Tract (10 supplied RMA stations),10,37.210000,8.355239,saltier,283,Franks Tract,10.580000,2.180959,saltier,274,Piper Slough at Bethal Tract,26.630000
2019-05-03,Baseline (BAU),New Green Watershed,Franks Tract (10 supplied RMA stations),10,37.870000,8.503438,saltier,283,Franks Tract,9.990000,1.951240,saltier,270,Frank's Tract at False River,27.880000
2019-05-04,Baseline (BAU),New Green Watershed,Franks Tract (10 supplied RMA stations),10,40.490000,9.091740,saltier,283,Franks Tract,8.090000,1.667671,saltier,274,Piper Slough at Bethal Tract,32.400000
2019-05-05,Baseline (BAU),New Green Watershed,Franks Tract (10 supplied RMA stations),10,42.870000,9.626152,saltier,283,Franks Tract,7.550000,1.556356,saltier,274,Piper Slough at Bethal Tract,35.320000
2019-05-06,Baseline (BAU),New Green Watershed,Franks Tract (10 supplied RMA stations),10,41.810000,9.388136,saltier,283,Franks Tract,8.810000,1.816092,saltier,274,Piper Slough at Bethal Tract,33.000000
2019-05-07,Baseline (BAU),New Green Watershed,Franks Tract (10 supplied RMA stations),10,39.630000,8.898633,saltier,283,Franks Tract,8.890000,1.832583,saltier,274,Piper Slough at Bethal Tract,30.740000
2019-05-08,Baseline (BAU),New Green Watershed,Franks Tract (10 supplied RMA stations),10,38.490000,8.642654,saltier,283,Franks Tract,8.620000,1.683652,saltier,270,Frank's Tract at False River,29.870000
2019-05-09,Baseline (BAU),New Green Watershed,Franks Tract (10 supplied RMA stations),10,39.440000,8.855970,saltier,283,Franks Tract,7.400000,1.525435,saltier,274,Piper Slough at Bethal Tract,32.040000
2019-05-10,Baseline (BAU),New Green Watershed,Franks Tract (10 supplied RMA stations),10,38.900000,8.734717,saltier,283,Franks Tract,6.590000,1.358461,saltier,274,Piper Slough at Bethal Tract,32.310000
2019-05-11,Baseline (BAU),New Green Watershed,Franks Tract (10 supplied RMA stations),10,35.840000,8.047616,saltier,283,Franks Tract,6.080000,1.253330,saltier,274,Piper Slough at Bethal Tract,29.760000
2019-05-12,Baseline (BAU),New Green Watershed,Franks Tract (10 supplied RMA stations),10,33.990000,7.632211,saltier,283,Franks Tract,5.770000,1.189427,saltier,274,Piper Slough at Bethal Tract,28.220000
2019-05-13,Baseline (BAU),New Green Watershed,Franks Tract (10 supplied RMA stations),10,33.970000,7.627720,saltier,283,Franks Tract,4.860000,1.001840,saltier,274,Piper Slough at Bethal Tract,29.110000
2019-05-14,Baseline (BAU),New Green Watershed,Franks Tract (10 supplied RMA stations),10,33.450000,7.510958,saltier,283,Franks Tract,4.810000,0.991533,saltier,274,Piper Slough at Bethal Tract,28.640000
2019-05-15,Baseline (BAU),New Green Watershed,Franks Tract (10 supplied RMA stations),10,33.040000,7.418896,saltier,283,Franks Tract,5.990000,1.169963,saltier,270,Frank's Tract at False River,27.050000
2019-05-16,Baseline (BAU),New Green Watershed,Franks Tract (10 supplied RMA stations),10,34.560000,7.760201,saltier,283,Franks Tract,5.080000,0.992222,saltier,270,Frank's Tract at False River,29.480000
2019-05-17,Baseline (BAU),New Green Watershed,Franks Tract (10 supplied RMA stations),10,33.090000,7.430123,saltier,283,Franks Tract,4.430000,0.913199,saltier,274,Piper Slough at Bethal Tract,28.660000
2019-05-18,Baseline (BAU),New Green Watershed,Franks Tract (10 supplied RMA stations),10,31.930000,7.169653,saltier,283,Franks Tract,5.540000,1.082069,saltier,270,Frank's Tract at False River,26.390000
2019-05-19,Baseline (BAU),New Green Watershed,Franks Tract (10 supplied RMA stations),10,32.000000,7.185371,saltier,283,Franks Tract,5.550000,1.084022,saltier,270,Frank's Tract at False River,26.450000
2019-05-20,Baseline (BAU),New Green Watershed,Franks Tract (10 supplied RMA stations),10,31.980000,7.180880,saltier,283,Franks Tract,5.690000,1.195063,saltier,276,North West Franks Tract,26.290000
2019-05-21,Baseline (BAU),New Green Watershed,Franks Tract (10 supplied RMA stations),10,32.110000,7.210071,saltier,283,Franks Tract,5.100000,1.051313,saltier,274,Piper Slough at Bethal Tract,27.010000
2019-05-22,Baseline (BAU),New Green Watershed,Franks Tract (10 supplied RMA stations),10,29.800000,6.691377,saltier,283,Franks Tract,6.090000,1.255391,saltier,274,Piper Slough at Bethal Tract,23.710000
2019-05-23,Baseline (BAU),New Green Watershed,Franks Tract (10 supplied RMA stations),10,27.280000,6.125529,saltier,283,Franks Tract,7.630000,1.602519,saltier,276,North West Franks Tract,19.650000
2019-05-24,Baseline (BAU),New Green Watershed,Franks Tract (10 supplied RMA stations),10,26.980000,6.058166,saltier,283,Franks Tract,6.970000,1.794004,saltier,292,Frank's Tract at Old River,20.010000
2019-05-25,Baseline (BAU),New Green Watershed,Franks Tract (10 supplied RMA stations),10,27.420000,6.156965,saltier,283,Franks Tract,6.430000,1.655013,saltier,292,Frank's Tract at Old River,20.990000
2019-05-26,Baseline (BAU),New Green Watershed,Franks Tract (10 supplied RMA stations),10,27.670000,6.213101,saltier,283,Franks Tract,6.630000,1.706491,saltier,292,Frank's Tract at Old River,21.040000
2019-05-27,Baseline (BAU),New Green Watershed,Franks Tract (10 supplied RMA stations),10,25.810000,5.795451,saltier,283,Franks Tract,6.020000,1.549484,saltier,292,Frank's Tract at Old River,19.790000
2019-05-28,Baseline (BAU),New Green Watershed,Franks Tract (10 supplied RMA stations),10,25.320000,5.685425,saltier,283,Franks Tract,5.490000,1.413067,saltier,292,Frank's Tract at Old River,19.830000
2019-05-29,Baseline (BAU),New Green Watershed,Franks Tract (10 supplied RMA stations),10,25.910000,5.817905,saltier,283,Franks Tract,6.120000,1.575223,saltier,292,Frank's Tract at Old River,19.790000
2019-05-30,Baseline (BAU),New Green Watershed,Franks Tract (10 supplied RMA stations),10,26.800000,6.017748,saltier,283,Franks Tract,6.750000,1.535033,saltier,291,Frank's Tract at Sheep Slough,20.050000
2019-05-31,Baseline (BAU),New Green Watershed,Franks Tract (10 supplied RMA stations),10,27.060000,6.076129,saltier,283,Franks Tract,7.480000,1.701044,saltier,291,Frank's Tract at Sheep Slough,19.580000
2019-06-01,Baseline (BAU),New Green Watershed,Franks Tract (10 supplied RMA stations),10,28.260000,6.345581,saltier,283,Franks Tract,7.170000,1.302423,saltier,265,Little Franks Tract at Fisherman's Cut,21.090000
2019-06-02,Baseline (BAU),New Green Watershed,Franks Tract (10 supplied RMA stations),10,30.210000,6.783439,saltier,283,Franks Tract,6.160000,1.118957,saltier,265,Little Franks Tract at Fisherman's Cut,24.050000
2019-06-03,Baseline (BAU),New Green Watershed,Franks Tract (10 supplied RMA stations),10,31.090000,6.981037,saltier,283,Franks Tract,6.140000,1.115324,saltier,265,Little Franks Tract at Fisherman's Cut,24.950000
2019-06-04,Baseline (BAU),New Green Watershed,Franks Tract (10 supplied RMA stations),10,31.600000,7.095554,saltier,283,Franks Tract,5.470000,0.993619,saltier,265,Little Franks Tract at Fisherman's Cut,26.130000
2019-06-05,Baseline (BAU),New Green Watershed,Franks Tract (10 supplied RMA stations),10,32.520000,7.302133,saltier,283,Franks Tract,4.700000,0.853750,saltier,265,Little Franks Tract at Fisherman's Cut,27.820000
2019-06-06,Baseline (BAU),New Green Watershed,Franks Tract (10 supplied RMA stations),10,32.330000,7.259470,saltier,283,Franks Tract,4.560000,0.828319,saltier,265,Little Franks Tract at Fisherman's Cut,27.770000
2019-06-07,Baseline (BAU),New Green Watershed,Franks Tract (10 supplied RMA stations),10,30.940000,6.947356,saltier,283,Franks Tract,5.230000,0.950024,saltier,265,Little Franks Tract at Fisherman's Cut,25.710000
2019-06-08,Baseline (BAU),New Green Watershed,Franks Tract (10 supplied RMA stations),10,30.590000,6.868766,saltier,283,Franks Tract,5.070000,0.920960,saltier,265,Little Franks Tract at Fisherman's Cut,25.520000
2019-06-09,Baseline (BAU),New Green Watershed,Franks Tract (10 supplied RMA stations),10,30.940000,6.947356,saltier,283,Franks Tract,4.720000,0.857383,saltier,265,Little Franks Tract at Fisherman's Cut,26.220000
2019-06-10,Baseline (BAU),New Green Watershed,Franks Tract (10 supplied RMA stations),10,31.410000,7.052891,saltier,283,Franks Tract,4.570000,0.830135,saltier,265,Little Franks Tract at Fisherman's Cut,26.840000
2019-06-11,Baseline (BAU),New Green Watershed,Franks Tract (10 supplied RMA stations),10,31.790000,7.138217,saltier,283,Franks Tract,4.740000,0.861016,saltier,265,Little Franks Tract at Fisherman's Cut,27.050000
2019-06-12,Baseline (BAU),New Green Watershed,Franks Tract (10 supplied RMA stations),10,31.510000,7.075345,saltier,283,Franks Tract,5.290000,0.960923,saltier,265,Little Franks Tract at Fisherman's Cut,26.220000
2019-06-13,Baseline (BAU),New Green Watershed,Franks Tract (10 supplied RMA stations),10,29.810000,6.693622,saltier,283,Franks Tract,5.700000,1.035399,saltier,265,Little Franks Tract at Fisherman's Cut,24.110000
2019-06-14,Baseline (BAU),New Green Watershed,Franks Tract (10 supplied RMA stations),10,27.960000,6.278218,saltier,283,Franks Tract,5.750000,1.044481,saltier,265,Little Franks Tract at Fisherman's Cut,22.210000
2019-06-15,Baseline (BAU),New Green Watershed,Franks Tract (10 supplied RMA stations),10,26.880000,6.035712,saltier,283,Franks Tract,5.520000,1.002702,saltier,265,Little Franks Tract at Fisherman's Cut,21.360000
2019-06-16,Baseline (BAU),New Green Watershed,Franks Tract (10 supplied RMA stations),10,25.420000,5.707879,saltier,283,Franks Tract,5.240000,0.951840,saltier,265,Little Franks Tract at Fisherman's Cut,20.180000
2019-06-17,Baseline (BAU),New Green Watershed,Franks Tract (10 supplied RMA stations),10,23.430000,5.261039,saltier,283,Franks Tract,5.100000,0.926409,saltier,265,Little Franks Tract at Fisherman's Cut,18.330000
2019-06-18,Baseline (BAU),New Green Watershed,Franks Tract (10 supplied RMA stations),10,21.160000,4.751327,saltier,283,Franks Tract,5.250000,0.953657,saltier,265,Little Franks Tract at Fisherman's Cut,15.910000
2019-06-19,Baseline (BAU),New Green Watershed,Franks Tract (10 supplied RMA stations),10,19.130000,4.067739,saltier,281,South Franks Tract at Bethel Island,5.460000,0.991803,saltier,265,Little Franks Tract at Fisherman's Cut,13.670000
2019-06-20,Baseline (BAU),New Green Watershed,Franks Tract (10 supplied RMA stations),10,17.910000,3.808322,saltier,281,South Franks Tract at Bethel Island,5.490000,0.997252,saltier,265,Little Franks Tract at Fisherman's Cut,12.420000
2019-06-21,Baseline (BAU),New Green Watershed,Franks Tract (10 supplied RMA stations),10,16.640000,3.538274,saltier,281,South Franks Tract at Bethel Island,5.510000,1.000885,saltier,265,Little Franks Tract at Fisherman's Cut,11.130000
2019-06-22,Baseline (BAU),New Green Watershed,Franks Tract (10 supplied RMA stations),10,15.500000,3.295868,saltier,281,South Franks Tract at Bethel Island,5.450000,0.989986,saltier,265,Little Franks Tract at Fisherman's Cut,10.050000
2019-06-23,Baseline (BAU),New Green Watershed,Franks Tract (10 supplied RMA stations),10,14.440000,3.070473,saltier,281,South Franks Tract at Bethel Island,5.360000,0.973638,saltier,265,Little Franks Tract at Fisherman's Cut,9.080000
2019-06-24,Baseline (BAU),New Green Watershed,Franks Tract (10 supplied RMA stations),10,13.330000,2.834446,saltier,281,South Franks Tract at Bethel Island,4.620000,1.168662,saltier,285,Frank's Tract North East,8.710000
2019-06-25,Baseline (BAU),New Green Watershed,Franks Tract (10 supplied RMA stations),10,12.150000,2.583535,saltier,281,South Franks Tract at Bethel Island,3.640000,0.920764,saltier,285,Frank's Tract North East,8.510000
2019-06-26,Baseline (BAU),New Green Watershed,Franks Tract (10 supplied RMA stations),10,10.900000,2.317739,saltier,281,South Franks Tract at Bethel Island,3.150000,0.796815,saltier,285,Frank's Tract North East,7.750000
2019-06-27,Baseline (BAU),New Green Watershed,Franks Tract (10 supplied RMA stations),10,9.890000,2.102976,saltier,281,South Franks Tract at Bethel Island,2.780000,0.624229,saltier,283,Franks Tract,7.110000
2019-06-28,Baseline (BAU),New Green Watershed,Franks Tract (10 supplied RMA stations),10,9.200000,1.956257,saltier,281,South Franks Tract at Bethel Island,2.170000,0.487258,saltier,283,Franks Tract,7.030000
2019-06-29,Baseline (BAU),New Green Watershed,Franks Tract (10 supplied RMA stations),10,8.250000,1.754252,saltier,281,South Franks Tract at Bethel Island,1.600000,0.359269,saltier,283,Franks Tract,6.650000
2019-06-30,Baseline (BAU),New Green Watershed,Franks Tract (10 supplied RMA stations),10,7.170000,1.524605,saltier,281,South Franks Tract at Bethel Island,0.960000,0.208138,saltier,282,South Central Franks Tract,6.210000
2019-07-01,Baseline (BAU),New Green Watershed,Franks Tract (10 supplied RMA stations),10,6.400000,1.360874,saltier,281,South Franks Tract at Bethel Island,0.230000,0.049866,saltier,282,South Central Franks Tract,6.170000
2019-07-02,Baseline (BAU),New Green Watershed,Franks Tract (10 supplied RMA stations),10,5.900000,1.254556,saltier,281,South Franks Tract at Bethel Island,-0.320000,-0.069379,fresher,282,South Central Franks Tract,6.220000
2019-07-03,Baseline (BAU),New Green Watershed,Franks Tract (10 supplied RMA stations),10,5.580000,1.186512,saltier,281,South Franks Tract at Bethel Island,-0.710000,-0.153936,fresher,282,South Central Franks Tract,6.290000
2019-07-04,Baseline (BAU),New Green Watershed,Franks Tract (10 supplied RMA stations),10,5.450000,1.158870,saltier,281,South Franks Tract at Bethel Island,-0.980000,-0.212474,fresher,282,South Central Franks Tract,6.430000
2019-07-05,Baseline (BAU),New Green Watershed,Franks Tract (10 supplied RMA stations),10,5.300000,1.126974,saltier,281,South Franks Tract at Bethel Island,-1.190000,-0.258005,fresher,282,South Central Franks Tract,6.490000
2019-07-06,Baseline (BAU),New Green Watershed,Franks Tract (10 supplied RMA stations),10,5.260000,1.118469,saltier,281,South Franks Tract at Bethel Island,-1.300000,-0.281854,fresher,282,South Central Franks Tract,6.560000
2019-07-07,Baseline (BAU),New Green Watershed,Franks Tract (10 supplied RMA stations),10,5.260000,1.118469,saltier,281,South Franks Tract at Bethel Island,-1.370000,-0.311555,fresher,291,Frank's Tract at Sheep Slough,6.630000
2019-07-08,Baseline (BAU),New Green Watershed,Franks Tract (10 supplied RMA stations),10,5.250000,1.116342,saltier,281,South Franks Tract at Bethel Island,-1.670000,-0.379779,fresher,291,Frank's Tract at Sheep Slough,6.920000
2019-07-09,Baseline (BAU),New Green Watershed,Franks Tract (10 supplied RMA stations),10,5.330000,1.133353,saltier,281,South Franks Tract at Bethel Island,-1.960000,-0.445728,fresher,291,Frank's Tract at Sheep Slough,7.290000
2019-07-10,Baseline (BAU),New Green Watershed,Franks Tract (10 supplied RMA stations),10,5.480000,1.165249,saltier,281,South Franks Tract at Bethel Island,-2.410000,-0.548064,fresher,291,Frank's Tract at Sheep Slough,7.890000
2019-07-11,Baseline (BAU),New Green Watershed,Franks Tract (10 supplied RMA stations),10,5.790000,1.231166,saltier,281,South Franks Tract at Bethel Island,-3.310000,-0.601258,fresher,265,Little Franks Tract at Fisherman's Cut,9.100000
2019-07-12,Baseline (BAU),New Green Watershed,Franks Tract (10 supplied RMA stations),10,6.100000,1.297083,saltier,281,South Franks Tract at Bethel Island,-5.070000,-0.920960,fresher,265,Little Franks Tract at Fisherman's Cut,11.170000
2019-07-13,Baseline (BAU),New Green Watershed,Franks Tract (10 supplied RMA stations),10,6.240000,1.326853,saltier,281,South Franks Tract at Bethel Island,-7.340000,-1.333303,fresher,265,Little Franks Tract at Fisherman's Cut,13.580000
2019-07-14,Baseline (BAU),New Green Watershed,Franks Tract (10 supplied RMA stations),10,6.300000,1.339611,saltier,281,South Franks Tract at Bethel Island,-9.630000,-1.749279,fresher,265,Little Franks Tract at Fisherman's Cut,15.930000
2019-07-15,Baseline (BAU),New Green Watershed,Franks Tract (10 supplied RMA stations),10,6.150000,1.307715,saltier,281,South Franks Tract at Bethel Island,-12.250000,-2.225199,fresher,265,Little Franks Tract at Fisherman's Cut,18.400000
2019-07-16,Baseline (BAU),New Green Watershed,Franks Tract (10 supplied RMA stations),10,5.620000,1.195018,saltier,281,South Franks Tract at Bethel Island,-16.300000,-2.960877,fresher,265,Little Franks Tract at Fisherman's Cut,21.920000
2019-07-17,Baseline (BAU),New Green Watershed,Franks Tract (10 supplied RMA stations),10,5.190000,1.103584,saltier,281,South Franks Tract at Bethel Island,-19.960000,-3.625712,fresher,265,Little Franks Tract at Fisherman's Cut,25.150000
2019-07-18,Baseline (BAU),New Green Watershed,Franks Tract (10 supplied RMA stations),10,3.910000,0.831409,saltier,281,South Franks Tract at Bethel Island,-23.290000,-4.230603,fresher,265,Little Franks Tract at Fisherman's Cut,27.200000
2019-07-19,Baseline (BAU),New Green Watershed,Franks Tract (10 supplied RMA stations),10,2.150000,0.457169,saltier,281,South Franks Tract at Bethel Island,-26.560000,-4.824595,fresher,265,Little Franks Tract at Fisherman's Cut,28.710000
2019-07-20,Baseline (BAU),New Green Watershed,Franks Tract (10 supplied RMA stations),10,0.280000,0.059538,saltier,281,South Franks Tract at Bethel Island,-26.970000,-4.899071,fresher,265,Little Franks Tract at Fisherman's Cut,27.250000
2019-07-21,Baseline (BAU),New Green Watershed,Franks Tract (10 supplied RMA stations),10,-1.550000,-0.329587,fresher,281,South Franks Tract at Bethel Island,-25.960000,-4.715605,fresher,265,Little Franks Tract at Fisherman's Cut,24.410000
2019-07-22,Baseline (BAU),New Green Watershed,Franks Tract (10 supplied RMA stations),10,-2.780000,-0.715542,fresher,292,Frank's Tract at Old River,-24.750000,-4.495810,fresher,265,Little Franks Tract at Fisherman's Cut,21.970000
2019-07-23,Baseline (BAU),New Green Watershed,Franks Tract (10 supplied RMA stations),10,-2.980000,-0.767020,fresher,292,Frank's Tract at Old River,-24.230000,-4.401353,fresher,265,Little Franks Tract at Fisherman's Cut,21.250000
2019-07-24,Baseline (BAU),New Green Watershed,Franks Tract (10 supplied RMA stations),10,-2.900000,-0.746429,fresher,292,Frank's Tract at Old River,-26.110000,-4.742853,fresher,265,Little Franks Tract at Fisherman's Cut,23.210000
2019-07-25,Baseline (BAU),New Green Watershed,Franks Tract (10 supplied RMA stations),10,-2.790000,-0.718116,fresher,292,Frank's Tract at Old River,-31.470000,-5.716491,fresher,265,Little Franks Tract at Fisherman's Cut,28.680000
2019-07-26,Baseline (BAU),New Green Watershed,Franks Tract (10 supplied RMA stations),10,-3.800000,-0.978079,fresher,292,Frank's Tract at Old River,-36.480000,-6.626552,fresher,265,Little Franks Tract at Fisherman's Cut,32.680000
2019-07-27,Baseline (BAU),New Green Watershed,Franks Tract (10 supplied RMA stations),10,-4.020000,-1.034705,fresher,292,Frank's Tract at Old River,-41.520000,-7.542062,fresher,265,Little Franks Tract at Fisherman's Cut,37.500000
2019-07-28,Baseline (BAU),New Green Watershed,Franks Tract (10 supplied RMA stations),10,-3.310000,-0.851959,fresher,292,Frank's Tract at Old River,-51.590000,-9.371266,fresher,265,Little Franks Tract at Fisherman's Cut,48.280000
2019-07-29,Baseline (BAU),New Green Watershed,Franks Tract (10 supplied RMA stations),10,-4.290000,-1.104200,fresher,292,Frank's Tract at Old River,-61.010000,-11.082399,fresher,265,Little Franks Tract at Fisherman's Cut,56.720000
2019-07-30,Baseline (BAU),New Green Watershed,Franks Tract (10 supplied RMA stations),10,-6.630000,-1.706491,fresher,292,Frank's Tract at Old River,-66.090000,-12.005175,fresher,265,Little Franks Tract at Fisherman's Cut,59.460000
2019-07-31,Baseline (BAU),New Green Watershed,Franks Tract (10 supplied RMA stations),10,-8.910000,-2.293339,fresher,292,Frank's Tract at Old River,-71.370000,-12.964281,fresher,265,Little Franks Tract at Fisherman's Cut,62.460000
2019-08-01,Baseline (BAU),New Green Watershed,Franks Tract (10 supplied RMA stations),10,-11.250000,-2.895630,fresher,292,Frank's Tract at Old River,-75.460000,-13.707225,fresher,265,Little Franks Tract at Fisherman's Cut,64.210000
2019-08-02,Baseline (BAU),New Green Watershed,Franks Tract (10 supplied RMA stations),10,-13.670000,-3.518512,fresher,292,Frank's Tract at Old River,-73.040000,-13.267635,fresher,265,Little Franks Tract at Fisherman's Cut,59.370000
2019-08-03,Baseline (BAU),New Green Watershed,Franks Tract (10 supplied RMA stations),10,-14.940000,-3.845396,fresher,292,Frank's Tract at Old River,-70.710000,-12.844393,fresher,265,Little Franks Tract at Fisherman's Cut,55.770000
2019-08-04,Baseline (BAU),New Green Watershed,Franks Tract (10 supplied RMA stations),10,-15.350000,-3.950926,fresher,292,Frank's Tract at Old River,-68.830000,-12.502893,fresher,265,Little Franks Tract at Fisherman's Cut,53.480000
2019-08-05,Baseline (BAU),New Green Watershed,Franks Tract (10 supplied RMA stations),10,-15.750000,-4.053882,fresher,292,Frank's Tract at Old River,-65.330000,-11.867122,fresher,265,Little Franks Tract at Fisherman's Cut,49.580000
2019-08-06,Baseline (BAU),New Green Watershed,Franks Tract (10 supplied RMA stations),10,-16.030000,-4.125951,fresher,292,Frank's Tract at Old River,-65.480000,-11.894369,fresher,265,Little Franks Tract at Fisherman's Cut,49.450000
2019-08-07,Baseline (BAU),New Green Watershed,Franks Tract (10 supplied RMA stations),10,-17.440000,-4.488870,fresher,292,Frank's Tract at Old River,-65.210000,-11.845324,fresher,265,Little Franks Tract at Fisherman's Cut,47.770000
2019-08-08,Baseline (BAU),New Green Watershed,Franks Tract (10 supplied RMA stations),10,-20.060000,-5.163230,fresher,292,Frank's Tract at Old River,-62.440000,-13.537661,fresher,282,South Central Franks Tract,42.380000
2019-08-09,Baseline (BAU),New Green Watershed,Franks Tract (10 supplied RMA stations),10,-20.770000,-5.253918,fresher,285,Frank's Tract North East,-60.840000,-13.190763,fresher,282,South Central Franks Tract,40.070000
2019-08-10,Baseline (BAU),New Green Watershed,Franks Tract (10 supplied RMA stations),10,-19.860000,-5.023727,fresher,285,Frank's Tract North East,-57.530000,-12.473120,fresher,282,South Central Franks Tract,37.670000
2019-08-11,Baseline (BAU),New Green Watershed,Franks Tract (10 supplied RMA stations),10,-18.680000,-4.725238,fresher,285,Frank's Tract North East,-52.780000,-11.443269,fresher,282,South Central Franks Tract,34.100000
2019-08-12,Baseline (BAU),New Green Watershed,Franks Tract (10 supplied RMA stations),10,-16.980000,-4.295211,fresher,285,Frank's Tract North East,-47.270000,-10.248642,fresher,282,South Central Franks Tract,30.290000
2019-08-13,Baseline (BAU),New Green Watershed,Franks Tract (10 supplied RMA stations),10,-14.680000,-3.713410,fresher,285,Frank's Tract North East,-41.640000,-9.027998,fresher,282,South Central Franks Tract,26.960000
2019-08-14,Baseline (BAU),New Green Watershed,Franks Tract (10 supplied RMA stations),10,-11.810000,-2.987423,fresher,285,Frank's Tract North East,-36.340000,-7.878901,fresher,282,South Central Franks Tract,24.530000
2019-08-15,Baseline (BAU),New Green Watershed,Franks Tract (10 supplied RMA stations),10,-8.470000,-2.142546,fresher,285,Frank's Tract North East,-31.570000,-6.844714,fresher,282,South Central Franks Tract,23.100000
2019-08-16,Baseline (BAU),New Green Watershed,Franks Tract (10 supplied RMA stations),10,-5.950000,-1.505094,fresher,285,Frank's Tract North East,-28.850000,-5.240571,fresher,265,Little Franks Tract at Fisherman's Cut,22.900000
2019-08-17,Baseline (BAU),New Green Watershed,Franks Tract (10 supplied RMA stations),10,-4.100000,-1.037124,fresher,285,Frank's Tract North East,-27.020000,-4.908153,fresher,265,Little Franks Tract at Fisherman's Cut,22.920000
2019-08-18,Baseline (BAU),New Green Watershed,Franks Tract (10 supplied RMA stations),10,-2.590000,-0.655159,fresher,285,Frank's Tract North East,-23.570000,-4.281464,fresher,265,Little Franks Tract at Fisherman's Cut,20.980000
2019-08-19,Baseline (BAU),New Green Watershed,Franks Tract (10 supplied RMA stations),10,-1.260000,-0.318726,fresher,285,Frank's Tract North East,-21.650000,-4.693952,fresher,282,South Central Franks Tract,20.390000
2019-08-20,Baseline (BAU),New Green Watershed,Franks Tract (10 supplied RMA stations),10,-0.330000,-0.083476,fresher,285,Frank's Tract North East,-19.920000,-4.318869,fresher,282,South Central Franks Tract,19.590000
2019-08-21,Baseline (BAU),New Green Watershed,Franks Tract (10 supplied RMA stations),10,0.650000,0.164422,saltier,285,Frank's Tract North East,-18.440000,-3.997989,fresher,282,South Central Franks Tract,19.090000
2019-08-22,Baseline (BAU),New Green Watershed,Franks Tract (10 supplied RMA stations),10,1.520000,0.384495,saltier,285,Frank's Tract North East,-17.040000,-3.694454,fresher,282,South Central Franks Tract,18.560000
2019-08-23,Baseline (BAU),New Green Watershed,Franks Tract (10 supplied RMA stations),10,1.650000,0.417379,saltier,285,Frank's Tract North East,-18.380000,-3.338707,fresher,265,Little Franks Tract at Fisherman's Cut,20.030000
2019-08-24,Baseline (BAU),New Green Watershed,Franks Tract (10 supplied RMA stations),10,1.830000,0.462911,saltier,285,Frank's Tract North East,-18.990000,-3.449512,fresher,265,Little Franks Tract at Fisherman's Cut,20.820000
2019-08-25,Baseline (BAU),New Green Watershed,Franks Tract (10 supplied RMA stations),10,1.840000,0.465441,saltier,285,Frank's Tract North East,-19.070000,-3.464044,fresher,265,Little Franks Tract at Fisherman's Cut,20.910000
2019-08-26,Baseline (BAU),New Green Watershed,Franks Tract (10 supplied RMA stations),10,0.960000,0.242839,saltier,285,Frank's Tract North East,-20.190000,-3.667491,fresher,265,Little Franks Tract at Fisherman's Cut,21.150000
2019-08-27,Baseline (BAU),New Green Watershed,Franks Tract (10 supplied RMA stations),10,0.110000,0.027825,saltier,285,Frank's Tract North East,-21.760000,-3.952680,fresher,265,Little Franks Tract at Fisherman's Cut,21.870000
2019-08-28,Baseline (BAU),New Green Watershed,Franks Tract (10 supplied RMA stations),10,-0.620000,-0.156833,fresher,285,Frank's Tract North East,-21.890000,-3.976294,fresher,265,Little Franks Tract at Fisherman's Cut,21.270000
2019-08-29,Baseline (BAU),New Green Watershed,Franks Tract (10 supplied RMA stations),10,-0.710000,-0.150972,fresher,281,South Franks Tract at Bethel Island,-20.450000,-3.714720,fresher,265,Little Franks Tract at Fisherman's Cut,19.740000
2019-08-30,Baseline (BAU),New Green Watershed,Franks Tract (10 supplied RMA stations),10,-0.770000,-0.163730,fresher,281,South Franks Tract at Bethel Island,-18.700000,-3.396834,fresher,265,Little Franks Tract at Fisherman's Cut,17.930000
2019-08-31,Baseline (BAU),New Green Watershed,Franks Tract (10 supplied RMA stations),10,-0.670000,-0.142467,fresher,281,South Franks Tract at Bethel Island,-17.650000,-3.206103,fresher,265,Little Franks Tract at Fisherman's Cut,16.980000
2019-09-01,Baseline (BAU),New Green Watershed,Franks Tract (10 supplied RMA stations),10,-0.470000,-0.118890,fresher,285,Frank's Tract North East,-16.790000,-3.049885,fresher,265,Little Franks Tract at Fisherman's Cut,16.320000
2019-09-02,Baseline (BAU),New Green Watershed,Franks Tract (10 supplied RMA stations),10,0.150000,0.037944,saltier,285,Frank's Tract North East,-15.240000,-2.768329,fresher,265,Little Franks Tract at Fisherman's Cut,15.390000
2019-09-03,Baseline (BAU),New Green Watershed,Franks Tract (10 supplied RMA stations),10,0.700000,0.177070,saltier,285,Frank's Tract North East,-14.140000,-2.568515,fresher,265,Little Franks Tract at Fisherman's Cut,14.840000
2019-09-04,Baseline (BAU),New Green Watershed,Franks Tract (10 supplied RMA stations),10,1.010000,0.255487,saltier,285,Frank's Tract North East,-14.750000,-2.679321,fresher,265,Little Franks Tract at Fisherman's Cut,15.760000
2019-09-05,Baseline (BAU),New Green Watershed,Franks Tract (10 supplied RMA stations),10,1.100000,0.278253,saltier,285,Frank's Tract North East,-15.230000,-2.766513,fresher,265,Little Franks Tract at Fisherman's Cut,16.330000
2019-09-06,Baseline (BAU),New Green Watershed,Franks Tract (10 supplied RMA stations),10,1.420000,0.359199,saltier,285,Frank's Tract North East,-14.230000,-2.584864,fresher,265,Little Franks Tract at Fisherman's Cut,15.650000
2019-09-07,Baseline (BAU),New Green Watershed,Franks Tract (10 supplied RMA stations),10,1.770000,0.447734,saltier,285,Frank's Tract North East,-14.570000,-2.646624,fresher,265,Little Franks Tract at Fisherman's Cut,16.340000
2019-09-08,Baseline (BAU),New Green Watershed,Franks Tract (10 supplied RMA stations),10,1.870000,0.473030,saltier,285,Frank's Tract North East,-14.390000,-2.613928,fresher,265,Little Franks Tract at Fisherman's Cut,16.260000
2019-09-09,Baseline (BAU),New Green Watershed,Franks Tract (10 supplied RMA stations),10,1.900000,0.480618,saltier,285,Frank's Tract North East,-13.960000,-2.535819,fresher,265,Little Franks Tract at Fisherman's Cut,15.860000
2019-09-10,Baseline (BAU),New Green Watershed,Franks Tract (10 supplied RMA stations),10,1.950000,0.493266,saltier,285,Frank's Tract North East,-13.130000,-2.385050,fresher,265,Little Franks Tract at Fisherman's Cut,15.080000
2019-09-11,Baseline (BAU),New Green Watershed,Franks Tract (10 supplied RMA stations),10,2.210000,0.469927,saltier,281,South Franks Tract at Bethel Island,-11.270000,-2.443457,fresher,282,South Central Franks Tract,13.480000
2019-09-12,Baseline (BAU),New Green Watershed,Franks Tract (10 supplied RMA stations),10,2.750000,0.584751,saltier,281,South Franks Tract at Bethel Island,-10.100000,-2.189788,fresher,282,South Central Franks Tract,12.850000
2019-09-13,Baseline (BAU),New Green Watershed,Franks Tract (10 supplied RMA stations),10,3.120000,0.663426,saltier,281,South Franks Tract at Bethel Island,-9.650000,-1.752912,fresher,265,Little Franks Tract at Fisherman's Cut,12.770000
2019-09-14,Baseline (BAU),New Green Watershed,Franks Tract (10 supplied RMA stations),10,3.180000,0.676184,saltier,281,South Franks Tract at Bethel Island,-9.940000,-1.805590,fresher,265,Little Franks Tract at Fisherman's Cut,13.120000
2019-09-15,Baseline (BAU),New Green Watershed,Franks Tract (10 supplied RMA stations),10,3.040000,0.646415,saltier,281,South Franks Tract at Bethel Island,-9.970000,-1.811039,fresher,265,Little Franks Tract at Fisherman's Cut,13.010000
2019-09-16,Baseline (BAU),New Green Watershed,Franks Tract (10 supplied RMA stations),10,2.550000,0.542223,saltier,281,South Franks Tract at Bethel Island,-10.490000,-2.274344,fresher,282,South Central Franks Tract,13.040000
2019-09-17,Baseline (BAU),New Green Watershed,Franks Tract (10 supplied RMA stations),10,2.450000,0.520960,saltier,281,South Franks Tract at Bethel Island,-11.030000,-2.391422,fresher,282,South Central Franks Tract,13.480000
2019-09-18,Baseline (BAU),New Green Watershed,Franks Tract (10 supplied RMA stations),10,2.610000,0.554982,saltier,281,South Franks Tract at Bethel Island,-10.810000,-2.343724,fresher,282,South Central Franks Tract,13.420000
2019-09-19,Baseline (BAU),New Green Watershed,Franks Tract (10 supplied RMA stations),10,2.870000,0.610267,saltier,281,South Franks Tract at Bethel Island,-10.390000,-2.252663,fresher,282,South Central Franks Tract,13.260000
2019-09-20,Baseline (BAU),New Green Watershed,Franks Tract (10 supplied RMA stations),10,3.370000,0.716585,saltier,281,South Franks Tract at Bethel Island,-9.610000,-2.083551,fresher,282,South Central Franks Tract,12.980000
2019-09-21,Baseline (BAU),New Green Watershed,Franks Tract (10 supplied RMA stations),10,3.780000,0.803766,saltier,281,South Franks Tract at Bethel Island,-8.650000,-1.875413,fresher,282,South Central Franks Tract,12.430000
2019-09-22,Baseline (BAU),New Green Watershed,Franks Tract (10 supplied RMA stations),10,3.810000,0.810146,saltier,281,South Franks Tract at Bethel Island,-8.510000,-1.545832,fresher,265,Little Franks Tract at Fisherman's Cut,12.320000
2019-09-23,Baseline (BAU),New Green Watershed,Franks Tract (10 supplied RMA stations),10,4.050000,0.861178,saltier,281,South Franks Tract at Bethel Island,-8.290000,-1.505869,fresher,265,Little Franks Tract at Fisherman's Cut,12.340000
2019-09-24,Baseline (BAU),New Green Watershed,Franks Tract (10 supplied RMA stations),10,4.210000,0.895200,saltier,281,South Franks Tract at Bethel Island,-8.080000,-1.467723,fresher,265,Little Franks Tract at Fisherman's Cut,12.290000
2019-09-25,Baseline (BAU),New Green Watershed,Franks Tract (10 supplied RMA stations),10,4.100000,0.871810,saltier,281,South Franks Tract at Bethel Island,-8.870000,-1.611226,fresher,265,Little Franks Tract at Fisherman's Cut,12.970000
2019-09-26,Baseline (BAU),New Green Watershed,Franks Tract (10 supplied RMA stations),10,3.430000,0.729344,saltier,281,South Franks Tract at Bethel Island,-9.650000,-1.752912,fresher,265,Little Franks Tract at Fisherman's Cut,13.080000
2019-09-27,Baseline (BAU),New Green Watershed,Franks Tract (10 supplied RMA stations),10,2.760000,0.586877,saltier,281,South Franks Tract at Bethel Island,-9.820000,-2.129081,fresher,282,South Central Franks Tract,12.580000
2019-09-28,Baseline (BAU),New Green Watershed,Franks Tract (10 supplied RMA stations),10,2.200000,0.467801,saltier,281,South Franks Tract at Bethel Island,-10.640000,-2.306866,fresher,282,South Central Franks Tract,12.840000
2019-09-29,Baseline (BAU),New Green Watershed,Franks Tract (10 supplied RMA stations),10,1.920000,0.408262,saltier,281,South Franks Tract at Bethel Island,-10.720000,-2.324211,fresher,282,South Central Franks Tract,12.640000
2019-09-30,Baseline (BAU),New Green Watershed,Franks Tract (10 supplied RMA stations),10,2.020000,0.429526,saltier,281,South Franks Tract at Bethel Island,-10.310000,-2.235318,fresher,282,South Central Franks Tract,12.330000
2019-10-01,Baseline (BAU),New Green Watershed,Franks Tract (10 supplied RMA stations),10,2.090000,0.444411,saltier,281,South Franks Tract at Bethel Island,-9.660000,-2.094391,fresher,282,South Central Franks Tract,11.750000
2019-10-02,Baseline (BAU),New Green Watershed,Franks Tract (10 supplied RMA stations),10,2.360000,0.501822,saltier,281,South Franks Tract at Bethel Island,-8.840000,-1.916607,fresher,282,South Central Franks Tract,11.200000
2019-10-03,Baseline (BAU),New Green Watershed,Franks Tract (10 supplied RMA stations),10,2.560000,0.544350,saltier,281,South Franks Tract at Bethel Island,-8.720000,-1.583978,fresher,265,Little Franks Tract at Fisherman's Cut,11.280000
2019-10-04,Baseline (BAU),New Green Watershed,Franks Tract (10 supplied RMA stations),10,3.540000,0.895468,saltier,285,Frank's Tract North East,-7.550000,-1.371449,fresher,265,Little Franks Tract at Fisherman's Cut,11.090000
2019-10-05,Baseline (BAU),New Green Watershed,Franks Tract (10 supplied RMA stations),10,4.310000,1.090245,saltier,285,Frank's Tract North East,-7.070000,-1.284258,fresher,265,Little Franks Tract at Fisherman's Cut,11.380000
2019-10-06,Baseline (BAU),New Green Watershed,Franks Tract (10 supplied RMA stations),10,4.930000,1.247078,saltier,285,Frank's Tract North East,-6.970000,-1.266093,fresher,265,Little Franks Tract at Fisherman's Cut,11.900000
2019-10-07,Baseline (BAU),New Green Watershed,Franks Tract (10 supplied RMA stations),10,5.370000,1.358379,saltier,285,Frank's Tract North East,-6.400000,-1.162553,fresher,265,Little Franks Tract at Fisherman's Cut,11.770000
2019-10-08,Baseline (BAU),New Green Watershed,Franks Tract (10 supplied RMA stations),10,5.430000,1.373557,saltier,285,Frank's Tract North East,-5.850000,-1.062646,fresher,265,Little Franks Tract at Fisherman's Cut,11.280000
2019-10-09,Baseline (BAU),New Green Watershed,Franks Tract (10 supplied RMA stations),10,5.870000,1.248177,saltier,281,South Franks Tract at Bethel Island,-4.970000,-0.902795,fresher,265,Little Franks Tract at Fisherman's Cut,10.840000
2019-10-10,Baseline (BAU),New Green Watershed,Franks Tract (10 supplied RMA stations),10,5.970000,1.510154,saltier,285,Frank's Tract North East,-4.350000,-0.790173,fresher,265,Little Franks Tract at Fisherman's Cut,10.320000
2019-10-11,Baseline (BAU),New Green Watershed,Franks Tract (10 supplied RMA stations),10,5.930000,1.260935,saltier,281,South Franks Tract at Bethel Island,-4.270000,-0.775641,fresher,265,Little Franks Tract at Fisherman's Cut,10.200000
2019-10-12,Baseline (BAU),New Green Watershed,Franks Tract (10 supplied RMA stations),10,6.450000,1.371506,saltier,281,South Franks Tract at Bethel Island,-4.190000,-0.761109,fresher,265,Little Franks Tract at Fisherman's Cut,10.640000
2019-10-13,Baseline (BAU),New Green Watershed,Franks Tract (10 supplied RMA stations),10,6.760000,1.437424,saltier,281,South Franks Tract at Bethel Island,-4.080000,-0.741127,fresher,265,Little Franks Tract at Fisherman's Cut,10.840000
2019-10-14,Baseline (BAU),New Green Watershed,Franks Tract (10 supplied RMA stations),10,6.740000,1.433171,saltier,281,South Franks Tract at Bethel Island,-3.730000,-0.677550,fresher,265,Little Franks Tract at Fisherman's Cut,10.470000
2019-10-15,Baseline (BAU),New Green Watershed,Franks Tract (10 supplied RMA stations),10,6.540000,1.390644,saltier,281,South Franks Tract at Bethel Island,-3.320000,-0.603074,fresher,265,Little Franks Tract at Fisherman's Cut,9.860000
2019-10-16,Baseline (BAU),New Green Watershed,Franks Tract (10 supplied RMA stations),10,6.120000,1.301336,saltier,281,South Franks Tract at Bethel Island,-3.360000,-0.610340,fresher,265,Little Franks Tract at Fisherman's Cut,9.480000
2019-10-17,Baseline (BAU),New Green Watershed,Franks Tract (10 supplied RMA stations),10,6.250000,1.403393,saltier,283,Franks Tract,-3.040000,-0.552213,fresher,265,Little Franks Tract at Fisherman's Cut,9.290000
2019-10-18,Baseline (BAU),New Green Watershed,Franks Tract (10 supplied RMA stations),10,6.040000,1.356239,saltier,283,Franks Tract,-2.000000,-0.363298,fresher,265,Little Franks Tract at Fisherman's Cut,8.040000
2019-10-19,Baseline (BAU),New Green Watershed,Franks Tract (10 supplied RMA stations),10,5.950000,1.336030,saltier,283,Franks Tract,-1.450000,-0.263391,fresher,265,Little Franks Tract at Fisherman's Cut,7.400000
2019-10-20,Baseline (BAU),New Green Watershed,Franks Tract (10 supplied RMA stations),10,5.560000,1.248458,saltier,283,Franks Tract,-1.050000,-0.190731,fresher,265,Little Franks Tract at Fisherman's Cut,6.610000
2019-10-21,Baseline (BAU),New Green Watershed,Franks Tract (10 supplied RMA stations),10,4.940000,1.109242,saltier,283,Franks Tract,-0.700000,-0.127154,fresher,265,Little Franks Tract at Fisherman's Cut,5.640000
2019-10-22,Baseline (BAU),New Green Watershed,Franks Tract (10 supplied RMA stations),10,4.600000,1.032897,saltier,283,Franks Tract,-0.480000,-0.087191,fresher,265,Little Franks Tract at Fisherman's Cut,5.080000
2019-10-23,Baseline (BAU),New Green Watershed,Franks Tract (10 supplied RMA stations),10,4.630000,1.039633,saltier,283,Franks Tract,-0.530000,-0.096274,fresher,265,Little Franks Tract at Fisherman's Cut,5.160000
2019-10-24,Baseline (BAU),New Green Watershed,Franks Tract (10 supplied RMA stations),10,4.500000,1.010443,saltier,283,Franks Tract,-0.500000,-0.090824,fresher,265,Little Franks Tract at Fisherman's Cut,5.000000
2019-10-25,Baseline (BAU),New Green Watershed,Franks Tract (10 supplied RMA stations),10,4.060000,0.911644,saltier,283,Franks Tract,-0.440000,-0.079926,fresher,265,Little Franks Tract at Fisherman's Cut,4.500000
2019-10-26,Baseline (BAU),New Green Watershed,Franks Tract (10 supplied RMA stations),10,3.670000,0.834603,saltier,291,Frank's Tract at Sheep Slough,-0.690000,-0.142236,fresher,274,Piper Slough at Bethal Tract,4.360000
2019-10-27,Baseline (BAU),New Green Watershed,Franks Tract (10 supplied RMA stations),10,4.020000,0.914197,saltier,291,Frank's Tract at Sheep Slough,-1.710000,-0.352499,fresher,274,Piper Slough at Bethal Tract,5.730000
2019-10-28,Baseline (BAU),New Green Watershed,Franks Tract (10 supplied RMA stations),10,4.210000,0.957406,saltier,291,Frank's Tract at Sheep Slough,-1.470000,-0.303026,fresher,274,Piper Slough at Bethal Tract,5.680000
2019-10-29,Baseline (BAU),New Green Watershed,Franks Tract (10 supplied RMA stations),10,4.310000,0.980147,saltier,291,Frank's Tract at Sheep Slough,-1.800000,-0.371052,fresher,274,Piper Slough at Bethal Tract,6.110000
2019-10-30,Baseline (BAU),New Green Watershed,Franks Tract (10 supplied RMA stations),10,4.170000,0.948309,saltier,291,Frank's Tract at Sheep Slough,-2.250000,-0.463815,fresher,274,Piper Slough at Bethal Tract,6.420000
2019-10-31,Baseline (BAU),New Green Watershed,Franks Tract (10 supplied RMA stations),10,3.910000,0.889182,saltier,291,Frank's Tract at Sheep Slough,-2.550000,-0.525657,fresher,274,Piper Slough at Bethal Tract,6.460000
2019-11-01,Baseline (BAU),New Green Watershed,Franks Tract (10 supplied RMA stations),10,3.590000,0.816410,saltier,291,Frank's Tract at Sheep Slough,-3.030000,-0.624604,fresher,274,Piper Slough at Bethal Tract,6.620000
2019-11-02,Baseline (BAU),New Green Watershed,Franks Tract (10 supplied RMA stations),10,3.380000,0.768654,saltier,291,Frank's Tract at Sheep Slough,-3.480000,-0.739975,fresher,281,South Franks Tract at Bethel Island,6.860000
2019-11-03,Baseline (BAU),New Green Watershed,Franks Tract (10 supplied RMA stations),10,3.380000,0.768654,saltier,291,Frank's Tract at Sheep Slough,-4.020000,-0.828682,fresher,274,Piper Slough at Bethal Tract,7.400000
2019-11-04,Baseline (BAU),New Green Watershed,Franks Tract (10 supplied RMA stations),10,3.230000,0.734542,saltier,291,Frank's Tract at Sheep Slough,-4.630000,-0.954427,fresher,274,Piper Slough at Bethal Tract,7.860000
2019-11-05,Baseline (BAU),New Green Watershed,Franks Tract (10 supplied RMA stations),10,3.000000,0.682237,saltier,291,Frank's Tract at Sheep Slough,-5.090000,-1.049252,fresher,274,Piper Slough at Bethal Tract,8.090000
2019-11-06,Baseline (BAU),New Green Watershed,Franks Tract (10 supplied RMA stations),10,3.050000,0.693608,saltier,291,Frank's Tract at Sheep Slough,-5.410000,-1.115216,fresher,274,Piper Slough at Bethal Tract,8.460000
2019-11-07,Baseline (BAU),New Green Watershed,Franks Tract (10 supplied RMA stations),10,3.250000,0.739090,saltier,291,Frank's Tract at Sheep Slough,-5.780000,-1.191488,fresher,274,Piper Slough at Bethal Tract,9.030000
2019-11-08,Baseline (BAU),New Green Watershed,Franks Tract (10 supplied RMA stations),10,3.320000,0.755009,saltier,291,Frank's Tract at Sheep Slough,-6.580000,-1.195250,fresher,265,Little Franks Tract at Fisherman's Cut,9.900000
2019-11-09,Baseline (BAU),New Green Watershed,Franks Tract (10 supplied RMA stations),10,2.960000,0.673140,saltier,291,Frank's Tract at Sheep Slough,-8.140000,-1.478622,fresher,265,Little Franks Tract at Fisherman's Cut,11.100000
2019-11-10,Baseline (BAU),New Green Watershed,Franks Tract (10 supplied RMA stations),10,2.310000,0.525322,saltier,291,Frank's Tract at Sheep Slough,-10.840000,-1.969074,fresher,265,Little Franks Tract at Fisherman's Cut,13.150000
2019-11-11,Baseline (BAU),New Green Watershed,Franks Tract (10 supplied RMA stations),10,1.200000,0.272895,saltier,291,Frank's Tract at Sheep Slough,-14.900000,-2.706568,fresher,265,Little Franks Tract at Fisherman's Cut,16.100000
2019-11-12,Baseline (BAU),New Green Watershed,Franks Tract (10 supplied RMA stations),10,0.010000,0.002274,saltier,291,Frank's Tract at Sheep Slough,-19.990000,-3.631161,fresher,265,Little Franks Tract at Fisherman's Cut,20.000000
2019-11-13,Baseline (BAU),New Green Watershed,Franks Tract (10 supplied RMA stations),10,-1.530000,-0.347941,fresher,291,Frank's Tract at Sheep Slough,-28.690000,-5.211507,fresher,265,Little Franks Tract at Fisherman's Cut,27.160000
2019-11-14,Baseline (BAU),New Green Watershed,Franks Tract (10 supplied RMA stations),10,-3.630000,-0.825507,fresher,291,Frank's Tract at Sheep Slough,-37.230000,-6.762788,fresher,265,Little Franks Tract at Fisherman's Cut,33.600000
2019-11-15,Baseline (BAU),New Green Watershed,Franks Tract (10 supplied RMA stations),10,-5.890000,-1.516023,fresher,292,Frank's Tract at Old River,-43.900000,-7.974386,fresher,265,Little Franks Tract at Fisherman's Cut,38.010000
2019-11-16,Baseline (BAU),New Green Watershed,Franks Tract (10 supplied RMA stations),10,-6.430000,-1.655013,fresher,292,Frank's Tract at Old River,-52.900000,-9.609226,fresher,265,Little Franks Tract at Fisherman's Cut,46.470000
2019-11-17,Baseline (BAU),New Green Watershed,Franks Tract (10 supplied RMA stations),10,-7.040000,-1.812021,fresher,292,Frank's Tract at Old River,-60.950000,-11.071500,fresher,265,Little Franks Tract at Fisherman's Cut,53.910000
2019-11-18,Baseline (BAU),New Green Watershed,Franks Tract (10 supplied RMA stations),10,-8.260000,-2.126036,fresher,292,Frank's Tract at Old River,-66.180000,-12.021524,fresher,265,Little Franks Tract at Fisherman's Cut,57.920000
2019-11-19,Baseline (BAU),New Green Watershed,Franks Tract (10 supplied RMA stations),10,-11.050000,-2.844152,fresher,292,Frank's Tract at Old River,-68.280000,-12.402986,fresher,265,Little Franks Tract at Fisherman's Cut,57.230000
2019-11-20,Baseline (BAU),New Green Watershed,Franks Tract (10 supplied RMA stations),10,-13.710000,-3.528808,fresher,292,Frank's Tract at Old River,-60.700000,-11.026088,fresher,265,Little Franks Tract at Fisherman's Cut,46.990000
2019-11-21,Baseline (BAU),New Green Watershed,Franks Tract (10 supplied RMA stations),10,-14.880000,-3.829953,fresher,292,Frank's Tract at Old River,-56.330000,-10.232282,fresher,265,Little Franks Tract at Fisherman's Cut,41.450000
2019-11-22,Baseline (BAU),New Green Watershed,Franks Tract (10 supplied RMA stations),10,-15.590000,-4.012699,fresher,292,Frank's Tract at Old River,-57.560000,-10.455710,fresher,265,Little Franks Tract at Fisherman's Cut,41.970000
2019-11-23,Baseline (BAU),New Green Watershed,Franks Tract (10 supplied RMA stations),10,-15.690000,-4.038438,fresher,292,Frank's Tract at Old River,-66.830000,-12.139595,fresher,265,Little Franks Tract at Fisherman's Cut,51.140000
2019-11-24,Baseline (BAU),New Green Watershed,Franks Tract (10 supplied RMA stations),10,-15.860000,-4.082195,fresher,292,Frank's Tract at Old River,-84.450000,-15.340249,fresher,265,Little Franks Tract at Fisherman's Cut,68.590000
2019-11-25,Baseline (BAU),New Green Watershed,Franks Tract (10 supplied RMA stations),10,-16.310000,-4.198020,fresher,292,Frank's Tract at Old River,-101.630000,-18.460977,fresher,265,Little Franks Tract at Fisherman's Cut,85.320000
2019-11-26,Baseline (BAU),New Green Watershed,Franks Tract (10 supplied RMA stations),10,-18.530000,-4.769424,fresher,292,Frank's Tract at Old River,-121.780000,-22.121202,fresher,265,Little Franks Tract at Fisherman's Cut,103.250000
2019-11-27,Baseline (BAU),New Green Watershed,Franks Tract (10 supplied RMA stations),10,-19.620000,-5.049978,fresher,292,Frank's Tract at Old River,-189.160000,-34.360704,fresher,265,Little Franks Tract at Fisherman's Cut,169.540000
2019-11-28,Baseline (BAU),New Green Watershed,Franks Tract (10 supplied RMA stations),10,-23.630000,-6.082110,fresher,292,Frank's Tract at Old River,-229.770000,-41.737466,fresher,265,Little Franks Tract at Fisherman's Cut,206.140000
2019-11-29,Baseline (BAU),New Green Watershed,Franks Tract (10 supplied RMA stations),10,-32.510000,-8.367727,fresher,292,Frank's Tract at Old River,-244.010000,-44.324146,fresher,265,Little Franks Tract at Fisherman's Cut,211.500000
2019-11-30,Baseline (BAU),New Green Watershed,Franks Tract (10 supplied RMA stations),10,-37.830000,-9.737038,fresher,292,Frank's Tract at Old River,-230.810000,-41.926381,fresher,265,Little Franks Tract at Fisherman's Cut,192.980000
2019-12-01,Baseline (BAU),New Green Watershed,Franks Tract (10 supplied RMA stations),10,-36.990000,-9.520831,fresher,292,Frank's Tract at Old River,-294.480000,-53.491966,fresher,265,Little Franks Tract at Fisherman's Cut,257.490000
2019-12-02,Baseline (BAU),New Green Watershed,Franks Tract (10 supplied RMA stations),10,-48.170000,-12.398443,fresher,292,Frank's Tract at Old River,-269.880000,-49.023403,fresher,265,Little Franks Tract at Fisherman's Cut,221.710000
2019-12-03,Baseline (BAU),New Green Watershed,Franks Tract (10 supplied RMA stations),10,-59.550000,-15.327534,fresher,292,Frank's Tract at Old River,-221.780000,-40.286091,fresher,265,Little Franks Tract at Fisherman's Cut,162.230000
2019-12-04,Baseline (BAU),New Green Watershed,Franks Tract (10 supplied RMA stations),10,-65.280000,-16.802375,fresher,292,Frank's Tract at Old River,-216.990000,-48.723552,fresher,283,Franks Tract,151.710000
2019-12-05,Baseline (BAU),New Green Watershed,Franks Tract (10 supplied RMA stations),10,-69.720000,-17.945183,fresher,292,Frank's Tract at Old River,-227.990000,-49.430673,fresher,282,South Central Franks Tract,158.270000
2019-12-06,Baseline (BAU),New Green Watershed,Franks Tract (10 supplied RMA stations),10,-69.640000,-17.924592,fresher,292,Frank's Tract at Old River,-237.650000,-51.525065,fresher,282,South Central Franks Tract,168.010000
2019-12-07,Baseline (BAU),New Green Watershed,Franks Tract (10 supplied RMA stations),10,-64.610000,-16.629924,fresher,292,Frank's Tract at Old River,-246.150000,-53.367956,fresher,282,South Central Franks Tract,181.540000
2019-12-08,Baseline (BAU),New Green Watershed,Franks Tract (10 supplied RMA stations),10,-70.560000,-18.161390,fresher,292,Frank's Tract at Old River,-250.210000,-54.248207,fresher,282,South Central Franks Tract,179.650000
2019-12-09,Baseline (BAU),New Green Watershed,Franks Tract (10 supplied RMA stations),10,-74.150000,-19.085418,fresher,292,Frank's Tract at Old River,-247.240000,-53.604279,fresher,282,South Central Franks Tract,173.090000
2019-12-10,Baseline (BAU),New Green Watershed,Franks Tract (10 supplied RMA stations),10,-71.770000,-18.472831,fresher,292,Frank's Tract at Old River,-236.790000,-51.338607,fresher,282,South Central Franks Tract,165.020000
2019-12-11,Baseline (BAU),New Green Watershed,Franks Tract (10 supplied RMA stations),10,-64.280000,-16.544985,fresher,292,Frank's Tract at Old River,-221.880000,-48.105960,fresher,282,South Central Franks Tract,157.600000
2019-12-12,Baseline (BAU),New Green Watershed,Franks Tract (10 supplied RMA stations),10,-59.720000,-15.371290,fresher,292,Frank's Tract at Old River,-205.090000,-44.465708,fresher,282,South Central Franks Tract,145.370000
2019-12-13,Baseline (BAU),New Green Watershed,Franks Tract (10 supplied RMA stations),10,-57.540000,-14.810181,fresher,292,Frank's Tract at Old River,-188.110000,-40.784262,fresher,282,South Central Franks Tract,130.570000
2019-12-14,Baseline (BAU),New Green Watershed,Franks Tract (10 supplied RMA stations),10,-56.580000,-14.563088,fresher,292,Frank's Tract at Old River,-173.460000,-37.607985,fresher,282,South Central Franks Tract,116.880000
2019-12-15,Baseline (BAU),New Green Watershed,Franks Tract (10 supplied RMA stations),10,-55.220000,-14.213038,fresher,292,Frank's Tract at Old River,-159.750000,-34.635511,fresher,282,South Central Franks Tract,104.530000
2019-12-16,Baseline (BAU),New Green Watershed,Franks Tract (10 supplied RMA stations),10,-49.620000,-12.771658,fresher,292,Frank's Tract at Old River,-147.230000,-31.921040,fresher,282,South Central Franks Tract,97.610000
2019-12-17,Baseline (BAU),New Green Watershed,Franks Tract (10 supplied RMA stations),10,-41.570000,-10.699674,fresher,292,Frank's Tract at Old River,-136.290000,-29.549131,fresher,282,South Central Franks Tract,94.720000
2019-12-18,Baseline (BAU),New Green Watershed,Franks Tract (10 supplied RMA stations),10,-35.010000,-9.011200,fresher,292,Frank's Tract at Old River,-126.680000,-27.465580,fresher,282,South Central Franks Tract,91.670000
2019-12-19,Baseline (BAU),New Green Watershed,Franks Tract (10 supplied RMA stations),10,-35.270000,-9.078121,fresher,292,Frank's Tract at Old River,-117.650000,-25.507780,fresher,282,South Central Franks Tract,82.380000
2019-12-20,Baseline (BAU),New Green Watershed,Franks Tract (10 supplied RMA stations),10,-34.990000,-9.006052,fresher,292,Frank's Tract at Old River,-109.130000,-23.660552,fresher,282,South Central Franks Tract,74.140000
2019-12-21,Baseline (BAU),New Green Watershed,Franks Tract (10 supplied RMA stations),10,-30.950000,-7.966199,fresher,292,Frank's Tract at Old River,-101.310000,-21.965093,fresher,282,South Central Franks Tract,70.360000
2019-12-22,Baseline (BAU),New Green Watershed,Franks Tract (10 supplied RMA stations),10,-27.240000,-7.011285,fresher,292,Frank's Tract at Old River,-94.690000,-20.529806,fresher,282,South Central Franks Tract,67.450000
2019-12-23,Baseline (BAU),New Green Watershed,Franks Tract (10 supplied RMA stations),10,-29.310000,-7.544081,fresher,292,Frank's Tract at Old River,-89.850000,-19.480442,fresher,282,South Central Franks Tract,60.540000
2019-12-24,Baseline (BAU),New Green Watershed,Franks Tract (10 supplied RMA stations),10,-31.680000,-8.154094,fresher,292,Frank's Tract at Old River,-85.970000,-18.639217,fresher,282,South Central Franks Tract,54.290000
2019-12-25,Baseline (BAU),New Green Watershed,Franks Tract (10 supplied RMA stations),10,-31.370000,-8.074303,fresher,292,Frank's Tract at Old River,-84.730000,-15.391111,fresher,265,Little Franks Tract at Fisherman's Cut,53.360000
2019-12-26,Baseline (BAU),New Green Watershed,Franks Tract (10 supplied RMA stations),10,-30.900000,-7.953330,fresher,292,Frank's Tract at Old River,-91.400000,-16.602709,fresher,265,Little Franks Tract at Fisherman's Cut,60.500000
2019-12-27,Baseline (BAU),New Green Watershed,Franks Tract (10 supplied RMA stations),10,-32.490000,-8.362579,fresher,292,Frank's Tract at Old River,-90.550000,-16.448307,fresher,265,Little Franks Tract at Fisherman's Cut,58.060000
2019-12-28,Baseline (BAU),New Green Watershed,Franks Tract (10 supplied RMA stations),10,-33.430000,-8.604525,fresher,292,Frank's Tract at Old River,-88.230000,-16.026882,fresher,265,Little Franks Tract at Fisherman's Cut,54.800000
2019-12-29,Baseline (BAU),New Green Watershed,Franks Tract (10 supplied RMA stations),10,-32.600000,-8.390892,fresher,292,Frank's Tract at Old River,-88.910000,-16.150403,fresher,265,Little Franks Tract at Fisherman's Cut,56.310000
2019-12-30,Baseline (BAU),New Green Watershed,Franks Tract (10 supplied RMA stations),10,-32.440000,-8.349709,fresher,292,Frank's Tract at Old River,-86.210000,-15.659951,fresher,265,Little Franks Tract at Fisherman's Cut,53.770000
2019-12-31,Baseline (BAU),New Green Watershed,Franks Tract (10 supplied RMA stations),10,-33.720000,-8.679168,fresher,292,Frank's Tract at Old River,-83.090000,-18.014802,fresher,282,South Central Franks Tract,49.370000
2020-01-01,Baseline (BAU),New Green Watershed,Franks Tract (10 supplied RMA stations),10,-35.020000,-9.013774,fresher,292,Frank's Tract at Old River,-83.540000,-18.112366,fresher,282,South Central Franks Tract,48.520000
2020-01-02,Baseline (BAU),New Green Watershed,Franks Tract (10 supplied RMA stations),10,-37.250000,-9.422650,fresher,285,Frank's Tract North East,-82.370000,-17.858698,fresher,282,South Central Franks Tract,45.120000
2020-01-03,Baseline (BAU),New Green Watershed,Franks Tract (10 supplied RMA stations),10,-36.200000,-9.157045,fresher,285,Frank's Tract North East,-80.370000,-17.425077,fresher,282,South Central Franks Tract,44.170000
2020-01-04,Baseline (BAU),New Green Watershed,Franks Tract (10 supplied RMA stations),10,-35.340000,-8.939502,fresher,285,Frank's Tract North East,-78.390000,-16.995791,fresher,282,South Central Franks Tract,43.050000
2020-01-05,Baseline (BAU),New Green Watershed,Franks Tract (10 supplied RMA stations),10,-33.370000,-8.441177,fresher,285,Frank's Tract North East,-76.080000,-16.494959,fresher,282,South Central Franks Tract,42.710000
2020-01-06,Baseline (BAU),New Green Watershed,Franks Tract (10 supplied RMA stations),10,-32.070000,-8.112333,fresher,285,Frank's Tract North East,-72.950000,-15.816341,fresher,282,South Central Franks Tract,40.880000
2020-01-07,Baseline (BAU),New Green Watershed,Franks Tract (10 supplied RMA stations),10,-31.800000,-8.044034,fresher,285,Frank's Tract North East,-69.280000,-15.020646,fresher,282,South Central Franks Tract,37.480000
2020-01-08,Baseline (BAU),New Green Watershed,Franks Tract (10 supplied RMA stations),10,-31.900000,-8.069330,fresher,285,Frank's Tract North East,-66.390000,-12.059670,fresher,265,Little Franks Tract at Fisherman's Cut,34.490000
2020-01-09,Baseline (BAU),New Green Watershed,Franks Tract (10 supplied RMA stations),10,-31.350000,-8.069155,fresher,292,Frank's Tract at Old River,-67.070000,-12.183191,fresher,265,Little Franks Tract at Fisherman's Cut,35.720000
2020-01-10,Baseline (BAU),New Green Watershed,Franks Tract (10 supplied RMA stations),10,-32.070000,-8.112333,fresher,285,Frank's Tract North East,-62.990000,-11.442064,fresher,265,Little Franks Tract at Fisherman's Cut,30.920000
2020-01-11,Baseline (BAU),New Green Watershed,Franks Tract (10 supplied RMA stations),10,-32.150000,-8.132569,fresher,285,Frank's Tract North East,-62.190000,-11.296745,fresher,265,Little Franks Tract at Fisherman's Cut,30.040000
2020-01-12,Baseline (BAU),New Green Watershed,Franks Tract (10 supplied RMA stations),10,-31.890000,-8.066800,fresher,285,Frank's Tract North East,-60.780000,-11.040620,fresher,265,Little Franks Tract at Fisherman's Cut,28.890000
2020-01-13,Baseline (BAU),New Green Watershed,Franks Tract (10 supplied RMA stations),10,-31.460000,-7.958029,fresher,285,Frank's Tract North East,-59.020000,-10.720918,fresher,265,Little Franks Tract at Fisherman's Cut,27.560000
2020-01-14,Baseline (BAU),New Green Watershed,Franks Tract (10 supplied RMA stations),10,-30.030000,-7.596300,fresher,285,Frank's Tract North East,-54.340000,-9.870801,fresher,265,Little Franks Tract at Fisherman's Cut,24.310000
2020-01-15,Baseline (BAU),New Green Watershed,Franks Tract (10 supplied RMA stations),10,-28.330000,-7.166273,fresher,285,Frank's Tract North East,-52.420000,-9.522035,fresher,265,Little Franks Tract at Fisherman's Cut,24.090000
2020-01-16,Baseline (BAU),New Green Watershed,Franks Tract (10 supplied RMA stations),10,-27.350000,-6.918375,fresher,285,Frank's Tract North East,-59.390000,-10.788128,fresher,265,Little Franks Tract at Fisherman's Cut,32.040000
2020-01-17,Baseline (BAU),New Green Watershed,Franks Tract (10 supplied RMA stations),10,-25.570000,-6.468112,fresher,285,Frank's Tract North East,-54.440000,-9.888966,fresher,265,Little Franks Tract at Fisherman's Cut,28.870000
2020-01-18,Baseline (BAU),New Green Watershed,Franks Tract (10 supplied RMA stations),10,-24.190000,-6.119031,fresher,285,Frank's Tract North East,-52.170000,-9.476623,fresher,265,Little Franks Tract at Fisherman's Cut,27.980000
2020-01-19,Baseline (BAU),New Green Watershed,Franks Tract (10 supplied RMA stations),10,-22.740000,-5.752243,fresher,285,Frank's Tract North East,-57.610000,-10.464793,fresher,265,Little Franks Tract at Fisherman's Cut,34.870000
2020-01-20,Baseline (BAU),New Green Watershed,Franks Tract (10 supplied RMA stations),10,-21.590000,-5.461343,fresher,285,Frank's Tract North East,-67.530000,-12.266750,fresher,265,Little Franks Tract at Fisherman's Cut,45.940000
2020-01-21,Baseline (BAU),New Green Watershed,Franks Tract (10 supplied RMA stations),10,-21.910000,-5.542289,fresher,285,Frank's Tract North East,-73.370000,-13.327579,fresher,265,Little Franks Tract at Fisherman's Cut,51.460000
2020-01-22,Baseline (BAU),New Green Watershed,Franks Tract (10 supplied RMA stations),10,-23.070000,-5.835719,fresher,285,Frank's Tract North East,-71.240000,-12.940667,fresher,265,Little Franks Tract at Fisherman's Cut,48.170000
2020-01-23,Baseline (BAU),New Green Watershed,Franks Tract (10 supplied RMA stations),10,-24.050000,-6.083617,fresher,285,Frank's Tract North East,-70.440000,-12.795348,fresher,265,Little Franks Tract at Fisherman's Cut,46.390000
2020-01-24,Baseline (BAU),New Green Watershed,Franks Tract (10 supplied RMA stations),10,-25.100000,-6.349222,fresher,285,Frank's Tract North East,-73.790000,-13.403872,fresher,265,Little Franks Tract at Fisherman's Cut,48.690000
2020-01-25,Baseline (BAU),New Green Watershed,Franks Tract (10 supplied RMA stations),10,-25.630000,-6.483289,fresher,285,Frank's Tract North East,-75.460000,-13.707225,fresher,265,Little Franks Tract at Fisherman's Cut,49.830000
2020-01-26,Baseline (BAU),New Green Watershed,Franks Tract (10 supplied RMA stations),10,-26.430000,-6.685655,fresher,285,Frank's Tract North East,-72.550000,-13.178627,fresher,265,Little Franks Tract at Fisherman's Cut,46.120000
2020-01-27,Baseline (BAU),New Green Watershed,Franks Tract (10 supplied RMA stations),10,-26.660000,-6.743835,fresher,285,Frank's Tract North East,-62.730000,-11.394835,fresher,265,Little Franks Tract at Fisherman's Cut,36.070000
2020-01-28,Baseline (BAU),New Green Watershed,Franks Tract (10 supplied RMA stations),10,-25.360000,-6.414991,fresher,285,Frank's Tract North East,-55.430000,-10.068798,fresher,265,Little Franks Tract at Fisherman's Cut,30.070000
2020-01-29,Baseline (BAU),New Green Watershed,Franks Tract (10 supplied RMA stations),10,-21.410000,-5.415811,fresher,285,Frank's Tract North East,-49.340000,-10.697440,fresher,282,South Central Franks Tract,27.930000
2020-01-30,Baseline (BAU),New Green Watershed,Franks Tract (10 supplied RMA stations),10,-16.820000,-4.254738,fresher,285,Frank's Tract North East,-47.330000,-10.261651,fresher,282,South Central Franks Tract,30.510000
2020-01-31,Baseline (BAU),New Green Watershed,Franks Tract (10 supplied RMA stations),10,-13.240000,-3.349151,fresher,285,Frank's Tract North East,-44.610000,-9.671926,fresher,282,South Central Franks Tract,31.370000
2020-02-01,Baseline (BAU),New Green Watershed,Franks Tract (10 supplied RMA stations),10,-10.870000,-2.749643,fresher,285,Frank's Tract North East,-42.030000,-9.558139,fresher,291,Frank's Tract at Sheep Slough,31.160000
2020-02-02,Baseline (BAU),New Green Watershed,Franks Tract (10 supplied RMA stations),10,-10.770000,-2.724347,fresher,285,Frank's Tract North East,-42.000000,-9.551316,fresher,291,Frank's Tract at Sheep Slough,31.230000
2020-02-03,Baseline (BAU),New Green Watershed,Franks Tract (10 supplied RMA stations),10,-5.940000,-1.502565,fresher,285,Frank's Tract North East,-42.870000,-9.749165,fresher,291,Frank's Tract at Sheep Slough,36.930000
2020-02-04,Baseline (BAU),New Green Watershed,Franks Tract (10 supplied RMA stations),10,-2.560000,-0.647570,fresher,285,Frank's Tract North East,-41.420000,-9.419417,fresher,291,Frank's Tract at Sheep Slough,38.860000
2020-02-05,Baseline (BAU),New Green Watershed,Franks Tract (10 supplied RMA stations),10,-4.770000,-1.206605,fresher,285,Frank's Tract North East,-37.270000,-6.770054,fresher,265,Little Franks Tract at Fisherman's Cut,32.500000
2020-02-06,Baseline (BAU),New Green Watershed,Franks Tract (10 supplied RMA stations),10,-6.350000,-1.606277,fresher,285,Frank's Tract North East,-36.260000,-6.586589,fresher,265,Little Franks Tract at Fisherman's Cut,29.910000
2020-02-07,Baseline (BAU),New Green Watershed,Franks Tract (10 supplied RMA stations),10,-7.390000,-1.869353,fresher,285,Frank's Tract North East,-34.910000,-6.341363,fresher,265,Little Franks Tract at Fisherman's Cut,27.520000
2020-02-08,Baseline (BAU),New Green Watershed,Franks Tract (10 supplied RMA stations),10,-7.110000,-1.511846,fresher,281,South Franks Tract at Bethel Island,-32.840000,-5.965350,fresher,265,Little Franks Tract at Fisherman's Cut,25.730000
2020-02-09,Baseline (BAU),New Green Watershed,Franks Tract (10 supplied RMA stations),10,-2.980000,-0.753812,fresher,285,Frank's Tract North East,-27.710000,-5.033491,fresher,265,Little Franks Tract at Fisherman's Cut,24.730000
2020-02-10,Baseline (BAU),New Green Watershed,Franks Tract (10 supplied RMA stations),10,-3.020000,-0.763930,fresher,285,Frank's Tract North East,-27.170000,-4.935400,fresher,265,Little Franks Tract at Fisherman's Cut,24.150000
2020-02-11,Baseline (BAU),New Green Watershed,Franks Tract (10 supplied RMA stations),10,-2.730000,-0.580498,fresher,281,South Franks Tract at Bethel Island,-26.790000,-4.866374,fresher,265,Little Franks Tract at Fisherman's Cut,24.060000
2020-02-12,Baseline (BAU),New Green Watershed,Franks Tract (10 supplied RMA stations),10,-2.840000,-0.603888,fresher,281,South Franks Tract at Bethel Island,-25.020000,-4.544855,fresher,265,Little Franks Tract at Fisherman's Cut,22.180000
2020-02-13,Baseline (BAU),New Green Watershed,Franks Tract (10 supplied RMA stations),10,-3.160000,-0.671932,fresher,281,South Franks Tract at Bethel Island,-23.960000,-4.352307,fresher,265,Little Franks Tract at Fisherman's Cut,20.800000
2020-02-14,Baseline (BAU),New Green Watershed,Franks Tract (10 supplied RMA stations),10,-3.420000,-0.727217,fresher,281,South Franks Tract at Bethel Island,-23.920000,-4.345041,fresher,265,Little Franks Tract at Fisherman's Cut,20.500000
2020-02-15,Baseline (BAU),New Green Watershed,Franks Tract (10 supplied RMA stations),10,-4.090000,-0.869684,fresher,281,South Franks Tract at Bethel Island,-23.680000,-4.301446,fresher,265,Little Franks Tract at Fisherman's Cut,19.590000
2020-02-16,Baseline (BAU),New Green Watershed,Franks Tract (10 supplied RMA stations),10,-5.040000,-1.071689,fresher,281,South Franks Tract at Bethel Island,-23.350000,-4.241502,fresher,265,Little Franks Tract at Fisherman's Cut,18.310000
2020-02-17,Baseline (BAU),New Green Watershed,Franks Tract (10 supplied RMA stations),10,-5.300000,-1.126974,fresher,281,South Franks Tract at Bethel Island,-23.720000,-4.308712,fresher,265,Little Franks Tract at Fisherman's Cut,18.420000
2020-02-18,Baseline (BAU),New Green Watershed,Franks Tract (10 supplied RMA stations),10,-7.090000,-1.507594,fresher,281,South Franks Tract at Bethel Island,-24.710000,-4.488544,fresher,265,Little Franks Tract at Fisherman's Cut,17.620000
2020-02-19,Baseline (BAU),New Green Watershed,Franks Tract (10 supplied RMA stations),10,-7.860000,-1.671324,fresher,281,South Franks Tract at Bethel Island,-24.590000,-4.466746,fresher,265,Little Franks Tract at Fisherman's Cut,16.730000
2020-02-20,Baseline (BAU),New Green Watershed,Franks Tract (10 supplied RMA stations),10,-7.830000,-1.664945,fresher,281,South Franks Tract at Bethel Island,-24.230000,-4.401353,fresher,265,Little Franks Tract at Fisherman's Cut,16.400000
2020-02-21,Baseline (BAU),New Green Watershed,Franks Tract (10 supplied RMA stations),10,-8.160000,-1.735115,fresher,281,South Franks Tract at Bethel Island,-24.340000,-4.421334,fresher,265,Little Franks Tract at Fisherman's Cut,16.180000
2020-02-22,Baseline (BAU),New Green Watershed,Franks Tract (10 supplied RMA stations),10,-8.910000,-1.894592,fresher,281,South Franks Tract at Bethel Island,-24.500000,-4.450398,fresher,265,Little Franks Tract at Fisherman's Cut,15.590000
2020-02-23,Baseline (BAU),New Green Watershed,Franks Tract (10 supplied RMA stations),10,-9.790000,-2.081713,fresher,281,South Franks Tract at Bethel Island,-20.300000,-3.687473,fresher,265,Little Franks Tract at Fisherman's Cut,10.510000
2020-02-24,Baseline (BAU),New Green Watershed,Franks Tract (10 supplied RMA stations),10,-11.010000,-2.341129,fresher,281,South Franks Tract at Bethel Island,-20.050000,-4.347055,fresher,282,South Central Franks Tract,9.040000
2020-02-25,Baseline (BAU),New Green Watershed,Franks Tract (10 supplied RMA stations),10,-12.330000,-2.621810,fresher,281,South Franks Tract at Bethel Island,-20.030000,-4.342718,fresher,282,South Central Franks Tract,7.700000
2020-02-26,Baseline (BAU),New Green Watershed,Franks Tract (10 supplied RMA stations),10,-12.710000,-2.890410,fresher,291,Frank's Tract at Sheep Slough,-19.800000,-4.292852,fresher,282,South Central Franks Tract,7.090000
2020-02-27,Baseline (BAU),New Green Watershed,Franks Tract (10 supplied RMA stations),10,-12.040000,-2.738044,fresher,291,Frank's Tract at Sheep Slough,-19.450000,-4.216968,fresher,282,South Central Franks Tract,7.410000
2020-02-28,Baseline (BAU),New Green Watershed,Franks Tract (10 supplied RMA stations),10,-11.370000,-2.585678,fresher,291,Frank's Tract at Sheep Slough,-18.750000,-4.065201,fresher,282,South Central Franks Tract,7.380000
2020-02-29,Baseline (BAU),New Green Watershed,Franks Tract (10 supplied RMA stations),10,-10.620000,-2.415119,fresher,291,Frank's Tract at Sheep Slough,-19.470000,-4.013542,fresher,274,Piper Slough at Bethal Tract,8.850000
2020-03-01,Baseline (BAU),New Green Watershed,Franks Tract (10 supplied RMA stations),10,-9.640000,-2.192255,fresher,291,Frank's Tract at Sheep Slough,-20.630000,-4.252664,fresher,274,Piper Slough at Bethal Tract,10.990000
2020-03-02,Baseline (BAU),New Green Watershed,Franks Tract (10 supplied RMA stations),10,-9.160000,-2.083097,fresher,291,Frank's Tract at Sheep Slough,-18.420000,-3.797095,fresher,274,Piper Slough at Bethal Tract,9.260000
2020-03-03,Baseline (BAU),New Green Watershed,Franks Tract (10 supplied RMA stations),10,-7.640000,-1.932592,fresher,285,Frank's Tract North East,-15.880000,-3.273500,fresher,274,Piper Slough at Bethal Tract,8.240000
2020-03-04,Baseline (BAU),New Green Watershed,Franks Tract (10 supplied RMA stations),10,-5.910000,-1.494976,fresher,285,Frank's Tract North East,-14.800000,-2.688404,fresher,265,Little Franks Tract at Fisherman's Cut,8.890000
2020-03-05,Baseline (BAU),New Green Watershed,Franks Tract (10 supplied RMA stations),10,-4.700000,-1.188898,fresher,285,Frank's Tract North East,-15.440000,-2.804659,fresher,265,Little Franks Tract at Fisherman's Cut,10.740000
2020-03-06,Baseline (BAU),New Green Watershed,Franks Tract (10 supplied RMA stations),10,-4.510000,-1.140836,fresher,285,Frank's Tract North East,-16.380000,-2.975409,fresher,265,Little Franks Tract at Fisherman's Cut,11.870000
2020-03-07,Baseline (BAU),New Green Watershed,Franks Tract (10 supplied RMA stations),10,-4.250000,-0.966502,fresher,291,Frank's Tract at Sheep Slough,-17.010000,-3.089848,fresher,265,Little Franks Tract at Fisherman's Cut,12.760000
2020-03-08,Baseline (BAU),New Green Watershed,Franks Tract (10 supplied RMA stations),10,-3.500000,-0.795943,fresher,291,Frank's Tract at Sheep Slough,-17.080000,-3.102563,fresher,265,Little Franks Tract at Fisherman's Cut,13.580000
2020-03-09,Baseline (BAU),New Green Watershed,Franks Tract (10 supplied RMA stations),10,-3.190000,-0.725445,fresher,291,Frank's Tract at Sheep Slough,-17.370000,-3.155241,fresher,265,Little Franks Tract at Fisherman's Cut,14.180000
2020-03-10,Baseline (BAU),New Green Watershed,Franks Tract (10 supplied RMA stations),10,-2.520000,-0.565848,fresher,283,Franks Tract,-18.990000,-3.449512,fresher,265,Little Franks Tract at Fisherman's Cut,16.470000
2020-03-11,Baseline (BAU),New Green Watershed,Franks Tract (10 supplied RMA stations),10,-1.990000,-0.446840,fresher,283,Franks Tract,-21.880000,-3.974478,fresher,265,Little Franks Tract at Fisherman's Cut,19.890000
2020-03-12,Baseline (BAU),New Green Watershed,Franks Tract (10 supplied RMA stations),10,-2.240000,-0.502976,fresher,283,Franks Tract,-26.820000,-4.871823,fresher,265,Little Franks Tract at Fisherman's Cut,24.580000
2020-03-13,Baseline (BAU),New Green Watershed,Franks Tract (10 supplied RMA stations),10,-3.460000,-0.776918,fresher,283,Franks Tract,-34.930000,-6.344996,fresher,265,Little Franks Tract at Fisherman's Cut,31.470000
2020-03-14,Baseline (BAU),New Green Watershed,Franks Tract (10 supplied RMA stations),10,-6.020000,-1.351748,fresher,283,Franks Tract,-38.550000,-7.002565,fresher,265,Little Franks Tract at Fisherman's Cut,32.530000
2020-03-15,Baseline (BAU),New Green Watershed,Franks Tract (10 supplied RMA stations),10,-7.410000,-1.685125,fresher,291,Frank's Tract at Sheep Slough,-41.170000,-7.478485,fresher,265,Little Franks Tract at Fisherman's Cut,33.760000
2020-03-16,Baseline (BAU),New Green Watershed,Franks Tract (10 supplied RMA stations),10,-7.240000,-1.831409,fresher,285,Frank's Tract North East,-37.090000,-6.737357,fresher,265,Little Franks Tract at Fisherman's Cut,29.850000
2020-03-17,Baseline (BAU),New Green Watershed,Franks Tract (10 supplied RMA stations),10,-5.310000,-1.343202,fresher,285,Frank's Tract North East,-33.760000,-6.132467,fresher,265,Little Franks Tract at Fisherman's Cut,28.450000
2020-03-18,Baseline (BAU),New Green Watershed,Franks Tract (10 supplied RMA stations),10,-4.250000,-1.075067,fresher,285,Frank's Tract North East,-32.650000,-5.930836,fresher,265,Little Franks Tract at Fisherman's Cut,28.400000
2020-03-19,Baseline (BAU),New Green Watershed,Franks Tract (10 supplied RMA stations),10,-4.250000,-1.075067,fresher,285,Frank's Tract North East,-30.640000,-5.565722,fresher,265,Little Franks Tract at Fisherman's Cut,26.390000
2020-03-20,Baseline (BAU),New Green Watershed,Franks Tract (10 supplied RMA stations),10,-4.860000,-1.229371,fresher,285,Frank's Tract North East,-27.880000,-5.064371,fresher,265,Little Franks Tract at Fisherman's Cut,23.020000
2020-03-21,Baseline (BAU),New Green Watershed,Franks Tract (10 supplied RMA stations),10,-5.190000,-1.312847,fresher,285,Frank's Tract North East,-28.130000,-5.109783,fresher,265,Little Franks Tract at Fisherman's Cut,22.940000
2020-03-22,Baseline (BAU),New Green Watershed,Franks Tract (10 supplied RMA stations),10,-5.070000,-1.282492,fresher,285,Frank's Tract North East,-28.890000,-5.247836,fresher,265,Little Franks Tract at Fisherman's Cut,23.820000
2020-03-23,Baseline (BAU),New Green Watershed,Franks Tract (10 supplied RMA stations),10,-5.630000,-1.424148,fresher,285,Frank's Tract North East,-29.580000,-5.373174,fresher,265,Little Franks Tract at Fisherman's Cut,23.950000
2020-03-24,Baseline (BAU),New Green Watershed,Franks Tract (10 supplied RMA stations),10,-6.470000,-1.636632,fresher,285,Frank's Tract North East,-28.120000,-5.107967,fresher,265,Little Franks Tract at Fisherman's Cut,21.650000
2020-03-25,Baseline (BAU),New Green Watershed,Franks Tract (10 supplied RMA stations),10,-6.670000,-1.687224,fresher,285,Frank's Tract North East,-28.060000,-5.097068,fresher,265,Little Franks Tract at Fisherman's Cut,21.390000
2020-03-26,Baseline (BAU),New Green Watershed,Franks Tract (10 supplied RMA stations),10,-6.310000,-1.596159,fresher,285,Frank's Tract North East,-28.330000,-5.146113,fresher,265,Little Franks Tract at Fisherman's Cut,22.020000
2020-03-27,Baseline (BAU),New Green Watershed,Franks Tract (10 supplied RMA stations),10,-6.590000,-1.666987,fresher,285,Frank's Tract North East,-27.710000,-5.033491,fresher,265,Little Franks Tract at Fisherman's Cut,21.120000
2020-03-28,Baseline (BAU),New Green Watershed,Franks Tract (10 supplied RMA stations),10,-6.830000,-1.727697,fresher,285,Frank's Tract North East,-28.320000,-5.144297,fresher,265,Little Franks Tract at Fisherman's Cut,21.490000
2020-03-29,Baseline (BAU),New Green Watershed,Franks Tract (10 supplied RMA stations),10,-5.980000,-1.512683,fresher,285,Frank's Tract North East,-31.330000,-5.691060,fresher,265,Little Franks Tract at Fisherman's Cut,25.350000
2020-03-30,Baseline (BAU),New Green Watershed,Franks Tract (10 supplied RMA stations),10,-4.940000,-1.249608,fresher,285,Frank's Tract North East,-33.450000,-6.076155,fresher,265,Little Franks Tract at Fisherman's Cut,28.510000
2020-03-31,Baseline (BAU),New Green Watershed,Franks Tract (10 supplied RMA stations),10,-4.800000,-1.214194,fresher,285,Frank's Tract North East,-36.350000,-6.602937,fresher,265,Little Franks Tract at Fisherman's Cut,31.550000
2020-04-01,Baseline (BAU),New Green Watershed,Franks Tract (10 supplied RMA stations),10,-5.440000,-1.376086,fresher,285,Frank's Tract North East,-38.550000,-7.002565,fresher,265,Little Franks Tract at Fisherman's Cut,33.110000
2020-04-02,Baseline (BAU),New Green Watershed,Franks Tract (10 supplied RMA stations),10,-3.690000,-0.933412,fresher,285,Frank's Tract North East,-32.310000,-5.869076,fresher,265,Little Franks Tract at Fisherman's Cut,28.620000
2020-04-03,Baseline (BAU),New Green Watershed,Franks Tract (10 supplied RMA stations),10,-3.570000,-0.903057,fresher,285,Frank's Tract North East,-31.320000,-5.689243,fresher,265,Little Franks Tract at Fisherman's Cut,27.750000
2020-04-04,Baseline (BAU),New Green Watershed,Franks Tract (10 supplied RMA stations),10,-5.190000,-1.312847,fresher,285,Frank's Tract North East,-37.050000,-6.730091,fresher,265,Little Franks Tract at Fisherman's Cut,31.860000
2020-04-05,Baseline (BAU),New Green Watershed,Franks Tract (10 supplied RMA stations),10,-6.090000,-1.294957,fresher,281,South Franks Tract at Bethel Island,-45.420000,-8.250493,fresher,265,Little Franks Tract at Fisherman's Cut,39.330000
2020-04-06,Baseline (BAU),New Green Watershed,Franks Tract (10 supplied RMA stations),10,-5.590000,-1.414030,fresher,285,Frank's Tract North East,-39.510000,-7.176948,fresher,265,Little Franks Tract at Fisherman's Cut,33.920000
2020-04-07,Baseline (BAU),New Green Watershed,Franks Tract (10 supplied RMA stations),10,-4.260000,-1.077597,fresher,285,Frank's Tract North East,-32.320000,-5.870892,fresher,265,Little Franks Tract at Fisherman's Cut,28.060000
2020-04-08,Baseline (BAU),New Green Watershed,Franks Tract (10 supplied RMA stations),10,-3.880000,-0.981473,fresher,285,Frank's Tract North East,-31.370000,-5.698326,fresher,265,Little Franks Tract at Fisherman's Cut,27.490000
2020-04-09,Baseline (BAU),New Green Watershed,Franks Tract (10 supplied RMA stations),10,-3.090000,-0.781637,fresher,285,Frank's Tract North East,-31.480000,-5.718307,fresher,265,Little Franks Tract at Fisherman's Cut,28.390000
2020-04-10,Baseline (BAU),New Green Watershed,Franks Tract (10 supplied RMA stations),10,-2.720000,-0.688043,fresher,285,Frank's Tract North East,-30.620000,-5.562089,fresher,265,Little Franks Tract at Fisherman's Cut,27.900000
2020-04-11,Baseline (BAU),New Green Watershed,Franks Tract (10 supplied RMA stations),10,-2.900000,-0.733575,fresher,285,Frank's Tract North East,-29.550000,-5.367725,fresher,265,Little Franks Tract at Fisherman's Cut,26.650000
2020-04-12,Baseline (BAU),New Green Watershed,Franks Tract (10 supplied RMA stations),10,-2.270000,-0.574213,fresher,285,Frank's Tract North East,-27.780000,-5.046206,fresher,265,Little Franks Tract at Fisherman's Cut,25.510000
2020-04-13,Baseline (BAU),New Green Watershed,Franks Tract (10 supplied RMA stations),10,-0.470000,-0.118890,fresher,285,Frank's Tract North East,-25.330000,-4.601166,fresher,265,Little Franks Tract at Fisherman's Cut,24.860000
2020-04-14,Baseline (BAU),New Green Watershed,Franks Tract (10 supplied RMA stations),10,1.830000,0.462911,saltier,285,Frank's Tract North East,-22.240000,-4.039871,fresher,265,Little Franks Tract at Fisherman's Cut,24.070000
2020-04-15,Baseline (BAU),New Green Watershed,Franks Tract (10 supplied RMA stations),10,3.740000,0.839790,saltier,283,Franks Tract,-20.730000,-3.765582,fresher,265,Little Franks Tract at Fisherman's Cut,24.470000
2020-04-16,Baseline (BAU),New Green Watershed,Franks Tract (10 supplied RMA stations),10,6.240000,1.401147,saltier,283,Franks Tract,-18.800000,-3.414999,fresher,265,Little Franks Tract at Fisherman's Cut,25.040000
2020-04-17,Baseline (BAU),New Green Watershed,Franks Tract (10 supplied RMA stations),10,8.840000,1.984959,saltier,283,Franks Tract,-16.840000,-3.058967,fresher,265,Little Franks Tract at Fisherman's Cut,25.680000
2020-04-18,Baseline (BAU),New Green Watershed,Franks Tract (10 supplied RMA stations),10,8.580000,1.926578,saltier,283,Franks Tract,-14.250000,-2.588497,fresher,265,Little Franks Tract at Fisherman's Cut,22.830000
2020-04-19,Baseline (BAU),New Green Watershed,Franks Tract (10 supplied RMA stations),10,8.910000,2.000677,saltier,283,Franks Tract,-13.020000,-2.365069,fresher,265,Little Franks Tract at Fisherman's Cut,21.930000
2020-04-20,Baseline (BAU),New Green Watershed,Franks Tract (10 supplied RMA stations),10,9.930000,2.229710,saltier,283,Franks Tract,-12.270000,-2.228832,fresher,265,Little Franks Tract at Fisherman's Cut,22.200000
2020-04-21,Baseline (BAU),New Green Watershed,Franks Tract (10 supplied RMA stations),10,10.180000,2.285846,saltier,283,Franks Tract,-10.670000,-1.938194,fresher,265,Little Franks Tract at Fisherman's Cut,20.850000
2020-04-22,Baseline (BAU),New Green Watershed,Franks Tract (10 supplied RMA stations),10,10.920000,2.452008,saltier,283,Franks Tract,-9.680000,-1.758361,fresher,265,Little Franks Tract at Fisherman's Cut,20.600000
2020-04-23,Baseline (BAU),New Green Watershed,Franks Tract (10 supplied RMA stations),10,12.650000,2.840467,saltier,283,Franks Tract,-9.480000,-1.722031,fresher,265,Little Franks Tract at Fisherman's Cut,22.130000
2020-04-24,Baseline (BAU),New Green Watershed,Franks Tract (10 supplied RMA stations),10,13.320000,2.990911,saltier,283,Franks Tract,-10.110000,-1.836470,fresher,265,Little Franks Tract at Fisherman's Cut,23.430000
2020-04-25,Baseline (BAU),New Green Watershed,Franks Tract (10 supplied RMA stations),10,14.120000,3.170545,saltier,283,Franks Tract,-11.400000,-2.070797,fresher,265,Little Franks Tract at Fisherman's Cut,25.520000
2020-04-26,Baseline (BAU),New Green Watershed,Franks Tract (10 supplied RMA stations),10,15.000000,3.368143,saltier,283,Franks Tract,-12.760000,-2.317840,fresher,265,Little Franks Tract at Fisherman's Cut,27.760000
2020-04-27,Baseline (BAU),New Green Watershed,Franks Tract (10 supplied RMA stations),10,14.960000,3.359161,saltier,283,Franks Tract,-13.900000,-2.524920,fresher,265,Little Franks Tract at Fisherman's Cut,28.860000
2020-04-28,Baseline (BAU),New Green Watershed,Franks Tract (10 supplied RMA stations),10,14.180000,3.184018,saltier,283,Franks Tract,-14.960000,-2.717467,fresher,265,Little Franks Tract at Fisherman's Cut,29.140000
2020-04-29,Baseline (BAU),New Green Watershed,Franks Tract (10 supplied RMA stations),10,13.560000,3.044801,saltier,283,Franks Tract,-16.570000,-3.009922,fresher,265,Little Franks Tract at Fisherman's Cut,30.130000
2020-04-30,Baseline (BAU),New Green Watershed,Franks Tract (10 supplied RMA stations),10,13.780000,3.094200,saltier,283,Franks Tract,-15.540000,-2.822824,fresher,265,Little Franks Tract at Fisherman's Cut,29.320000
2020-05-01,Baseline (BAU),New Green Watershed,Franks Tract (10 supplied RMA stations),10,14.010000,3.145845,saltier,283,Franks Tract,-13.390000,-2.432279,fresher,265,Little Franks Tract at Fisherman's Cut,27.400000
2020-05-02,Baseline (BAU),New Green Watershed,Franks Tract (10 supplied RMA stations),10,13.760000,3.089710,saltier,283,Franks Tract,-13.600000,-2.470425,fresher,265,Little Franks Tract at Fisherman's Cut,27.360000
2020-05-03,Baseline (BAU),New Green Watershed,Franks Tract (10 supplied RMA stations),10,12.820000,2.878639,saltier,283,Franks Tract,-14.050000,-2.552167,fresher,265,Little Franks Tract at Fisherman's Cut,26.870000
2020-05-04,Baseline (BAU),New Green Watershed,Franks Tract (10 supplied RMA stations),10,12.070000,2.710232,saltier,283,Franks Tract,-15.940000,-2.895483,fresher,265,Little Franks Tract at Fisherman's Cut,28.010000
2020-05-05,Baseline (BAU),New Green Watershed,Franks Tract (10 supplied RMA stations),10,11.810000,2.651851,saltier,283,Franks Tract,-20.220000,-3.672941,fresher,265,Little Franks Tract at Fisherman's Cut,32.030000
2020-05-06,Baseline (BAU),New Green Watershed,Franks Tract (10 supplied RMA stations),10,9.620000,2.160102,saltier,283,Franks Tract,-23.980000,-4.355940,fresher,265,Little Franks Tract at Fisherman's Cut,33.600000
2020-05-07,Baseline (BAU),New Green Watershed,Franks Tract (10 supplied RMA stations),10,7.190000,1.635094,saltier,291,Frank's Tract at Sheep Slough,-33.010000,-5.996230,fresher,265,Little Franks Tract at Fisherman's Cut,40.200000
2020-05-08,Baseline (BAU),New Green Watershed,Franks Tract (10 supplied RMA stations),10,4.810000,1.042860,saltier,282,South Central Franks Tract,-50.250000,-9.127857,fresher,265,Little Franks Tract at Fisherman's Cut,55.060000
2020-05-09,Baseline (BAU),New Green Watershed,Franks Tract (10 supplied RMA stations),10,1.370000,0.311555,saltier,291,Frank's Tract at Sheep Slough,-69.570000,-12.637313,fresher,265,Little Franks Tract at Fisherman's Cut,70.940000
2020-05-10,Baseline (BAU),New Green Watershed,Franks Tract (10 supplied RMA stations),10,-2.570000,-0.584450,fresher,291,Frank's Tract at Sheep Slough,-85.410000,-15.514632,fresher,265,Little Franks Tract at Fisherman's Cut,82.840000
2020-05-11,Baseline (BAU),New Green Watershed,Franks Tract (10 supplied RMA stations),10,-6.770000,-1.539581,fresher,291,Frank's Tract at Sheep Slough,-91.500000,-16.620874,fresher,265,Little Franks Tract at Fisherman's Cut,84.730000
2020-05-12,Baseline (BAU),New Green Watershed,Franks Tract (10 supplied RMA stations),10,-10.590000,-2.408296,fresher,291,Frank's Tract at Sheep Slough,-87.890000,-15.965121,fresher,265,Little Franks Tract at Fisherman's Cut,77.300000
2020-05-13,Baseline (BAU),New Green Watershed,Franks Tract (10 supplied RMA stations),10,-13.310000,-3.026858,fresher,291,Frank's Tract at Sheep Slough,-76.880000,-13.965167,fresher,265,Little Franks Tract at Fisherman's Cut,63.570000
2020-05-14,Baseline (BAU),New Green Watershed,Franks Tract (10 supplied RMA stations),10,-15.170000,-3.449845,fresher,291,Frank's Tract at Sheep Slough,-68.140000,-12.377555,fresher,265,Little Franks Tract at Fisherman's Cut,52.970000
2020-05-15,Baseline (BAU),New Green Watershed,Franks Tract (10 supplied RMA stations),10,-16.740000,-3.806882,fresher,291,Frank's Tract at Sheep Slough,-62.020000,-11.265864,fresher,265,Little Franks Tract at Fisherman's Cut,45.280000
2020-05-16,Baseline (BAU),New Green Watershed,Franks Tract (10 supplied RMA stations),10,-18.770000,-4.268529,fresher,291,Frank's Tract at Sheep Slough,-60.600000,-11.007923,fresher,265,Little Franks Tract at Fisherman's Cut,41.830000
2020-05-17,Baseline (BAU),New Green Watershed,Franks Tract (10 supplied RMA stations),10,-20.210000,-4.596002,fresher,291,Frank's Tract at Sheep Slough,-61.080000,-11.095114,fresher,265,Little Franks Tract at Fisherman's Cut,40.870000
2020-05-18,Baseline (BAU),New Green Watershed,Franks Tract (10 supplied RMA stations),10,-20.890000,-4.750643,fresher,291,Frank's Tract at Sheep Slough,-59.090000,-10.733633,fresher,265,Little Franks Tract at Fisherman's Cut,38.200000
2020-05-19,Baseline (BAU),New Green Watershed,Franks Tract (10 supplied RMA stations),10,-21.510000,-4.891638,fresher,291,Frank's Tract at Sheep Slough,-53.600000,-9.736381,fresher,265,Little Franks Tract at Fisherman's Cut,32.090000
2020-05-20,Baseline (BAU),New Green Watershed,Franks Tract (10 supplied RMA stations),10,-22.070000,-5.582762,fresher,285,Frank's Tract North East,-50.300000,-9.136939,fresher,265,Little Franks Tract at Fisherman's Cut,28.230000
2020-05-21,Baseline (BAU),New Green Watershed,Franks Tract (10 supplied RMA stations),10,-20.390000,-5.157794,fresher,285,Frank's Tract North East,-50.550000,-9.182351,fresher,265,Little Franks Tract at Fisherman's Cut,30.160000
2020-05-22,Baseline (BAU),New Green Watershed,Franks Tract (10 supplied RMA stations),10,-17.700000,-4.477340,fresher,285,Frank's Tract North East,-50.390000,-9.153288,fresher,265,Little Franks Tract at Fisherman's Cut,32.690000
2020-05-23,Baseline (BAU),New Green Watershed,Franks Tract (10 supplied RMA stations),10,-13.480000,-3.409861,fresher,285,Frank's Tract North East,-46.170000,-8.386729,fresher,265,Little Franks Tract at Fisherman's Cut,32.690000
2020-05-24,Baseline (BAU),New Green Watershed,Franks Tract (10 supplied RMA stations),10,-9.890000,-2.501745,fresher,285,Frank's Tract North East,-44.870000,-8.150586,fresher,265,Little Franks Tract at Fisherman's Cut,34.980000
2020-05-25,Baseline (BAU),New Green Watershed,Franks Tract (10 supplied RMA stations),10,-7.510000,-1.899707,fresher,285,Frank's Tract North East,-44.080000,-8.007083,fresher,265,Little Franks Tract at Fisherman's Cut,36.570000
2020-05-26,Baseline (BAU),New Green Watershed,Franks Tract (10 supplied RMA stations),10,-5.750000,-1.454503,fresher,285,Frank's Tract North East,-44.540000,-8.090642,fresher,265,Little Franks Tract at Fisherman's Cut,38.790000
2020-05-27,Baseline (BAU),New Green Watershed,Franks Tract (10 supplied RMA stations),10,-4.870000,-1.231901,fresher,285,Frank's Tract North East,-45.670000,-8.295905,fresher,265,Little Franks Tract at Fisherman's Cut,40.800000
2020-05-28,Baseline (BAU),New Green Watershed,Franks Tract (10 supplied RMA stations),10,-5.170000,-1.160887,fresher,283,Franks Tract,-44.300000,-8.047046,fresher,265,Little Franks Tract at Fisherman's Cut,39.130000
2020-05-29,Baseline (BAU),New Green Watershed,Franks Tract (10 supplied RMA stations),10,-4.780000,-1.073315,fresher,283,Franks Tract,-43.320000,-7.869030,fresher,265,Little Franks Tract at Fisherman's Cut,38.540000
2020-05-30,Baseline (BAU),New Green Watershed,Franks Tract (10 supplied RMA stations),10,-6.140000,-1.378693,fresher,283,Franks Tract,-40.170000,-7.296836,fresher,265,Little Franks Tract at Fisherman's Cut,34.030000
2020-05-31,Baseline (BAU),New Green Watershed,Franks Tract (10 supplied RMA stations),10,-6.940000,-1.558327,fresher,283,Franks Tract,-37.480000,-6.808200,fresher,265,Little Franks Tract at Fisherman's Cut,30.540000
2020-06-01,Baseline (BAU),New Green Watershed,Franks Tract (10 supplied RMA stations),10,-6.560000,-1.473001,fresher,283,Franks Tract,-37.350000,-6.784586,fresher,265,Little Franks Tract at Fisherman's Cut,30.790000
2020-06-02,Baseline (BAU),New Green Watershed,Franks Tract (10 supplied RMA stations),10,-6.860000,-1.540364,fresher,283,Franks Tract,-40.400000,-7.338615,fresher,265,Little Franks Tract at Fisherman's Cut,33.540000
2020-06-03,Baseline (BAU),New Green Watershed,Franks Tract (10 supplied RMA stations),10,-7.880000,-1.769398,fresher,283,Franks Tract,-47.730000,-8.670102,fresher,265,Little Franks Tract at Fisherman's Cut,39.850000
2020-06-04,Baseline (BAU),New Green Watershed,Franks Tract (10 supplied RMA stations),10,-10.710000,-2.709170,fresher,285,Frank's Tract North East,-60.750000,-11.035170,fresher,265,Little Franks Tract at Fisherman's Cut,50.040000
2020-06-05,Baseline (BAU),New Green Watershed,Franks Tract (10 supplied RMA stations),10,-13.270000,-3.356740,fresher,285,Frank's Tract North East,-78.680000,-14.292135,fresher,265,Little Franks Tract at Fisherman's Cut,65.410000
2020-06-06,Baseline (BAU),New Green Watershed,Franks Tract (10 supplied RMA stations),10,-17.440000,-4.411571,fresher,285,Frank's Tract North East,-84.590000,-15.365680,fresher,265,Little Franks Tract at Fisherman's Cut,67.150000
2020-06-07,Baseline (BAU),New Green Watershed,Franks Tract (10 supplied RMA stations),10,-20.490000,-5.183090,fresher,285,Frank's Tract North East,-73.990000,-13.440202,fresher,265,Little Franks Tract at Fisherman's Cut,53.500000
2020-06-08,Baseline (BAU),New Green Watershed,Franks Tract (10 supplied RMA stations),10,-18.830000,-4.763181,fresher,285,Frank's Tract North East,-64.630000,-11.739968,fresher,265,Little Franks Tract at Fisherman's Cut,45.800000
2020-06-09,Baseline (BAU),New Green Watershed,Franks Tract (10 supplied RMA stations),10,-17.010000,-4.302800,fresher,285,Frank's Tract North East,-64.960000,-11.799912,fresher,265,Little Franks Tract at Fisherman's Cut,47.950000
2020-06-10,Baseline (BAU),New Green Watershed,Franks Tract (10 supplied RMA stations),10,-17.110000,-4.328095,fresher,285,Frank's Tract North East,-65.600000,-11.916167,fresher,265,Little Franks Tract at Fisherman's Cut,48.490000
2020-06-11,Baseline (BAU),New Green Watershed,Franks Tract (10 supplied RMA stations),10,-18.260000,-4.618996,fresher,285,Frank's Tract North East,-63.400000,-11.516540,fresher,265,Little Franks Tract at Fisherman's Cut,45.140000
2020-06-12,Baseline (BAU),New Green Watershed,Franks Tract (10 supplied RMA stations),10,-19.760000,-4.998431,fresher,285,Frank's Tract North East,-58.300000,-10.590130,fresher,265,Little Franks Tract at Fisherman's Cut,38.540000
2020-06-13,Baseline (BAU),New Green Watershed,Franks Tract (10 supplied RMA stations),10,-20.400000,-5.160324,fresher,285,Frank's Tract North East,-52.220000,-9.485705,fresher,265,Little Franks Tract at Fisherman's Cut,31.820000
2020-06-14,Baseline (BAU),New Green Watershed,Franks Tract (10 supplied RMA stations),10,-19.520000,-4.937722,fresher,285,Frank's Tract North East,-49.560000,-9.002519,fresher,265,Little Franks Tract at Fisherman's Cut,30.040000
2020-06-15,Baseline (BAU),New Green Watershed,Franks Tract (10 supplied RMA stations),10,-19.540000,-4.942781,fresher,285,Frank's Tract North East,-49.860000,-9.057014,fresher,265,Little Franks Tract at Fisherman's Cut,30.320000
2020-06-16,Baseline (BAU),New Green Watershed,Franks Tract (10 supplied RMA stations),10,-20.310000,-5.137558,fresher,285,Frank's Tract North East,-50.230000,-9.124224,fresher,265,Little Franks Tract at Fisherman's Cut,29.920000
2020-06-17,Baseline (BAU),New Green Watershed,Franks Tract (10 supplied RMA stations),10,-17.670000,-4.469751,fresher,285,Frank's Tract North East,-52.680000,-9.569264,fresher,265,Little Franks Tract at Fisherman's Cut,35.010000
2020-06-18,Baseline (BAU),New Green Watershed,Franks Tract (10 supplied RMA stations),10,-14.090000,-3.564165,fresher,285,Frank's Tract North East,-64.840000,-11.778114,fresher,265,Little Franks Tract at Fisherman's Cut,50.750000
2020-06-19,Baseline (BAU),New Green Watershed,Franks Tract (10 supplied RMA stations),10,-13.650000,-3.452864,fresher,285,Frank's Tract North East,-79.020000,-14.353895,fresher,265,Little Franks Tract at Fisherman's Cut,65.370000
2020-06-20,Baseline (BAU),New Green Watershed,Franks Tract (10 supplied RMA stations),10,-15.370000,-3.887950,fresher,285,Frank's Tract North East,-86.540000,-15.719895,fresher,265,Little Franks Tract at Fisherman's Cut,71.170000
2020-06-21,Baseline (BAU),New Green Watershed,Franks Tract (10 supplied RMA stations),10,-17.650000,-4.464692,fresher,285,Frank's Tract North East,-91.730000,-16.662653,fresher,265,Little Franks Tract at Fisherman's Cut,74.080000
2020-06-22,Baseline (BAU),New Green Watershed,Franks Tract (10 supplied RMA stations),10,-20.360000,-5.150206,fresher,285,Frank's Tract North East,-100.640000,-18.281144,fresher,265,Little Franks Tract at Fisherman's Cut,80.280000
2020-06-23,Baseline (BAU),New Green Watershed,Franks Tract (10 supplied RMA stations),10,-24.540000,-6.207566,fresher,285,Frank's Tract North East,-107.160000,-19.465495,fresher,265,Little Franks Tract at Fisherman's Cut,82.620000
2020-06-24,Baseline (BAU),New Green Watershed,Franks Tract (10 supplied RMA stations),10,-27.060000,-6.845018,fresher,285,Frank's Tract North East,-107.060000,-19.447330,fresher,265,Little Franks Tract at Fisherman's Cut,80.000000
2020-06-25,Baseline (BAU),New Green Watershed,Franks Tract (10 supplied RMA stations),10,-27.900000,-7.057502,fresher,285,Frank's Tract North East,-105.430000,-19.151243,fresher,265,Little Franks Tract at Fisherman's Cut,77.530000
2020-06-26,Baseline (BAU),New Green Watershed,Franks Tract (10 supplied RMA stations),10,-29.470000,-7.454644,fresher,285,Frank's Tract North East,-96.140000,-17.463724,fresher,265,Little Franks Tract at Fisherman's Cut,66.670000
2020-06-27,Baseline (BAU),New Green Watershed,Franks Tract (10 supplied RMA stations),10,-30.050000,-7.601360,fresher,285,Frank's Tract North East,-87.720000,-15.934241,fresher,265,Little Franks Tract at Fisherman's Cut,57.670000
2020-06-28,Baseline (BAU),New Green Watershed,Franks Tract (10 supplied RMA stations),10,-29.820000,-7.543179,fresher,285,Frank's Tract North East,-86.560000,-15.723528,fresher,265,Little Franks Tract at Fisherman's Cut,56.740000
2020-06-29,Baseline (BAU),New Green Watershed,Franks Tract (10 supplied RMA stations),10,-28.060000,-7.097975,fresher,285,Frank's Tract North East,-84.020000,-15.262140,fresher,265,Little Franks Tract at Fisherman's Cut,55.960000
2020-06-30,Baseline (BAU),New Green Watershed,Franks Tract (10 supplied RMA stations),10,-28.050000,-7.095445,fresher,285,Frank's Tract North East,-87.600000,-15.912443,fresher,265,Little Franks Tract at Fisherman's Cut,59.550000
2020-07-01,Baseline (BAU),New Green Watershed,Franks Tract (10 supplied RMA stations),10,-30.610000,-7.743015,fresher,285,Frank's Tract North East,-105.870000,-19.231168,fresher,265,Little Franks Tract at Fisherman's Cut,75.260000
2020-07-02,Baseline (BAU),New Green Watershed,Franks Tract (10 supplied RMA stations),10,-34.370000,-8.694134,fresher,285,Frank's Tract North East,-132.300000,-24.032148,fresher,265,Little Franks Tract at Fisherman's Cut,97.930000
2020-07-03,Baseline (BAU),New Green Watershed,Franks Tract (10 supplied RMA stations),10,-39.370000,-9.958919,fresher,285,Frank's Tract North East,-144.470000,-26.242815,fresher,265,Little Franks Tract at Fisherman's Cut,105.100000
2020-07-04,Baseline (BAU),New Green Watershed,Franks Tract (10 supplied RMA stations),10,-42.580000,-10.959637,fresher,292,Frank's Tract at Old River,-148.740000,-27.018456,fresher,265,Little Franks Tract at Fisherman's Cut,106.160000
2020-07-05,Baseline (BAU),New Green Watershed,Franks Tract (10 supplied RMA stations),10,-44.660000,-11.495007,fresher,292,Frank's Tract at Old River,-158.670000,-28.822230,fresher,265,Little Franks Tract at Fisherman's Cut,114.010000
2020-07-06,Baseline (BAU),New Green Watershed,Franks Tract (10 supplied RMA stations),10,-48.480000,-12.478234,fresher,292,Frank's Tract at Old River,-162.740000,-29.561541,fresher,265,Little Franks Tract at Fisherman's Cut,114.260000
2020-07-07,Baseline (BAU),New Green Watershed,Franks Tract (10 supplied RMA stations),10,-51.360000,-13.219515,fresher,292,Frank's Tract at Old River,-154.890000,-28.135597,fresher,265,Little Franks Tract at Fisherman's Cut,103.530000
2020-07-08,Baseline (BAU),New Green Watershed,Franks Tract (10 supplied RMA stations),10,-51.820000,-13.337914,fresher,292,Frank's Tract at Old River,-149.200000,-27.102015,fresher,265,Little Franks Tract at Fisherman's Cut,97.380000
2020-07-09,Baseline (BAU),New Green Watershed,Franks Tract (10 supplied RMA stations),10,-52.010000,-13.386818,fresher,292,Frank's Tract at Old River,-146.070000,-26.533454,fresher,265,Little Franks Tract at Fisherman's Cut,94.060000
2020-07-10,Baseline (BAU),New Green Watershed,Franks Tract (10 supplied RMA stations),10,-50.990000,-12.898280,fresher,285,Frank's Tract North East,-134.490000,-24.429959,fresher,265,Little Franks Tract at Fisherman's Cut,83.500000
2020-07-11,Baseline (BAU),New Green Watershed,Franks Tract (10 supplied RMA stations),10,-49.710000,-12.574495,fresher,285,Frank's Tract North East,-125.700000,-22.833266,fresher,265,Little Franks Tract at Fisherman's Cut,75.990000
2020-07-12,Baseline (BAU),New Green Watershed,Franks Tract (10 supplied RMA stations),10,-49.640000,-12.556788,fresher,285,Frank's Tract North East,-131.370000,-23.863215,fresher,265,Little Franks Tract at Fisherman's Cut,81.730000
2020-07-13,Baseline (BAU),New Green Watershed,Franks Tract (10 supplied RMA stations),10,-51.080000,-12.921046,fresher,285,Frank's Tract North East,-145.890000,-26.500757,fresher,265,Little Franks Tract at Fisherman's Cut,94.810000
2020-07-14,Baseline (BAU),New Green Watershed,Franks Tract (10 supplied RMA stations),10,-53.230000,-13.464904,fresher,285,Frank's Tract North East,-157.470000,-28.604251,fresher,265,Little Franks Tract at Fisherman's Cut,104.240000
2020-07-15,Baseline (BAU),New Green Watershed,Franks Tract (10 supplied RMA stations),10,-56.150000,-14.452410,fresher,292,Frank's Tract at Old River,-174.980000,-31.784923,fresher,265,Little Franks Tract at Fisherman's Cut,118.830000
2020-07-16,Baseline (BAU),New Green Watershed,Franks Tract (10 supplied RMA stations),10,-61.660000,-15.870625,fresher,292,Frank's Tract at Old River,-196.310000,-35.659494,fresher,265,Little Franks Tract at Fisherman's Cut,134.650000
2020-07-17,Baseline (BAU),New Green Watershed,Franks Tract (10 supplied RMA stations),10,-67.290000,-17.319727,fresher,292,Frank's Tract at Old River,-209.560000,-38.066342,fresher,265,Little Franks Tract at Fisherman's Cut,142.270000
2020-07-18,Baseline (BAU),New Green Watershed,Franks Tract (10 supplied RMA stations),10,-67.450000,-17.360910,fresher,292,Frank's Tract at Old River,-225.320000,-40.929128,fresher,265,Little Franks Tract at Fisherman's Cut,157.870000
2020-07-19,Baseline (BAU),New Green Watershed,Franks Tract (10 supplied RMA stations),10,-72.110000,-18.560344,fresher,292,Frank's Tract at Old River,-239.340000,-43.475846,fresher,265,Little Franks Tract at Fisherman's Cut,167.230000
2020-07-20,Baseline (BAU),New Green Watershed,Franks Tract (10 supplied RMA stations),10,-80.430000,-20.701823,fresher,292,Frank's Tract at Old River,-244.530000,-44.418604,fresher,265,Little Franks Tract at Fisherman's Cut,164.100000
2020-07-21,Baseline (BAU),New Green Watershed,Franks Tract (10 supplied RMA stations),10,-83.390000,-21.463695,fresher,292,Frank's Tract at Old River,-245.210000,-44.542125,fresher,265,Little Franks Tract at Fisherman's Cut,161.820000
2020-07-22,Baseline (BAU),New Green Watershed,Franks Tract (10 supplied RMA stations),10,-82.170000,-21.149680,fresher,292,Frank's Tract at Old River,-241.790000,-43.920886,fresher,265,Little Franks Tract at Fisherman's Cut,159.620000
2020-07-23,Baseline (BAU),New Green Watershed,Franks Tract (10 supplied RMA stations),10,-82.010000,-21.108498,fresher,292,Frank's Tract at Old River,-233.590000,-50.644813,fresher,282,South Central Franks Tract,151.580000
2020-07-24,Baseline (BAU),New Green Watershed,Franks Tract (10 supplied RMA stations),10,-83.620000,-21.522895,fresher,292,Frank's Tract at Old River,-236.990000,-51.381970,fresher,282,South Central Franks Tract,153.370000
2020-07-25,Baseline (BAU),New Green Watershed,Franks Tract (10 supplied RMA stations),10,-87.900000,-22.624521,fresher,292,Frank's Tract at Old River,-239.140000,-51.848113,fresher,282,South Central Franks Tract,151.240000
2020-07-26,Baseline (BAU),New Green Watershed,Franks Tract (10 supplied RMA stations),10,-92.460000,-23.798216,fresher,292,Frank's Tract at Old River,-241.680000,-52.398812,fresher,282,South Central Franks Tract,149.220000
2020-07-27,Baseline (BAU),New Green Watershed,Franks Tract (10 supplied RMA stations),10,-102.170000,-25.844622,fresher,285,Frank's Tract North East,-242.890000,-52.661153,fresher,282,South Central Franks Tract,140.720000
2020-07-28,Baseline (BAU),New Green Watershed,Franks Tract (10 supplied RMA stations),10,-110.510000,-27.954284,fresher,285,Frank's Tract North East,-244.260000,-52.958183,fresher,282,South Central Franks Tract,133.750000
2020-07-29,Baseline (BAU),New Green Watershed,Franks Tract (10 supplied RMA stations),10,-114.140000,-29.378417,fresher,292,Frank's Tract at Old River,-246.600000,-53.465520,fresher,282,South Central Franks Tract,132.460000
2020-07-30,Baseline (BAU),New Green Watershed,Franks Tract (10 supplied RMA stations),10,-115.000000,-29.599772,fresher,292,Frank's Tract at Old River,-248.790000,-53.940336,fresher,282,South Central Franks Tract,133.790000
2020-07-31,Baseline (BAU),New Green Watershed,Franks Tract (10 supplied RMA stations),10,-113.350000,-29.175079,fresher,292,Frank's Tract at Old River,-249.120000,-54.011883,fresher,282,South Central Franks Tract,135.770000
2020-08-01,Baseline (BAU),New Green Watershed,Franks Tract (10 supplied RMA stations),10,-108.260000,-27.864968,fresher,292,Frank's Tract at Old River,-248.200000,-45.085255,fresher,265,Little Franks Tract at Fisherman's Cut,139.940000
2020-08-02,Baseline (BAU),New Green Watershed,Franks Tract (10 supplied RMA stations),10,-101.740000,-26.186789,fresher,292,Frank's Tract at Old River,-255.210000,-46.358614,fresher,265,Little Franks Tract at Fisherman's Cut,153.470000
2020-08-03,Baseline (BAU),New Green Watershed,Franks Tract (10 supplied RMA stations),10,-99.780000,-25.682306,fresher,292,Frank's Tract at Old River,-256.330000,-46.562060,fresher,265,Little Franks Tract at Fisherman's Cut,156.550000
2020-08-04,Baseline (BAU),New Green Watershed,Franks Tract (10 supplied RMA stations),10,-101.330000,-26.081260,fresher,292,Frank's Tract at Old River,-254.570000,-55.193502,fresher,282,South Central Franks Tract,153.240000
2020-08-05,Baseline (BAU),New Green Watershed,Franks Tract (10 supplied RMA stations),10,-101.210000,-26.050373,fresher,292,Frank's Tract at Old River,-257.070000,-55.735529,fresher,282,South Central Franks Tract,155.860000
2020-08-06,Baseline (BAU),New Green Watershed,Franks Tract (10 supplied RMA stations),10,-98.750000,-25.417195,fresher,292,Frank's Tract at Old River,-258.390000,-56.021719,fresher,282,South Central Franks Tract,159.640000
2020-08-07,Baseline (BAU),New Green Watershed,Franks Tract (10 supplied RMA stations),10,-95.830000,-24.665618,fresher,292,Frank's Tract at Old River,-259.240000,-56.206008,fresher,282,South Central Franks Tract,163.410000
2020-08-08,Baseline (BAU),New Green Watershed,Franks Tract (10 supplied RMA stations),10,-95.020000,-24.457133,fresher,292,Frank's Tract at Old River,-261.420000,-56.678655,fresher,282,South Central Franks Tract,166.400000
2020-08-09,Baseline (BAU),New Green Watershed,Franks Tract (10 supplied RMA stations),10,-95.170000,-24.495741,fresher,292,Frank's Tract at Old River,-265.740000,-57.615277,fresher,282,South Central Franks Tract,170.570000
2020-08-10,Baseline (BAU),New Green Watershed,Franks Tract (10 supplied RMA stations),10,-100.090000,-25.318472,fresher,285,Frank's Tract North East,-273.340000,-59.263039,fresher,282,South Central Franks Tract,173.250000
2020-08-11,Baseline (BAU),New Green Watershed,Franks Tract (10 supplied RMA stations),10,-104.690000,-26.482074,fresher,285,Frank's Tract North East,-284.760000,-61.739017,fresher,282,South Central Franks Tract,180.070000
2020-08-12,Baseline (BAU),New Green Watershed,Franks Tract (10 supplied RMA stations),10,-113.510000,-28.713155,fresher,285,Frank's Tract North East,-297.810000,-64.568397,fresher,282,South Central Franks Tract,184.300000
2020-08-13,Baseline (BAU),New Green Watershed,Franks Tract (10 supplied RMA stations),10,-112.320000,-28.909968,fresher,292,Frank's Tract at Old River,-309.400000,-67.081233,fresher,282,South Central Franks Tract,197.080000
2020-08-14,Baseline (BAU),New Green Watershed,Franks Tract (10 supplied RMA stations),10,-99.000000,-25.481543,fresher,292,Frank's Tract at Old River,-334.900000,-60.834214,fresher,265,Little Franks Tract at Fisherman's Cut,235.900000
2020-08-15,Baseline (BAU),New Green Watershed,Franks Tract (10 supplied RMA stations),10,-90.000000,-23.165039,fresher,292,Frank's Tract at Old River,-363.200000,-65.974878,fresher,265,Little Franks Tract at Fisherman's Cut,273.200000
2020-08-16,Baseline (BAU),New Green Watershed,Franks Tract (10 supplied RMA stations),10,-102.000000,-26.253711,fresher,292,Frank's Tract at Old River,-378.230000,-68.705060,fresher,265,Little Franks Tract at Fisherman's Cut,276.230000
2020-08-17,Baseline (BAU),New Green Watershed,Franks Tract (10 supplied RMA stations),10,-119.600000,-30.783763,fresher,292,Frank's Tract at Old River,-381.900000,-85.752913,fresher,283,Franks Tract,262.300000
2020-08-18,Baseline (BAU),New Green Watershed,Franks Tract (10 supplied RMA stations),10,-127.380000,-32.786251,fresher,292,Frank's Tract at Old River,-391.090000,-84.792500,fresher,282,South Central Franks Tract,263.710000
2020-08-19,Baseline (BAU),New Green Watershed,Franks Tract (10 supplied RMA stations),10,-134.500000,-34.618863,fresher,292,Frank's Tract at Old River,-406.420000,-88.116208,fresher,282,South Central Franks Tract,271.920000
2020-08-20,Baseline (BAU),New Green Watershed,Franks Tract (10 supplied RMA stations),10,-136.900000,-35.236598,fresher,292,Frank's Tract at Old River,-423.030000,-91.717434,fresher,282,South Central Franks Tract,286.130000
2020-08-21,Baseline (BAU),New Green Watershed,Franks Tract (10 supplied RMA stations),10,-127.810000,-32.896929,fresher,292,Frank's Tract at Old River,-441.010000,-95.615690,fresher,282,South Central Franks Tract,313.200000
2020-08-22,Baseline (BAU),New Green Watershed,Franks Tract (10 supplied RMA stations),10,-113.990000,-29.339808,fresher,292,Frank's Tract at Old River,-456.580000,-98.991433,fresher,282,South Central Franks Tract,342.590000
2020-08-23,Baseline (BAU),New Green Watershed,Franks Tract (10 supplied RMA stations),10,-92.440000,-23.793069,fresher,292,Frank's Tract at Old River,-475.850000,-103.169375,fresher,282,South Central Franks Tract,383.410000
2020-08-24,Baseline (BAU),New Green Watershed,Franks Tract (10 supplied RMA stations),10,-81.340000,-20.936047,fresher,292,Frank's Tract at Old River,-499.090000,-108.208056,fresher,282,South Central Franks Tract,417.750000
2020-08-25,Baseline (BAU),New Green Watershed,Franks Tract (10 supplied RMA stations),10,-83.660000,-21.533190,fresher,292,Frank's Tract at Old River,-523.660000,-113.535095,fresher,282,South Central Franks Tract,440.000000
2020-08-26,Baseline (BAU),New Green Watershed,Franks Tract (10 supplied RMA stations),10,-91.620000,-23.582009,fresher,292,Frank's Tract at Old River,-547.540000,-118.712535,fresher,282,South Central Franks Tract,455.920000
2020-08-27,Baseline (BAU),New Green Watershed,Franks Tract (10 supplied RMA stations),10,-94.100000,-24.220335,fresher,292,Frank's Tract at Old River,-568.060000,-123.161490,fresher,282,South Central Franks Tract,473.960000
2020-08-28,Baseline (BAU),New Green Watershed,Franks Tract (10 supplied RMA stations),10,-98.170000,-25.267909,fresher,292,Frank's Tract at Old River,-583.050000,-126.411483,fresher,282,South Central Franks Tract,484.880000
2020-08-29,Baseline (BAU),New Green Watershed,Franks Tract (10 supplied RMA stations),10,-121.120000,-31.174994,fresher,292,Frank's Tract at Old River,-593.620000,-128.703172,fresher,282,South Central Franks Tract,472.500000
2020-08-30,Baseline (BAU),New Green Watershed,Franks Tract (10 supplied RMA stations),10,-144.770000,-37.262252,fresher,292,Frank's Tract at Old River,-602.270000,-130.578585,fresher,282,South Central Franks Tract,457.500000
2020-08-31,Baseline (BAU),New Green Watershed,Franks Tract (10 supplied RMA stations),10,-157.430000,-40.520800,fresher,292,Frank's Tract at Old River,-606.380000,-131.469677,fresher,282,South Central Franks Tract,448.950000
2020-09-01,Baseline (BAU),New Green Watershed,Franks Tract (10 supplied RMA stations),10,-175.420000,-45.151234,fresher,292,Frank's Tract at Old River,-605.160000,-131.205168,fresher,282,South Central Franks Tract,429.740000
2020-09-02,Baseline (BAU),New Green Watershed,Franks Tract (10 supplied RMA stations),10,-207.710000,-53.462335,fresher,292,Frank's Tract at Old River,-590.380000,-128.000705,fresher,282,South Central Franks Tract,382.670000
2020-09-03,Baseline (BAU),New Green Watershed,Franks Tract (10 supplied RMA stations),10,-218.430000,-55.253410,fresher,285,Frank's Tract North East,-567.430000,-123.024900,fresher,282,South Central Franks Tract,349.000000
2020-09-04,Baseline (BAU),New Green Watershed,Franks Tract (10 supplied RMA stations),10,-205.980000,-52.104094,fresher,285,Frank's Tract North East,-541.380000,-117.376981,fresher,282,South Central Franks Tract,335.400000
2020-09-05,Baseline (BAU),New Green Watershed,Franks Tract (10 supplied RMA stations),10,-182.760000,-46.230431,fresher,285,Frank's Tract North East,-513.280000,-111.284600,fresher,282,South Central Franks Tract,330.520000
2020-09-06,Baseline (BAU),New Green Watershed,Franks Tract (10 supplied RMA stations),10,-151.890000,-38.421647,fresher,285,Frank's Tract North East,-482.900000,-104.697891,fresher,282,South Central Franks Tract,331.010000
2020-09-07,Baseline (BAU),New Green Watershed,Franks Tract (10 supplied RMA stations),10,-123.620000,-31.270551,fresher,285,Frank's Tract North East,-454.020000,-98.436397,fresher,282,South Central Franks Tract,330.400000
2020-09-08,Baseline (BAU),New Green Watershed,Franks Tract (10 supplied RMA stations),10,-72.990000,-18.463335,fresher,285,Frank's Tract North East,-418.470000,-90.728777,fresher,282,South Central Franks Tract,345.480000
2020-09-09,Baseline (BAU),New Green Watershed,Franks Tract (10 supplied RMA stations),10,-58.900000,-14.899171,fresher,285,Frank's Tract North East,-377.870000,-81.926262,fresher,282,South Central Franks Tract,318.970000
2020-09-10,Baseline (BAU),New Green Watershed,Franks Tract (10 supplied RMA stations),10,-63.870000,-16.156367,fresher,285,Frank's Tract North East,-354.660000,-76.894085,fresher,282,South Central Franks Tract,290.790000
2020-09-11,Baseline (BAU),New Green Watershed,Franks Tract (10 supplied RMA stations),10,-62.500000,-15.809816,fresher,285,Frank's Tract North East,-332.210000,-72.026685,fresher,282,South Central Franks Tract,269.710000
2020-09-12,Baseline (BAU),New Green Watershed,Franks Tract (10 supplied RMA stations),10,-58.840000,-14.883993,fresher,285,Frank's Tract North East,-309.260000,-67.050879,fresher,282,South Central Franks Tract,250.420000
2020-09-13,Baseline (BAU),New Green Watershed,Franks Tract (10 supplied RMA stations),10,-57.140000,-14.453966,fresher,285,Frank's Tract North East,-294.050000,-63.753189,fresher,282,South Central Franks Tract,236.910000
2020-09-14,Baseline (BAU),New Green Watershed,Franks Tract (10 supplied RMA stations),10,-60.850000,-15.392437,fresher,285,Frank's Tract North East,-288.080000,-62.458829,fresher,282,South Central Franks Tract,227.230000
2020-09-15,Baseline (BAU),New Green Watershed,Franks Tract (10 supplied RMA stations),10,-68.710000,-17.380679,fresher,285,Frank's Tract North East,-279.470000,-60.592088,fresher,282,South Central Franks Tract,210.760000
2020-09-16,Baseline (BAU),New Green Watershed,Franks Tract (10 supplied RMA stations),10,-69.710000,-17.633636,fresher,285,Frank's Tract North East,-269.170000,-58.358938,fresher,282,South Central Franks Tract,199.460000
2020-09-17,Baseline (BAU),New Green Watershed,Franks Tract (10 supplied RMA stations),10,-67.980000,-17.196021,fresher,285,Frank's Tract North East,-260.620000,-56.505207,fresher,282,South Central Franks Tract,192.640000
2020-09-18,Baseline (BAU),New Green Watershed,Franks Tract (10 supplied RMA stations),10,-66.680000,-16.867176,fresher,285,Frank's Tract North East,-255.410000,-55.375623,fresher,282,South Central Franks Tract,188.730000
2020-09-19,Baseline (BAU),New Green Watershed,Franks Tract (10 supplied RMA stations),10,-65.730000,-16.626867,fresher,285,Frank's Tract North East,-250.030000,-54.209181,fresher,282,South Central Franks Tract,184.300000
2020-09-20,Baseline (BAU),New Green Watershed,Franks Tract (10 supplied RMA stations),10,-61.480000,-15.551800,fresher,285,Frank's Tract North East,-244.210000,-52.947343,fresher,282,South Central Franks Tract,182.730000
2020-09-21,Baseline (BAU),New Green Watershed,Franks Tract (10 supplied RMA stations),10,-60.720000,-15.359552,fresher,285,Frank's Tract North East,-262.130000,-47.615624,fresher,265,Little Franks Tract at Fisherman's Cut,201.410000
2020-09-22,Baseline (BAU),New Green Watershed,Franks Tract (10 supplied RMA stations),10,-65.480000,-16.563628,fresher,285,Frank's Tract North East,-268.840000,-48.834488,fresher,265,Little Franks Tract at Fisherman's Cut,203.360000
2020-09-23,Baseline (BAU),New Green Watershed,Franks Tract (10 supplied RMA stations),10,-72.280000,-18.283736,fresher,285,Frank's Tract North East,-277.700000,-50.443897,fresher,265,Little Franks Tract at Fisherman's Cut,205.420000
2020-09-24,Baseline (BAU),New Green Watershed,Franks Tract (10 supplied RMA stations),10,-77.660000,-19.644645,fresher,285,Frank's Tract North East,-299.310000,-54.369330,fresher,265,Little Franks Tract at Fisherman's Cut,221.650000
2020-09-25,Baseline (BAU),New Green Watershed,Franks Tract (10 supplied RMA stations),10,-80.350000,-20.325099,fresher,285,Frank's Tract North East,-296.250000,-53.813484,fresher,265,Little Franks Tract at Fisherman's Cut,215.900000
2020-09-26,Baseline (BAU),New Green Watershed,Franks Tract (10 supplied RMA stations),10,-75.170000,-19.014782,fresher,285,Frank's Tract North East,-277.110000,-50.336724,fresher,265,Little Franks Tract at Fisherman's Cut,201.940000
2020-09-27,Baseline (BAU),New Green Watershed,Franks Tract (10 supplied RMA stations),10,-68.580000,-17.347795,fresher,285,Frank's Tract North East,-276.250000,-50.180506,fresher,265,Little Franks Tract at Fisherman's Cut,207.670000
2020-09-28,Baseline (BAU),New Green Watershed,Franks Tract (10 supplied RMA stations),10,-68.840000,-17.413564,fresher,285,Frank's Tract North East,-291.290000,-52.912506,fresher,265,Little Franks Tract at Fisherman's Cut,222.450000
2020-09-29,Baseline (BAU),New Green Watershed,Franks Tract (10 supplied RMA stations),10,-72.250000,-18.276147,fresher,285,Frank's Tract North East,-297.010000,-53.951537,fresher,265,Little Franks Tract at Fisherman's Cut,224.760000
2020-09-30,Baseline (BAU),New Green Watershed,Franks Tract (10 supplied RMA stations),10,-79.340000,-20.069613,fresher,285,Frank's Tract North East,-293.880000,-53.382976,fresher,265,Little Franks Tract at Fisherman's Cut,214.540000
2020-10-01,Baseline (BAU),New Green Watershed,Franks Tract (10 supplied RMA stations),10,-86.750000,-21.944025,fresher,285,Frank's Tract North East,-298.320000,-64.678970,fresher,282,South Central Franks Tract,211.570000
2020-10-02,Baseline (BAU),New Green Watershed,Franks Tract (10 supplied RMA stations),10,-94.900000,-24.005625,fresher,285,Frank's Tract North East,-310.810000,-67.386936,fresher,282,South Central Franks Tract,215.910000
2020-10-03,Baseline (BAU),New Green Watershed,Franks Tract (10 supplied RMA stations),10,-102.360000,-25.892684,fresher,285,Frank's Tract North East,-323.600000,-70.159945,fresher,282,South Central Franks Tract,221.240000
2020-10-04,Baseline (BAU),New Green Watershed,Franks Tract (10 supplied RMA stations),10,-109.060000,-27.587496,fresher,285,Frank's Tract North East,-337.250000,-73.119411,fresher,282,South Central Franks Tract,228.190000
2020-10-05,Baseline (BAU),New Green Watershed,Franks Tract (10 supplied RMA stations),10,-113.170000,-28.627150,fresher,285,Frank's Tract North East,-350.120000,-75.909765,fresher,282,South Central Franks Tract,236.950000
2020-10-06,Baseline (BAU),New Green Watershed,Franks Tract (10 supplied RMA stations),10,-118.900000,-30.076594,fresher,285,Frank's Tract North East,-361.500000,-78.377071,fresher,282,South Central Franks Tract,242.600000
2020-10-07,Baseline (BAU),New Green Watershed,Franks Tract (10 supplied RMA stations),10,-129.340000,-32.717466,fresher,285,Frank's Tract North East,-372.170000,-80.690441,fresher,282,South Central Franks Tract,242.830000
2020-10-08,Baseline (BAU),New Green Watershed,Franks Tract (10 supplied RMA stations),10,-146.040000,-36.941848,fresher,285,Frank's Tract North East,-392.330000,-71.266310,fresher,265,Little Franks Tract at Fisherman's Cut,246.290000
2020-10-09,Baseline (BAU),New Green Watershed,Franks Tract (10 supplied RMA stations),10,-152.820000,-38.656897,fresher,285,Frank's Tract North East,-396.620000,-72.045584,fresher,265,Little Franks Tract at Fisherman's Cut,243.800000
2020-10-10,Baseline (BAU),New Green Watershed,Franks Tract (10 supplied RMA stations),10,-143.090000,-36.195625,fresher,285,Frank's Tract North East,-377.320000,-68.539760,fresher,265,Little Franks Tract at Fisherman's Cut,234.230000
2020-10-11,Baseline (BAU),New Green Watershed,Franks Tract (10 supplied RMA stations),10,-128.900000,-27.072692,fresher,276,North West Franks Tract,-360.040000,-78.060527,fresher,282,South Central Franks Tract,231.140000
2020-10-12,Baseline (BAU),New Green Watershed,Franks Tract (10 supplied RMA stations),10,-112.410000,-23.609320,fresher,276,North West Franks Tract,-346.190000,-75.057699,fresher,282,South Central Franks Tract,233.780000
2020-10-13,Baseline (BAU),New Green Watershed,Franks Tract (10 supplied RMA stations),10,-121.430000,-30.716575,fresher,285,Frank's Tract North East,-333.820000,-72.375750,fresher,282,South Central Franks Tract,212.390000
2020-10-14,Baseline (BAU),New Green Watershed,Franks Tract (10 supplied RMA stations),10,-123.570000,-31.257903,fresher,285,Frank's Tract North East,-329.400000,-71.417447,fresher,282,South Central Franks Tract,205.830000
2020-10-15,Baseline (BAU),New Green Watershed,Franks Tract (10 supplied RMA stations),10,-136.220000,-34.457810,fresher,285,Frank's Tract North East,-330.930000,-71.749167,fresher,282,South Central Franks Tract,194.710000
2020-10-16,Baseline (BAU),New Green Watershed,Franks Tract (10 supplied RMA stations),10,-142.200000,-36.600761,fresher,292,Frank's Tract at Old River,-365.920000,-66.468963,fresher,265,Little Franks Tract at Fisherman's Cut,223.720000
2020-10-17,Baseline (BAU),New Green Watershed,Franks Tract (10 supplied RMA stations),10,-144.160000,-37.105244,fresher,292,Frank's Tract at Old River,-405.740000,-73.702221,fresher,265,Little Franks Tract at Fisherman's Cut,261.580000
2020-10-18,Baseline (BAU),New Green Watershed,Franks Tract (10 supplied RMA stations),10,-149.890000,-38.580085,fresher,292,Frank's Tract at Old River,-431.340000,-78.352433,fresher,265,Little Franks Tract at Fisherman's Cut,281.450000
2020-10-19,Baseline (BAU),New Green Watershed,Franks Tract (10 supplied RMA stations),10,-161.790000,-41.643018,fresher,292,Frank's Tract at Old River,-441.250000,-80.152574,fresher,265,Little Franks Tract at Fisherman's Cut,279.460000
2020-10-20,Baseline (BAU),New Green Watershed,Franks Tract (10 supplied RMA stations),10,-173.280000,-44.600421,fresher,292,Frank's Tract at Old River,-456.630000,-82.946334,fresher,265,Little Franks Tract at Fisherman's Cut,283.350000
2020-10-21,Baseline (BAU),New Green Watershed,Franks Tract (10 supplied RMA stations),10,-180.960000,-46.577171,fresher,292,Frank's Tract at Old River,-483.720000,-87.867202,fresher,265,Little Franks Tract at Fisherman's Cut,302.760000
2020-10-22,Baseline (BAU),New Green Watershed,Franks Tract (10 supplied RMA stations),10,-188.510000,-48.520460,fresher,292,Frank's Tract at Old River,-498.570000,-90.564688,fresher,265,Little Franks Tract at Fisherman's Cut,310.060000
2020-10-23,Baseline (BAU),New Green Watershed,Franks Tract (10 supplied RMA stations),10,-205.480000,-52.888357,fresher,292,Frank's Tract at Old River,-476.600000,-86.573862,fresher,265,Little Franks Tract at Fisherman's Cut,271.120000
2020-10-24,Baseline (BAU),New Green Watershed,Franks Tract (10 supplied RMA stations),10,-223.510000,-57.529087,fresher,292,Frank's Tract at Old River,-467.050000,-101.261441,fresher,282,South Central Franks Tract,243.540000
2020-10-25,Baseline (BAU),New Green Watershed,Franks Tract (10 supplied RMA stations),10,-230.050000,-59.212413,fresher,292,Frank's Tract at Old River,-472.130000,-102.362839,fresher,282,South Central Franks Tract,242.080000
2020-10-26,Baseline (BAU),New Green Watershed,Franks Tract (10 supplied RMA stations),10,-157.200000,-33.016503,fresher,276,North West Franks Tract,-463.610000,-100.515612,fresher,282,South Central Franks Tract,306.410000
2020-10-27,Baseline (BAU),New Green Watershed,Franks Tract (10 supplied RMA stations),10,-151.140000,-31.743729,fresher,276,North West Franks Tract,-434.400000,-94.182571,fresher,282,South Central Franks Tract,283.260000
2020-10-28,Baseline (BAU),New Green Watershed,Franks Tract (10 supplied RMA stations),10,-166.550000,-34.980270,fresher,276,North West Franks Tract,-409.160000,-88.710269,fresher,282,South Central Franks Tract,242.610000
2020-10-29,Baseline (BAU),New Green Watershed,Franks Tract (10 supplied RMA stations),10,-175.750000,-36.912534,fresher,276,North West Franks Tract,-391.700000,-84.924754,fresher,282,South Central Franks Tract,215.950000
2020-10-30,Baseline (BAU),New Green Watershed,Franks Tract (10 supplied RMA stations),10,-183.930000,-38.630568,fresher,276,North West Franks Tract,-380.010000,-82.390237,fresher,282,South Central Franks Tract,196.080000
2020-10-31,Baseline (BAU),New Green Watershed,Franks Tract (10 supplied RMA stations),10,-181.860000,-38.195809,fresher,276,North West Franks Tract,-371.490000,-80.543010,fresher,282,South Central Franks Tract,189.630000
2020-11-01,Baseline (BAU),New Green Watershed,Franks Tract (10 supplied RMA stations),10,-172.430000,-36.215239,fresher,276,North West Franks Tract,-360.760000,-78.216631,fresher,282,South Central Franks Tract,188.330000
2020-11-02,Baseline (BAU),New Green Watershed,Franks Tract (10 supplied RMA stations),10,-170.620000,-35.835087,fresher,276,North West Franks Tract,-347.630000,-75.369906,fresher,282,South Central Franks Tract,177.010000
2020-11-03,Baseline (BAU),New Green Watershed,Franks Tract (10 supplied RMA stations),10,-178.470000,-45.145246,fresher,285,Frank's Tract North East,-362.570000,-65.860439,fresher,265,Little Franks Tract at Fisherman's Cut,184.100000
2020-11-04,Baseline (BAU),New Green Watershed,Franks Tract (10 supplied RMA stations),10,-174.920000,-36.738210,fresher,276,North West Franks Tract,-362.040000,-65.764165,fresher,265,Little Franks Tract at Fisherman's Cut,187.120000
2020-11-05,Baseline (BAU),New Green Watershed,Franks Tract (10 supplied RMA stations),10,-179.290000,-37.656035,fresher,276,North West Franks Tract,-387.360000,-70.363515,fresher,265,Little Franks Tract at Fisherman's Cut,208.070000
2020-11-06,Baseline (BAU),New Green Watershed,Franks Tract (10 supplied RMA stations),10,-177.210000,-44.826520,fresher,285,Frank's Tract North East,-453.780000,-82.428634,fresher,265,Little Franks Tract at Fisherman's Cut,276.570000
2020-11-07,Baseline (BAU),New Green Watershed,Franks Tract (10 supplied RMA stations),10,-180.870000,-38.459588,fresher,281,South Franks Tract at Bethel Island,-415.070000,-75.397006,fresher,265,Little Franks Tract at Fisherman's Cut,234.200000
2020-11-08,Baseline (BAU),New Green Watershed,Franks Tract (10 supplied RMA stations),10,-160.810000,-33.774706,fresher,276,North West Franks Tract,-341.610000,-62.053078,fresher,265,Little Franks Tract at Fisherman's Cut,180.800000
2020-11-09,Baseline (BAU),New Green Watershed,Franks Tract (10 supplied RMA stations),10,-98.250000,-20.635314,fresher,276,North West Franks Tract,-326.070000,-70.695467,fresher,282,South Central Franks Tract,227.820000
2020-11-10,Baseline (BAU),New Green Watershed,Franks Tract (10 supplied RMA stations),10,-87.820000,-18.444715,fresher,276,North West Franks Tract,-303.390000,-65.778201,fresher,282,South Central Franks Tract,215.570000
2020-11-11,Baseline (BAU),New Green Watershed,Franks Tract (10 supplied RMA stations),10,-117.950000,-24.772878,fresher,276,North West Franks Tract,-286.390000,-62.092418,fresher,282,South Central Franks Tract,168.440000
2020-11-12,Baseline (BAU),New Green Watershed,Franks Tract (10 supplied RMA stations),10,-152.770000,-32.484498,fresher,281,South Franks Tract at Bethel Island,-301.080000,-54.690848,fresher,265,Little Franks Tract at Fisherman's Cut,148.310000
2020-11-13,Baseline (BAU),New Green Watershed,Franks Tract (10 supplied RMA stations),10,-152.310000,-32.386685,fresher,281,South Franks Tract at Bethel Island,-335.050000,-60.861461,fresher,265,Little Franks Tract at Fisherman's Cut,182.740000
2020-11-14,Baseline (BAU),New Green Watershed,Franks Tract (10 supplied RMA stations),10,-157.310000,-33.449869,fresher,281,South Franks Tract at Bethel Island,-350.340000,-63.638873,fresher,265,Little Franks Tract at Fisherman's Cut,193.030000
2020-11-15,Baseline (BAU),New Green Watershed,Franks Tract (10 supplied RMA stations),10,-164.170000,-34.908556,fresher,281,South Franks Tract at Bethel Island,-368.180000,-66.879489,fresher,265,Little Franks Tract at Fisherman's Cut,204.010000
2020-11-16,Baseline (BAU),New Green Watershed,Franks Tract (10 supplied RMA stations),10,-166.520000,-42.860469,fresher,292,Frank's Tract at Old River,-415.470000,-75.469665,fresher,265,Little Franks Tract at Fisherman's Cut,248.950000
2020-11-17,Baseline (BAU),New Green Watershed,Franks Tract (10 supplied RMA stations),10,-164.660000,-42.381725,fresher,292,Frank's Tract at Old River,-514.010000,-93.369347,fresher,265,Little Franks Tract at Fisherman's Cut,349.350000
2020-11-18,Baseline (BAU),New Green Watershed,Franks Tract (10 supplied RMA stations),10,-169.290000,-43.573438,fresher,292,Frank's Tract at Old River,-536.140000,-97.389237,fresher,265,Little Franks Tract at Fisherman's Cut,366.850000
2020-11-19,Baseline (BAU),New Green Watershed,Franks Tract (10 supplied RMA stations),10,-180.550000,-46.471641,fresher,292,Frank's Tract at Old River,-478.230000,-86.869950,fresher,265,Little Franks Tract at Fisherman's Cut,297.680000
2020-11-20,Baseline (BAU),New Green Watershed,Franks Tract (10 supplied RMA stations),10,-188.760000,-48.584808,fresher,292,Frank's Tract at Old River,-437.830000,-79.531334,fresher,265,Little Franks Tract at Fisherman's Cut,249.070000
2020-11-21,Baseline (BAU),New Green Watershed,Franks Tract (10 supplied RMA stations),10,-193.720000,-49.861459,fresher,292,Frank's Tract at Old River,-403.480000,-87.478784,fresher,282,South Central Franks Tract,209.760000
2020-11-22,Baseline (BAU),New Green Watershed,Franks Tract (10 supplied RMA stations),10,-197.730000,-50.893590,fresher,292,Frank's Tract at Old River,-407.080000,-88.259303,fresher,282,South Central Franks Tract,209.350000
2020-11-23,Baseline (BAU),New Green Watershed,Franks Tract (10 supplied RMA stations),10,-204.990000,-52.762236,fresher,292,Frank's Tract at Old River,-415.730000,-90.134715,fresher,282,South Central Franks Tract,210.740000
2020-11-24,Baseline (BAU),New Green Watershed,Franks Tract (10 supplied RMA stations),10,-211.790000,-54.512484,fresher,292,Frank's Tract at Old River,-426.080000,-92.378706,fresher,282,South Central Franks Tract,214.290000
2020-11-25,Baseline (BAU),New Green Watershed,Franks Tract (10 supplied RMA stations),10,-215.630000,-55.500859,fresher,292,Frank's Tract at Old River,-436.850000,-94.713758,fresher,282,South Central Franks Tract,221.220000
2020-11-26,Baseline (BAU),New Green Watershed,Franks Tract (10 supplied RMA stations),10,-197.310000,-49.910957,fresher,285,Frank's Tract North East,-443.480000,-96.151213,fresher,282,South Central Franks Tract,246.170000
2020-11-27,Baseline (BAU),New Green Watershed,Franks Tract (10 supplied RMA stations),10,-182.920000,-47.081654,fresher,292,Frank's Tract at Old River,-437.530000,-94.861189,fresher,282,South Central Franks Tract,254.610000
2020-11-28,Baseline (BAU),New Green Watershed,Franks Tract (10 supplied RMA stations),10,-176.020000,-45.305668,fresher,292,Frank's Tract at Old River,-429.880000,-93.202587,fresher,282,South Central Franks Tract,253.860000
2020-11-29,Baseline (BAU),New Green Watershed,Franks Tract (10 supplied RMA stations),10,-170.180000,-43.802514,fresher,292,Frank's Tract at Old River,-427.910000,-92.775470,fresher,282,South Central Franks Tract,257.730000
2018-10-01,Baseline (BAU),Calling on Reserve,Franks Tract (10 supplied RMA stations),10,941.130000,170.955222,saltier,265,Little Franks Tract at Fisherman's Cut,477.410000,122.880235,saltier,292,Frank's Tract at Old River,463.720000
2018-10-02,Baseline (BAU),Calling on Reserve,Franks Tract (10 supplied RMA stations),10,962.850000,174.900636,saltier,265,Little Franks Tract at Fisherman's Cut,490.140000,126.156801,saltier,292,Frank's Tract at Old River,472.710000
2018-10-03,Baseline (BAU),Calling on Reserve,Franks Tract (10 supplied RMA stations),10,952.400000,173.002405,saltier,265,Little Franks Tract at Fisherman's Cut,497.430000,128.033169,saltier,292,Frank's Tract at Old River,454.970000
2018-10-04,Baseline (BAU),Calling on Reserve,Franks Tract (10 supplied RMA stations),10,920.700000,167.244135,saltier,265,Little Franks Tract at Fisherman's Cut,501.760000,129.147665,saltier,292,Frank's Tract at Old River,418.940000
2018-10-05,Baseline (BAU),Calling on Reserve,Franks Tract (10 supplied RMA stations),10,882.440000,160.294248,saltier,265,Little Franks Tract at Fisherman's Cut,502.320000,129.291803,saltier,292,Frank's Tract at Old River,380.120000
2018-10-06,Baseline (BAU),Calling on Reserve,Franks Tract (10 supplied RMA stations),10,853.810000,155.093640,saltier,265,Little Franks Tract at Fisherman's Cut,479.840000,123.505691,saltier,292,Frank's Tract at Old River,373.970000
2018-10-07,Baseline (BAU),Calling on Reserve,Franks Tract (10 supplied RMA stations),10,809.900000,147.117438,saltier,265,Little Franks Tract at Fisherman's Cut,437.730000,112.667026,saltier,292,Frank's Tract at Old River,372.170000
2018-10-08,Baseline (BAU),Calling on Reserve,Franks Tract (10 supplied RMA stations),10,817.160000,148.436209,saltier,265,Little Franks Tract at Fisherman's Cut,446.390000,114.896018,saltier,292,Frank's Tract at Old River,370.770000
2018-10-09,Baseline (BAU),Calling on Reserve,Franks Tract (10 supplied RMA stations),10,861.160000,156.428760,saltier,265,Little Franks Tract at Fisherman's Cut,461.450000,118.772301,saltier,292,Frank's Tract at Old River,399.710000
2018-10-10,Baseline (BAU),Calling on Reserve,Franks Tract (10 supplied RMA stations),10,899.680000,163.425875,saltier,265,Little Franks Tract at Fisherman's Cut,469.990000,120.970406,saltier,292,Frank's Tract at Old River,429.690000
2018-10-11,Baseline (BAU),Calling on Reserve,Franks Tract (10 supplied RMA stations),10,915.230000,166.250515,saltier,265,Little Franks Tract at Fisherman's Cut,478.040000,123.042390,saltier,292,Frank's Tract at Old River,437.190000
2018-10-12,Baseline (BAU),Calling on Reserve,Franks Tract (10 supplied RMA stations),10,913.170000,165.876319,saltier,265,Little Franks Tract at Fisherman's Cut,484.680000,124.751455,saltier,292,Frank's Tract at Old River,428.490000
2018-10-13,Baseline (BAU),Calling on Reserve,Franks Tract (10 supplied RMA stations),10,912.940000,165.834539,saltier,265,Little Franks Tract at Fisherman's Cut,492.650000,126.802848,saltier,292,Frank's Tract at Old River,420.290000
2018-10-14,Baseline (BAU),Calling on Reserve,Franks Tract (10 supplied RMA stations),10,864.630000,157.059081,saltier,265,Little Franks Tract at Fisherman's Cut,473.340000,121.832660,saltier,292,Frank's Tract at Old River,391.290000
2018-10-15,Baseline (BAU),Calling on Reserve,Franks Tract (10 supplied RMA stations),10,799.710000,145.266435,saltier,265,Little Franks Tract at Fisherman's Cut,457.460000,115.717734,saltier,285,Frank's Tract North East,342.250000
2018-10-16,Baseline (BAU),Calling on Reserve,Franks Tract (10 supplied RMA stations),10,771.970000,140.227495,saltier,265,Little Franks Tract at Fisherman's Cut,457.120000,115.631729,saltier,285,Frank's Tract North East,314.850000
2018-10-17,Baseline (BAU),Calling on Reserve,Franks Tract (10 supplied RMA stations),10,745.930000,135.497358,saltier,265,Little Franks Tract at Fisherman's Cut,447.310000,113.150220,saltier,285,Frank's Tract North East,298.620000
2018-10-18,Baseline (BAU),Calling on Reserve,Franks Tract (10 supplied RMA stations),10,722.100000,131.168665,saltier,265,Little Franks Tract at Fisherman's Cut,438.610000,110.949494,saltier,285,Frank's Tract North East,283.490000
2018-10-19,Baseline (BAU),Calling on Reserve,Franks Tract (10 supplied RMA stations),10,714.710000,129.826280,saltier,265,Little Franks Tract at Fisherman's Cut,435.920000,112.201152,saltier,292,Frank's Tract at Old River,278.790000
2018-10-20,Baseline (BAU),Calling on Reserve,Franks Tract (10 supplied RMA stations),10,729.660000,132.541931,saltier,265,Little Franks Tract at Fisherman's Cut,435.010000,111.966928,saltier,292,Frank's Tract at Old River,294.650000
2018-10-21,Baseline (BAU),Calling on Reserve,Franks Tract (10 supplied RMA stations),10,752.850000,136.754368,saltier,265,Little Franks Tract at Fisherman's Cut,440.140000,113.287335,saltier,292,Frank's Tract at Old River,312.710000
2018-10-22,Baseline (BAU),Calling on Reserve,Franks Tract (10 supplied RMA stations),10,759.280000,137.922371,saltier,265,Little Franks Tract at Fisherman's Cut,447.290000,115.127668,saltier,292,Frank's Tract at Old River,311.990000
2018-10-23,Baseline (BAU),Calling on Reserve,Franks Tract (10 supplied RMA stations),10,745.490000,135.417432,saltier,265,Little Franks Tract at Fisherman's Cut,454.320000,116.937115,saltier,292,Frank's Tract at Old River,291.170000
2018-10-24,Baseline (BAU),Calling on Reserve,Franks Tract (10 supplied RMA stations),10,723.210000,131.370295,saltier,265,Little Franks Tract at Fisherman's Cut,455.480000,117.235687,saltier,292,Frank's Tract at Old River,267.730000
2018-10-25,Baseline (BAU),Calling on Reserve,Franks Tract (10 supplied RMA stations),10,705.740000,128.196889,saltier,265,Little Franks Tract at Fisherman's Cut,450.890000,116.054270,saltier,292,Frank's Tract at Old River,254.850000
2018-10-26,Baseline (BAU),Calling on Reserve,Franks Tract (10 supplied RMA stations),10,709.590000,128.896237,saltier,265,Little Franks Tract at Fisherman's Cut,445.330000,114.623185,saltier,292,Frank's Tract at Old River,264.260000
2018-10-27,Baseline (BAU),Calling on Reserve,Franks Tract (10 supplied RMA stations),10,728.220000,132.280356,saltier,265,Little Franks Tract at Fisherman's Cut,441.350000,113.598776,saltier,292,Frank's Tract at Old River,286.870000
2018-10-28,Baseline (BAU),Calling on Reserve,Franks Tract (10 supplied RMA stations),10,734.630000,133.444726,saltier,265,Little Franks Tract at Fisherman's Cut,436.880000,112.448246,saltier,292,Frank's Tract at Old River,297.750000
2018-10-29,Baseline (BAU),Calling on Reserve,Franks Tract (10 supplied RMA stations),10,709.120000,128.810862,saltier,265,Little Franks Tract at Fisherman's Cut,418.170000,107.632491,saltier,292,Frank's Tract at Old River,290.950000
2018-10-30,Baseline (BAU),Calling on Reserve,Franks Tract (10 supplied RMA stations),10,698.040000,126.798193,saltier,265,Little Franks Tract at Fisherman's Cut,371.390000,95.591819,saltier,292,Frank's Tract at Old River,326.650000
2018-10-31,Baseline (BAU),Calling on Reserve,Franks Tract (10 supplied RMA stations),10,683.590000,124.173366,saltier,265,Little Franks Tract at Fisherman's Cut,356.150000,91.669206,saltier,292,Frank's Tract at Old River,327.440000
2018-11-01,Baseline (BAU),Calling on Reserve,Franks Tract (10 supplied RMA stations),10,667.760000,121.297864,saltier,265,Little Franks Tract at Fisherman's Cut,360.910000,92.894379,saltier,292,Frank's Tract at Old River,306.850000
2018-11-02,Baseline (BAU),Calling on Reserve,Franks Tract (10 supplied RMA stations),10,664.390000,120.685707,saltier,265,Little Franks Tract at Fisherman's Cut,364.220000,93.746338,saltier,292,Frank's Tract at Old River,300.170000
2018-11-03,Baseline (BAU),Calling on Reserve,Franks Tract (10 supplied RMA stations),10,674.400000,122.504013,saltier,265,Little Franks Tract at Fisherman's Cut,364.720000,93.875032,saltier,292,Frank's Tract at Old River,309.680000
2018-11-04,Baseline (BAU),Calling on Reserve,Franks Tract (10 supplied RMA stations),10,689.410000,125.230563,saltier,265,Little Franks Tract at Fisherman's Cut,365.470000,94.068074,saltier,292,Frank's Tract at Old River,323.940000
2018-11-05,Baseline (BAU),Calling on Reserve,Franks Tract (10 supplied RMA stations),10,696.800000,126.572948,saltier,265,Little Franks Tract at Fisherman's Cut,367.520000,94.595722,saltier,292,Frank's Tract at Old River,329.280000
2018-11-06,Baseline (BAU),Calling on Reserve,Franks Tract (10 supplied RMA stations),10,710.890000,129.132381,saltier,265,Little Franks Tract at Fisherman's Cut,373.130000,96.039676,saltier,292,Frank's Tract at Old River,337.760000
2018-11-07,Baseline (BAU),Calling on Reserve,Franks Tract (10 supplied RMA stations),10,727.300000,132.113239,saltier,265,Little Franks Tract at Fisherman's Cut,380.330000,97.892880,saltier,292,Frank's Tract at Old River,346.970000
2018-11-08,Baseline (BAU),Calling on Reserve,Franks Tract (10 supplied RMA stations),10,736.300000,133.748079,saltier,265,Little Franks Tract at Fisherman's Cut,381.560000,98.209468,saltier,292,Frank's Tract at Old River,354.740000
2018-11-09,Baseline (BAU),Calling on Reserve,Franks Tract (10 supplied RMA stations),10,733.450000,133.230380,saltier,265,Little Franks Tract at Fisherman's Cut,382.660000,98.492597,saltier,292,Frank's Tract at Old River,350.790000
2018-11-10,Baseline (BAU),Calling on Reserve,Franks Tract (10 supplied RMA stations),10,720.390000,130.858045,saltier,265,Little Franks Tract at Fisherman's Cut,375.390000,96.621376,saltier,292,Frank's Tract at Old River,345.000000
2018-11-11,Baseline (BAU),Calling on Reserve,Franks Tract (10 supplied RMA stations),10,692.310000,125.757344,saltier,265,Little Franks Tract at Fisherman's Cut,364.720000,93.875032,saltier,292,Frank's Tract at Old River,327.590000
2018-11-12,Baseline (BAU),Calling on Reserve,Franks Tract (10 supplied RMA stations),10,647.550000,117.626740,saltier,265,Little Franks Tract at Fisherman's Cut,353.440000,90.971681,saltier,292,Frank's Tract at Old River,294.110000
2018-11-13,Baseline (BAU),Calling on Reserve,Franks Tract (10 supplied RMA stations),10,620.160000,112.651377,saltier,265,Little Franks Tract at Fisherman's Cut,335.590000,86.377281,saltier,292,Frank's Tract at Old River,284.570000
2018-11-14,Baseline (BAU),Calling on Reserve,Franks Tract (10 supplied RMA stations),10,618.470000,112.344390,saltier,265,Little Franks Tract at Fisherman's Cut,320.350000,82.454668,saltier,292,Frank's Tract at Old River,298.120000
2018-11-15,Baseline (BAU),Calling on Reserve,Franks Tract (10 supplied RMA stations),10,617.290000,112.130045,saltier,265,Little Franks Tract at Fisherman's Cut,315.780000,81.278399,saltier,292,Frank's Tract at Old River,301.510000
2018-11-16,Baseline (BAU),Calling on Reserve,Franks Tract (10 supplied RMA stations),10,606.810000,110.226364,saltier,265,Little Franks Tract at Fisherman's Cut,321.010000,82.624545,saltier,292,Frank's Tract at Old River,285.800000
2018-11-17,Baseline (BAU),Calling on Reserve,Franks Tract (10 supplied RMA stations),10,585.940000,106.435352,saltier,265,Little Franks Tract at Fisherman's Cut,325.490000,83.777649,saltier,292,Frank's Tract at Old River,260.450000
2018-11-18,Baseline (BAU),Calling on Reserve,Franks Tract (10 supplied RMA stations),10,576.430000,104.707871,saltier,265,Little Franks Tract at Fisherman's Cut,326.810000,84.117403,saltier,292,Frank's Tract at Old River,249.620000
2018-11-19,Baseline (BAU),Calling on Reserve,Franks Tract (10 supplied RMA stations),10,571.690000,103.846855,saltier,265,Little Franks Tract at Fisherman's Cut,319.930000,82.346565,saltier,292,Frank's Tract at Old River,251.760000
2018-11-20,Baseline (BAU),Calling on Reserve,Franks Tract (10 supplied RMA stations),10,576.260000,104.676990,saltier,265,Little Franks Tract at Fisherman's Cut,318.490000,81.975924,saltier,292,Frank's Tract at Old River,257.770000
2018-11-21,Baseline (BAU),Calling on Reserve,Franks Tract (10 supplied RMA stations),10,570.510000,103.632509,saltier,265,Little Franks Tract at Fisherman's Cut,329.750000,84.874128,saltier,292,Frank's Tract at Old River,240.760000
2018-11-22,Baseline (BAU),Calling on Reserve,Franks Tract (10 supplied RMA stations),10,558.520000,101.454539,saltier,265,Little Franks Tract at Fisherman's Cut,343.530000,88.420953,saltier,292,Frank's Tract at Old River,214.990000
2018-11-23,Baseline (BAU),Calling on Reserve,Franks Tract (10 supplied RMA stations),10,548.570000,99.647133,saltier,265,Little Franks Tract at Fisherman's Cut,353.090000,90.881595,saltier,292,Frank's Tract at Old River,195.480000
2018-11-24,Baseline (BAU),Calling on Reserve,Franks Tract (10 supplied RMA stations),10,552.130000,100.293803,saltier,265,Little Franks Tract at Fisherman's Cut,354.130000,91.149279,saltier,292,Frank's Tract at Old River,198.000000
2018-11-25,Baseline (BAU),Calling on Reserve,Franks Tract (10 supplied RMA stations),10,568.750000,103.312807,saltier,265,Little Franks Tract at Fisherman's Cut,350.560000,90.230400,saltier,292,Frank's Tract at Old River,218.190000
2018-11-26,Baseline (BAU),Calling on Reserve,Franks Tract (10 supplied RMA stations),10,599.270000,108.856731,saltier,265,Little Franks Tract at Fisherman's Cut,340.960000,87.759462,saltier,292,Frank's Tract at Old River,258.310000
2018-11-27,Baseline (BAU),Calling on Reserve,Franks Tract (10 supplied RMA stations),10,642.930000,116.787522,saltier,265,Little Franks Tract at Fisherman's Cut,326.520000,84.042760,saltier,292,Frank's Tract at Old River,316.410000
2018-11-28,Baseline (BAU),Calling on Reserve,Franks Tract (10 supplied RMA stations),10,714.100000,129.715474,saltier,265,Little Franks Tract at Fisherman's Cut,319.460000,82.225592,saltier,292,Frank's Tract at Old River,394.640000
2018-11-29,Baseline (BAU),Calling on Reserve,Franks Tract (10 supplied RMA stations),10,809.620000,147.066576,saltier,265,Little Franks Tract at Fisherman's Cut,338.680000,87.172614,saltier,292,Frank's Tract at Old River,470.940000
2018-11-30,Baseline (BAU),Calling on Reserve,Franks Tract (10 supplied RMA stations),10,779.970000,141.680686,saltier,265,Little Franks Tract at Fisherman's Cut,387.610000,99.766674,saltier,292,Frank's Tract at Old River,392.360000
2018-12-01,Baseline (BAU),Calling on Reserve,Franks Tract (10 supplied RMA stations),10,759.100000,137.889674,saltier,265,Little Franks Tract at Fisherman's Cut,413.790000,106.505126,saltier,292,Frank's Tract at Old River,345.310000
2018-12-02,Baseline (BAU),Calling on Reserve,Franks Tract (10 supplied RMA stations),10,763.800000,138.743424,saltier,265,Little Franks Tract at Fisherman's Cut,425.870000,109.614389,saltier,292,Frank's Tract at Old River,337.930000
2018-12-03,Baseline (BAU),Calling on Reserve,Franks Tract (10 supplied RMA stations),10,772.710000,140.361915,saltier,265,Little Franks Tract at Fisherman's Cut,434.390000,111.807346,saltier,292,Frank's Tract at Old River,338.320000
2018-12-04,Baseline (BAU),Calling on Reserve,Franks Tract (10 supplied RMA stations),10,804.600000,146.154698,saltier,265,Little Franks Tract at Fisherman's Cut,445.180000,114.584577,saltier,292,Frank's Tract at Old River,359.420000
2018-12-05,Baseline (BAU),Calling on Reserve,Franks Tract (10 supplied RMA stations),10,839.440000,152.483346,saltier,265,Little Franks Tract at Fisherman's Cut,467.670000,120.373263,saltier,292,Frank's Tract at Old River,371.770000
2018-12-06,Baseline (BAU),Calling on Reserve,Franks Tract (10 supplied RMA stations),10,851.230000,154.624986,saltier,265,Little Franks Tract at Fisherman's Cut,491.960000,126.625249,saltier,292,Frank's Tract at Old River,359.270000
2018-12-07,Baseline (BAU),Calling on Reserve,Franks Tract (10 supplied RMA stations),10,842.230000,152.990146,saltier,265,Little Franks Tract at Fisherman's Cut,505.430000,130.092283,saltier,292,Frank's Tract at Old River,336.800000
2018-12-08,Baseline (BAU),Calling on Reserve,Franks Tract (10 supplied RMA stations),10,828.820000,150.554235,saltier,265,Little Franks Tract at Fisherman's Cut,509.930000,131.250535,saltier,292,Frank's Tract at Old River,318.890000
2018-12-09,Baseline (BAU),Calling on Reserve,Franks Tract (10 supplied RMA stations),10,827.480000,150.310825,saltier,265,Little Franks Tract at Fisherman's Cut,509.010000,131.013737,saltier,292,Frank's Tract at Old River,318.470000
2018-12-10,Baseline (BAU),Calling on Reserve,Franks Tract (10 supplied RMA stations),10,824.530000,149.774961,saltier,265,Little Franks Tract at Fisherman's Cut,507.920000,130.733183,saltier,292,Frank's Tract at Old River,316.610000
2018-12-11,Baseline (BAU),Calling on Reserve,Franks Tract (10 supplied RMA stations),10,811.630000,147.431690,saltier,265,Little Franks Tract at Fisherman's Cut,509.920000,131.247961,saltier,292,Frank's Tract at Old River,301.710000
2018-12-12,Baseline (BAU),Calling on Reserve,Franks Tract (10 supplied RMA stations),10,787.300000,143.012173,saltier,265,Little Franks Tract at Fisherman's Cut,511.520000,131.659784,saltier,292,Frank's Tract at Old River,275.780000
2018-12-13,Baseline (BAU),Calling on Reserve,Franks Tract (10 supplied RMA stations),10,771.790000,140.194798,saltier,265,Little Franks Tract at Fisherman's Cut,512.290000,131.857974,saltier,292,Frank's Tract at Old River,259.500000
2018-12-14,Baseline (BAU),Calling on Reserve,Franks Tract (10 supplied RMA stations),10,812.370000,147.566110,saltier,265,Little Franks Tract at Fisherman's Cut,512.150000,131.821940,saltier,292,Frank's Tract at Old River,300.220000
2018-12-15,Baseline (BAU),Calling on Reserve,Franks Tract (10 supplied RMA stations),10,810.890000,147.297270,saltier,265,Little Franks Tract at Fisherman's Cut,530.490000,136.542460,saltier,292,Frank's Tract at Old River,280.400000
2018-12-16,Baseline (BAU),Calling on Reserve,Franks Tract (10 supplied RMA stations),10,817.130000,148.430759,saltier,265,Little Franks Tract at Fisherman's Cut,552.790000,142.282241,saltier,292,Frank's Tract at Old River,264.340000
2018-12-17,Baseline (BAU),Calling on Reserve,Franks Tract (10 supplied RMA stations),10,804.610000,146.156515,saltier,265,Little Franks Tract at Fisherman's Cut,573.630000,147.646235,saltier,292,Frank's Tract at Old River,230.980000
2018-12-18,Baseline (BAU),Calling on Reserve,Franks Tract (10 supplied RMA stations),10,776.440000,141.039466,saltier,265,Little Franks Tract at Fisherman's Cut,587.300000,151.164747,saltier,292,Frank's Tract at Old River,189.140000
2018-12-19,Baseline (BAU),Calling on Reserve,Franks Tract (10 supplied RMA stations),10,768.650000,139.624421,saltier,265,Little Franks Tract at Fisherman's Cut,583.890000,150.287049,saltier,292,Frank's Tract at Old River,184.760000
2018-12-20,Baseline (BAU),Calling on Reserve,Franks Tract (10 supplied RMA stations),10,765.730000,139.094006,saltier,265,Little Franks Tract at Fisherman's Cut,576.440000,148.369499,saltier,292,Frank's Tract at Old River,189.290000
2018-12-21,Baseline (BAU),Calling on Reserve,Franks Tract (10 supplied RMA stations),10,770.880000,140.029498,saltier,265,Little Franks Tract at Fisherman's Cut,574.150000,147.780077,saltier,292,Frank's Tract at Old River,196.730000
2018-12-22,Baseline (BAU),Calling on Reserve,Franks Tract (10 supplied RMA stations),10,759.640000,137.987764,saltier,265,Little Franks Tract at Fisherman's Cut,574.830000,147.955102,saltier,292,Frank's Tract at Old River,184.810000
2018-12-23,Baseline (BAU),Calling on Reserve,Franks Tract (10 supplied RMA stations),10,741.820000,134.750781,saltier,265,Little Franks Tract at Fisherman's Cut,572.410000,147.332220,saltier,292,Frank's Tract at Old River,169.410000
2018-12-24,Baseline (BAU),Calling on Reserve,Franks Tract (10 supplied RMA stations),10,734.910000,133.495587,saltier,265,Little Franks Tract at Fisherman's Cut,565.640000,145.589694,saltier,292,Frank's Tract at Old River,169.270000
2018-12-25,Baseline (BAU),Calling on Reserve,Franks Tract (10 supplied RMA stations),10,708.330000,128.667360,saltier,265,Little Franks Tract at Fisherman's Cut,559.640000,144.045358,saltier,292,Frank's Tract at Old River,148.690000
2018-12-26,Baseline (BAU),Calling on Reserve,Franks Tract (10 supplied RMA stations),10,666.500000,141.722315,saltier,281,South Franks Tract at Bethel Island,553.410000,142.441823,saltier,292,Frank's Tract at Old River,113.090000
2018-12-27,Baseline (BAU),Calling on Reserve,Franks Tract (10 supplied RMA stations),10,654.500000,139.170676,saltier,281,South Franks Tract at Bethel Island,534.360000,135.170132,saltier,285,Frank's Tract North East,120.140000
2018-12-28,Baseline (BAU),Calling on Reserve,Franks Tract (10 supplied RMA stations),10,641.030000,136.306460,saltier,281,South Franks Tract at Bethel Island,498.010000,125.975143,saltier,285,Frank's Tract North East,143.020000
2018-12-29,Baseline (BAU),Calling on Reserve,Franks Tract (10 supplied RMA stations),10,622.160000,132.294007,saltier,281,South Franks Tract at Bethel Island,476.310000,120.485975,saltier,285,Frank's Tract North East,145.850000
2018-12-30,Baseline (BAU),Calling on Reserve,Franks Tract (10 supplied RMA stations),10,600.700000,127.730825,saltier,281,South Franks Tract at Bethel Island,453.920000,114.822266,saltier,285,Frank's Tract North East,146.780000
2018-12-31,Baseline (BAU),Calling on Reserve,Franks Tract (10 supplied RMA stations),10,577.760000,122.852941,saltier,281,South Franks Tract at Bethel Island,413.190000,104.519326,saltier,285,Frank's Tract North East,164.570000
2019-01-01,Baseline (BAU),Calling on Reserve,Franks Tract (10 supplied RMA stations),10,551.380000,117.243586,saltier,281,South Franks Tract at Bethel Island,377.300000,95.440697,saltier,285,Frank's Tract North East,174.080000
2019-01-02,Baseline (BAU),Calling on Reserve,Franks Tract (10 supplied RMA stations),10,521.000000,110.783685,saltier,281,South Franks Tract at Bethel Island,349.080000,88.302249,saltier,285,Frank's Tract North East,171.920000
2019-01-03,Baseline (BAU),Calling on Reserve,Franks Tract (10 supplied RMA stations),10,488.520000,103.877248,saltier,281,South Franks Tract at Bethel Island,317.360000,80.278451,saltier,285,Frank's Tract North East,171.160000
2019-01-04,Baseline (BAU),Calling on Reserve,Franks Tract (10 supplied RMA stations),10,454.910000,96.730530,saltier,281,South Franks Tract at Bethel Island,250.590000,45.519396,saltier,265,Little Franks Tract at Fisherman's Cut,204.320000
2019-01-05,Baseline (BAU),Calling on Reserve,Franks Tract (10 supplied RMA stations),10,418.680000,89.026705,saltier,281,South Franks Tract at Bethel Island,127.350000,23.132986,saltier,265,Little Franks Tract at Fisherman's Cut,291.330000
2019-01-06,Baseline (BAU),Calling on Reserve,Franks Tract (10 supplied RMA stations),10,376.780000,80.117230,saltier,281,South Franks Tract at Bethel Island,67.980000,12.348492,saltier,265,Little Franks Tract at Fisherman's Cut,308.800000
2019-01-07,Baseline (BAU),Calling on Reserve,Franks Tract (10 supplied RMA stations),10,335.010000,71.235398,saltier,281,South Franks Tract at Bethel Island,62.400000,11.334891,saltier,265,Little Franks Tract at Fisherman's Cut,272.610000
2019-01-08,Baseline (BAU),Calling on Reserve,Franks Tract (10 supplied RMA stations),10,298.060000,63.378475,saltier,281,South Franks Tract at Bethel Island,38.770000,7.042528,saltier,265,Little Franks Tract at Fisherman's Cut,259.290000
2019-01-09,Baseline (BAU),Calling on Reserve,Franks Tract (10 supplied RMA stations),10,263.130000,55.951077,saltier,281,South Franks Tract at Bethel Island,11.250000,2.043550,saltier,265,Little Franks Tract at Fisherman's Cut,251.880000
2019-01-10,Baseline (BAU),Calling on Reserve,Franks Tract (10 supplied RMA stations),10,231.700000,49.267908,saltier,281,South Franks Tract at Bethel Island,28.350000,5.149746,saltier,265,Little Franks Tract at Fisherman's Cut,203.350000
2019-01-11,Baseline (BAU),Calling on Reserve,Franks Tract (10 supplied RMA stations),10,204.100000,43.399137,saltier,281,South Franks Tract at Bethel Island,31.750000,5.767352,saltier,265,Little Franks Tract at Fisherman's Cut,172.350000
2019-01-12,Baseline (BAU),Calling on Reserve,Franks Tract (10 supplied RMA stations),10,179.540000,38.176781,saltier,281,South Franks Tract at Bethel Island,27.560000,5.006243,saltier,265,Little Franks Tract at Fisherman's Cut,151.980000
2019-01-13,Baseline (BAU),Calling on Reserve,Franks Tract (10 supplied RMA stations),10,156.570000,33.292517,saltier,281,South Franks Tract at Bethel Island,27.020000,4.908153,saltier,265,Little Franks Tract at Fisherman's Cut,129.550000
2019-01-14,Baseline (BAU),Calling on Reserve,Franks Tract (10 supplied RMA stations),10,135.720000,28.859044,saltier,281,South Franks Tract at Bethel Island,20.910000,3.798278,saltier,265,Little Franks Tract at Fisherman's Cut,114.810000
2019-01-15,Baseline (BAU),Calling on Reserve,Franks Tract (10 supplied RMA stations),10,116.920000,24.861475,saltier,281,South Franks Tract at Bethel Island,10.380000,1.885515,saltier,265,Little Franks Tract at Fisherman's Cut,106.540000
2019-01-16,Baseline (BAU),Calling on Reserve,Franks Tract (10 supplied RMA stations),10,100.810000,21.435899,saltier,281,South Franks Tract at Bethel Island,-2.100000,-0.381463,fresher,265,Little Franks Tract at Fisherman's Cut,102.910000
2019-01-17,Baseline (BAU),Calling on Reserve,Franks Tract (10 supplied RMA stations),10,88.250000,18.765183,saltier,281,South Franks Tract at Bethel Island,-9.070000,-1.647555,fresher,265,Little Franks Tract at Fisherman's Cut,97.320000
2019-01-18,Baseline (BAU),Calling on Reserve,Franks Tract (10 supplied RMA stations),10,78.250000,16.638816,saltier,281,South Franks Tract at Bethel Island,-1.920000,-0.348766,fresher,265,Little Franks Tract at Fisherman's Cut,80.170000
2019-01-19,Baseline (BAU),Calling on Reserve,Franks Tract (10 supplied RMA stations),10,70.610000,15.014273,saltier,281,South Franks Tract at Bethel Island,8.010000,1.455008,saltier,265,Little Franks Tract at Fisherman's Cut,62.600000
2019-01-20,Baseline (BAU),Calling on Reserve,Franks Tract (10 supplied RMA stations),10,64.420000,13.698052,saltier,281,South Franks Tract at Bethel Island,19.280000,3.502191,saltier,265,Little Franks Tract at Fisherman's Cut,45.140000
2019-01-21,Baseline (BAU),Calling on Reserve,Franks Tract (10 supplied RMA stations),10,60.830000,12.934686,saltier,281,South Franks Tract at Bethel Island,31.120000,6.078337,saltier,270,Frank's Tract at False River,29.710000
2019-01-22,Baseline (BAU),Calling on Reserve,Franks Tract (10 supplied RMA stations),10,58.970000,12.539182,saltier,281,South Franks Tract at Bethel Island,40.290000,7.869415,saltier,270,Frank's Tract at False River,18.680000
2019-01-23,Baseline (BAU),Calling on Reserve,Franks Tract (10 supplied RMA stations),10,58.150000,12.364820,saltier,281,South Franks Tract at Bethel Island,45.480000,9.552103,saltier,276,North West Franks Tract,12.670000
2019-01-24,Baseline (BAU),Calling on Reserve,Franks Tract (10 supplied RMA stations),10,58.280000,12.392463,saltier,281,South Franks Tract at Bethel Island,45.640000,11.544960,saltier,285,Frank's Tract North East,12.640000
2019-01-25,Baseline (BAU),Calling on Reserve,Franks Tract (10 supplied RMA stations),10,58.000000,12.332925,saltier,281,South Franks Tract at Bethel Island,42.170000,10.667199,saltier,285,Frank's Tract North East,15.830000
2019-01-26,Baseline (BAU),Calling on Reserve,Franks Tract (10 supplied RMA stations),10,56.560000,12.026728,saltier,281,South Franks Tract at Bethel Island,37.780000,9.556718,saltier,285,Frank's Tract North East,18.780000
2019-01-27,Baseline (BAU),Calling on Reserve,Franks Tract (10 supplied RMA stations),10,53.790000,11.437724,saltier,281,South Franks Tract at Bethel Island,31.700000,8.018739,saltier,285,Frank's Tract North East,22.090000
2019-01-28,Baseline (BAU),Calling on Reserve,Franks Tract (10 supplied RMA stations),10,50.010000,10.633958,saltier,281,South Franks Tract at Bethel Island,24.980000,6.318867,saltier,285,Frank's Tract North East,25.030000
2019-01-29,Baseline (BAU),Calling on Reserve,Franks Tract (10 supplied RMA stations),10,45.570000,9.689851,saltier,281,South Franks Tract at Bethel Island,18.720000,4.735356,saltier,285,Frank's Tract North East,26.850000
2019-01-30,Baseline (BAU),Calling on Reserve,Franks Tract (10 supplied RMA stations),10,40.260000,8.560751,saltier,281,South Franks Tract at Bethel Island,12.410000,3.139197,saltier,285,Frank's Tract North East,27.850000
2019-01-31,Baseline (BAU),Calling on Reserve,Franks Tract (10 supplied RMA stations),10,33.920000,7.212635,saltier,281,South Franks Tract at Bethel Island,7.300000,1.846587,saltier,285,Frank's Tract North East,26.620000
2019-02-01,Baseline (BAU),Calling on Reserve,Franks Tract (10 supplied RMA stations),10,25.960000,5.520047,saltier,281,South Franks Tract at Bethel Island,3.300000,0.599441,saltier,265,Little Franks Tract at Fisherman's Cut,22.660000
2019-02-02,Baseline (BAU),Calling on Reserve,Franks Tract (10 supplied RMA stations),10,15.540000,3.304373,saltier,281,South Franks Tract at Bethel Island,-0.330000,-0.083476,fresher,285,Frank's Tract North East,15.870000
2019-02-03,Baseline (BAU),Calling on Reserve,Franks Tract (10 supplied RMA stations),10,10.240000,2.328702,saltier,291,Frank's Tract at Sheep Slough,-3.490000,-0.633955,fresher,265,Little Franks Tract at Fisherman's Cut,13.730000
2019-02-04,Baseline (BAU),Calling on Reserve,Franks Tract (10 supplied RMA stations),10,7.380000,1.678303,saltier,291,Frank's Tract at Sheep Slough,-7.310000,-1.327853,fresher,265,Little Franks Tract at Fisherman's Cut,14.690000
2019-02-05,Baseline (BAU),Calling on Reserve,Franks Tract (10 supplied RMA stations),10,12.730000,3.276566,saltier,292,Frank's Tract at Old River,-6.240000,-1.133489,fresher,265,Little Franks Tract at Fisherman's Cut,18.970000
2019-02-06,Baseline (BAU),Calling on Reserve,Franks Tract (10 supplied RMA stations),10,21.630000,5.567331,saltier,292,Frank's Tract at Old River,-1.240000,-0.225245,fresher,265,Little Franks Tract at Fisherman's Cut,22.870000
2019-02-07,Baseline (BAU),Calling on Reserve,Franks Tract (10 supplied RMA stations),10,29.130000,7.497751,saltier,292,Frank's Tract at Old River,2.390000,0.434141,saltier,265,Little Franks Tract at Fisherman's Cut,26.740000
2019-02-08,Baseline (BAU),Calling on Reserve,Franks Tract (10 supplied RMA stations),10,32.370000,8.331692,saltier,292,Frank's Tract at Old River,1.720000,0.312436,saltier,265,Little Franks Tract at Fisherman's Cut,30.650000
2019-02-09,Baseline (BAU),Calling on Reserve,Franks Tract (10 supplied RMA stations),10,30.120000,7.752566,saltier,292,Frank's Tract at Old River,-0.710000,-0.128971,fresher,265,Little Franks Tract at Fisherman's Cut,30.830000
2019-02-10,Baseline (BAU),Calling on Reserve,Franks Tract (10 supplied RMA stations),10,32.650000,7.425011,saltier,291,Frank's Tract at Sheep Slough,-1.850000,-0.336050,fresher,265,Little Franks Tract at Fisherman's Cut,34.500000
2019-02-11,Baseline (BAU),Calling on Reserve,Franks Tract (10 supplied RMA stations),10,34.170000,7.770678,saltier,291,Frank's Tract at Sheep Slough,-0.670000,-0.121705,fresher,265,Little Franks Tract at Fisherman's Cut,34.840000
2019-02-12,Baseline (BAU),Calling on Reserve,Franks Tract (10 supplied RMA stations),10,32.810000,7.461397,saltier,291,Frank's Tract at Sheep Slough,0.680000,0.123521,saltier,265,Little Franks Tract at Fisherman's Cut,32.130000
2019-02-13,Baseline (BAU),Calling on Reserve,Franks Tract (10 supplied RMA stations),10,26.730000,6.078731,saltier,291,Frank's Tract at Sheep Slough,-2.120000,-0.385096,fresher,265,Little Franks Tract at Fisherman's Cut,28.850000
2019-02-14,Baseline (BAU),Calling on Reserve,Franks Tract (10 supplied RMA stations),10,16.630000,3.536147,saltier,281,South Franks Tract at Bethel Island,-12.510000,-3.219940,fresher,292,Frank's Tract at Old River,29.140000
2019-02-15,Baseline (BAU),Calling on Reserve,Franks Tract (10 supplied RMA stations),10,13.170000,2.800424,saltier,281,South Franks Tract at Bethel Island,-15.890000,-4.019488,fresher,285,Frank's Tract North East,29.060000
2019-02-16,Baseline (BAU),Calling on Reserve,Franks Tract (10 supplied RMA stations),10,8.320000,1.769137,saltier,281,South Franks Tract at Bethel Island,-17.850000,-4.515283,fresher,285,Frank's Tract North East,26.170000
2019-02-17,Baseline (BAU),Calling on Reserve,Franks Tract (10 supplied RMA stations),10,2.010000,0.427400,saltier,281,South Franks Tract at Bethel Island,-19.500000,-5.019092,fresher,292,Frank's Tract at Old River,21.510000
2019-02-18,Baseline (BAU),Calling on Reserve,Franks Tract (10 supplied RMA stations),10,-5.430000,-1.154617,fresher,281,South Franks Tract at Bethel Island,-22.130000,-5.696026,fresher,292,Frank's Tract at Old River,16.700000
2019-02-19,Baseline (BAU),Calling on Reserve,Franks Tract (10 supplied RMA stations),10,-10.920000,-1.983606,fresher,265,Little Franks Tract at Fisherman's Cut,-23.090000,-5.943119,fresher,292,Frank's Tract at Old River,12.170000
2019-02-20,Baseline (BAU),Calling on Reserve,Franks Tract (10 supplied RMA stations),10,-13.000000,-2.361436,fresher,265,Little Franks Tract at Fisherman's Cut,-22.650000,-5.829868,fresher,292,Frank's Tract at Old River,9.650000
2019-02-21,Baseline (BAU),Calling on Reserve,Franks Tract (10 supplied RMA stations),10,-14.290000,-2.595763,fresher,265,Little Franks Tract at Fisherman's Cut,-21.210000,-4.823415,fresher,291,Frank's Tract at Sheep Slough,6.920000
2019-02-22,Baseline (BAU),Calling on Reserve,Franks Tract (10 supplied RMA stations),10,-14.450000,-2.624826,fresher,265,Little Franks Tract at Fisherman's Cut,-20.720000,-4.492318,fresher,282,South Central Franks Tract,6.270000
2019-02-23,Baseline (BAU),Calling on Reserve,Franks Tract (10 supplied RMA stations),10,-13.430000,-2.439545,fresher,265,Little Franks Tract at Fisherman's Cut,-20.370000,-4.331408,fresher,281,South Franks Tract at Bethel Island,6.940000
2019-02-24,Baseline (BAU),Calling on Reserve,Franks Tract (10 supplied RMA stations),10,-12.930000,-2.348720,fresher,265,Little Franks Tract at Fisherman's Cut,-20.250000,-4.305892,fresher,281,South Franks Tract at Bethel Island,7.320000
2019-02-25,Baseline (BAU),Calling on Reserve,Franks Tract (10 supplied RMA stations),10,-13.130000,-2.385050,fresher,265,Little Franks Tract at Fisherman's Cut,-21.740000,-5.595644,fresher,292,Frank's Tract at Old River,8.610000
2019-02-26,Baseline (BAU),Calling on Reserve,Franks Tract (10 supplied RMA stations),10,-13.930000,-2.530369,fresher,265,Little Franks Tract at Fisherman's Cut,-24.260000,-6.244265,fresher,292,Frank's Tract at Old River,10.330000
2019-02-27,Baseline (BAU),Calling on Reserve,Franks Tract (10 supplied RMA stations),10,-15.070000,-2.737449,fresher,265,Little Franks Tract at Fisherman's Cut,-25.100000,-6.460472,fresher,292,Frank's Tract at Old River,10.030000
2019-02-28,Baseline (BAU),Calling on Reserve,Franks Tract (10 supplied RMA stations),10,-15.730000,-2.857337,fresher,265,Little Franks Tract at Fisherman's Cut,-31.840000,-7.240807,fresher,291,Frank's Tract at Sheep Slough,16.110000
2019-03-01,Baseline (BAU),Calling on Reserve,Franks Tract (10 supplied RMA stations),10,-16.500000,-2.997207,fresher,265,Little Franks Tract at Fisherman's Cut,-43.090000,-9.799196,fresher,291,Frank's Tract at Sheep Slough,26.590000
2019-03-02,Baseline (BAU),Calling on Reserve,Franks Tract (10 supplied RMA stations),10,-17.430000,-3.166140,fresher,265,Little Franks Tract at Fisherman's Cut,-50.000000,-11.370615,fresher,291,Frank's Tract at Sheep Slough,32.570000
2019-03-03,Baseline (BAU),Calling on Reserve,Franks Tract (10 supplied RMA stations),10,-20.700000,-3.760132,fresher,265,Little Franks Tract at Fisherman's Cut,-57.970000,-13.183091,fresher,291,Frank's Tract at Sheep Slough,37.270000
2019-03-04,Baseline (BAU),Calling on Reserve,Franks Tract (10 supplied RMA stations),10,-27.040000,-4.911786,fresher,265,Little Franks Tract at Fisherman's Cut,-69.990000,-15.916587,fresher,291,Frank's Tract at Sheep Slough,42.950000
2019-03-05,Baseline (BAU),Calling on Reserve,Franks Tract (10 supplied RMA stations),10,-32.380000,-5.881791,fresher,265,Little Franks Tract at Fisherman's Cut,-79.100000,-17.988313,fresher,291,Frank's Tract at Sheep Slough,46.720000
2019-03-06,Baseline (BAU),Calling on Reserve,Franks Tract (10 supplied RMA stations),10,-33.360000,-6.059807,fresher,265,Little Franks Tract at Fisherman's Cut,-76.480000,-17.392492,fresher,291,Frank's Tract at Sheep Slough,43.120000
2019-03-07,Baseline (BAU),Calling on Reserve,Franks Tract (10 supplied RMA stations),10,-32.050000,-5.821847,fresher,265,Little Franks Tract at Fisherman's Cut,-79.650000,-18.113389,fresher,291,Frank's Tract at Sheep Slough,47.600000
2019-03-08,Baseline (BAU),Calling on Reserve,Franks Tract (10 supplied RMA stations),10,-34.330000,-6.236006,fresher,265,Little Franks Tract at Fisherman's Cut,-89.840000,-20.430721,fresher,291,Frank's Tract at Sheep Slough,55.510000
2019-03-09,Baseline (BAU),Calling on Reserve,Franks Tract (10 supplied RMA stations),10,-35.180000,-6.390408,fresher,265,Little Franks Tract at Fisherman's Cut,-98.190000,-22.329613,fresher,291,Frank's Tract at Sheep Slough,63.010000
2019-03-10,Baseline (BAU),Calling on Reserve,Franks Tract (10 supplied RMA stations),10,-34.180000,-6.208759,fresher,265,Little Franks Tract at Fisherman's Cut,-107.080000,-24.351309,fresher,291,Frank's Tract at Sheep Slough,72.900000
2019-03-11,Baseline (BAU),Calling on Reserve,Franks Tract (10 supplied RMA stations),10,-35.870000,-6.515746,fresher,265,Little Franks Tract at Fisherman's Cut,-117.780000,-26.784620,fresher,291,Frank's Tract at Sheep Slough,81.910000
2019-03-12,Baseline (BAU),Calling on Reserve,Franks Tract (10 supplied RMA stations),10,-39.240000,-7.127903,fresher,265,Little Franks Tract at Fisherman's Cut,-128.110000,-29.133789,fresher,291,Frank's Tract at Sheep Slough,88.870000
2019-03-13,Baseline (BAU),Calling on Reserve,Franks Tract (10 supplied RMA stations),10,-42.650000,-7.747325,fresher,265,Little Franks Tract at Fisherman's Cut,-150.470000,-34.218728,fresher,291,Frank's Tract at Sheep Slough,107.820000
2019-03-14,Baseline (BAU),Calling on Reserve,Franks Tract (10 supplied RMA stations),10,-44.670000,-8.114256,fresher,265,Little Franks Tract at Fisherman's Cut,-156.440000,-35.576379,fresher,291,Frank's Tract at Sheep Slough,111.770000
2019-03-15,Baseline (BAU),Calling on Reserve,Franks Tract (10 supplied RMA stations),10,-46.460000,-8.439408,fresher,265,Little Franks Tract at Fisherman's Cut,-145.440000,-33.074844,fresher,291,Frank's Tract at Sheep Slough,98.980000
2019-03-16,Baseline (BAU),Calling on Reserve,Franks Tract (10 supplied RMA stations),10,-46.650000,-8.473921,fresher,265,Little Franks Tract at Fisherman's Cut,-132.090000,-30.038890,fresher,291,Frank's Tract at Sheep Slough,85.440000
2019-03-17,Baseline (BAU),Calling on Reserve,Franks Tract (10 supplied RMA stations),10,-46.480000,-8.443040,fresher,265,Little Franks Tract at Fisherman's Cut,-123.270000,-26.211718,fresher,281,South Franks Tract at Bethel Island,76.790000
2019-03-18,Baseline (BAU),Calling on Reserve,Franks Tract (10 supplied RMA stations),10,-45.150000,-8.201447,fresher,265,Little Franks Tract at Fisherman's Cut,-115.720000,-24.606311,fresher,281,South Franks Tract at Bethel Island,70.570000
2019-03-19,Baseline (BAU),Calling on Reserve,Franks Tract (10 supplied RMA stations),10,-42.870000,-7.787288,fresher,265,Little Franks Tract at Fisherman's Cut,-107.650000,-22.890333,fresher,281,South Franks Tract at Bethel Island,64.780000
2019-03-20,Baseline (BAU),Calling on Reserve,Franks Tract (10 supplied RMA stations),10,-41.470000,-7.532980,fresher,265,Little Franks Tract at Fisherman's Cut,-99.950000,-21.253031,fresher,281,South Franks Tract at Bethel Island,58.480000
2019-03-21,Baseline (BAU),Calling on Reserve,Franks Tract (10 supplied RMA stations),10,-40.400000,-7.338615,fresher,265,Little Franks Tract at Fisherman's Cut,-93.380000,-19.856009,fresher,281,South Franks Tract at Bethel Island,52.980000
2019-03-22,Baseline (BAU),Calling on Reserve,Franks Tract (10 supplied RMA stations),10,-39.230000,-7.126086,fresher,265,Little Franks Tract at Fisherman's Cut,-88.680000,-20.166922,fresher,291,Frank's Tract at Sheep Slough,49.450000
2019-03-23,Baseline (BAU),Calling on Reserve,Franks Tract (10 supplied RMA stations),10,-37.580000,-6.826365,fresher,265,Little Franks Tract at Fisherman's Cut,-84.720000,-19.266370,fresher,291,Frank's Tract at Sheep Slough,47.140000
2019-03-24,Baseline (BAU),Calling on Reserve,Franks Tract (10 supplied RMA stations),10,-35.830000,-6.508480,fresher,265,Little Franks Tract at Fisherman's Cut,-81.400000,-18.511361,fresher,291,Frank's Tract at Sheep Slough,45.570000
2019-03-25,Baseline (BAU),Calling on Reserve,Franks Tract (10 supplied RMA stations),10,-33.850000,-6.148815,fresher,265,Little Franks Tract at Fisherman's Cut,-77.370000,-17.594889,fresher,291,Frank's Tract at Sheep Slough,43.520000
2019-03-26,Baseline (BAU),Calling on Reserve,Franks Tract (10 supplied RMA stations),10,-32.490000,-5.901773,fresher,265,Little Franks Tract at Fisherman's Cut,-77.100000,-17.533488,fresher,291,Frank's Tract at Sheep Slough,44.610000
2019-03-27,Baseline (BAU),Calling on Reserve,Franks Tract (10 supplied RMA stations),10,-31.890000,-5.792783,fresher,265,Little Franks Tract at Fisherman's Cut,-80.410000,-18.286223,fresher,291,Frank's Tract at Sheep Slough,48.520000
2019-03-28,Baseline (BAU),Calling on Reserve,Franks Tract (10 supplied RMA stations),10,-32.790000,-5.956267,fresher,265,Little Franks Tract at Fisherman's Cut,-84.650000,-19.250451,fresher,291,Frank's Tract at Sheep Slough,51.860000
2019-03-29,Baseline (BAU),Calling on Reserve,Franks Tract (10 supplied RMA stations),10,-33.950000,-6.166980,fresher,265,Little Franks Tract at Fisherman's Cut,-86.040000,-19.566554,fresher,291,Frank's Tract at Sheep Slough,52.090000
2019-03-30,Baseline (BAU),Calling on Reserve,Franks Tract (10 supplied RMA stations),10,-33.570000,-6.097953,fresher,265,Little Franks Tract at Fisherman's Cut,-83.760000,-19.048054,fresher,291,Frank's Tract at Sheep Slough,50.190000
2019-03-31,Baseline (BAU),Calling on Reserve,Franks Tract (10 supplied RMA stations),10,-32.400000,-5.885424,fresher,265,Little Franks Tract at Fisherman's Cut,-82.440000,-18.747870,fresher,291,Frank's Tract at Sheep Slough,50.040000
2019-04-01,Baseline (BAU),Calling on Reserve,Franks Tract (10 supplied RMA stations),10,-31.540000,-5.729206,fresher,265,Little Franks Tract at Fisherman's Cut,-88.250000,-20.069135,fresher,291,Frank's Tract at Sheep Slough,56.710000
2019-04-02,Baseline (BAU),Calling on Reserve,Franks Tract (10 supplied RMA stations),10,-31.670000,-5.752820,fresher,265,Little Franks Tract at Fisherman's Cut,-99.560000,-22.641168,fresher,291,Frank's Tract at Sheep Slough,67.890000
2019-04-03,Baseline (BAU),Calling on Reserve,Franks Tract (10 supplied RMA stations),10,-34.300000,-6.230557,fresher,265,Little Franks Tract at Fisherman's Cut,-109.280000,-24.851616,fresher,291,Frank's Tract at Sheep Slough,74.980000
2019-04-04,Baseline (BAU),Calling on Reserve,Franks Tract (10 supplied RMA stations),10,-37.130000,-6.744623,fresher,265,Little Franks Tract at Fisherman's Cut,-107.680000,-24.487756,fresher,291,Frank's Tract at Sheep Slough,70.550000
2019-04-05,Baseline (BAU),Calling on Reserve,Franks Tract (10 supplied RMA stations),10,-38.930000,-7.071591,fresher,265,Little Franks Tract at Fisherman's Cut,-97.910000,-22.265938,fresher,291,Frank's Tract at Sheep Slough,58.980000
2019-04-06,Baseline (BAU),Calling on Reserve,Franks Tract (10 supplied RMA stations),10,-39.440000,-7.164232,fresher,265,Little Franks Tract at Fisherman's Cut,-91.190000,-19.390334,fresher,281,South Franks Tract at Bethel Island,51.750000
2019-04-07,Baseline (BAU),Calling on Reserve,Franks Tract (10 supplied RMA stations),10,-37.980000,-6.899025,fresher,265,Little Franks Tract at Fisherman's Cut,-86.350000,-18.361173,fresher,281,South Franks Tract at Bethel Island,48.370000
2019-04-08,Baseline (BAU),Calling on Reserve,Franks Tract (10 supplied RMA stations),10,-34.010000,-6.177879,fresher,265,Little Franks Tract at Fisherman's Cut,-79.890000,-16.987541,fresher,281,South Franks Tract at Bethel Island,45.880000
2019-04-09,Baseline (BAU),Calling on Reserve,Franks Tract (10 supplied RMA stations),10,-30.100000,-5.467632,fresher,265,Little Franks Tract at Fisherman's Cut,-73.040000,-15.530980,fresher,281,South Franks Tract at Bethel Island,42.940000
2019-04-10,Baseline (BAU),Calling on Reserve,Franks Tract (10 supplied RMA stations),10,-28.490000,-5.175177,fresher,265,Little Franks Tract at Fisherman's Cut,-67.130000,-14.274297,fresher,281,South Franks Tract at Bethel Island,38.640000
2019-04-11,Baseline (BAU),Calling on Reserve,Franks Tract (10 supplied RMA stations),10,-26.180000,-4.755568,fresher,265,Little Franks Tract at Fisherman's Cut,-62.720000,-13.336570,fresher,281,South Franks Tract at Bethel Island,36.540000
2019-04-12,Baseline (BAU),Calling on Reserve,Franks Tract (10 supplied RMA stations),10,-24.410000,-4.434049,fresher,265,Little Franks Tract at Fisherman's Cut,-59.130000,-12.573204,fresher,281,South Franks Tract at Bethel Island,34.720000
2019-04-13,Baseline (BAU),Calling on Reserve,Franks Tract (10 supplied RMA stations),10,-23.940000,-4.348674,fresher,265,Little Franks Tract at Fisherman's Cut,-56.240000,-11.958684,fresher,281,South Franks Tract at Bethel Island,32.300000
2019-04-14,Baseline (BAU),Calling on Reserve,Franks Tract (10 supplied RMA stations),10,-23.080000,-4.192456,fresher,265,Little Franks Tract at Fisherman's Cut,-54.170000,-11.518526,fresher,281,South Franks Tract at Bethel Island,31.090000
2019-04-15,Baseline (BAU),Calling on Reserve,Franks Tract (10 supplied RMA stations),10,-22.440000,-4.076201,fresher,265,Little Franks Tract at Fisherman's Cut,-53.150000,-12.086963,fresher,291,Frank's Tract at Sheep Slough,30.710000
2019-04-16,Baseline (BAU),Calling on Reserve,Franks Tract (10 supplied RMA stations),10,-22.740000,-4.130696,fresher,265,Little Franks Tract at Fisherman's Cut,-52.690000,-11.982354,fresher,291,Frank's Tract at Sheep Slough,29.950000
2019-04-17,Baseline (BAU),Calling on Reserve,Franks Tract (10 supplied RMA stations),10,-23.020000,-4.181557,fresher,265,Little Franks Tract at Fisherman's Cut,-52.470000,-11.932323,fresher,291,Frank's Tract at Sheep Slough,29.450000
2019-04-18,Baseline (BAU),Calling on Reserve,Franks Tract (10 supplied RMA stations),10,-22.710000,-4.125246,fresher,265,Little Franks Tract at Fisherman's Cut,-51.920000,-11.807246,fresher,291,Frank's Tract at Sheep Slough,29.210000
2019-04-19,Baseline (BAU),Calling on Reserve,Franks Tract (10 supplied RMA stations),10,-21.570000,-3.918167,fresher,265,Little Franks Tract at Fisherman's Cut,-50.560000,-11.497966,fresher,291,Frank's Tract at Sheep Slough,28.990000
2019-04-20,Baseline (BAU),Calling on Reserve,Franks Tract (10 supplied RMA stations),10,-20.200000,-3.669308,fresher,265,Little Franks Tract at Fisherman's Cut,-49.150000,-11.177314,fresher,291,Frank's Tract at Sheep Slough,28.950000
2019-04-21,Baseline (BAU),Calling on Reserve,Franks Tract (10 supplied RMA stations),10,-20.200000,-3.669308,fresher,265,Little Franks Tract at Fisherman's Cut,-49.610000,-11.281924,fresher,291,Frank's Tract at Sheep Slough,29.410000
2019-04-22,Baseline (BAU),Calling on Reserve,Franks Tract (10 supplied RMA stations),10,-20.550000,-3.732885,fresher,265,Little Franks Tract at Fisherman's Cut,-49.990000,-11.368341,fresher,291,Frank's Tract at Sheep Slough,29.440000
2019-04-23,Baseline (BAU),Calling on Reserve,Franks Tract (10 supplied RMA stations),10,-21.150000,-3.841874,fresher,265,Little Franks Tract at Fisherman's Cut,-49.970000,-11.363792,fresher,291,Frank's Tract at Sheep Slough,28.820000
2019-04-24,Baseline (BAU),Calling on Reserve,Franks Tract (10 supplied RMA stations),10,-21.000000,-3.814627,fresher,265,Little Franks Tract at Fisherman's Cut,-49.660000,-11.293295,fresher,291,Frank's Tract at Sheep Slough,28.660000
2019-04-25,Baseline (BAU),Calling on Reserve,Franks Tract (10 supplied RMA stations),10,-20.120000,-3.654776,fresher,265,Little Franks Tract at Fisherman's Cut,-49.280000,-11.206878,fresher,291,Frank's Tract at Sheep Slough,29.160000
2019-04-26,Baseline (BAU),Calling on Reserve,Franks Tract (10 supplied RMA stations),10,-19.830000,-3.602098,fresher,265,Little Franks Tract at Fisherman's Cut,-49.440000,-11.243264,fresher,291,Frank's Tract at Sheep Slough,29.610000
2019-04-27,Baseline (BAU),Calling on Reserve,Franks Tract (10 supplied RMA stations),10,-19.900000,-3.614813,fresher,265,Little Franks Tract at Fisherman's Cut,-49.490000,-11.254634,fresher,291,Frank's Tract at Sheep Slough,29.590000
2019-04-28,Baseline (BAU),Calling on Reserve,Franks Tract (10 supplied RMA stations),10,-20.330000,-3.692922,fresher,265,Little Franks Tract at Fisherman's Cut,-49.220000,-11.193233,fresher,291,Frank's Tract at Sheep Slough,28.890000
2019-04-29,Baseline (BAU),Calling on Reserve,Franks Tract (10 supplied RMA stations),10,-20.510000,-3.725619,fresher,265,Little Franks Tract at Fisherman's Cut,-48.370000,-10.999933,fresher,291,Frank's Tract at Sheep Slough,27.860000
2019-04-30,Baseline (BAU),Calling on Reserve,Franks Tract (10 supplied RMA stations),10,-21.440000,-3.894552,fresher,265,Little Franks Tract at Fisherman's Cut,-48.920000,-11.125009,fresher,291,Frank's Tract at Sheep Slough,27.480000
2019-05-01,Baseline (BAU),Calling on Reserve,Franks Tract (10 supplied RMA stations),10,-22.400000,-4.068935,fresher,265,Little Franks Tract at Fisherman's Cut,-50.150000,-11.404727,fresher,291,Frank's Tract at Sheep Slough,27.750000
2019-05-02,Baseline (BAU),Calling on Reserve,Franks Tract (10 supplied RMA stations),10,-23.010000,-4.179741,fresher,265,Little Franks Tract at Fisherman's Cut,-50.100000,-11.393356,fresher,291,Frank's Tract at Sheep Slough,27.090000
2019-05-03,Baseline (BAU),Calling on Reserve,Franks Tract (10 supplied RMA stations),10,-23.040000,-4.185190,fresher,265,Little Franks Tract at Fisherman's Cut,-48.620000,-11.056786,fresher,291,Frank's Tract at Sheep Slough,25.580000
2019-05-04,Baseline (BAU),Calling on Reserve,Franks Tract (10 supplied RMA stations),10,-22.410000,-4.070752,fresher,265,Little Franks Tract at Fisherman's Cut,-46.620000,-10.601961,fresher,291,Frank's Tract at Sheep Slough,24.210000
2019-05-05,Baseline (BAU),Calling on Reserve,Franks Tract (10 supplied RMA stations),10,-21.640000,-3.930882,fresher,265,Little Franks Tract at Fisherman's Cut,-44.490000,-10.117573,fresher,291,Frank's Tract at Sheep Slough,22.850000
2019-05-06,Baseline (BAU),Calling on Reserve,Franks Tract (10 supplied RMA stations),10,-21.590000,-3.921800,fresher,265,Little Franks Tract at Fisherman's Cut,-43.220000,-9.828759,fresher,291,Frank's Tract at Sheep Slough,21.630000
2019-05-07,Baseline (BAU),Calling on Reserve,Franks Tract (10 supplied RMA stations),10,-21.740000,-3.949047,fresher,265,Little Franks Tract at Fisherman's Cut,-42.860000,-9.746891,fresher,291,Frank's Tract at Sheep Slough,21.120000
2019-05-08,Baseline (BAU),Calling on Reserve,Franks Tract (10 supplied RMA stations),10,-21.650000,-3.932699,fresher,265,Little Franks Tract at Fisherman's Cut,-42.330000,-9.626362,fresher,291,Frank's Tract at Sheep Slough,20.680000
2019-05-09,Baseline (BAU),Calling on Reserve,Franks Tract (10 supplied RMA stations),10,-21.250000,-3.860039,fresher,265,Little Franks Tract at Fisherman's Cut,-41.080000,-9.342097,fresher,291,Frank's Tract at Sheep Slough,19.830000
2019-05-10,Baseline (BAU),Calling on Reserve,Franks Tract (10 supplied RMA stations),10,-21.350000,-3.878204,fresher,265,Little Franks Tract at Fisherman's Cut,-40.710000,-9.257955,fresher,291,Frank's Tract at Sheep Slough,19.360000
2019-05-11,Baseline (BAU),Calling on Reserve,Franks Tract (10 supplied RMA stations),10,-21.830000,-3.965395,fresher,265,Little Franks Tract at Fisherman's Cut,-40.470000,-9.203376,fresher,291,Frank's Tract at Sheep Slough,18.640000
2019-05-12,Baseline (BAU),Calling on Reserve,Franks Tract (10 supplied RMA stations),10,-22.250000,-4.041688,fresher,265,Little Franks Tract at Fisherman's Cut,-39.520000,-8.987334,fresher,291,Frank's Tract at Sheep Slough,17.270000
2019-05-13,Baseline (BAU),Calling on Reserve,Franks Tract (10 supplied RMA stations),10,-22.770000,-4.136145,fresher,265,Little Franks Tract at Fisherman's Cut,-38.280000,-8.139730,fresher,281,South Franks Tract at Bethel Island,15.510000
2019-05-14,Baseline (BAU),Calling on Reserve,Franks Tract (10 supplied RMA stations),10,-23.060000,-4.188823,fresher,265,Little Franks Tract at Fisherman's Cut,-37.720000,-8.020654,fresher,281,South Franks Tract at Bethel Island,14.660000
2019-05-15,Baseline (BAU),Calling on Reserve,Franks Tract (10 supplied RMA stations),10,-23.060000,-4.188823,fresher,265,Little Franks Tract at Fisherman's Cut,-36.650000,-7.793133,fresher,281,South Franks Tract at Bethel Island,13.590000
2019-05-16,Baseline (BAU),Calling on Reserve,Franks Tract (10 supplied RMA stations),10,-22.720000,-4.127063,fresher,265,Little Franks Tract at Fisherman's Cut,-35.070000,-7.457167,fresher,281,South Franks Tract at Bethel Island,12.350000
2019-05-17,Baseline (BAU),Calling on Reserve,Franks Tract (10 supplied RMA stations),10,-22.090000,-4.012624,fresher,265,Little Franks Tract at Fisherman's Cut,-33.170000,-7.053157,fresher,281,South Franks Tract at Bethel Island,11.080000
2019-05-18,Baseline (BAU),Calling on Reserve,Franks Tract (10 supplied RMA stations),10,-20.700000,-3.760132,fresher,265,Little Franks Tract at Fisherman's Cut,-30.890000,-6.568346,fresher,281,South Franks Tract at Bethel Island,10.190000
2019-05-19,Baseline (BAU),Calling on Reserve,Franks Tract (10 supplied RMA stations),10,-19.320000,-3.509457,fresher,265,Little Franks Tract at Fisherman's Cut,-28.730000,-6.109050,fresher,281,South Franks Tract at Bethel Island,9.410000
2019-05-20,Baseline (BAU),Calling on Reserve,Franks Tract (10 supplied RMA stations),10,-17.730000,-3.220635,fresher,265,Little Franks Tract at Fisherman's Cut,-26.900000,-5.545161,fresher,274,Piper Slough at Bethal Tract,9.170000
2019-05-21,Baseline (BAU),Calling on Reserve,Franks Tract (10 supplied RMA stations),10,-15.610000,-2.835539,fresher,265,Little Franks Tract at Fisherman's Cut,-25.250000,-5.205030,fresher,274,Piper Slough at Bethal Tract,9.640000
2019-05-22,Baseline (BAU),Calling on Reserve,Franks Tract (10 supplied RMA stations),10,-14.380000,-2.612111,fresher,265,Little Franks Tract at Fisherman's Cut,-23.570000,-4.858716,fresher,274,Piper Slough at Bethal Tract,9.190000
2019-05-23,Baseline (BAU),Calling on Reserve,Franks Tract (10 supplied RMA stations),10,-13.680000,-2.484957,fresher,265,Little Franks Tract at Fisherman's Cut,-22.300000,-4.596918,fresher,274,Piper Slough at Bethal Tract,8.620000
2019-05-24,Baseline (BAU),Calling on Reserve,Franks Tract (10 supplied RMA stations),10,-11.220000,-2.551566,fresher,291,Frank's Tract at Sheep Slough,-20.860000,-4.300077,fresher,274,Piper Slough at Bethal Tract,9.640000
2019-05-25,Baseline (BAU),Calling on Reserve,Franks Tract (10 supplied RMA stations),10,-9.610000,-2.185432,fresher,291,Frank's Tract at Sheep Slough,-19.160000,-3.949639,fresher,274,Piper Slough at Bethal Tract,9.550000
2019-05-26,Baseline (BAU),Calling on Reserve,Franks Tract (10 supplied RMA stations),10,-7.930000,-1.803380,fresher,291,Frank's Tract at Sheep Slough,-17.670000,-4.548069,fresher,292,Frank's Tract at Old River,9.740000
2019-05-27,Baseline (BAU),Calling on Reserve,Franks Tract (10 supplied RMA stations),10,-4.040000,-0.918746,fresher,291,Frank's Tract at Sheep Slough,-16.390000,-4.145966,fresher,285,Frank's Tract North East,12.350000
2019-05-28,Baseline (BAU),Calling on Reserve,Franks Tract (10 supplied RMA stations),10,-1.840000,-0.418439,fresher,291,Frank's Tract at Sheep Slough,-14.680000,-3.296289,fresher,283,Franks Tract,12.840000
2019-05-29,Baseline (BAU),Calling on Reserve,Franks Tract (10 supplied RMA stations),10,-1.190000,-0.270621,fresher,291,Frank's Tract at Sheep Slough,-13.220000,-2.968456,fresher,283,Franks Tract,12.030000
2019-05-30,Baseline (BAU),Calling on Reserve,Franks Tract (10 supplied RMA stations),10,-0.640000,-0.145544,fresher,291,Frank's Tract at Sheep Slough,-11.680000,-2.954538,fresher,285,Frank's Tract North East,11.040000
2019-05-31,Baseline (BAU),Calling on Reserve,Franks Tract (10 supplied RMA stations),10,-0.920000,-0.209219,fresher,291,Frank's Tract at Sheep Slough,-10.380000,-2.625694,fresher,285,Frank's Tract North East,9.460000
2019-06-01,Baseline (BAU),Calling on Reserve,Franks Tract (10 supplied RMA stations),10,-2.190000,-0.498033,fresher,291,Frank's Tract at Sheep Slough,-8.290000,-2.097014,fresher,285,Frank's Tract North East,6.100000
2019-06-02,Baseline (BAU),Calling on Reserve,Franks Tract (10 supplied RMA stations),10,-1.550000,-0.281556,fresher,265,Little Franks Tract at Fisherman's Cut,-6.200000,-1.278067,fresher,274,Piper Slough at Bethal Tract,4.650000
2019-06-03,Baseline (BAU),Calling on Reserve,Franks Tract (10 supplied RMA stations),10,-0.460000,-0.083558,fresher,265,Little Franks Tract at Fisherman's Cut,-5.170000,-1.099331,fresher,281,South Franks Tract at Bethel Island,4.710000
2019-06-04,Baseline (BAU),Calling on Reserve,Franks Tract (10 supplied RMA stations),10,0.660000,0.119888,saltier,265,Little Franks Tract at Fisherman's Cut,-4.170000,-0.886695,fresher,281,South Franks Tract at Bethel Island,4.830000
2019-06-05,Baseline (BAU),Calling on Reserve,Franks Tract (10 supplied RMA stations),10,1.980000,0.359665,saltier,265,Little Franks Tract at Fisherman's Cut,-3.060000,-0.650668,fresher,281,South Franks Tract at Bethel Island,5.040000
2019-06-06,Baseline (BAU),Calling on Reserve,Franks Tract (10 supplied RMA stations),10,3.650000,0.663018,saltier,265,Little Franks Tract at Fisherman's Cut,-1.760000,-0.374240,fresher,281,South Franks Tract at Bethel Island,5.410000
2019-06-07,Baseline (BAU),Calling on Reserve,Franks Tract (10 supplied RMA stations),10,5.730000,1.040848,saltier,265,Little Franks Tract at Fisherman's Cut,-0.320000,-0.068044,fresher,281,South Franks Tract at Bethel Island,6.050000
2019-06-08,Baseline (BAU),Calling on Reserve,Franks Tract (10 supplied RMA stations),10,7.890000,1.433210,saltier,265,Little Franks Tract at Fisherman's Cut,0.810000,0.172236,saltier,281,South Franks Tract at Bethel Island,7.080000
2019-06-09,Baseline (BAU),Calling on Reserve,Franks Tract (10 supplied RMA stations),10,9.530000,1.731114,saltier,265,Little Franks Tract at Fisherman's Cut,1.970000,0.418894,saltier,281,South Franks Tract at Bethel Island,7.560000
2019-06-10,Baseline (BAU),Calling on Reserve,Franks Tract (10 supplied RMA stations),10,10.520000,1.910946,saltier,265,Little Franks Tract at Fisherman's Cut,3.370000,0.716585,saltier,281,South Franks Tract at Bethel Island,7.150000
2019-06-11,Baseline (BAU),Calling on Reserve,Franks Tract (10 supplied RMA stations),10,11.360000,2.063531,saltier,265,Little Franks Tract at Fisherman's Cut,4.850000,1.031288,saltier,281,South Franks Tract at Bethel Island,6.510000
2019-06-12,Baseline (BAU),Calling on Reserve,Franks Tract (10 supplied RMA stations),10,12.160000,2.208851,saltier,265,Little Franks Tract at Fisherman's Cut,5.450000,1.239397,saltier,291,Frank's Tract at Sheep Slough,6.710000
2019-06-13,Baseline (BAU),Calling on Reserve,Franks Tract (10 supplied RMA stations),10,12.530000,2.276061,saltier,265,Little Franks Tract at Fisherman's Cut,6.450000,1.466809,saltier,291,Frank's Tract at Sheep Slough,6.080000
2019-06-14,Baseline (BAU),Calling on Reserve,Franks Tract (10 supplied RMA stations),10,12.200000,2.216116,saltier,265,Little Franks Tract at Fisherman's Cut,7.400000,1.682851,saltier,291,Frank's Tract at Sheep Slough,4.800000
2019-06-15,Baseline (BAU),Calling on Reserve,Franks Tract (10 supplied RMA stations),10,11.540000,2.096228,saltier,265,Little Franks Tract at Fisherman's Cut,7.650000,1.969028,saltier,292,Frank's Tract at Old River,3.890000
2019-06-16,Baseline (BAU),Calling on Reserve,Franks Tract (10 supplied RMA stations),10,10.590000,1.923662,saltier,265,Little Franks Tract at Fisherman's Cut,7.440000,1.914977,saltier,292,Frank's Tract at Old River,3.150000
2019-06-17,Baseline (BAU),Calling on Reserve,Franks Tract (10 supplied RMA stations),10,9.720000,2.003679,saltier,274,Piper Slough at Bethal Tract,7.010000,1.804299,saltier,292,Frank's Tract at Old River,2.710000
2019-06-18,Baseline (BAU),Calling on Reserve,Franks Tract (10 supplied RMA stations),10,9.260000,1.969015,saltier,281,South Franks Tract at Bethel Island,6.440000,1.629043,saltier,285,Frank's Tract North East,2.820000
2019-06-19,Baseline (BAU),Calling on Reserve,Franks Tract (10 supplied RMA stations),10,8.950000,1.903098,saltier,281,South Franks Tract at Bethel Island,5.760000,1.457033,saltier,285,Frank's Tract North East,3.190000
2019-06-20,Baseline (BAU),Calling on Reserve,Franks Tract (10 supplied RMA stations),10,8.440000,1.794653,saltier,281,South Franks Tract at Bethel Island,5.030000,1.272374,saltier,285,Frank's Tract North East,3.410000
2019-06-21,Baseline (BAU),Calling on Reserve,Franks Tract (10 supplied RMA stations),10,7.800000,1.658566,saltier,281,South Franks Tract at Bethel Island,4.190000,1.059890,saltier,285,Frank's Tract North East,3.610000
2019-06-22,Baseline (BAU),Calling on Reserve,Franks Tract (10 supplied RMA stations),10,7.050000,1.499088,saltier,281,South Franks Tract at Bethel Island,3.200000,0.809463,saltier,285,Frank's Tract North East,3.850000
2019-06-23,Baseline (BAU),Calling on Reserve,Franks Tract (10 supplied RMA stations),10,6.280000,1.335358,saltier,281,South Franks Tract at Bethel Island,2.370000,0.599508,saltier,285,Frank's Tract North East,3.910000
2019-06-24,Baseline (BAU),Calling on Reserve,Franks Tract (10 supplied RMA stations),10,5.510000,1.171628,saltier,281,South Franks Tract at Bethel Island,1.790000,0.452793,saltier,285,Frank's Tract North East,3.720000
2019-06-25,Baseline (BAU),Calling on Reserve,Franks Tract (10 supplied RMA stations),10,4.770000,1.014277,saltier,281,South Franks Tract at Bethel Island,1.310000,0.331374,saltier,285,Frank's Tract North East,3.460000
2019-06-26,Baseline (BAU),Calling on Reserve,Franks Tract (10 supplied RMA stations),10,4.010000,0.852673,saltier,281,South Franks Tract at Bethel Island,0.870000,0.220073,saltier,285,Frank's Tract North East,3.140000
2019-06-27,Baseline (BAU),Calling on Reserve,Franks Tract (10 supplied RMA stations),10,3.260000,0.693195,saltier,281,South Franks Tract at Bethel Island,0.530000,0.134067,saltier,285,Frank's Tract North East,2.730000
2019-06-28,Baseline (BAU),Calling on Reserve,Franks Tract (10 supplied RMA stations),10,2.590000,0.550729,saltier,281,South Franks Tract at Bethel Island,0.140000,0.035414,saltier,285,Frank's Tract North East,2.450000
2019-06-29,Baseline (BAU),Calling on Reserve,Franks Tract (10 supplied RMA stations),10,2.130000,0.452916,saltier,281,South Franks Tract at Bethel Island,-0.560000,-0.101723,fresher,265,Little Franks Tract at Fisherman's Cut,2.690000
2019-06-30,Baseline (BAU),Calling on Reserve,Franks Tract (10 supplied RMA stations),10,1.640000,0.348724,saltier,281,South Franks Tract at Bethel Island,-1.570000,-0.397143,fresher,285,Frank's Tract North East,3.210000
2019-07-01,Baseline (BAU),Calling on Reserve,Franks Tract (10 supplied RMA stations),10,0.900000,0.191373,saltier,281,South Franks Tract at Bethel Island,-2.160000,-0.546387,fresher,285,Frank's Tract North East,3.060000
2019-07-02,Baseline (BAU),Calling on Reserve,Franks Tract (10 supplied RMA stations),10,0.010000,0.002126,saltier,281,South Franks Tract at Bethel Island,-2.120000,-0.536269,fresher,285,Frank's Tract North East,2.130000
2019-07-03,Baseline (BAU),Calling on Reserve,Franks Tract (10 supplied RMA stations),10,-0.750000,-0.159477,fresher,281,South Franks Tract at Bethel Island,-1.990000,-0.417957,fresher,276,North West Franks Tract,1.240000
2019-07-04,Baseline (BAU),Calling on Reserve,Franks Tract (10 supplied RMA stations),10,-1.140000,-0.293424,fresher,292,Frank's Tract at Old River,-2.030000,-0.368747,fresher,265,Little Franks Tract at Fisherman's Cut,0.890000
2019-07-05,Baseline (BAU),Calling on Reserve,Franks Tract (10 supplied RMA stations),10,-0.570000,-0.146712,fresher,292,Frank's Tract at Old River,-2.150000,-0.390545,fresher,265,Little Franks Tract at Fisherman's Cut,1.580000
2019-07-06,Baseline (BAU),Calling on Reserve,Franks Tract (10 supplied RMA stations),10,0.120000,0.030887,saltier,292,Frank's Tract at Old River,-2.230000,-0.405077,fresher,265,Little Franks Tract at Fisherman's Cut,2.350000
2019-07-07,Baseline (BAU),Calling on Reserve,Franks Tract (10 supplied RMA stations),10,0.870000,0.223929,saltier,292,Frank's Tract at Old River,-2.310000,-0.419609,fresher,265,Little Franks Tract at Fisherman's Cut,3.180000
2019-07-08,Baseline (BAU),Calling on Reserve,Franks Tract (10 supplied RMA stations),10,1.570000,0.404101,saltier,292,Frank's Tract at Old River,-2.330000,-0.423242,fresher,265,Little Franks Tract at Fisherman's Cut,3.900000
2019-07-09,Baseline (BAU),Calling on Reserve,Franks Tract (10 supplied RMA stations),10,2.300000,0.591995,saltier,292,Frank's Tract at Old River,-2.430000,-0.441407,fresher,265,Little Franks Tract at Fisherman's Cut,4.730000
2019-07-10,Baseline (BAU),Calling on Reserve,Franks Tract (10 supplied RMA stations),10,3.020000,0.777316,saltier,292,Frank's Tract at Old River,-2.850000,-0.517699,fresher,265,Little Franks Tract at Fisherman's Cut,5.870000
2019-07-11,Baseline (BAU),Calling on Reserve,Franks Tract (10 supplied RMA stations),10,3.510000,0.903437,saltier,292,Frank's Tract at Old River,-3.370000,-0.612157,fresher,265,Little Franks Tract at Fisherman's Cut,6.880000
2019-07-12,Baseline (BAU),Calling on Reserve,Franks Tract (10 supplied RMA stations),10,3.970000,1.021836,saltier,292,Frank's Tract at Old River,-4.010000,-0.728412,fresher,265,Little Franks Tract at Fisherman's Cut,7.980000
2019-07-13,Baseline (BAU),Calling on Reserve,Franks Tract (10 supplied RMA stations),10,4.340000,1.117070,saltier,292,Frank's Tract at Old River,-4.820000,-0.875548,fresher,265,Little Franks Tract at Fisherman's Cut,9.160000
2019-07-14,Baseline (BAU),Calling on Reserve,Franks Tract (10 supplied RMA stations),10,4.260000,1.096478,saltier,292,Frank's Tract at Old River,-5.640000,-1.024500,fresher,265,Little Franks Tract at Fisherman's Cut,9.900000
2019-07-15,Baseline (BAU),Calling on Reserve,Franks Tract (10 supplied RMA stations),10,4.160000,1.070740,saltier,292,Frank's Tract at Old River,-6.820000,-1.238845,fresher,265,Little Franks Tract at Fisherman's Cut,10.980000
2019-07-16,Baseline (BAU),Calling on Reserve,Franks Tract (10 supplied RMA stations),10,4.060000,1.045001,saltier,292,Frank's Tract at Old River,-8.740000,-1.587611,fresher,265,Little Franks Tract at Fisherman's Cut,12.800000
2019-07-17,Baseline (BAU),Calling on Reserve,Franks Tract (10 supplied RMA stations),10,3.810000,0.980653,saltier,292,Frank's Tract at Old River,-10.430000,-1.894598,fresher,265,Little Franks Tract at Fisherman's Cut,14.240000
2019-07-18,Baseline (BAU),Calling on Reserve,Franks Tract (10 supplied RMA stations),10,3.100000,0.797907,saltier,292,Frank's Tract at Old River,-11.550000,-2.098045,fresher,265,Little Franks Tract at Fisherman's Cut,14.650000
2019-07-19,Baseline (BAU),Calling on Reserve,Franks Tract (10 supplied RMA stations),10,2.240000,0.576552,saltier,292,Frank's Tract at Old River,-12.580000,-2.285143,fresher,265,Little Franks Tract at Fisherman's Cut,14.820000
2019-07-20,Baseline (BAU),Calling on Reserve,Franks Tract (10 supplied RMA stations),10,1.550000,0.398953,saltier,292,Frank's Tract at Old River,-13.010000,-2.363252,fresher,265,Little Franks Tract at Fisherman's Cut,14.560000
2019-07-21,Baseline (BAU),Calling on Reserve,Franks Tract (10 supplied RMA stations),10,1.180000,0.303719,saltier,292,Frank's Tract at Old River,-13.060000,-2.372335,fresher,265,Little Franks Tract at Fisherman's Cut,14.240000
2019-07-22,Baseline (BAU),Calling on Reserve,Franks Tract (10 supplied RMA stations),10,0.790000,0.203338,saltier,292,Frank's Tract at Old River,-13.070000,-2.374151,fresher,265,Little Franks Tract at Fisherman's Cut,13.860000
2019-07-23,Baseline (BAU),Calling on Reserve,Franks Tract (10 supplied RMA stations),10,0.350000,0.090086,saltier,292,Frank's Tract at Old River,-13.190000,-2.395949,fresher,265,Little Franks Tract at Fisherman's Cut,13.540000
2019-07-24,Baseline (BAU),Calling on Reserve,Franks Tract (10 supplied RMA stations),10,-0.020000,-0.005148,fresher,292,Frank's Tract at Old River,-13.570000,-2.464975,fresher,265,Little Franks Tract at Fisherman's Cut,13.550000
2019-07-25,Baseline (BAU),Calling on Reserve,Franks Tract (10 supplied RMA stations),10,-0.310000,-0.079791,fresher,292,Frank's Tract at Old River,-14.540000,-2.641175,fresher,265,Little Franks Tract at Fisherman's Cut,14.230000
2019-07-26,Baseline (BAU),Calling on Reserve,Franks Tract (10 supplied RMA stations),10,-0.990000,-0.254815,fresher,292,Frank's Tract at Old River,-14.750000,-2.679321,fresher,265,Little Franks Tract at Fisherman's Cut,13.760000
2019-07-27,Baseline (BAU),Calling on Reserve,Franks Tract (10 supplied RMA stations),10,-1.400000,-0.360345,fresher,292,Frank's Tract at Old River,-14.110000,-2.563066,fresher,265,Little Franks Tract at Fisherman's Cut,12.710000
2019-07-28,Baseline (BAU),Calling on Reserve,Franks Tract (10 supplied RMA stations),10,-1.550000,-0.398953,fresher,292,Frank's Tract at Old River,-14.610000,-2.653890,fresher,265,Little Franks Tract at Fisherman's Cut,13.060000
2019-07-29,Baseline (BAU),Calling on Reserve,Franks Tract (10 supplied RMA stations),10,-2.270000,-0.584274,fresher,292,Frank's Tract at Old River,-14.290000,-2.595763,fresher,265,Little Franks Tract at Fisherman's Cut,12.020000
2019-07-30,Baseline (BAU),Calling on Reserve,Franks Tract (10 supplied RMA stations),10,-2.830000,-0.728412,fresher,292,Frank's Tract at Old River,-12.760000,-2.317840,fresher,265,Little Franks Tract at Fisherman's Cut,9.930000
2019-07-31,Baseline (BAU),Calling on Reserve,Franks Tract (10 supplied RMA stations),10,-2.910000,-0.749003,fresher,292,Frank's Tract at Old River,-10.580000,-1.921845,fresher,265,Little Franks Tract at Fisherman's Cut,7.670000
2019-08-01,Baseline (BAU),Calling on Reserve,Franks Tract (10 supplied RMA stations),10,-2.590000,-0.666638,fresher,292,Frank's Tract at Old River,-9.890000,-2.038723,fresher,274,Piper Slough at Bethal Tract,7.300000
2019-08-02,Baseline (BAU),Calling on Reserve,Franks Tract (10 supplied RMA stations),10,-1.960000,-0.504483,fresher,292,Frank's Tract at Old River,-8.890000,-1.890340,fresher,281,South Franks Tract at Bethel Island,6.930000
2019-08-03,Baseline (BAU),Calling on Reserve,Franks Tract (10 supplied RMA stations),10,1.760000,0.319702,saltier,265,Little Franks Tract at Fisherman's Cut,-8.150000,-1.732989,fresher,281,South Franks Tract at Bethel Island,9.910000
2019-08-04,Baseline (BAU),Calling on Reserve,Franks Tract (10 supplied RMA stations),10,6.120000,1.111691,saltier,265,Little Franks Tract at Fisherman's Cut,-7.140000,-1.518226,fresher,281,South Franks Tract at Bethel Island,13.260000
2019-08-05,Baseline (BAU),Calling on Reserve,Franks Tract (10 supplied RMA stations),10,10.550000,1.916396,saltier,265,Little Franks Tract at Fisherman's Cut,-5.820000,-1.237545,fresher,281,South Franks Tract at Bethel Island,16.370000
2019-08-06,Baseline (BAU),Calling on Reserve,Franks Tract (10 supplied RMA stations),10,18.780000,3.411366,saltier,265,Little Franks Tract at Fisherman's Cut,-4.000000,-0.850547,fresher,281,South Franks Tract at Bethel Island,22.780000
2019-08-07,Baseline (BAU),Calling on Reserve,Franks Tract (10 supplied RMA stations),10,32.400000,5.885424,saltier,265,Little Franks Tract at Fisherman's Cut,-1.250000,-0.265796,fresher,281,South Franks Tract at Bethel Island,33.650000
2019-08-08,Baseline (BAU),Calling on Reserve,Franks Tract (10 supplied RMA stations),10,52.000000,9.445742,saltier,265,Little Franks Tract at Fisherman's Cut,2.940000,0.625152,saltier,281,South Franks Tract at Bethel Island,49.060000
2019-08-09,Baseline (BAU),Calling on Reserve,Franks Tract (10 supplied RMA stations),10,77.840000,14.139550,saltier,265,Little Franks Tract at Fisherman's Cut,7.620000,1.961307,saltier,292,Frank's Tract at Old River,70.220000
2019-08-10,Baseline (BAU),Calling on Reserve,Franks Tract (10 supplied RMA stations),10,107.740000,19.570852,saltier,265,Little Franks Tract at Fisherman's Cut,11.660000,3.001159,saltier,292,Frank's Tract at Old River,96.080000
2019-08-11,Baseline (BAU),Calling on Reserve,Franks Tract (10 supplied RMA stations),10,136.930000,24.873183,saltier,265,Little Franks Tract at Fisherman's Cut,16.010000,4.120803,saltier,292,Frank's Tract at Old River,120.920000
2019-08-12,Baseline (BAU),Calling on Reserve,Franks Tract (10 supplied RMA stations),10,166.740000,30.288136,saltier,265,Little Franks Tract at Fisherman's Cut,21.460000,5.523575,saltier,292,Frank's Tract at Old River,145.280000
2019-08-13,Baseline (BAU),Calling on Reserve,Franks Tract (10 supplied RMA stations),10,195.930000,35.590467,saltier,265,Little Franks Tract at Fisherman's Cut,28.630000,7.369056,saltier,292,Frank's Tract at Old River,167.300000
2019-08-14,Baseline (BAU),Calling on Reserve,Franks Tract (10 supplied RMA stations),10,226.110000,41.072631,saltier,265,Little Franks Tract at Fisherman's Cut,37.780000,9.724168,saltier,292,Frank's Tract at Old River,188.330000
2019-08-15,Baseline (BAU),Calling on Reserve,Franks Tract (10 supplied RMA stations),10,258.760000,47.003467,saltier,265,Little Franks Tract at Fisherman's Cut,49.670000,12.784527,saltier,292,Frank's Tract at Old River,209.090000
2019-08-16,Baseline (BAU),Calling on Reserve,Franks Tract (10 supplied RMA stations),10,298.150000,54.158617,saltier,265,Little Franks Tract at Fisherman's Cut,64.640000,16.637646,saltier,292,Frank's Tract at Old River,233.510000
2019-08-17,Baseline (BAU),Calling on Reserve,Franks Tract (10 supplied RMA stations),10,326.910000,59.382839,saltier,265,Little Franks Tract at Fisherman's Cut,81.600000,21.002968,saltier,292,Frank's Tract at Old River,245.310000
2019-08-18,Baseline (BAU),Calling on Reserve,Franks Tract (10 supplied RMA stations),10,330.560000,60.045858,saltier,265,Little Franks Tract at Fisherman's Cut,95.750000,24.645027,saltier,292,Frank's Tract at Old River,234.810000
2019-08-19,Baseline (BAU),Calling on Reserve,Franks Tract (10 supplied RMA stations),10,324.710000,58.983212,saltier,265,Little Franks Tract at Fisherman's Cut,105.020000,27.031026,saltier,292,Frank's Tract at Old River,219.690000
2019-08-20,Baseline (BAU),Calling on Reserve,Franks Tract (10 supplied RMA stations),10,327.160000,59.428252,saltier,265,Little Franks Tract at Fisherman's Cut,113.030000,29.092715,saltier,292,Frank's Tract at Old River,214.130000
2019-08-21,Baseline (BAU),Calling on Reserve,Franks Tract (10 supplied RMA stations),10,334.350000,60.734307,saltier,265,Little Franks Tract at Fisherman's Cut,118.050000,30.384809,saltier,292,Frank's Tract at Old River,216.300000
2019-08-22,Baseline (BAU),Calling on Reserve,Franks Tract (10 supplied RMA stations),10,362.980000,65.934915,saltier,265,Little Franks Tract at Fisherman's Cut,119.010000,30.631903,saltier,292,Frank's Tract at Old River,243.970000
2019-08-23,Baseline (BAU),Calling on Reserve,Franks Tract (10 supplied RMA stations),10,411.760000,74.795748,saltier,265,Little Franks Tract at Fisherman's Cut,122.470000,31.522470,saltier,292,Frank's Tract at Old River,289.290000
2019-08-24,Baseline (BAU),Calling on Reserve,Franks Tract (10 supplied RMA stations),10,441.710000,80.236132,saltier,265,Little Franks Tract at Fisherman's Cut,133.480000,34.356326,saltier,292,Frank's Tract at Old River,308.230000
2019-08-25,Baseline (BAU),Calling on Reserve,Franks Tract (10 supplied RMA stations),10,463.570000,84.206977,saltier,265,Little Franks Tract at Fisherman's Cut,143.050000,36.819542,saltier,292,Frank's Tract at Old River,320.520000
2019-08-26,Baseline (BAU),Calling on Reserve,Franks Tract (10 supplied RMA stations),10,502.470000,91.273119,saltier,265,Little Franks Tract at Fisherman's Cut,153.470000,39.501539,saltier,292,Frank's Tract at Old River,349.000000
2019-08-27,Baseline (BAU),Calling on Reserve,Franks Tract (10 supplied RMA stations),10,541.180000,98.304747,saltier,265,Little Franks Tract at Fisherman's Cut,168.920000,43.478204,saltier,292,Frank's Tract at Old River,372.260000
2019-08-28,Baseline (BAU),Calling on Reserve,Franks Tract (10 supplied RMA stations),10,557.240000,101.222029,saltier,265,Little Franks Tract at Fisherman's Cut,188.090000,48.412357,saltier,292,Frank's Tract at Old River,369.150000
2019-08-29,Baseline (BAU),Calling on Reserve,Franks Tract (10 supplied RMA stations),10,543.500000,98.726173,saltier,265,Little Franks Tract at Fisherman's Cut,207.450000,53.395414,saltier,292,Frank's Tract at Old River,336.050000
2019-08-30,Baseline (BAU),Calling on Reserve,Franks Tract (10 supplied RMA stations),10,521.690000,94.764410,saltier,265,Little Franks Tract at Fisherman's Cut,216.360000,55.688753,saltier,292,Frank's Tract at Old River,305.330000
2019-08-31,Baseline (BAU),Calling on Reserve,Franks Tract (10 supplied RMA stations),10,512.490000,93.093241,saltier,265,Little Franks Tract at Fisherman's Cut,215.160000,55.379886,saltier,292,Frank's Tract at Old River,297.330000
2019-09-01,Baseline (BAU),Calling on Reserve,Franks Tract (10 supplied RMA stations),10,509.230000,92.501065,saltier,265,Little Franks Tract at Fisherman's Cut,214.380000,55.179122,saltier,292,Frank's Tract at Old River,294.850000
2019-09-02,Baseline (BAU),Calling on Reserve,Franks Tract (10 supplied RMA stations),10,499.700000,90.769951,saltier,265,Little Franks Tract at Fisherman's Cut,215.250000,55.403051,saltier,292,Frank's Tract at Old River,284.450000
2019-09-03,Baseline (BAU),Calling on Reserve,Franks Tract (10 supplied RMA stations),10,488.410000,88.719135,saltier,265,Little Franks Tract at Fisherman's Cut,213.110000,54.852238,saltier,292,Frank's Tract at Old River,275.300000
2019-09-04,Baseline (BAU),Calling on Reserve,Franks Tract (10 supplied RMA stations),10,491.760000,89.327659,saltier,265,Little Franks Tract at Fisherman's Cut,207.570000,53.426301,saltier,292,Frank's Tract at Old River,284.190000
2019-09-05,Baseline (BAU),Calling on Reserve,Franks Tract (10 supplied RMA stations),10,491.800000,89.334925,saltier,265,Little Franks Tract at Fisherman's Cut,206.910000,53.256424,saltier,292,Frank's Tract at Old River,284.890000
2019-09-06,Baseline (BAU),Calling on Reserve,Franks Tract (10 supplied RMA stations),10,469.270000,85.242376,saltier,265,Little Franks Tract at Fisherman's Cut,207.070000,53.297606,saltier,292,Frank's Tract at Old River,262.200000
2019-09-07,Baseline (BAU),Calling on Reserve,Franks Tract (10 supplied RMA stations),10,456.410000,82.906371,saltier,265,Little Franks Tract at Fisherman's Cut,201.190000,51.784157,saltier,292,Frank's Tract at Old River,255.220000
2019-09-08,Baseline (BAU),Calling on Reserve,Franks Tract (10 supplied RMA stations),10,437.000000,79.380566,saltier,265,Little Franks Tract at Fisherman's Cut,196.410000,50.553836,saltier,292,Frank's Tract at Old River,240.590000
2019-09-09,Baseline (BAU),Calling on Reserve,Franks Tract (10 supplied RMA stations),10,416.240000,75.609535,saltier,265,Little Franks Tract at Fisherman's Cut,190.860000,49.125325,saltier,292,Frank's Tract at Old River,225.380000
2019-09-10,Baseline (BAU),Calling on Reserve,Franks Tract (10 supplied RMA stations),10,398.510000,72.388900,saltier,265,Little Franks Tract at Fisherman's Cut,185.320000,47.699389,saltier,292,Frank's Tract at Old River,213.190000
2019-09-11,Baseline (BAU),Calling on Reserve,Franks Tract (10 supplied RMA stations),10,370.390000,67.280933,saltier,265,Little Franks Tract at Fisherman's Cut,173.300000,44.605569,saltier,292,Frank's Tract at Old River,197.090000
2019-09-12,Baseline (BAU),Calling on Reserve,Franks Tract (10 supplied RMA stations),10,353.680000,64.245580,saltier,265,Little Franks Tract at Fisherman's Cut,160.870000,41.406220,saltier,292,Frank's Tract at Old River,192.810000
2019-09-13,Baseline (BAU),Calling on Reserve,Franks Tract (10 supplied RMA stations),10,349.620000,63.508086,saltier,265,Little Franks Tract at Fisherman's Cut,150.700000,38.788570,saltier,292,Frank's Tract at Old River,198.920000
2019-09-14,Baseline (BAU),Calling on Reserve,Franks Tract (10 supplied RMA stations),10,344.080000,62.501751,saltier,265,Little Franks Tract at Fisherman's Cut,147.350000,37.926316,saltier,292,Frank's Tract at Old River,196.730000
2019-09-15,Baseline (BAU),Calling on Reserve,Franks Tract (10 supplied RMA stations),10,334.510000,60.763371,saltier,265,Little Franks Tract at Fisherman's Cut,149.600000,38.505442,saltier,292,Frank's Tract at Old River,184.910000
2019-09-16,Baseline (BAU),Calling on Reserve,Franks Tract (10 supplied RMA stations),10,314.550000,57.137659,saltier,265,Little Franks Tract at Fisherman's Cut,152.790000,38.649308,saltier,285,Frank's Tract North East,161.760000
2019-09-17,Baseline (BAU),Calling on Reserve,Franks Tract (10 supplied RMA stations),10,291.690000,52.985165,saltier,265,Little Franks Tract at Fisherman's Cut,147.340000,37.270693,saltier,285,Frank's Tract North East,144.350000
2019-09-18,Baseline (BAU),Calling on Reserve,Franks Tract (10 supplied RMA stations),10,282.380000,51.294014,saltier,265,Little Franks Tract at Fisherman's Cut,140.170000,36.078261,saltier,292,Frank's Tract at Old River,142.210000
2019-09-19,Baseline (BAU),Calling on Reserve,Franks Tract (10 supplied RMA stations),10,266.030000,48.324055,saltier,265,Little Franks Tract at Fisherman's Cut,129.540000,33.342212,saltier,292,Frank's Tract at Old River,136.490000
2019-09-20,Baseline (BAU),Calling on Reserve,Franks Tract (10 supplied RMA stations),10,249.410000,45.305050,saltier,265,Little Franks Tract at Fisherman's Cut,115.880000,29.826274,saltier,292,Frank's Tract at Old River,133.530000
2019-09-21,Baseline (BAU),Calling on Reserve,Franks Tract (10 supplied RMA stations),10,243.730000,44.273284,saltier,265,Little Franks Tract at Fisherman's Cut,102.370000,26.348945,saltier,292,Frank's Tract at Old River,141.360000
2019-09-22,Baseline (BAU),Calling on Reserve,Franks Tract (10 supplied RMA stations),10,242.400000,44.031691,saltier,265,Little Franks Tract at Fisherman's Cut,94.230000,24.253795,saltier,292,Frank's Tract at Old River,148.170000
2019-09-23,Baseline (BAU),Calling on Reserve,Franks Tract (10 supplied RMA stations),10,229.290000,41.650274,saltier,265,Little Franks Tract at Fisherman's Cut,92.290000,23.754460,saltier,292,Frank's Tract at Old River,137.000000
2019-09-24,Baseline (BAU),Calling on Reserve,Franks Tract (10 supplied RMA stations),10,214.900000,39.036347,saltier,265,Little Franks Tract at Fisherman's Cut,91.270000,23.491923,saltier,292,Frank's Tract at Old River,123.630000
2019-09-25,Baseline (BAU),Calling on Reserve,Franks Tract (10 supplied RMA stations),10,210.630000,38.260706,saltier,265,Little Franks Tract at Fisherman's Cut,90.680000,23.340063,saltier,292,Frank's Tract at Old River,119.950000
2019-09-26,Baseline (BAU),Calling on Reserve,Franks Tract (10 supplied RMA stations),10,207.540000,37.699411,saltier,265,Little Franks Tract at Fisherman's Cut,93.840000,24.153414,saltier,292,Frank's Tract at Old River,113.700000
2019-09-27,Baseline (BAU),Calling on Reserve,Franks Tract (10 supplied RMA stations),10,195.400000,35.494193,saltier,265,Little Franks Tract at Fisherman's Cut,98.530000,25.360570,saltier,292,Frank's Tract at Old River,96.870000
2019-09-28,Baseline (BAU),Calling on Reserve,Franks Tract (10 supplied RMA stations),10,185.470000,33.690420,saltier,265,Little Franks Tract at Fisherman's Cut,97.830000,25.180397,saltier,292,Frank's Tract at Old River,87.640000
2019-09-29,Baseline (BAU),Calling on Reserve,Franks Tract (10 supplied RMA stations),10,173.940000,31.596008,saltier,265,Little Franks Tract at Fisherman's Cut,95.970000,24.701653,saltier,292,Frank's Tract at Old River,77.970000
2019-09-30,Baseline (BAU),Calling on Reserve,Franks Tract (10 supplied RMA stations),10,163.920000,29.775886,saltier,265,Little Franks Tract at Fisherman's Cut,92.120000,23.710704,saltier,292,Frank's Tract at Old River,71.800000
2019-10-01,Baseline (BAU),Calling on Reserve,Franks Tract (10 supplied RMA stations),10,155.920000,33.154304,saltier,281,South Franks Tract at Bethel Island,86.150000,22.174090,saltier,292,Frank's Tract at Old River,69.770000
2019-10-02,Baseline (BAU),Calling on Reserve,Franks Tract (10 supplied RMA stations),10,148.270000,31.527633,saltier,281,South Franks Tract at Bethel Island,80.770000,20.789335,saltier,292,Frank's Tract at Old River,67.500000
2019-10-03,Baseline (BAU),Calling on Reserve,Franks Tract (10 supplied RMA stations),10,140.970000,29.975386,saltier,281,South Franks Tract at Bethel Island,77.280000,19.891047,saltier,292,Frank's Tract at Old River,63.690000
2019-10-04,Baseline (BAU),Calling on Reserve,Franks Tract (10 supplied RMA stations),10,133.900000,28.472045,saltier,281,South Franks Tract at Bethel Island,72.530000,18.668447,saltier,292,Frank's Tract at Old River,61.370000
2019-10-05,Baseline (BAU),Calling on Reserve,Franks Tract (10 supplied RMA stations),10,127.050000,27.015484,saltier,281,South Franks Tract at Bethel Island,64.570000,16.619628,saltier,292,Frank's Tract at Old River,62.480000
2019-10-06,Baseline (BAU),Calling on Reserve,Franks Tract (10 supplied RMA stations),10,120.510000,25.624841,saltier,281,South Franks Tract at Bethel Island,57.990000,14.926007,saltier,292,Frank's Tract at Old River,62.520000
2019-10-07,Baseline (BAU),Calling on Reserve,Franks Tract (10 supplied RMA stations),10,117.200000,21.289250,saltier,265,Little Franks Tract at Fisherman's Cut,53.930000,13.881006,saltier,292,Frank's Tract at Old River,63.270000
2019-10-08,Baseline (BAU),Calling on Reserve,Franks Tract (10 supplied RMA stations),10,117.760000,21.390974,saltier,265,Little Franks Tract at Fisherman's Cut,51.060000,13.142299,saltier,292,Frank's Tract at Old River,66.700000
2019-10-09,Baseline (BAU),Calling on Reserve,Franks Tract (10 supplied RMA stations),10,114.100000,20.726139,saltier,265,Little Franks Tract at Fisherman's Cut,48.140000,12.390722,saltier,292,Frank's Tract at Old River,65.960000
2019-10-10,Baseline (BAU),Calling on Reserve,Franks Tract (10 supplied RMA stations),10,106.970000,19.430982,saltier,265,Little Franks Tract at Fisherman's Cut,46.000000,11.839909,saltier,292,Frank's Tract at Old River,60.970000
2019-10-11,Baseline (BAU),Calling on Reserve,Franks Tract (10 supplied RMA stations),10,105.610000,19.183939,saltier,265,Little Franks Tract at Fisherman's Cut,43.460000,11.186140,saltier,292,Frank's Tract at Old River,62.150000
2019-10-12,Baseline (BAU),Calling on Reserve,Franks Tract (10 supplied RMA stations),10,107.300000,19.490926,saltier,265,Little Franks Tract at Fisherman's Cut,40.680000,10.470597,saltier,292,Frank's Tract at Old River,66.620000
2019-10-13,Baseline (BAU),Calling on Reserve,Franks Tract (10 supplied RMA stations),10,109.390000,19.870572,saltier,265,Little Franks Tract at Fisherman's Cut,39.390000,10.138565,saltier,292,Frank's Tract at Old River,70.000000
2019-10-14,Baseline (BAU),Calling on Reserve,Franks Tract (10 supplied RMA stations),10,109.030000,19.805179,saltier,265,Little Franks Tract at Fisherman's Cut,38.720000,9.966114,saltier,292,Frank's Tract at Old River,70.310000
2019-10-15,Baseline (BAU),Calling on Reserve,Franks Tract (10 supplied RMA stations),10,105.290000,19.125812,saltier,265,Little Franks Tract at Fisherman's Cut,37.830000,9.737038,saltier,292,Frank's Tract at Old River,67.460000
2019-10-16,Baseline (BAU),Calling on Reserve,Franks Tract (10 supplied RMA stations),10,106.890000,19.416450,saltier,265,Little Franks Tract at Fisherman's Cut,36.980000,9.518257,saltier,292,Frank's Tract at Old River,69.910000
2019-10-17,Baseline (BAU),Calling on Reserve,Franks Tract (10 supplied RMA stations),10,108.680000,19.741602,saltier,265,Little Franks Tract at Fisherman's Cut,37.210000,9.577457,saltier,292,Frank's Tract at Old River,71.470000
2019-10-18,Baseline (BAU),Calling on Reserve,Franks Tract (10 supplied RMA stations),10,102.970000,18.704386,saltier,265,Little Franks Tract at Fisherman's Cut,37.770000,9.721595,saltier,292,Frank's Tract at Old River,65.200000
2019-10-19,Baseline (BAU),Calling on Reserve,Franks Tract (10 supplied RMA stations),10,99.480000,18.070432,saltier,265,Little Franks Tract at Fisherman's Cut,36.470000,9.386988,saltier,292,Frank's Tract at Old River,63.010000
2019-10-20,Baseline (BAU),Calling on Reserve,Franks Tract (10 supplied RMA stations),10,96.440000,17.518219,saltier,265,Little Franks Tract at Fisherman's Cut,33.260000,8.560769,saltier,292,Frank's Tract at Old River,63.180000
2019-10-21,Baseline (BAU),Calling on Reserve,Franks Tract (10 supplied RMA stations),10,90.670000,16.470105,saltier,265,Little Franks Tract at Fisherman's Cut,29.180000,7.510620,saltier,292,Frank's Tract at Old River,61.490000
2019-10-22,Baseline (BAU),Calling on Reserve,Franks Tract (10 supplied RMA stations),10,86.310000,15.678116,saltier,265,Little Franks Tract at Fisherman's Cut,26.040000,6.702418,saltier,292,Frank's Tract at Old River,60.270000
2019-10-23,Baseline (BAU),Calling on Reserve,Franks Tract (10 supplied RMA stations),10,90.140000,16.373831,saltier,265,Little Franks Tract at Fisherman's Cut,24.440000,6.290595,saltier,292,Frank's Tract at Old River,65.700000
2019-10-24,Baseline (BAU),Calling on Reserve,Franks Tract (10 supplied RMA stations),10,97.970000,17.796142,saltier,265,Little Franks Tract at Fisherman's Cut,24.920000,6.414142,saltier,292,Frank's Tract at Old River,73.050000
2019-10-25,Baseline (BAU),Calling on Reserve,Franks Tract (10 supplied RMA stations),10,108.390000,19.688923,saltier,265,Little Franks Tract at Fisherman's Cut,26.420000,6.800226,saltier,292,Frank's Tract at Old River,81.970000
2019-10-26,Baseline (BAU),Calling on Reserve,Franks Tract (10 supplied RMA stations),10,126.890000,23.049428,saltier,265,Little Franks Tract at Fisherman's Cut,27.960000,7.196605,saltier,292,Frank's Tract at Old River,98.930000
2019-10-27,Baseline (BAU),Calling on Reserve,Franks Tract (10 supplied RMA stations),10,127.550000,23.169316,saltier,265,Little Franks Tract at Fisherman's Cut,27.890000,7.178588,saltier,292,Frank's Tract at Old River,99.660000
2019-10-28,Baseline (BAU),Calling on Reserve,Franks Tract (10 supplied RMA stations),10,142.180000,25.826839,saltier,265,Little Franks Tract at Fisherman's Cut,28.270000,7.276396,saltier,292,Frank's Tract at Old River,113.910000
2019-10-29,Baseline (BAU),Calling on Reserve,Franks Tract (10 supplied RMA stations),10,161.720000,29.376259,saltier,265,Little Franks Tract at Fisherman's Cut,29.770000,7.662480,saltier,292,Frank's Tract at Old River,131.950000
2019-10-30,Baseline (BAU),Calling on Reserve,Franks Tract (10 supplied RMA stations),10,165.910000,30.137368,saltier,265,Little Franks Tract at Fisherman's Cut,32.380000,8.334266,saltier,292,Frank's Tract at Old River,133.530000
2019-10-31,Baseline (BAU),Calling on Reserve,Franks Tract (10 supplied RMA stations),10,170.570000,30.983852,saltier,265,Little Franks Tract at Fisherman's Cut,33.900000,8.725498,saltier,292,Frank's Tract at Old River,136.670000
2019-11-01,Baseline (BAU),Calling on Reserve,Franks Tract (10 supplied RMA stations),10,188.380000,34.219018,saltier,265,Little Franks Tract at Fisherman's Cut,34.790000,8.954574,saltier,292,Frank's Tract at Old River,153.590000
2019-11-02,Baseline (BAU),Calling on Reserve,Franks Tract (10 supplied RMA stations),10,205.530000,37.334297,saltier,265,Little Franks Tract at Fisherman's Cut,36.340000,9.353528,saltier,292,Frank's Tract at Old River,169.190000
2019-11-03,Baseline (BAU),Calling on Reserve,Franks Tract (10 supplied RMA stations),10,222.540000,40.424144,saltier,265,Little Franks Tract at Fisherman's Cut,38.230000,9.839994,saltier,292,Frank's Tract at Old River,184.310000
2019-11-04,Baseline (BAU),Calling on Reserve,Franks Tract (10 supplied RMA stations),10,229.230000,41.639376,saltier,265,Little Franks Tract at Fisherman's Cut,41.900000,10.784612,saltier,292,Frank's Tract at Old River,187.330000
2019-11-05,Baseline (BAU),Calling on Reserve,Franks Tract (10 supplied RMA stations),10,232.640000,42.258798,saltier,265,Little Franks Tract at Fisherman's Cut,47.380000,12.195106,saltier,292,Frank's Tract at Old River,185.260000
2019-11-06,Baseline (BAU),Calling on Reserve,Franks Tract (10 supplied RMA stations),10,251.450000,45.675614,saltier,265,Little Franks Tract at Fisherman's Cut,53.190000,13.690538,saltier,292,Frank's Tract at Old River,198.260000
2019-11-07,Baseline (BAU),Calling on Reserve,Franks Tract (10 supplied RMA stations),10,279.050000,50.689123,saltier,265,Little Franks Tract at Fisherman's Cut,59.610000,15.342977,saltier,292,Frank's Tract at Old River,219.440000
2019-11-08,Baseline (BAU),Calling on Reserve,Franks Tract (10 supplied RMA stations),10,301.250000,54.721729,saltier,265,Little Franks Tract at Fisherman's Cut,67.500000,17.373779,saltier,292,Frank's Tract at Old River,233.750000
2019-11-09,Baseline (BAU),Calling on Reserve,Franks Tract (10 supplied RMA stations),10,325.870000,59.193924,saltier,265,Little Franks Tract at Fisherman's Cut,76.590000,19.713448,saltier,292,Frank's Tract at Old River,249.280000
2019-11-10,Baseline (BAU),Calling on Reserve,Franks Tract (10 supplied RMA stations),10,367.610000,66.775949,saltier,265,Little Franks Tract at Fisherman's Cut,85.220000,21.934718,saltier,292,Frank's Tract at Old River,282.390000
2019-11-11,Baseline (BAU),Calling on Reserve,Franks Tract (10 supplied RMA stations),10,414.890000,75.364309,saltier,265,Little Franks Tract at Fisherman's Cut,95.230000,24.511185,saltier,292,Frank's Tract at Old River,319.660000
2019-11-12,Baseline (BAU),Calling on Reserve,Franks Tract (10 supplied RMA stations),10,465.160000,84.495799,saltier,265,Little Franks Tract at Fisherman's Cut,107.340000,27.628169,saltier,292,Frank's Tract at Old River,357.820000
2019-11-13,Baseline (BAU),Calling on Reserve,Franks Tract (10 supplied RMA stations),10,543.700000,98.762503,saltier,265,Little Franks Tract at Fisherman's Cut,123.330000,31.743825,saltier,292,Frank's Tract at Old River,420.370000
2019-11-14,Baseline (BAU),Calling on Reserve,Franks Tract (10 supplied RMA stations),10,609.960000,110.798558,saltier,265,Little Franks Tract at Fisherman's Cut,145.960000,37.568545,saltier,292,Frank's Tract at Old River,464.000000
2019-11-15,Baseline (BAU),Calling on Reserve,Franks Tract (10 supplied RMA stations),10,621.690000,112.929300,saltier,265,Little Franks Tract at Fisherman's Cut,164.190000,42.260752,saltier,292,Frank's Tract at Old River,457.500000
2019-11-16,Baseline (BAU),Calling on Reserve,Franks Tract (10 supplied RMA stations),10,637.190000,115.744857,saltier,265,Little Franks Tract at Fisherman's Cut,174.970000,45.035409,saltier,292,Frank's Tract at Old River,462.220000
2019-11-17,Baseline (BAU),Calling on Reserve,Franks Tract (10 supplied RMA stations),10,656.280000,119.212535,saltier,265,Little Franks Tract at Fisherman's Cut,183.600000,47.256679,saltier,292,Frank's Tract at Old River,472.680000
2019-11-18,Baseline (BAU),Calling on Reserve,Franks Tract (10 supplied RMA stations),10,687.360000,124.858182,saltier,265,Little Franks Tract at Fisherman's Cut,193.830000,49.889772,saltier,292,Frank's Tract at Old River,493.530000
2019-11-19,Baseline (BAU),Calling on Reserve,Franks Tract (10 supplied RMA stations),10,735.770000,133.651805,saltier,265,Little Franks Tract at Fisherman's Cut,223.340000,57.485330,saltier,292,Frank's Tract at Old River,512.430000
2019-11-20,Baseline (BAU),Calling on Reserve,Franks Tract (10 supplied RMA stations),10,741.480000,134.689020,saltier,265,Little Franks Tract at Fisherman's Cut,248.280000,63.904620,saltier,292,Frank's Tract at Old River,493.200000
2019-11-21,Baseline (BAU),Calling on Reserve,Franks Tract (10 supplied RMA stations),10,736.160000,133.722648,saltier,265,Little Franks Tract at Fisherman's Cut,260.430000,67.031900,saltier,292,Frank's Tract at Old River,475.730000
2019-11-22,Baseline (BAU),Calling on Reserve,Franks Tract (10 supplied RMA stations),10,723.710000,131.461120,saltier,265,Little Franks Tract at Fisherman's Cut,272.700000,70.190067,saltier,292,Frank's Tract at Old River,451.010000
2019-11-23,Baseline (BAU),Calling on Reserve,Franks Tract (10 supplied RMA stations),10,728.580000,132.345750,saltier,265,Little Franks Tract at Fisherman's Cut,279.280000,71.883689,saltier,292,Frank's Tract at Old River,449.300000
2019-11-24,Baseline (BAU),Calling on Reserve,Franks Tract (10 supplied RMA stations),10,771.970000,140.227495,saltier,265,Little Franks Tract at Fisherman's Cut,284.510000,73.229835,saltier,292,Frank's Tract at Old River,487.460000
2019-11-25,Baseline (BAU),Calling on Reserve,Franks Tract (10 supplied RMA stations),10,786.760000,142.914082,saltier,265,Little Franks Tract at Fisherman's Cut,288.740000,74.318592,saltier,292,Frank's Tract at Old River,498.020000
2019-11-26,Baseline (BAU),Calling on Reserve,Franks Tract (10 supplied RMA stations),10,783.140000,142.256513,saltier,265,Little Franks Tract at Fisherman's Cut,299.970000,77.209074,saltier,292,Frank's Tract at Old River,483.170000
2019-11-27,Baseline (BAU),Calling on Reserve,Franks Tract (10 supplied RMA stations),10,860.960000,156.392430,saltier,265,Little Franks Tract at Fisherman's Cut,315.920000,81.314434,saltier,292,Frank's Tract at Old River,545.040000
2019-11-28,Baseline (BAU),Calling on Reserve,Franks Tract (10 supplied RMA stations),10,836.460000,151.942032,saltier,265,Little Franks Tract at Fisherman's Cut,330.130000,84.971936,saltier,292,Frank's Tract at Old River,506.330000
2019-11-29,Baseline (BAU),Calling on Reserve,Franks Tract (10 supplied RMA stations),10,752.360000,136.665360,saltier,265,Little Franks Tract at Fisherman's Cut,340.380000,87.610176,saltier,292,Frank's Tract at Old River,411.980000
2019-11-30,Baseline (BAU),Calling on Reserve,Franks Tract (10 supplied RMA stations),10,635.490000,115.436054,saltier,265,Little Franks Tract at Fisherman's Cut,321.150000,82.660580,saltier,292,Frank's Tract at Old River,314.340000
2019-12-01,Baseline (BAU),Calling on Reserve,Franks Tract (10 supplied RMA stations),10,580.050000,105.365440,saltier,265,Little Franks Tract at Fisherman's Cut,287.920000,74.107533,saltier,292,Frank's Tract at Old River,292.130000
2019-12-02,Baseline (BAU),Calling on Reserve,Franks Tract (10 supplied RMA stations),10,495.700000,90.043356,saltier,265,Little Franks Tract at Fisherman's Cut,278.750000,71.747273,saltier,292,Frank's Tract at Old River,216.950000
2019-12-03,Baseline (BAU),Calling on Reserve,Franks Tract (10 supplied RMA stations),10,457.510000,94.311028,saltier,274,Piper Slough at Bethal Tract,272.910000,70.244119,saltier,292,Frank's Tract at Old River,184.600000
2019-12-04,Baseline (BAU),Calling on Reserve,Franks Tract (10 supplied RMA stations),10,426.220000,90.629985,saltier,281,South Franks Tract at Bethel Island,262.430000,67.546679,saltier,292,Frank's Tract at Old River,163.790000
2019-12-05,Baseline (BAU),Calling on Reserve,Franks Tract (10 supplied RMA stations),10,406.500000,86.436791,saltier,281,South Franks Tract at Bethel Island,240.470000,60.828583,saltier,285,Frank's Tract North East,166.030000
2019-12-06,Baseline (BAU),Calling on Reserve,Franks Tract (10 supplied RMA stations),10,384.110000,81.675857,saltier,281,South Franks Tract at Bethel Island,220.020000,55.655611,saltier,285,Frank's Tract North East,164.090000
2019-12-07,Baseline (BAU),Calling on Reserve,Franks Tract (10 supplied RMA stations),10,362.590000,77.099916,saltier,281,South Franks Tract at Bethel Island,202.460000,51.213685,saltier,285,Frank's Tract North East,160.130000
2019-12-08,Baseline (BAU),Calling on Reserve,Franks Tract (10 supplied RMA stations),10,337.330000,71.728715,saltier,281,South Franks Tract at Bethel Island,185.530000,46.931122,saltier,285,Frank's Tract North East,151.800000
2019-12-09,Baseline (BAU),Calling on Reserve,Franks Tract (10 supplied RMA stations),10,310.650000,66.055570,saltier,281,South Franks Tract at Bethel Island,174.870000,44.234600,saltier,285,Frank's Tract North East,135.780000
2019-12-10,Baseline (BAU),Calling on Reserve,Franks Tract (10 supplied RMA stations),10,285.340000,60.673737,saltier,281,South Franks Tract at Bethel Island,164.860000,41.702500,saltier,285,Frank's Tract North East,120.480000
2019-12-11,Baseline (BAU),Calling on Reserve,Franks Tract (10 supplied RMA stations),10,261.910000,55.691660,saltier,281,South Franks Tract at Bethel Island,152.380000,38.545596,saltier,285,Frank's Tract North East,109.530000
2019-12-12,Baseline (BAU),Calling on Reserve,Franks Tract (10 supplied RMA stations),10,240.690000,51.179511,saltier,281,South Franks Tract at Bethel Island,140.230000,35.472168,saltier,285,Frank's Tract North East,100.460000
2019-12-13,Baseline (BAU),Calling on Reserve,Franks Tract (10 supplied RMA stations),10,221.640000,47.128783,saltier,281,South Franks Tract at Bethel Island,129.460000,32.747820,saltier,285,Frank's Tract North East,92.180000
2019-12-14,Baseline (BAU),Calling on Reserve,Franks Tract (10 supplied RMA stations),10,203.600000,43.292818,saltier,281,South Franks Tract at Bethel Island,119.590000,30.251134,saltier,285,Frank's Tract North East,84.010000
2019-12-15,Baseline (BAU),Calling on Reserve,Franks Tract (10 supplied RMA stations),10,186.310000,39.616331,saltier,281,South Franks Tract at Bethel Island,109.500000,27.698798,saltier,285,Frank's Tract North East,76.810000
2019-12-16,Baseline (BAU),Calling on Reserve,Franks Tract (10 supplied RMA stations),10,168.060000,35.735712,saltier,281,South Franks Tract at Bethel Island,97.690000,24.711375,saltier,285,Frank's Tract North East,70.370000
2019-12-17,Baseline (BAU),Calling on Reserve,Franks Tract (10 supplied RMA stations),10,151.800000,32.278241,saltier,281,South Franks Tract at Bethel Island,83.900000,21.223097,saltier,285,Frank's Tract North East,67.900000
2019-12-18,Baseline (BAU),Calling on Reserve,Franks Tract (10 supplied RMA stations),10,137.770000,29.294949,saltier,281,South Franks Tract at Bethel Island,68.330000,17.284556,saltier,285,Frank's Tract North East,69.440000
2019-12-19,Baseline (BAU),Calling on Reserve,Franks Tract (10 supplied RMA stations),10,124.000000,26.366942,saltier,281,South Franks Tract at Bethel Island,55.360000,14.003703,saltier,285,Frank's Tract North East,68.640000
2019-12-20,Baseline (BAU),Calling on Reserve,Franks Tract (10 supplied RMA stations),10,110.640000,23.526117,saltier,281,South Franks Tract at Bethel Island,45.790000,11.582904,saltier,285,Frank's Tract North East,64.850000
2019-12-21,Baseline (BAU),Calling on Reserve,Franks Tract (10 supplied RMA stations),10,98.820000,21.012752,saltier,281,South Franks Tract at Bethel Island,32.840000,5.965350,saltier,265,Little Franks Tract at Fisherman's Cut,65.980000
2019-12-22,Baseline (BAU),Calling on Reserve,Franks Tract (10 supplied RMA stations),10,86.800000,18.456860,saltier,281,South Franks Tract at Bethel Island,6.110000,1.109875,saltier,265,Little Franks Tract at Fisherman's Cut,80.690000
2019-12-23,Baseline (BAU),Calling on Reserve,Franks Tract (10 supplied RMA stations),10,74.070000,15.749995,saltier,281,South Franks Tract at Bethel Island,-11.640000,-2.114393,fresher,265,Little Franks Tract at Fisherman's Cut,85.710000
2019-12-24,Baseline (BAU),Calling on Reserve,Franks Tract (10 supplied RMA stations),10,60.140000,12.787967,saltier,281,South Franks Tract at Bethel Island,-33.680000,-6.117935,fresher,265,Little Franks Tract at Fisherman's Cut,93.820000
2019-12-25,Baseline (BAU),Calling on Reserve,Franks Tract (10 supplied RMA stations),10,46.540000,9.896109,saltier,281,South Franks Tract at Bethel Island,-61.060000,-11.091481,fresher,265,Little Franks Tract at Fisherman's Cut,107.600000
2019-12-26,Baseline (BAU),Calling on Reserve,Franks Tract (10 supplied RMA stations),10,32.830000,6.980861,saltier,281,South Franks Tract at Bethel Island,-83.220000,-15.116821,fresher,265,Little Franks Tract at Fisherman's Cut,116.050000
2019-12-27,Baseline (BAU),Calling on Reserve,Franks Tract (10 supplied RMA stations),10,18.690000,3.974179,saltier,281,South Franks Tract at Bethel Island,-94.320000,-17.133123,fresher,265,Little Franks Tract at Fisherman's Cut,113.010000
2019-12-28,Baseline (BAU),Calling on Reserve,Franks Tract (10 supplied RMA stations),10,5.090000,1.082320,saltier,281,South Franks Tract at Bethel Island,-102.020000,-18.531820,fresher,265,Little Franks Tract at Fisherman's Cut,107.110000
2019-12-29,Baseline (BAU),Calling on Reserve,Franks Tract (10 supplied RMA stations),10,-7.470000,-1.588396,fresher,281,South Franks Tract at Bethel Island,-114.060000,-20.718873,fresher,265,Little Franks Tract at Fisherman's Cut,106.590000
2019-12-30,Baseline (BAU),Calling on Reserve,Franks Tract (10 supplied RMA stations),10,-19.440000,-4.133656,fresher,281,South Franks Tract at Bethel Island,-122.360000,-22.226558,fresher,265,Little Franks Tract at Fisherman's Cut,102.920000
2019-12-31,Baseline (BAU),Calling on Reserve,Franks Tract (10 supplied RMA stations),10,-30.660000,-6.519439,fresher,281,South Franks Tract at Bethel Island,-123.110000,-22.362795,fresher,265,Little Franks Tract at Fisherman's Cut,92.450000
2020-01-01,Baseline (BAU),Calling on Reserve,Franks Tract (10 supplied RMA stations),10,-40.200000,-8.547993,fresher,281,South Franks Tract at Bethel Island,-120.000000,-21.797867,fresher,265,Little Franks Tract at Fisherman's Cut,79.800000
2020-01-02,Baseline (BAU),Calling on Reserve,Franks Tract (10 supplied RMA stations),10,-47.250000,-10.047081,fresher,281,South Franks Tract at Bethel Island,-113.710000,-20.655296,fresher,265,Little Franks Tract at Fisherman's Cut,66.460000
2020-01-03,Baseline (BAU),Calling on Reserve,Franks Tract (10 supplied RMA stations),10,-51.980000,-11.052852,fresher,281,South Franks Tract at Bethel Island,-112.180000,-20.377373,fresher,265,Little Franks Tract at Fisherman's Cut,60.200000
2020-01-04,Baseline (BAU),Calling on Reserve,Franks Tract (10 supplied RMA stations),10,-56.120000,-11.933168,fresher,281,South Franks Tract at Bethel Island,-114.220000,-20.747936,fresher,265,Little Franks Tract at Fisherman's Cut,58.100000
2020-01-05,Baseline (BAU),Calling on Reserve,Franks Tract (10 supplied RMA stations),10,-60.290000,-12.819863,fresher,281,South Franks Tract at Bethel Island,-111.100000,-20.181192,fresher,265,Little Franks Tract at Fisherman's Cut,50.810000
2020-01-06,Baseline (BAU),Calling on Reserve,Franks Tract (10 supplied RMA stations),10,-62.540000,-16.097128,fresher,292,Frank's Tract at Old River,-111.970000,-20.339226,fresher,265,Little Franks Tract at Fisherman's Cut,49.430000
2020-01-07,Baseline (BAU),Calling on Reserve,Franks Tract (10 supplied RMA stations),10,-62.870000,-16.182066,fresher,292,Frank's Tract at Old River,-119.190000,-21.650731,fresher,265,Little Franks Tract at Fisherman's Cut,56.320000
2020-01-08,Baseline (BAU),Calling on Reserve,Franks Tract (10 supplied RMA stations),10,-63.980000,-16.467769,fresher,292,Frank's Tract at Old River,-125.980000,-22.884127,fresher,265,Little Franks Tract at Fisherman's Cut,62.000000
2020-01-09,Baseline (BAU),Calling on Reserve,Franks Tract (10 supplied RMA stations),10,-65.970000,-16.979973,fresher,292,Frank's Tract at Old River,-129.360000,-23.498101,fresher,265,Little Franks Tract at Fisherman's Cut,63.390000
2020-01-10,Baseline (BAU),Calling on Reserve,Franks Tract (10 supplied RMA stations),10,-67.400000,-17.348040,fresher,292,Frank's Tract at Old River,-123.340000,-22.404574,fresher,265,Little Franks Tract at Fisherman's Cut,55.940000
2020-01-11,Baseline (BAU),Calling on Reserve,Franks Tract (10 supplied RMA stations),10,-68.630000,-17.664629,fresher,292,Frank's Tract at Old River,-119.590000,-21.723391,fresher,265,Little Franks Tract at Fisherman's Cut,50.960000
2020-01-12,Baseline (BAU),Calling on Reserve,Franks Tract (10 supplied RMA stations),10,-70.550000,-18.158816,fresher,292,Frank's Tract at Old River,-114.710000,-20.836944,fresher,265,Little Franks Tract at Fisherman's Cut,44.160000
2020-01-13,Baseline (BAU),Calling on Reserve,Franks Tract (10 supplied RMA stations),10,-71.870000,-18.498570,fresher,292,Frank's Tract at Old River,-109.040000,-19.806995,fresher,265,Little Franks Tract at Fisherman's Cut,37.170000
2020-01-14,Baseline (BAU),Calling on Reserve,Franks Tract (10 supplied RMA stations),10,-72.130000,-18.565492,fresher,292,Frank's Tract at Old River,-101.730000,-18.479142,fresher,265,Little Franks Tract at Fisherman's Cut,29.600000
2020-01-15,Baseline (BAU),Calling on Reserve,Franks Tract (10 supplied RMA stations),10,-71.070000,-18.292659,fresher,292,Frank's Tract at Old River,-95.530000,-17.352919,fresher,265,Little Franks Tract at Fisherman's Cut,24.460000
2020-01-16,Baseline (BAU),Calling on Reserve,Franks Tract (10 supplied RMA stations),10,-69.530000,-17.896279,fresher,292,Frank's Tract at Old River,-92.240000,-16.755294,fresher,265,Little Franks Tract at Fisherman's Cut,22.710000
2020-01-17,Baseline (BAU),Calling on Reserve,Franks Tract (10 supplied RMA stations),10,-68.910000,-17.736698,fresher,292,Frank's Tract at Old River,-84.810000,-17.482718,fresher,274,Piper Slough at Bethal Tract,15.900000
2020-01-18,Baseline (BAU),Calling on Reserve,Franks Tract (10 supplied RMA stations),10,-66.750000,-17.180737,fresher,292,Frank's Tract at Old River,-81.780000,-16.858114,fresher,274,Piper Slough at Bethal Tract,15.030000
2020-01-19,Baseline (BAU),Calling on Reserve,Franks Tract (10 supplied RMA stations),10,-63.040000,-16.225823,fresher,292,Frank's Tract at Old River,-77.930000,-16.064476,fresher,274,Piper Slough at Bethal Tract,14.890000
2020-01-20,Baseline (BAU),Calling on Reserve,Franks Tract (10 supplied RMA stations),10,-54.270000,-9.858085,fresher,265,Little Franks Tract at Fisherman's Cut,-75.200000,-15.990275,fresher,281,South Franks Tract at Bethel Island,20.930000
2020-01-21,Baseline (BAU),Calling on Reserve,Franks Tract (10 supplied RMA stations),10,-37.570000,-6.824549,fresher,265,Little Franks Tract at Fisherman's Cut,-71.580000,-15.220530,fresher,281,South Franks Tract at Bethel Island,34.010000
2020-01-22,Baseline (BAU),Calling on Reserve,Franks Tract (10 supplied RMA stations),10,-24.980000,-4.537589,fresher,265,Little Franks Tract at Fisherman's Cut,-67.030000,-14.253033,fresher,281,South Franks Tract at Bethel Island,42.050000
2020-01-23,Baseline (BAU),Calling on Reserve,Franks Tract (10 supplied RMA stations),10,-12.870000,-2.337821,fresher,265,Little Franks Tract at Fisherman's Cut,-61.740000,-13.128186,fresher,281,South Franks Tract at Bethel Island,48.870000
2020-01-24,Baseline (BAU),Calling on Reserve,Franks Tract (10 supplied RMA stations),10,4.000000,0.726596,saltier,265,Little Franks Tract at Fisherman's Cut,-55.770000,-11.858745,fresher,281,South Franks Tract at Bethel Island,59.770000
2020-01-25,Baseline (BAU),Calling on Reserve,Franks Tract (10 supplied RMA stations),10,22.210000,4.034422,saltier,265,Little Franks Tract at Fisherman's Cut,-49.110000,-10.442585,fresher,281,South Franks Tract at Bethel Island,71.320000
2020-01-26,Baseline (BAU),Calling on Reserve,Franks Tract (10 supplied RMA stations),10,37.750000,6.857246,saltier,265,Little Franks Tract at Fisherman's Cut,-41.570000,-8.839305,fresher,281,South Franks Tract at Bethel Island,79.320000
2020-01-27,Baseline (BAU),Calling on Reserve,Franks Tract (10 supplied RMA stations),10,42.840000,7.781839,saltier,265,Little Franks Tract at Fisherman's Cut,-33.680000,-7.161602,fresher,281,South Franks Tract at Bethel Island,76.520000
2020-01-28,Baseline (BAU),Calling on Reserve,Franks Tract (10 supplied RMA stations),10,48.380000,8.788173,saltier,265,Little Franks Tract at Fisherman's Cut,-26.000000,-5.528552,fresher,281,South Franks Tract at Bethel Island,74.380000
2020-01-29,Baseline (BAU),Calling on Reserve,Franks Tract (10 supplied RMA stations),10,58.070000,10.548351,saltier,265,Little Franks Tract at Fisherman's Cut,-18.110000,-3.850849,fresher,281,South Franks Tract at Bethel Island,76.180000
2020-01-30,Baseline (BAU),Calling on Reserve,Franks Tract (10 supplied RMA stations),10,67.590000,12.277649,saltier,265,Little Franks Tract at Fisherman's Cut,-10.440000,-2.219926,fresher,281,South Franks Tract at Bethel Island,78.030000
2020-01-31,Baseline (BAU),Calling on Reserve,Franks Tract (10 supplied RMA stations),10,79.020000,14.353895,saltier,265,Little Franks Tract at Fisherman's Cut,-3.220000,-0.684690,fresher,281,South Franks Tract at Bethel Island,82.240000
2020-02-01,Baseline (BAU),Calling on Reserve,Franks Tract (10 supplied RMA stations),10,93.540000,16.991437,saltier,265,Little Franks Tract at Fisherman's Cut,3.920000,0.833536,saltier,281,South Franks Tract at Bethel Island,89.620000
2020-02-02,Baseline (BAU),Calling on Reserve,Franks Tract (10 supplied RMA stations),10,110.020000,19.985011,saltier,265,Little Franks Tract at Fisherman's Cut,12.090000,2.570777,saltier,281,South Franks Tract at Bethel Island,97.930000
2020-02-03,Baseline (BAU),Calling on Reserve,Franks Tract (10 supplied RMA stations),10,109.020000,19.803362,saltier,265,Little Franks Tract at Fisherman's Cut,21.810000,4.637605,saltier,281,South Franks Tract at Bethel Island,87.210000
2020-02-04,Baseline (BAU),Calling on Reserve,Franks Tract (10 supplied RMA stations),10,116.430000,21.149380,saltier,265,Little Franks Tract at Fisherman's Cut,30.070000,7.739697,saltier,292,Frank's Tract at Old River,86.360000
2020-02-05,Baseline (BAU),Calling on Reserve,Franks Tract (10 supplied RMA stations),10,132.990000,24.157486,saltier,265,Little Franks Tract at Fisherman's Cut,34.270000,8.820732,saltier,292,Frank's Tract at Old River,98.720000
2020-02-06,Baseline (BAU),Calling on Reserve,Franks Tract (10 supplied RMA stations),10,145.100000,26.357254,saltier,265,Little Franks Tract at Fisherman's Cut,38.650000,9.948097,saltier,292,Frank's Tract at Old River,106.450000
2020-02-07,Baseline (BAU),Calling on Reserve,Franks Tract (10 supplied RMA stations),10,157.280000,28.569738,saltier,265,Little Franks Tract at Fisherman's Cut,43.690000,11.245339,saltier,292,Frank's Tract at Old River,113.590000
2020-02-08,Baseline (BAU),Calling on Reserve,Franks Tract (10 supplied RMA stations),10,157.750000,28.655113,saltier,265,Little Franks Tract at Fisherman's Cut,48.960000,12.601781,saltier,292,Frank's Tract at Old River,108.790000
2020-02-09,Baseline (BAU),Calling on Reserve,Franks Tract (10 supplied RMA stations),10,134.580000,24.446308,saltier,265,Little Franks Tract at Fisherman's Cut,49.690000,12.789675,saltier,292,Frank's Tract at Old River,84.890000
2020-02-10,Baseline (BAU),Calling on Reserve,Franks Tract (10 supplied RMA stations),10,133.120000,24.181101,saltier,265,Little Franks Tract at Fisherman's Cut,51.060000,13.142299,saltier,292,Frank's Tract at Old River,82.060000
2020-02-11,Baseline (BAU),Calling on Reserve,Franks Tract (10 supplied RMA stations),10,137.010000,24.887715,saltier,265,Little Franks Tract at Fisherman's Cut,54.650000,14.066326,saltier,292,Frank's Tract at Old River,82.360000
2020-02-12,Baseline (BAU),Calling on Reserve,Franks Tract (10 supplied RMA stations),10,133.350000,24.222880,saltier,265,Little Franks Tract at Fisherman's Cut,57.680000,14.846216,saltier,292,Frank's Tract at Old River,75.670000
2020-02-13,Baseline (BAU),Calling on Reserve,Franks Tract (10 supplied RMA stations),10,129.830000,23.583476,saltier,265,Little Franks Tract at Fisherman's Cut,59.710000,15.368716,saltier,292,Frank's Tract at Old River,70.120000
2020-02-14,Baseline (BAU),Calling on Reserve,Franks Tract (10 supplied RMA stations),10,127.380000,23.138436,saltier,265,Little Franks Tract at Fisherman's Cut,60.650000,15.610662,saltier,292,Frank's Tract at Old River,66.730000
2020-02-15,Baseline (BAU),Calling on Reserve,Franks Tract (10 supplied RMA stations),10,122.130000,22.184779,saltier,265,Little Franks Tract at Fisherman's Cut,60.740000,15.633827,saltier,292,Frank's Tract at Old River,61.390000
2020-02-16,Baseline (BAU),Calling on Reserve,Franks Tract (10 supplied RMA stations),10,116.090000,21.087620,saltier,265,Little Franks Tract at Fisherman's Cut,60.660000,15.613236,saltier,292,Frank's Tract at Old River,55.430000
2020-02-17,Baseline (BAU),Calling on Reserve,Franks Tract (10 supplied RMA stations),10,111.780000,20.304713,saltier,265,Little Franks Tract at Fisherman's Cut,59.850000,15.404751,saltier,292,Frank's Tract at Old River,51.930000
2020-02-18,Baseline (BAU),Calling on Reserve,Franks Tract (10 supplied RMA stations),10,110.990000,20.161211,saltier,265,Little Franks Tract at Fisherman's Cut,57.820000,14.882250,saltier,292,Frank's Tract at Old River,53.170000
2020-02-19,Baseline (BAU),Calling on Reserve,Franks Tract (10 supplied RMA stations),10,108.720000,19.748868,saltier,265,Little Franks Tract at Fisherman's Cut,56.360000,14.506462,saltier,292,Frank's Tract at Old River,52.360000
2020-02-20,Baseline (BAU),Calling on Reserve,Franks Tract (10 supplied RMA stations),10,106.520000,19.349240,saltier,265,Little Franks Tract at Fisherman's Cut,54.780000,14.099787,saltier,292,Frank's Tract at Old River,51.740000
2020-02-21,Baseline (BAU),Calling on Reserve,Franks Tract (10 supplied RMA stations),10,104.630000,19.005924,saltier,265,Little Franks Tract at Fisherman's Cut,53.490000,13.767755,saltier,292,Frank's Tract at Old River,51.140000
2020-02-22,Baseline (BAU),Calling on Reserve,Franks Tract (10 supplied RMA stations),10,105.030000,19.078583,saltier,265,Little Franks Tract at Fisherman's Cut,52.650000,13.551548,saltier,292,Frank's Tract at Old River,52.380000
2020-02-23,Baseline (BAU),Calling on Reserve,Franks Tract (10 supplied RMA stations),10,95.880000,17.416496,saltier,265,Little Franks Tract at Fisherman's Cut,51.370000,13.222089,saltier,292,Frank's Tract at Old River,44.510000
2020-02-24,Baseline (BAU),Calling on Reserve,Franks Tract (10 supplied RMA stations),10,86.090000,15.638153,saltier,265,Little Franks Tract at Fisherman's Cut,48.190000,12.403591,saltier,292,Frank's Tract at Old River,37.900000
2020-02-25,Baseline (BAU),Calling on Reserve,Franks Tract (10 supplied RMA stations),10,81.700000,14.840714,saltier,265,Little Franks Tract at Fisherman's Cut,44.890000,11.554207,saltier,292,Frank's Tract at Old River,36.810000
2020-02-26,Baseline (BAU),Calling on Reserve,Franks Tract (10 supplied RMA stations),10,79.270000,14.399308,saltier,265,Little Franks Tract at Fisherman's Cut,42.320000,10.892716,saltier,292,Frank's Tract at Old River,36.950000
2020-02-27,Baseline (BAU),Calling on Reserve,Franks Tract (10 supplied RMA stations),10,77.610000,14.097771,saltier,265,Little Franks Tract at Fisherman's Cut,40.230000,10.354772,saltier,292,Frank's Tract at Old River,37.380000
2020-02-28,Baseline (BAU),Calling on Reserve,Franks Tract (10 supplied RMA stations),10,77.740000,14.121385,saltier,265,Little Franks Tract at Fisherman's Cut,38.580000,9.930080,saltier,292,Frank's Tract at Old River,39.160000
2020-02-29,Baseline (BAU),Calling on Reserve,Franks Tract (10 supplied RMA stations),10,77.710000,14.115935,saltier,265,Little Franks Tract at Fisherman's Cut,38.540000,9.919784,saltier,292,Frank's Tract at Old River,39.170000
2020-03-01,Baseline (BAU),Calling on Reserve,Franks Tract (10 supplied RMA stations),10,74.100000,13.460183,saltier,265,Little Franks Tract at Fisherman's Cut,37.350000,9.447946,saltier,285,Frank's Tract North East,36.750000
2020-03-02,Baseline (BAU),Calling on Reserve,Franks Tract (10 supplied RMA stations),10,72.230000,13.120499,saltier,265,Little Franks Tract at Fisherman's Cut,30.940000,7.963626,saltier,292,Frank's Tract at Old River,41.290000
2020-03-03,Baseline (BAU),Calling on Reserve,Franks Tract (10 supplied RMA stations),10,78.470000,14.253989,saltier,265,Little Franks Tract at Fisherman's Cut,23.690000,6.097553,saltier,292,Frank's Tract at Old River,54.780000
2020-03-04,Baseline (BAU),Calling on Reserve,Franks Tract (10 supplied RMA stations),10,81.370000,14.780770,saltier,265,Little Franks Tract at Fisherman's Cut,19.950000,5.134917,saltier,292,Frank's Tract at Old River,61.420000
2020-03-05,Baseline (BAU),Calling on Reserve,Franks Tract (10 supplied RMA stations),10,83.690000,15.202196,saltier,265,Little Franks Tract at Fisherman's Cut,18.330000,4.717946,saltier,292,Frank's Tract at Old River,65.360000
2020-03-06,Baseline (BAU),Calling on Reserve,Franks Tract (10 supplied RMA stations),10,85.770000,15.580025,saltier,265,Little Franks Tract at Fisherman's Cut,18.870000,4.856936,saltier,292,Frank's Tract at Old River,66.900000
2020-03-07,Baseline (BAU),Calling on Reserve,Franks Tract (10 supplied RMA stations),10,88.010000,15.986919,saltier,265,Little Franks Tract at Fisherman's Cut,19.280000,4.962466,saltier,292,Frank's Tract at Old River,68.730000
2020-03-08,Baseline (BAU),Calling on Reserve,Franks Tract (10 supplied RMA stations),10,86.620000,15.734427,saltier,265,Little Franks Tract at Fisherman's Cut,19.410000,4.995927,saltier,292,Frank's Tract at Old River,67.210000
2020-03-09,Baseline (BAU),Calling on Reserve,Franks Tract (10 supplied RMA stations),10,84.400000,15.331166,saltier,265,Little Franks Tract at Fisherman's Cut,20.160000,5.188969,saltier,292,Frank's Tract at Old River,64.240000
2020-03-10,Baseline (BAU),Calling on Reserve,Franks Tract (10 supplied RMA stations),10,84.140000,15.283938,saltier,265,Little Franks Tract at Fisherman's Cut,21.100000,5.430915,saltier,292,Frank's Tract at Old River,63.040000
2020-03-11,Baseline (BAU),Calling on Reserve,Franks Tract (10 supplied RMA stations),10,85.280000,15.491018,saltier,265,Little Franks Tract at Fisherman's Cut,22.990000,5.917380,saltier,292,Frank's Tract at Old River,62.290000
2020-03-12,Baseline (BAU),Calling on Reserve,Franks Tract (10 supplied RMA stations),10,88.930000,16.154036,saltier,265,Little Franks Tract at Fisherman's Cut,24.970000,6.427011,saltier,292,Frank's Tract at Old River,63.960000
2020-03-13,Baseline (BAU),Calling on Reserve,Franks Tract (10 supplied RMA stations),10,95.990000,17.436477,saltier,265,Little Franks Tract at Fisherman's Cut,27.470000,7.070485,saltier,292,Frank's Tract at Old River,68.520000
2020-03-14,Baseline (BAU),Calling on Reserve,Franks Tract (10 supplied RMA stations),10,93.900000,17.056831,saltier,265,Little Franks Tract at Fisherman's Cut,29.960000,7.711384,saltier,292,Frank's Tract at Old River,63.940000
2020-03-15,Baseline (BAU),Calling on Reserve,Franks Tract (10 supplied RMA stations),10,91.320000,16.588177,saltier,265,Little Franks Tract at Fisherman's Cut,30.310000,7.801470,saltier,292,Frank's Tract at Old River,61.010000
2020-03-16,Baseline (BAU),Calling on Reserve,Franks Tract (10 supplied RMA stations),10,88.370000,16.052313,saltier,265,Little Franks Tract at Fisherman's Cut,29.440000,7.577542,saltier,292,Frank's Tract at Old River,58.930000
2020-03-17,Baseline (BAU),Calling on Reserve,Franks Tract (10 supplied RMA stations),10,89.580000,16.272108,saltier,265,Little Franks Tract at Fisherman's Cut,28.220000,7.263527,saltier,292,Frank's Tract at Old River,61.360000
2020-03-18,Baseline (BAU),Calling on Reserve,Franks Tract (10 supplied RMA stations),10,87.660000,15.923342,saltier,265,Little Franks Tract at Fisherman's Cut,28.100000,7.232640,saltier,292,Frank's Tract at Old River,59.560000
2020-03-19,Baseline (BAU),Calling on Reserve,Franks Tract (10 supplied RMA stations),10,83.130000,15.100472,saltier,265,Little Franks Tract at Fisherman's Cut,28.350000,7.296987,saltier,292,Frank's Tract at Old River,54.780000
2020-03-20,Baseline (BAU),Calling on Reserve,Franks Tract (10 supplied RMA stations),10,77.440000,14.066890,saltier,265,Little Franks Tract at Fisherman's Cut,28.230000,7.266100,saltier,292,Frank's Tract at Old River,49.210000
2020-03-21,Baseline (BAU),Calling on Reserve,Franks Tract (10 supplied RMA stations),10,75.660000,13.743555,saltier,265,Little Franks Tract at Fisherman's Cut,28.440000,7.320152,saltier,292,Frank's Tract at Old River,47.220000
2020-03-22,Baseline (BAU),Calling on Reserve,Franks Tract (10 supplied RMA stations),10,75.690000,13.749005,saltier,265,Little Franks Tract at Fisherman's Cut,29.250000,7.528638,saltier,292,Frank's Tract at Old River,46.440000
2020-03-23,Baseline (BAU),Calling on Reserve,Franks Tract (10 supplied RMA stations),10,76.950000,13.977882,saltier,265,Little Franks Tract at Fisherman's Cut,30.680000,7.896704,saltier,292,Frank's Tract at Old River,46.270000
2020-03-24,Baseline (BAU),Calling on Reserve,Franks Tract (10 supplied RMA stations),10,74.110000,13.461999,saltier,265,Little Franks Tract at Fisherman's Cut,32.280000,8.308527,saltier,292,Frank's Tract at Old River,41.830000
2020-03-25,Baseline (BAU),Calling on Reserve,Franks Tract (10 supplied RMA stations),10,71.690000,13.022409,saltier,265,Little Franks Tract at Fisherman's Cut,33.710000,8.676594,saltier,292,Frank's Tract at Old River,37.980000
2020-03-26,Baseline (BAU),Calling on Reserve,Franks Tract (10 supplied RMA stations),10,67.990000,12.350308,saltier,265,Little Franks Tract at Fisherman's Cut,35.490000,9.134747,saltier,292,Frank's Tract at Old River,32.500000
2020-03-27,Baseline (BAU),Calling on Reserve,Franks Tract (10 supplied RMA stations),10,63.390000,11.514723,saltier,265,Little Franks Tract at Fisherman's Cut,36.850000,9.484796,saltier,292,Frank's Tract at Old River,26.540000
2020-03-28,Baseline (BAU),Calling on Reserve,Franks Tract (10 supplied RMA stations),10,58.970000,10.711835,saltier,265,Little Franks Tract at Fisherman's Cut,37.130000,9.556865,saltier,292,Frank's Tract at Old River,21.840000
2020-03-29,Baseline (BAU),Calling on Reserve,Franks Tract (10 supplied RMA stations),10,55.760000,10.128742,saltier,265,Little Franks Tract at Fisherman's Cut,36.450000,9.381841,saltier,292,Frank's Tract at Old River,19.310000
2020-03-30,Baseline (BAU),Calling on Reserve,Franks Tract (10 supplied RMA stations),10,51.620000,9.376716,saltier,265,Little Franks Tract at Fisherman's Cut,34.920000,8.833260,saltier,285,Frank's Tract North East,16.700000
2020-03-31,Baseline (BAU),Calling on Reserve,Franks Tract (10 supplied RMA stations),10,47.850000,9.863790,saltier,274,Piper Slough at Bethal Tract,33.310000,8.426000,saltier,285,Frank's Tract North East,14.540000
2020-04-01,Baseline (BAU),Calling on Reserve,Franks Tract (10 supplied RMA stations),10,46.050000,9.791917,saltier,281,South Franks Tract at Bethel Island,31.420000,7.947911,saltier,285,Frank's Tract North East,14.630000
2020-04-02,Baseline (BAU),Calling on Reserve,Franks Tract (10 supplied RMA stations),10,44.100000,9.377275,saltier,281,South Franks Tract at Bethel Island,28.240000,7.143507,saltier,285,Frank's Tract North East,15.860000
2020-04-03,Baseline (BAU),Calling on Reserve,Franks Tract (10 supplied RMA stations),10,41.880000,8.905222,saltier,281,South Franks Tract at Bethel Island,26.610000,6.731187,saltier,285,Frank's Tract North East,15.270000
2020-04-04,Baseline (BAU),Calling on Reserve,Franks Tract (10 supplied RMA stations),10,39.540000,8.407652,saltier,281,South Franks Tract at Bethel Island,26.230000,6.635064,saltier,285,Frank's Tract North East,13.310000
2020-04-05,Baseline (BAU),Calling on Reserve,Franks Tract (10 supplied RMA stations),10,37.290000,7.929220,saltier,281,South Franks Tract at Bethel Island,25.480000,6.445346,saltier,285,Frank's Tract North East,11.810000
2020-04-06,Baseline (BAU),Calling on Reserve,Franks Tract (10 supplied RMA stations),10,35.620000,7.574117,saltier,281,South Franks Tract at Bethel Island,26.590000,6.726128,saltier,285,Frank's Tract North East,9.030000
2020-04-07,Baseline (BAU),Calling on Reserve,Franks Tract (10 supplied RMA stations),10,34.570000,7.350848,saltier,281,South Franks Tract at Bethel Island,28.650000,6.017321,saltier,276,North West Franks Tract,5.920000
2020-04-08,Baseline (BAU),Calling on Reserve,Franks Tract (10 supplied RMA stations),10,37.800000,6.866328,saltier,265,Little Franks Tract at Fisherman's Cut,29.930000,7.571005,saltier,285,Frank's Tract North East,7.870000
2020-04-09,Baseline (BAU),Calling on Reserve,Franks Tract (10 supplied RMA stations),10,44.100000,8.010716,saltier,265,Little Franks Tract at Fisherman's Cut,30.290000,7.662069,saltier,285,Frank's Tract North East,13.810000
2020-04-10,Baseline (BAU),Calling on Reserve,Franks Tract (10 supplied RMA stations),10,50.010000,9.084261,saltier,265,Little Franks Tract at Fisherman's Cut,30.830000,7.935313,saltier,292,Frank's Tract at Old River,19.180000
2020-04-11,Baseline (BAU),Calling on Reserve,Franks Tract (10 supplied RMA stations),10,57.290000,10.406665,saltier,265,Little Franks Tract at Fisherman's Cut,30.570000,7.868391,saltier,292,Frank's Tract at Old River,26.720000
2020-04-12,Baseline (BAU),Calling on Reserve,Franks Tract (10 supplied RMA stations),10,62.010000,11.264048,saltier,265,Little Franks Tract at Fisherman's Cut,30.570000,7.868391,saltier,292,Frank's Tract at Old River,31.440000
2020-04-13,Baseline (BAU),Calling on Reserve,Franks Tract (10 supplied RMA stations),10,62.570000,11.365771,saltier,265,Little Franks Tract at Fisherman's Cut,30.770000,7.919869,saltier,292,Frank's Tract at Old River,31.800000
2020-04-14,Baseline (BAU),Calling on Reserve,Franks Tract (10 supplied RMA stations),10,60.470000,10.984308,saltier,265,Little Franks Tract at Fisherman's Cut,30.770000,7.919869,saltier,292,Frank's Tract at Old River,29.700000
2020-04-15,Baseline (BAU),Calling on Reserve,Franks Tract (10 supplied RMA stations),10,61.920000,11.247699,saltier,265,Little Franks Tract at Fisherman's Cut,30.540000,7.860670,saltier,292,Frank's Tract at Old River,31.380000
2020-04-16,Baseline (BAU),Calling on Reserve,Franks Tract (10 supplied RMA stations),10,64.900000,11.789013,saltier,265,Little Franks Tract at Fisherman's Cut,30.630000,7.883835,saltier,292,Frank's Tract at Old River,34.270000
2020-04-17,Baseline (BAU),Calling on Reserve,Franks Tract (10 supplied RMA stations),10,66.930000,12.157760,saltier,265,Little Franks Tract at Fisherman's Cut,31.630000,8.141224,saltier,292,Frank's Tract at Old River,35.300000
2020-04-18,Baseline (BAU),Calling on Reserve,Franks Tract (10 supplied RMA stations),10,64.090000,11.641877,saltier,265,Little Franks Tract at Fisherman's Cut,32.570000,8.383170,saltier,292,Frank's Tract at Old River,31.520000
2020-04-19,Baseline (BAU),Calling on Reserve,Franks Tract (10 supplied RMA stations),10,61.770000,11.220452,saltier,265,Little Franks Tract at Fisherman's Cut,32.770000,8.434648,saltier,292,Frank's Tract at Old River,29.000000
2020-04-20,Baseline (BAU),Calling on Reserve,Franks Tract (10 supplied RMA stations),10,61.350000,11.144160,saltier,265,Little Franks Tract at Fisherman's Cut,32.710000,8.419205,saltier,292,Frank's Tract at Old River,28.640000
2020-04-21,Baseline (BAU),Calling on Reserve,Franks Tract (10 supplied RMA stations),10,58.060000,10.546535,saltier,265,Little Franks Tract at Fisherman's Cut,32.750000,8.429500,saltier,292,Frank's Tract at Old River,25.310000
2020-04-22,Baseline (BAU),Calling on Reserve,Franks Tract (10 supplied RMA stations),10,54.460000,9.892599,saltier,265,Little Franks Tract at Fisherman's Cut,32.580000,8.241341,saltier,285,Frank's Tract North East,21.880000
2020-04-23,Baseline (BAU),Calling on Reserve,Franks Tract (10 supplied RMA stations),10,52.750000,9.581979,saltier,265,Little Franks Tract at Fisherman's Cut,32.090000,8.117392,saltier,285,Frank's Tract North East,20.660000
2020-04-24,Baseline (BAU),Calling on Reserve,Franks Tract (10 supplied RMA stations),10,52.590000,9.552915,saltier,265,Little Franks Tract at Fisherman's Cut,31.280000,7.912497,saltier,285,Frank's Tract North East,21.310000
2020-04-25,Baseline (BAU),Calling on Reserve,Franks Tract (10 supplied RMA stations),10,53.920000,9.794508,saltier,265,Little Franks Tract at Fisherman's Cut,30.330000,7.672187,saltier,285,Frank's Tract North East,23.590000
2020-04-26,Baseline (BAU),Calling on Reserve,Franks Tract (10 supplied RMA stations),10,55.220000,10.030652,saltier,265,Little Franks Tract at Fisherman's Cut,29.390000,7.434408,saltier,285,Frank's Tract North East,25.830000
2020-04-27,Baseline (BAU),Calling on Reserve,Franks Tract (10 supplied RMA stations),10,54.650000,9.927112,saltier,265,Little Franks Tract at Fisherman's Cut,28.650000,7.247220,saltier,285,Frank's Tract North East,26.000000
2020-04-28,Baseline (BAU),Calling on Reserve,Franks Tract (10 supplied RMA stations),10,53.110000,9.647373,saltier,265,Little Franks Tract at Fisherman's Cut,27.800000,7.032206,saltier,285,Frank's Tract North East,25.310000
2020-04-29,Baseline (BAU),Calling on Reserve,Franks Tract (10 supplied RMA stations),10,52.210000,9.483889,saltier,265,Little Franks Tract at Fisherman's Cut,26.850000,6.791897,saltier,285,Frank's Tract North East,25.360000
2020-04-30,Baseline (BAU),Calling on Reserve,Franks Tract (10 supplied RMA stations),10,47.070000,8.550213,saltier,265,Little Franks Tract at Fisherman's Cut,26.280000,6.647711,saltier,285,Frank's Tract North East,20.790000
2020-05-01,Baseline (BAU),Calling on Reserve,Franks Tract (10 supplied RMA stations),10,41.250000,7.493017,saltier,265,Little Franks Tract at Fisherman's Cut,25.730000,6.508585,saltier,285,Frank's Tract North East,15.520000
2020-05-02,Baseline (BAU),Calling on Reserve,Franks Tract (10 supplied RMA stations),10,38.020000,6.906291,saltier,265,Little Franks Tract at Fisherman's Cut,25.020000,6.328986,saltier,285,Frank's Tract North East,13.000000
2020-05-03,Baseline (BAU),Calling on Reserve,Franks Tract (10 supplied RMA stations),10,35.030000,6.363161,saltier,265,Little Franks Tract at Fisherman's Cut,24.340000,6.156975,saltier,285,Frank's Tract North East,10.690000
2020-05-04,Baseline (BAU),Calling on Reserve,Franks Tract (10 supplied RMA stations),10,33.450000,6.076155,saltier,265,Little Franks Tract at Fisherman's Cut,23.540000,5.954609,saltier,285,Frank's Tract North East,9.910000
2020-05-05,Baseline (BAU),Calling on Reserve,Franks Tract (10 supplied RMA stations),10,32.840000,5.965350,saltier,265,Little Franks Tract at Fisherman's Cut,22.510000,5.694063,saltier,285,Frank's Tract North East,10.330000
2020-05-06,Baseline (BAU),Calling on Reserve,Franks Tract (10 supplied RMA stations),10,31.110000,6.615126,saltier,281,South Franks Tract at Bethel Island,21.590000,5.461343,saltier,285,Frank's Tract North East,9.520000
2020-05-07,Baseline (BAU),Calling on Reserve,Franks Tract (10 supplied RMA stations),10,29.960000,6.370593,saltier,281,South Franks Tract at Bethel Island,20.230000,5.117321,saltier,285,Frank's Tract North East,9.730000
2020-05-08,Baseline (BAU),Calling on Reserve,Franks Tract (10 supplied RMA stations),10,28.710000,6.104798,saltier,281,South Franks Tract at Bethel Island,18.570000,4.697413,saltier,285,Frank's Tract North East,10.140000
2020-05-09,Baseline (BAU),Calling on Reserve,Franks Tract (10 supplied RMA stations),10,27.310000,5.807106,saltier,281,South Franks Tract at Bethel Island,15.420000,2.801026,saltier,265,Little Franks Tract at Fisherman's Cut,11.890000
2020-05-10,Baseline (BAU),Calling on Reserve,Franks Tract (10 supplied RMA stations),10,25.650000,5.454130,saltier,281,South Franks Tract at Bethel Island,5.310000,0.964556,saltier,265,Little Franks Tract at Fisherman's Cut,20.340000
2020-05-11,Baseline (BAU),Calling on Reserve,Franks Tract (10 supplied RMA stations),10,23.650000,5.028856,saltier,281,South Franks Tract at Bethel Island,-4.150000,-0.753843,fresher,265,Little Franks Tract at Fisherman's Cut,27.800000
2020-05-12,Baseline (BAU),Calling on Reserve,Franks Tract (10 supplied RMA stations),10,21.280000,4.524908,saltier,281,South Franks Tract at Bethel Island,-10.090000,-1.832837,fresher,265,Little Franks Tract at Fisherman's Cut,31.370000
2020-05-13,Baseline (BAU),Calling on Reserve,Franks Tract (10 supplied RMA stations),10,18.670000,3.969926,saltier,281,South Franks Tract at Bethel Island,-12.300000,-2.234281,fresher,265,Little Franks Tract at Fisherman's Cut,30.970000
2020-05-14,Baseline (BAU),Calling on Reserve,Franks Tract (10 supplied RMA stations),10,16.020000,3.406439,saltier,281,South Franks Tract at Bethel Island,-13.080000,-2.375968,fresher,265,Little Franks Tract at Fisherman's Cut,29.100000
2020-05-15,Baseline (BAU),Calling on Reserve,Franks Tract (10 supplied RMA stations),10,13.470000,2.864215,saltier,281,South Franks Tract at Bethel Island,-13.350000,-2.425013,fresher,265,Little Franks Tract at Fisherman's Cut,26.820000
2020-05-16,Baseline (BAU),Calling on Reserve,Franks Tract (10 supplied RMA stations),10,10.990000,2.336877,saltier,281,South Franks Tract at Bethel Island,-15.230000,-2.766513,fresher,265,Little Franks Tract at Fisherman's Cut,26.220000
2020-05-17,Baseline (BAU),Calling on Reserve,Franks Tract (10 supplied RMA stations),10,8.660000,1.841433,saltier,281,South Franks Tract at Bethel Island,-16.680000,-3.029904,fresher,265,Little Franks Tract at Fisherman's Cut,25.340000
2020-05-18,Baseline (BAU),Calling on Reserve,Franks Tract (10 supplied RMA stations),10,6.410000,1.363001,saltier,281,South Franks Tract at Bethel Island,-14.870000,-2.701119,fresher,265,Little Franks Tract at Fisherman's Cut,21.280000
2020-05-19,Baseline (BAU),Calling on Reserve,Franks Tract (10 supplied RMA stations),10,4.410000,0.937728,saltier,281,South Franks Tract at Bethel Island,-10.780000,-1.958175,fresher,265,Little Franks Tract at Fisherman's Cut,15.190000
2020-05-20,Baseline (BAU),Calling on Reserve,Franks Tract (10 supplied RMA stations),10,2.760000,0.586877,saltier,281,South Franks Tract at Bethel Island,-7.070000,-1.284258,fresher,265,Little Franks Tract at Fisherman's Cut,9.830000
2020-05-21,Baseline (BAU),Calling on Reserve,Franks Tract (10 supplied RMA stations),10,1.470000,0.312576,saltier,281,South Franks Tract at Bethel Island,-3.360000,-0.705696,fresher,276,North West Franks Tract,4.830000
2020-05-22,Baseline (BAU),Calling on Reserve,Franks Tract (10 supplied RMA stations),10,1.980000,0.359665,saltier,265,Little Franks Tract at Fisherman's Cut,-2.710000,-0.685514,fresher,285,Frank's Tract North East,4.690000
2020-05-23,Baseline (BAU),Calling on Reserve,Franks Tract (10 supplied RMA stations),10,7.930000,1.440476,saltier,265,Little Franks Tract at Fisherman's Cut,-2.580000,-0.664064,fresher,292,Frank's Tract at Old River,10.510000
2020-05-24,Baseline (BAU),Calling on Reserve,Franks Tract (10 supplied RMA stations),10,14.110000,2.563066,saltier,265,Little Franks Tract at Fisherman's Cut,-3.550000,-0.913732,fresher,292,Frank's Tract at Old River,17.660000
2020-05-25,Baseline (BAU),Calling on Reserve,Franks Tract (10 supplied RMA stations),10,19.770000,3.591199,saltier,265,Little Franks Tract at Fisherman's Cut,-4.500000,-1.158252,fresher,292,Frank's Tract at Old River,24.270000
2020-05-26,Baseline (BAU),Calling on Reserve,Franks Tract (10 supplied RMA stations),10,24.800000,4.504893,saltier,265,Little Franks Tract at Fisherman's Cut,-4.920000,-1.266355,fresher,292,Frank's Tract at Old River,29.720000
2020-05-27,Baseline (BAU),Calling on Reserve,Franks Tract (10 supplied RMA stations),10,29.890000,5.429485,saltier,265,Little Franks Tract at Fisherman's Cut,-4.470000,-1.150530,fresher,292,Frank's Tract at Old River,34.360000
2020-05-28,Baseline (BAU),Calling on Reserve,Franks Tract (10 supplied RMA stations),10,31.860000,5.787334,saltier,265,Little Franks Tract at Fisherman's Cut,-3.390000,-0.872550,fresher,292,Frank's Tract at Old River,35.250000
2020-05-29,Baseline (BAU),Calling on Reserve,Franks Tract (10 supplied RMA stations),10,34.660000,6.295951,saltier,265,Little Franks Tract at Fisherman's Cut,-2.010000,-0.517353,fresher,292,Frank's Tract at Old River,36.670000
2020-05-30,Baseline (BAU),Calling on Reserve,Franks Tract (10 supplied RMA stations),10,34.040000,6.183328,saltier,265,Little Franks Tract at Fisherman's Cut,-1.130000,-0.290850,fresher,292,Frank's Tract at Old River,35.170000
2020-05-31,Baseline (BAU),Calling on Reserve,Franks Tract (10 supplied RMA stations),10,32.800000,5.958084,saltier,265,Little Franks Tract at Fisherman's Cut,-2.020000,-0.519926,fresher,292,Frank's Tract at Old River,34.820000
2020-06-01,Baseline (BAU),Calling on Reserve,Franks Tract (10 supplied RMA stations),10,34.810000,6.323198,saltier,265,Little Franks Tract at Fisherman's Cut,-2.960000,-0.761872,fresher,292,Frank's Tract at Old River,37.770000
2020-06-02,Baseline (BAU),Calling on Reserve,Franks Tract (10 supplied RMA stations),10,40.580000,7.371312,saltier,265,Little Franks Tract at Fisherman's Cut,-3.190000,-0.821072,fresher,292,Frank's Tract at Old River,43.770000
2020-06-03,Baseline (BAU),Calling on Reserve,Franks Tract (10 supplied RMA stations),10,49.670000,9.022500,saltier,265,Little Franks Tract at Fisherman's Cut,-1.870000,-0.481318,fresher,292,Frank's Tract at Old River,51.540000
2020-06-04,Baseline (BAU),Calling on Reserve,Franks Tract (10 supplied RMA stations),10,61.430000,11.158691,saltier,265,Little Franks Tract at Fisherman's Cut,0.800000,0.205911,saltier,292,Frank's Tract at Old River,60.630000
2020-06-05,Baseline (BAU),Calling on Reserve,Franks Tract (10 supplied RMA stations),10,74.700000,13.569172,saltier,265,Little Franks Tract at Fisherman's Cut,5.780000,1.487710,saltier,292,Frank's Tract at Old River,68.920000
2020-06-06,Baseline (BAU),Calling on Reserve,Franks Tract (10 supplied RMA stations),10,77.120000,14.008763,saltier,265,Little Franks Tract at Fisherman's Cut,12.310000,3.168463,saltier,292,Frank's Tract at Old River,64.810000
2020-06-07,Baseline (BAU),Calling on Reserve,Franks Tract (10 supplied RMA stations),10,66.830000,12.139595,saltier,265,Little Franks Tract at Fisherman's Cut,16.310000,4.198020,saltier,292,Frank's Tract at Old River,50.520000
2020-06-08,Baseline (BAU),Calling on Reserve,Franks Tract (10 supplied RMA stations),10,60.050000,10.908016,saltier,265,Little Franks Tract at Fisherman's Cut,14.850000,3.822231,saltier,292,Frank's Tract at Old River,45.200000
2020-06-09,Baseline (BAU),Calling on Reserve,Franks Tract (10 supplied RMA stations),10,60.400000,10.971593,saltier,265,Little Franks Tract at Fisherman's Cut,13.410000,3.451591,saltier,292,Frank's Tract at Old River,46.990000
2020-06-10,Baseline (BAU),Calling on Reserve,Franks Tract (10 supplied RMA stations),10,63.360000,11.509274,saltier,265,Little Franks Tract at Fisherman's Cut,13.300000,3.423278,saltier,292,Frank's Tract at Old River,50.060000
2020-06-11,Baseline (BAU),Calling on Reserve,Franks Tract (10 supplied RMA stations),10,66.290000,12.041505,saltier,265,Little Franks Tract at Fisherman's Cut,14.760000,3.799066,saltier,292,Frank's Tract at Old River,51.530000
2020-06-12,Baseline (BAU),Calling on Reserve,Franks Tract (10 supplied RMA stations),10,65.560000,11.908901,saltier,265,Little Franks Tract at Fisherman's Cut,17.760000,4.571234,saltier,292,Frank's Tract at Old River,47.800000
2020-06-13,Baseline (BAU),Calling on Reserve,Franks Tract (10 supplied RMA stations),10,62.400000,11.334891,saltier,265,Little Franks Tract at Fisherman's Cut,20.300000,5.225003,saltier,292,Frank's Tract at Old River,42.100000
2020-06-14,Baseline (BAU),Calling on Reserve,Franks Tract (10 supplied RMA stations),10,62.010000,11.264048,saltier,265,Little Franks Tract at Fisherman's Cut,19.820000,5.101456,saltier,292,Frank's Tract at Old River,42.190000
2020-06-15,Baseline (BAU),Calling on Reserve,Franks Tract (10 supplied RMA stations),10,63.710000,11.572851,saltier,265,Little Franks Tract at Fisherman's Cut,20.050000,5.071789,saltier,285,Frank's Tract North East,43.660000
2020-06-16,Baseline (BAU),Calling on Reserve,Franks Tract (10 supplied RMA stations),10,62.790000,11.405734,saltier,265,Little Franks Tract at Fisherman's Cut,20.860000,5.276684,saltier,285,Frank's Tract North East,41.930000
2020-06-17,Baseline (BAU),Calling on Reserve,Franks Tract (10 supplied RMA stations),10,63.210000,11.482026,saltier,265,Little Franks Tract at Fisherman's Cut,17.200000,4.427096,saltier,292,Frank's Tract at Old River,46.010000
2020-06-18,Baseline (BAU),Calling on Reserve,Franks Tract (10 supplied RMA stations),10,69.030000,12.539223,saltier,265,Little Franks Tract at Fisherman's Cut,12.450000,3.204497,saltier,292,Frank's Tract at Old River,56.580000
2020-06-19,Baseline (BAU),Calling on Reserve,Franks Tract (10 supplied RMA stations),10,73.290000,13.313047,saltier,265,Little Franks Tract at Fisherman's Cut,14.270000,3.672946,saltier,292,Frank's Tract at Old River,59.020000
2020-06-20,Baseline (BAU),Calling on Reserve,Franks Tract (10 supplied RMA stations),10,72.270000,13.127765,saltier,265,Little Franks Tract at Fisherman's Cut,17.550000,4.517183,saltier,292,Frank's Tract at Old River,54.720000
2020-06-21,Baseline (BAU),Calling on Reserve,Franks Tract (10 supplied RMA stations),10,71.740000,13.031492,saltier,265,Little Franks Tract at Fisherman's Cut,18.800000,4.838919,saltier,292,Frank's Tract at Old River,52.940000
2020-06-22,Baseline (BAU),Calling on Reserve,Franks Tract (10 supplied RMA stations),10,75.770000,13.763537,saltier,265,Little Franks Tract at Fisherman's Cut,19.440000,5.003648,saltier,292,Frank's Tract at Old River,56.330000
2020-06-23,Baseline (BAU),Calling on Reserve,Franks Tract (10 supplied RMA stations),10,81.200000,14.749890,saltier,265,Little Franks Tract at Fisherman's Cut,21.040000,5.415471,saltier,292,Frank's Tract at Old River,60.160000
2020-06-24,Baseline (BAU),Calling on Reserve,Franks Tract (10 supplied RMA stations),10,84.520000,15.352964,saltier,265,Little Franks Tract at Fisherman's Cut,22.680000,5.837590,saltier,292,Frank's Tract at Old River,61.840000
2020-06-25,Baseline (BAU),Calling on Reserve,Franks Tract (10 supplied RMA stations),10,88.540000,16.083193,saltier,265,Little Franks Tract at Fisherman's Cut,23.360000,6.012614,saltier,292,Frank's Tract at Old River,65.180000
2020-06-26,Baseline (BAU),Calling on Reserve,Franks Tract (10 supplied RMA stations),10,91.810000,16.677185,saltier,265,Little Franks Tract at Fisherman's Cut,25.830000,6.648366,saltier,292,Frank's Tract at Old River,65.980000
2020-06-27,Baseline (BAU),Calling on Reserve,Franks Tract (10 supplied RMA stations),10,96.110000,17.458275,saltier,265,Little Franks Tract at Fisherman's Cut,26.780000,6.892886,saltier,292,Frank's Tract at Old River,69.330000
2020-06-28,Baseline (BAU),Calling on Reserve,Franks Tract (10 supplied RMA stations),10,102.790000,18.671690,saltier,265,Little Franks Tract at Fisherman's Cut,26.960000,6.939216,saltier,292,Frank's Tract at Old River,75.830000
2020-06-29,Baseline (BAU),Calling on Reserve,Franks Tract (10 supplied RMA stations),10,107.520000,19.530889,saltier,265,Little Franks Tract at Fisherman's Cut,26.980000,6.944364,saltier,292,Frank's Tract at Old River,80.540000
2020-06-30,Baseline (BAU),Calling on Reserve,Franks Tract (10 supplied RMA stations),10,117.560000,21.354644,saltier,265,Little Franks Tract at Fisherman's Cut,26.560000,6.836260,saltier,292,Frank's Tract at Old River,91.000000
2020-07-01,Baseline (BAU),Calling on Reserve,Franks Tract (10 supplied RMA stations),10,128.560000,23.352782,saltier,265,Little Franks Tract at Fisherman's Cut,28.530000,7.343317,saltier,292,Frank's Tract at Old River,100.030000
2020-07-02,Baseline (BAU),Calling on Reserve,Franks Tract (10 supplied RMA stations),10,135.500000,24.613425,saltier,265,Little Franks Tract at Fisherman's Cut,32.910000,8.470682,saltier,292,Frank's Tract at Old River,102.590000
2020-07-03,Baseline (BAU),Calling on Reserve,Franks Tract (10 supplied RMA stations),10,133.050000,24.168385,saltier,265,Little Franks Tract at Fisherman's Cut,38.420000,9.888898,saltier,292,Frank's Tract at Old River,94.630000
2020-07-04,Baseline (BAU),Calling on Reserve,Franks Tract (10 supplied RMA stations),10,128.130000,23.274673,saltier,265,Little Franks Tract at Fisherman's Cut,41.510000,10.684231,saltier,292,Frank's Tract at Old River,86.620000
2020-07-05,Baseline (BAU),Calling on Reserve,Franks Tract (10 supplied RMA stations),10,124.820000,22.673415,saltier,265,Little Franks Tract at Fisherman's Cut,43.740000,11.258209,saltier,292,Frank's Tract at Old River,81.080000
2020-07-06,Baseline (BAU),Calling on Reserve,Franks Tract (10 supplied RMA stations),10,119.720000,21.747005,saltier,265,Little Franks Tract at Fisherman's Cut,46.390000,11.940290,saltier,292,Frank's Tract at Old River,73.330000
2020-07-07,Baseline (BAU),Calling on Reserve,Franks Tract (10 supplied RMA stations),10,115.850000,21.044024,saltier,265,Little Franks Tract at Fisherman's Cut,47.010000,12.099872,saltier,292,Frank's Tract at Old River,68.840000
2020-07-08,Baseline (BAU),Calling on Reserve,Franks Tract (10 supplied RMA stations),10,116.090000,21.087620,saltier,265,Little Franks Tract at Fisherman's Cut,45.710000,11.765266,saltier,292,Frank's Tract at Old River,70.380000
2020-07-09,Baseline (BAU),Calling on Reserve,Franks Tract (10 supplied RMA stations),10,111.740000,20.297447,saltier,265,Little Franks Tract at Fisherman's Cut,45.100000,11.608258,saltier,292,Frank's Tract at Old River,66.640000
2020-07-10,Baseline (BAU),Calling on Reserve,Franks Tract (10 supplied RMA stations),10,106.760000,19.392836,saltier,265,Little Franks Tract at Fisherman's Cut,44.860000,11.546485,saltier,292,Frank's Tract at Old River,61.900000
2020-07-11,Baseline (BAU),Calling on Reserve,Franks Tract (10 supplied RMA stations),10,103.420000,18.786128,saltier,265,Little Franks Tract at Fisherman's Cut,46.230000,11.899108,saltier,292,Frank's Tract at Old River,57.190000
2020-07-12,Baseline (BAU),Calling on Reserve,Franks Tract (10 supplied RMA stations),10,103.130000,18.733450,saltier,265,Little Franks Tract at Fisherman's Cut,45.910000,11.816744,saltier,292,Frank's Tract at Old River,57.220000
2020-07-13,Baseline (BAU),Calling on Reserve,Franks Tract (10 supplied RMA stations),10,100.370000,18.232099,saltier,265,Little Franks Tract at Fisherman's Cut,45.820000,11.793579,saltier,292,Frank's Tract at Old River,54.550000
2020-07-14,Baseline (BAU),Calling on Reserve,Franks Tract (10 supplied RMA stations),10,101.060000,18.357437,saltier,265,Little Franks Tract at Fisherman's Cut,44.340000,11.412642,saltier,292,Frank's Tract at Old River,56.720000
2020-07-15,Baseline (BAU),Calling on Reserve,Franks Tract (10 supplied RMA stations),10,103.890000,18.871503,saltier,265,Little Franks Tract at Fisherman's Cut,44.520000,11.458972,saltier,292,Frank's Tract at Old River,59.370000
2020-07-16,Baseline (BAU),Calling on Reserve,Franks Tract (10 supplied RMA stations),10,102.220000,18.568150,saltier,265,Little Franks Tract at Fisherman's Cut,47.240000,12.159071,saltier,292,Frank's Tract at Old River,54.980000
2020-07-17,Baseline (BAU),Calling on Reserve,Franks Tract (10 supplied RMA stations),10,102.890000,18.689854,saltier,265,Little Franks Tract at Fisherman's Cut,49.690000,12.789675,saltier,292,Frank's Tract at Old River,53.200000
2020-07-18,Baseline (BAU),Calling on Reserve,Franks Tract (10 supplied RMA stations),10,97.430000,17.698052,saltier,265,Little Franks Tract at Fisherman's Cut,52.780000,13.585008,saltier,292,Frank's Tract at Old River,44.650000
2020-07-19,Baseline (BAU),Calling on Reserve,Franks Tract (10 supplied RMA stations),10,90.710000,18.698943,saltier,274,Piper Slough at Bethal Tract,58.270000,14.998076,saltier,292,Frank's Tract at Old River,32.440000
2020-07-20,Baseline (BAU),Calling on Reserve,Franks Tract (10 supplied RMA stations),10,87.560000,18.618464,saltier,281,South Franks Tract at Bethel Island,60.630000,15.605514,saltier,292,Frank's Tract at Old River,26.930000
2020-07-21,Baseline (BAU),Calling on Reserve,Franks Tract (10 supplied RMA stations),10,84.220000,17.908257,saltier,281,South Franks Tract at Bethel Island,57.520000,10.448444,saltier,265,Little Franks Tract at Fisherman's Cut,26.700000
2020-07-22,Baseline (BAU),Calling on Reserve,Franks Tract (10 supplied RMA stations),10,79.710000,16.949266,saltier,281,South Franks Tract at Bethel Island,43.970000,7.987102,saltier,265,Little Franks Tract at Fisherman's Cut,35.740000
2020-07-23,Baseline (BAU),Calling on Reserve,Franks Tract (10 supplied RMA stations),10,73.960000,15.726605,saltier,281,South Franks Tract at Bethel Island,29.350000,5.331395,saltier,265,Little Franks Tract at Fisherman's Cut,44.610000
2020-07-24,Baseline (BAU),Calling on Reserve,Franks Tract (10 supplied RMA stations),10,67.660000,14.386995,saltier,281,South Franks Tract at Bethel Island,20.970000,3.809177,saltier,265,Little Franks Tract at Fisherman's Cut,46.690000
2020-07-25,Baseline (BAU),Calling on Reserve,Franks Tract (10 supplied RMA stations),10,61.400000,13.055889,saltier,281,South Franks Tract at Bethel Island,16.310000,2.962693,saltier,265,Little Franks Tract at Fisherman's Cut,45.090000
2020-07-26,Baseline (BAU),Calling on Reserve,Franks Tract (10 supplied RMA stations),10,55.320000,11.763058,saltier,281,South Franks Tract at Bethel Island,9.060000,1.645739,saltier,265,Little Franks Tract at Fisherman's Cut,46.260000
2020-07-27,Baseline (BAU),Calling on Reserve,Franks Tract (10 supplied RMA stations),10,49.940000,10.619073,saltier,281,South Franks Tract at Bethel Island,4.700000,0.853750,saltier,265,Little Franks Tract at Fisherman's Cut,45.240000
2020-07-28,Baseline (BAU),Calling on Reserve,Franks Tract (10 supplied RMA stations),10,46.240000,9.832318,saltier,281,South Franks Tract at Bethel Island,8.360000,1.518585,saltier,265,Little Franks Tract at Fisherman's Cut,37.880000
2020-07-29,Baseline (BAU),Calling on Reserve,Franks Tract (10 supplied RMA stations),10,43.170000,9.179523,saltier,281,South Franks Tract at Bethel Island,6.490000,1.641691,saltier,285,Frank's Tract North East,36.680000
2020-07-30,Baseline (BAU),Calling on Reserve,Franks Tract (10 supplied RMA stations),10,39.370000,8.371504,saltier,281,South Franks Tract at Bethel Island,5.390000,1.363439,saltier,285,Frank's Tract North East,33.980000
2020-07-31,Baseline (BAU),Calling on Reserve,Franks Tract (10 supplied RMA stations),10,35.040000,7.450788,saltier,281,South Franks Tract at Bethel Island,3.380000,0.613973,saltier,265,Little Franks Tract at Fisherman's Cut,31.660000
2020-08-01,Baseline (BAU),Calling on Reserve,Franks Tract (10 supplied RMA stations),10,30.670000,6.521566,saltier,281,South Franks Tract at Bethel Island,-8.560000,-1.554915,fresher,265,Little Franks Tract at Fisherman's Cut,39.230000
2020-08-02,Baseline (BAU),Calling on Reserve,Franks Tract (10 supplied RMA stations),10,25.630000,5.449877,saltier,281,South Franks Tract at Bethel Island,-24.770000,-4.499443,fresher,265,Little Franks Tract at Fisherman's Cut,50.400000
2020-08-03,Baseline (BAU),Calling on Reserve,Franks Tract (10 supplied RMA stations),10,19.860000,4.222964,saltier,281,South Franks Tract at Bethel Island,-40.300000,-7.320450,fresher,265,Little Franks Tract at Fisherman's Cut,60.160000
2020-08-04,Baseline (BAU),Calling on Reserve,Franks Tract (10 supplied RMA stations),10,14.040000,2.985418,saltier,281,South Franks Tract at Bethel Island,-48.390000,-8.789990,fresher,265,Little Franks Tract at Fisherman's Cut,62.430000
2020-08-05,Baseline (BAU),Calling on Reserve,Franks Tract (10 supplied RMA stations),10,7.870000,1.673450,saltier,281,South Franks Tract at Bethel Island,-54.840000,-9.961625,fresher,265,Little Franks Tract at Fisherman's Cut,62.710000
2020-08-06,Baseline (BAU),Calling on Reserve,Franks Tract (10 supplied RMA stations),10,0.670000,0.142467,saltier,281,South Franks Tract at Bethel Island,-64.390000,-11.696372,fresher,265,Little Franks Tract at Fisherman's Cut,65.060000
2020-08-07,Baseline (BAU),Calling on Reserve,Franks Tract (10 supplied RMA stations),10,-7.060000,-1.501215,fresher,281,South Franks Tract at Bethel Island,-76.930000,-13.974249,fresher,265,Little Franks Tract at Fisherman's Cut,69.870000
2020-08-08,Baseline (BAU),Calling on Reserve,Franks Tract (10 supplied RMA stations),10,-11.210000,-2.885334,fresher,292,Frank's Tract at Old River,-90.990000,-16.528233,fresher,265,Little Franks Tract at Fisherman's Cut,79.780000
2020-08-09,Baseline (BAU),Calling on Reserve,Franks Tract (10 supplied RMA stations),10,-16.360000,-4.210889,fresher,292,Frank's Tract at Old River,-106.450000,-19.336525,fresher,265,Little Franks Tract at Fisherman's Cut,90.090000
2020-08-10,Baseline (BAU),Calling on Reserve,Franks Tract (10 supplied RMA stations),10,-23.230000,-5.979154,fresher,292,Frank's Tract at Old River,-127.520000,-23.163867,fresher,265,Little Franks Tract at Fisherman's Cut,104.290000
2020-08-11,Baseline (BAU),Calling on Reserve,Franks Tract (10 supplied RMA stations),10,-32.020000,-8.241606,fresher,292,Frank's Tract at Old River,-148.860000,-27.040254,fresher,265,Little Franks Tract at Fisherman's Cut,116.840000
2020-08-12,Baseline (BAU),Calling on Reserve,Franks Tract (10 supplied RMA stations),10,-38.940000,-10.022740,fresher,292,Frank's Tract at Old River,-173.220000,-31.465221,fresher,265,Little Franks Tract at Fisherman's Cut,134.280000
2020-08-13,Baseline (BAU),Calling on Reserve,Franks Tract (10 supplied RMA stations),10,-44.930000,-11.564502,fresher,292,Frank's Tract at Old River,-205.860000,-37.394241,fresher,265,Little Franks Tract at Fisherman's Cut,160.930000
2020-08-14,Baseline (BAU),Calling on Reserve,Franks Tract (10 supplied RMA stations),10,-53.110000,-13.669947,fresher,292,Frank's Tract at Old River,-233.640000,-42.440447,fresher,265,Little Franks Tract at Fisherman's Cut,180.530000
2020-08-15,Baseline (BAU),Calling on Reserve,Franks Tract (10 supplied RMA stations),10,-64.380000,-16.570724,fresher,292,Frank's Tract at Old River,-262.010000,-47.593826,fresher,265,Little Franks Tract at Fisherman's Cut,197.630000
2020-08-16,Baseline (BAU),Calling on Reserve,Franks Tract (10 supplied RMA stations),10,-81.640000,-21.013264,fresher,292,Frank's Tract at Old River,-289.490000,-52.585538,fresher,265,Little Franks Tract at Fisherman's Cut,207.850000
2020-08-17,Baseline (BAU),Calling on Reserve,Franks Tract (10 supplied RMA stations),10,-97.920000,-25.203562,fresher,292,Frank's Tract at Old River,-303.910000,-55.204915,fresher,265,Little Franks Tract at Fisherman's Cut,205.990000
2020-08-18,Baseline (BAU),Calling on Reserve,Franks Tract (10 supplied RMA stations),10,-109.800000,-28.261347,fresher,292,Frank's Tract at Old River,-311.700000,-56.619960,fresher,265,Little Franks Tract at Fisherman's Cut,201.900000
2020-08-19,Baseline (BAU),Calling on Reserve,Franks Tract (10 supplied RMA stations),10,-122.410000,-31.507027,fresher,292,Frank's Tract at Old River,-317.610000,-57.693505,fresher,265,Little Franks Tract at Fisherman's Cut,195.200000
2020-08-20,Baseline (BAU),Calling on Reserve,Franks Tract (10 supplied RMA stations),10,-128.030000,-32.953554,fresher,292,Frank's Tract at Old River,-339.520000,-61.673432,fresher,265,Little Franks Tract at Fisherman's Cut,211.490000
2020-08-21,Baseline (BAU),Calling on Reserve,Franks Tract (10 supplied RMA stations),10,-130.150000,-33.499220,fresher,292,Frank's Tract at Old River,-363.680000,-66.062069,fresher,265,Little Franks Tract at Fisherman's Cut,233.530000
2020-08-22,Baseline (BAU),Calling on Reserve,Franks Tract (10 supplied RMA stations),10,-131.990000,-33.972816,fresher,292,Frank's Tract at Old River,-380.130000,-69.050193,fresher,265,Little Franks Tract at Fisherman's Cut,248.140000
2020-08-23,Baseline (BAU),Calling on Reserve,Franks Tract (10 supplied RMA stations),10,-133.080000,-34.253371,fresher,292,Frank's Tract at Old River,-424.840000,-77.171715,fresher,265,Little Franks Tract at Fisherman's Cut,291.760000
2020-08-24,Baseline (BAU),Calling on Reserve,Franks Tract (10 supplied RMA stations),10,-145.620000,-37.481033,fresher,292,Frank's Tract at Old River,-474.680000,-86.225096,fresher,265,Little Franks Tract at Fisherman's Cut,329.060000
2020-08-25,Baseline (BAU),Calling on Reserve,Franks Tract (10 supplied RMA stations),10,-166.960000,-42.973721,fresher,292,Frank's Tract at Old River,-519.440000,-94.355700,fresher,265,Little Franks Tract at Fisherman's Cut,352.480000
2020-08-26,Baseline (BAU),Calling on Reserve,Franks Tract (10 supplied RMA stations),10,-187.870000,-48.355731,fresher,292,Frank's Tract at Old River,-556.360000,-101.062178,fresher,265,Little Franks Tract at Fisherman's Cut,368.490000
2020-08-27,Baseline (BAU),Calling on Reserve,Franks Tract (10 supplied RMA stations),10,-206.750000,-53.215242,fresher,292,Frank's Tract at Old River,-587.870000,-106.785934,fresher,265,Little Franks Tract at Fisherman's Cut,381.120000
2020-08-28,Baseline (BAU),Calling on Reserve,Franks Tract (10 supplied RMA stations),10,-231.450000,-59.572758,fresher,292,Frank's Tract at Old River,-611.080000,-111.002005,fresher,265,Little Franks Tract at Fisherman's Cut,379.630000
2020-08-29,Baseline (BAU),Calling on Reserve,Franks Tract (10 supplied RMA stations),10,-266.600000,-68.619992,fresher,292,Frank's Tract at Old River,-609.120000,-110.645973,fresher,265,Little Franks Tract at Fisherman's Cut,342.520000
2020-08-30,Baseline (BAU),Calling on Reserve,Franks Tract (10 supplied RMA stations),10,-293.320000,-75.497435,fresher,292,Frank's Tract at Old River,-598.310000,-108.682349,fresher,265,Little Franks Tract at Fisherman's Cut,304.990000
2020-08-31,Baseline (BAU),Calling on Reserve,Franks Tract (10 supplied RMA stations),10,-310.910000,-80.024913,fresher,292,Frank's Tract at Old River,-592.180000,-107.568841,fresher,265,Little Franks Tract at Fisherman's Cut,281.270000
2020-09-01,Baseline (BAU),Calling on Reserve,Franks Tract (10 supplied RMA stations),10,-325.980000,-83.903770,fresher,292,Frank's Tract at Old River,-576.220000,-104.669725,fresher,265,Little Franks Tract at Fisherman's Cut,250.240000
2020-09-02,Baseline (BAU),Calling on Reserve,Franks Tract (10 supplied RMA stations),10,-339.660000,-87.424856,fresher,292,Frank's Tract at Old River,-525.080000,-95.380200,fresher,265,Little Franks Tract at Fisherman's Cut,185.420000
2020-09-03,Baseline (BAU),Calling on Reserve,Franks Tract (10 supplied RMA stations),10,-344.900000,-88.773576,fresher,292,Frank's Tract at Old River,-475.100000,-97.937028,fresher,274,Piper Slough at Bethal Tract,130.200000
2020-09-04,Baseline (BAU),Calling on Reserve,Franks Tract (10 supplied RMA stations),10,-337.230000,-85.304708,fresher,285,Frank's Tract North East,-457.370000,-94.282169,fresher,274,Piper Slough at Bethal Tract,120.140000
2020-09-05,Baseline (BAU),Calling on Reserve,Franks Tract (10 supplied RMA stations),10,-318.870000,-80.660416,fresher,285,Frank's Tract North East,-437.760000,-93.083812,fresher,281,South Franks Tract at Bethel Island,118.890000
2020-09-06,Baseline (BAU),Calling on Reserve,Franks Tract (10 supplied RMA stations),10,-296.550000,-75.014415,fresher,285,Frank's Tract North East,-423.070000,-89.960180,fresher,281,South Franks Tract at Bethel Island,126.520000
2020-09-07,Baseline (BAU),Calling on Reserve,Franks Tract (10 supplied RMA stations),10,-272.490000,-68.928268,fresher,285,Frank's Tract North East,-404.420000,-85.994507,fresher,281,South Franks Tract at Bethel Island,131.930000
2020-09-08,Baseline (BAU),Calling on Reserve,Franks Tract (10 supplied RMA stations),10,-212.860000,-38.665783,fresher,265,Little Franks Tract at Fisherman's Cut,-378.130000,-80.404290,fresher,281,South Franks Tract at Bethel Island,165.270000
2020-09-09,Baseline (BAU),Calling on Reserve,Franks Tract (10 supplied RMA stations),10,-147.350000,-26.765964,fresher,265,Little Franks Tract at Fisherman's Cut,-349.850000,-74.390926,fresher,281,South Franks Tract at Bethel Island,202.500000
2020-09-10,Baseline (BAU),Calling on Reserve,Franks Tract (10 supplied RMA stations),10,-94.800000,-17.220315,fresher,265,Little Franks Tract at Fisherman's Cut,-322.090000,-68.488133,fresher,281,South Franks Tract at Bethel Island,227.290000
2020-09-11,Baseline (BAU),Calling on Reserve,Franks Tract (10 supplied RMA stations),10,-40.530000,-7.362230,fresher,265,Little Franks Tract at Fisherman's Cut,-292.100000,-62.111160,fresher,281,South Franks Tract at Bethel Island,251.570000
2020-09-12,Baseline (BAU),Calling on Reserve,Franks Tract (10 supplied RMA stations),10,18.940000,3.440430,saltier,265,Little Franks Tract at Fisherman's Cut,-258.270000,-54.917663,fresher,281,South Franks Tract at Bethel Island,277.210000
2020-09-13,Baseline (BAU),Calling on Reserve,Franks Tract (10 supplied RMA stations),10,70.320000,12.773550,saltier,265,Little Franks Tract at Fisherman's Cut,-220.870000,-46.965053,fresher,281,South Franks Tract at Bethel Island,291.190000
2020-09-14,Baseline (BAU),Calling on Reserve,Franks Tract (10 supplied RMA stations),10,105.960000,19.247517,saltier,265,Little Franks Tract at Fisherman's Cut,-182.390000,-38.782795,fresher,281,South Franks Tract at Bethel Island,288.350000
2020-09-15,Baseline (BAU),Calling on Reserve,Franks Tract (10 supplied RMA stations),10,137.430000,24.964007,saltier,265,Little Franks Tract at Fisherman's Cut,-143.420000,-30.496346,fresher,281,South Franks Tract at Bethel Island,280.850000
2020-09-16,Baseline (BAU),Calling on Reserve,Franks Tract (10 supplied RMA stations),10,169.180000,30.731360,saltier,265,Little Franks Tract at Fisherman's Cut,-105.050000,-22.337478,fresher,281,South Franks Tract at Bethel Island,274.230000
2020-09-17,Baseline (BAU),Calling on Reserve,Franks Tract (10 supplied RMA stations),10,201.380000,36.580454,saltier,265,Little Franks Tract at Fisherman's Cut,-68.800000,-14.629400,fresher,281,South Franks Tract at Bethel Island,270.180000
2020-09-18,Baseline (BAU),Calling on Reserve,Franks Tract (10 supplied RMA stations),10,227.470000,41.319673,saltier,265,Little Franks Tract at Fisherman's Cut,-34.380000,-7.310447,fresher,281,South Franks Tract at Bethel Island,261.850000
2020-09-19,Baseline (BAU),Calling on Reserve,Franks Tract (10 supplied RMA stations),10,249.100000,45.248739,saltier,265,Little Franks Tract at Fisherman's Cut,-1.920000,-0.408262,fresher,281,South Franks Tract at Bethel Island,251.020000
2020-09-20,Baseline (BAU),Calling on Reserve,Franks Tract (10 supplied RMA stations),10,269.940000,49.034302,saltier,265,Little Franks Tract at Fisherman's Cut,27.450000,5.836876,saltier,281,South Franks Tract at Bethel Island,242.490000
2020-09-21,Baseline (BAU),Calling on Reserve,Franks Tract (10 supplied RMA stations),10,297.760000,54.087774,saltier,265,Little Franks Tract at Fisherman's Cut,55.420000,11.784322,saltier,281,South Franks Tract at Bethel Island,242.340000
2020-09-22,Baseline (BAU),Calling on Reserve,Franks Tract (10 supplied RMA stations),10,330.150000,59.971382,saltier,265,Little Franks Tract at Fisherman's Cut,77.710000,20.001724,saltier,292,Frank's Tract at Old River,252.440000
2020-09-23,Baseline (BAU),Calling on Reserve,Franks Tract (10 supplied RMA stations),10,354.090000,64.320056,saltier,265,Little Franks Tract at Fisherman's Cut,94.450000,24.310421,saltier,292,Frank's Tract at Old River,259.640000
2020-09-24,Baseline (BAU),Calling on Reserve,Franks Tract (10 supplied RMA stations),10,370.210000,67.248236,saltier,265,Little Franks Tract at Fisherman's Cut,114.040000,29.352678,saltier,292,Frank's Tract at Old River,256.170000
2020-09-25,Baseline (BAU),Calling on Reserve,Franks Tract (10 supplied RMA stations),10,362.370000,65.824109,saltier,265,Little Franks Tract at Fisherman's Cut,128.110000,32.974146,saltier,292,Frank's Tract at Old River,234.260000
2020-09-26,Baseline (BAU),Calling on Reserve,Franks Tract (10 supplied RMA stations),10,341.570000,62.045812,saltier,265,Little Franks Tract at Fisherman's Cut,133.980000,34.485021,saltier,292,Frank's Tract at Old River,207.590000
2020-09-27,Baseline (BAU),Calling on Reserve,Franks Tract (10 supplied RMA stations),10,336.710000,61.162998,saltier,265,Little Franks Tract at Fisherman's Cut,137.110000,35.290649,saltier,292,Frank's Tract at Old River,199.600000
2020-09-28,Baseline (BAU),Calling on Reserve,Franks Tract (10 supplied RMA stations),10,345.640000,62.785123,saltier,265,Little Franks Tract at Fisherman's Cut,142.470000,36.670256,saltier,292,Frank's Tract at Old River,203.170000
2020-09-29,Baseline (BAU),Calling on Reserve,Franks Tract (10 supplied RMA stations),10,345.200000,62.705198,saltier,265,Little Franks Tract at Fisherman's Cut,153.220000,39.437191,saltier,292,Frank's Tract at Old River,191.980000
2020-09-30,Baseline (BAU),Calling on Reserve,Franks Tract (10 supplied RMA stations),10,325.410000,59.110366,saltier,265,Little Franks Tract at Fisherman's Cut,164.500000,42.340543,saltier,292,Frank's Tract at Old River,160.910000
2020-10-01,Baseline (BAU),Calling on Reserve,Franks Tract (10 supplied RMA stations),10,316.720000,57.531837,saltier,265,Little Franks Tract at Fisherman's Cut,169.110000,43.527108,saltier,292,Frank's Tract at Old River,147.610000
2020-10-02,Baseline (BAU),Calling on Reserve,Franks Tract (10 supplied RMA stations),10,328.790000,59.724339,saltier,265,Little Franks Tract at Fisherman's Cut,169.480000,43.622342,saltier,292,Frank's Tract at Old River,159.310000
2020-10-03,Baseline (BAU),Calling on Reserve,Franks Tract (10 supplied RMA stations),10,334.420000,60.747022,saltier,265,Little Franks Tract at Fisherman's Cut,172.370000,44.366197,saltier,292,Frank's Tract at Old River,162.050000
2020-10-04,Baseline (BAU),Calling on Reserve,Franks Tract (10 supplied RMA stations),10,322.950000,58.663510,saltier,265,Little Franks Tract at Fisherman's Cut,176.580000,45.449806,saltier,292,Frank's Tract at Old River,146.370000
2020-10-05,Baseline (BAU),Calling on Reserve,Franks Tract (10 supplied RMA stations),10,310.220000,56.351119,saltier,265,Little Franks Tract at Fisherman's Cut,176.370000,45.395754,saltier,292,Frank's Tract at Old River,133.850000
2020-10-06,Baseline (BAU),Calling on Reserve,Franks Tract (10 supplied RMA stations),10,310.560000,56.412880,saltier,265,Little Franks Tract at Fisherman's Cut,175.980000,45.295372,saltier,292,Frank's Tract at Old River,134.580000
2020-10-07,Baseline (BAU),Calling on Reserve,Franks Tract (10 supplied RMA stations),10,322.570000,58.594483,saltier,265,Little Franks Tract at Fisherman's Cut,178.300000,45.892516,saltier,292,Frank's Tract at Old River,144.270000
2020-10-08,Baseline (BAU),Calling on Reserve,Franks Tract (10 supplied RMA stations),10,340.630000,61.875062,saltier,265,Little Franks Tract at Fisherman's Cut,182.760000,47.040472,saltier,292,Frank's Tract at Old River,157.870000
2020-10-09,Baseline (BAU),Calling on Reserve,Franks Tract (10 supplied RMA stations),10,347.020000,63.035798,saltier,265,Little Franks Tract at Fisherman's Cut,181.480000,46.711014,saltier,292,Frank's Tract at Old River,165.540000
2020-10-10,Baseline (BAU),Calling on Reserve,Franks Tract (10 supplied RMA stations),10,343.350000,62.369147,saltier,265,Little Franks Tract at Fisherman's Cut,177.210000,45.611961,saltier,292,Frank's Tract at Old River,166.140000
2020-10-11,Baseline (BAU),Calling on Reserve,Franks Tract (10 supplied RMA stations),10,326.310000,59.273850,saltier,265,Little Franks Tract at Fisherman's Cut,174.570000,44.932453,saltier,292,Frank's Tract at Old River,151.740000
2020-10-12,Baseline (BAU),Calling on Reserve,Franks Tract (10 supplied RMA stations),10,317.920000,57.749816,saltier,265,Little Franks Tract at Fisherman's Cut,169.760000,43.694411,saltier,292,Frank's Tract at Old River,148.160000
2020-10-13,Baseline (BAU),Calling on Reserve,Franks Tract (10 supplied RMA stations),10,327.080000,59.413720,saltier,265,Little Franks Tract at Fisherman's Cut,167.300000,43.061233,saltier,292,Frank's Tract at Old River,159.780000
2020-10-14,Baseline (BAU),Calling on Reserve,Franks Tract (10 supplied RMA stations),10,333.340000,60.550842,saltier,265,Little Franks Tract at Fisherman's Cut,168.840000,43.457613,saltier,292,Frank's Tract at Old River,164.500000
2020-10-15,Baseline (BAU),Calling on Reserve,Franks Tract (10 supplied RMA stations),10,344.350000,62.550796,saltier,265,Little Franks Tract at Fisherman's Cut,171.760000,44.209189,saltier,292,Frank's Tract at Old River,172.590000
2020-10-16,Baseline (BAU),Calling on Reserve,Franks Tract (10 supplied RMA stations),10,363.670000,66.060253,saltier,265,Little Franks Tract at Fisherman's Cut,177.030000,45.565631,saltier,292,Frank's Tract at Old River,186.640000
2020-10-17,Baseline (BAU),Calling on Reserve,Franks Tract (10 supplied RMA stations),10,387.190000,70.332634,saltier,265,Little Franks Tract at Fisherman's Cut,184.110000,47.387947,saltier,292,Frank's Tract at Old River,203.080000
2020-10-18,Baseline (BAU),Calling on Reserve,Franks Tract (10 supplied RMA stations),10,412.310000,74.895655,saltier,265,Little Franks Tract at Fisherman's Cut,192.590000,49.570609,saltier,292,Frank's Tract at Old River,219.720000
2020-10-19,Baseline (BAU),Calling on Reserve,Franks Tract (10 supplied RMA stations),10,443.560000,80.572183,saltier,265,Little Franks Tract at Fisherman's Cut,203.390000,52.350414,saltier,292,Frank's Tract at Old River,240.170000
2020-10-20,Baseline (BAU),Calling on Reserve,Franks Tract (10 supplied RMA stations),10,477.100000,86.664686,saltier,265,Little Franks Tract at Fisherman's Cut,215.760000,55.534319,saltier,292,Frank's Tract at Old River,261.340000
2020-10-21,Baseline (BAU),Calling on Reserve,Franks Tract (10 supplied RMA stations),10,515.400000,93.621839,saltier,265,Little Franks Tract at Fisherman's Cut,229.550000,59.083718,saltier,292,Frank's Tract at Old River,285.850000
2020-10-22,Baseline (BAU),Calling on Reserve,Franks Tract (10 supplied RMA stations),10,547.800000,99.507263,saltier,265,Little Franks Tract at Fisherman's Cut,244.580000,62.952280,saltier,292,Frank's Tract at Old River,303.220000
2020-10-23,Baseline (BAU),Calling on Reserve,Franks Tract (10 supplied RMA stations),10,546.910000,99.345596,saltier,265,Little Franks Tract at Fisherman's Cut,261.940000,67.420558,saltier,292,Frank's Tract at Old River,284.970000
2020-10-24,Baseline (BAU),Calling on Reserve,Franks Tract (10 supplied RMA stations),10,538.240000,97.770700,saltier,265,Little Franks Tract at Fisherman's Cut,276.030000,71.047174,saltier,292,Frank's Tract at Old River,262.210000
2020-10-25,Baseline (BAU),Calling on Reserve,Franks Tract (10 supplied RMA stations),10,533.590000,96.926032,saltier,265,Little Franks Tract at Fisherman's Cut,281.430000,72.437076,saltier,292,Frank's Tract at Old River,252.160000
2020-10-26,Baseline (BAU),Calling on Reserve,Franks Tract (10 supplied RMA stations),10,534.120000,97.022306,saltier,265,Little Franks Tract at Fisherman's Cut,279.760000,72.007236,saltier,292,Frank's Tract at Old River,254.360000
2020-10-27,Baseline (BAU),Calling on Reserve,Franks Tract (10 supplied RMA stations),10,569.890000,103.519887,saltier,265,Little Franks Tract at Fisherman's Cut,277.460000,71.415240,saltier,292,Frank's Tract at Old River,292.430000
2020-10-28,Baseline (BAU),Calling on Reserve,Franks Tract (10 supplied RMA stations),10,595.660000,108.200979,saltier,265,Little Franks Tract at Fisherman's Cut,280.520000,72.202852,saltier,292,Frank's Tract at Old River,315.140000
2020-10-29,Baseline (BAU),Calling on Reserve,Franks Tract (10 supplied RMA stations),10,614.610000,111.643226,saltier,265,Little Franks Tract at Fisherman's Cut,292.120000,75.188568,saltier,292,Frank's Tract at Old River,322.490000
2020-10-30,Baseline (BAU),Calling on Reserve,Franks Tract (10 supplied RMA stations),10,642.270000,116.667634,saltier,265,Little Franks Tract at Fisherman's Cut,308.980000,79.528152,saltier,292,Frank's Tract at Old River,333.290000
2020-10-31,Baseline (BAU),Calling on Reserve,Franks Tract (10 supplied RMA stations),10,667.240000,121.203407,saltier,265,Little Franks Tract at Fisherman's Cut,323.350000,83.226836,saltier,292,Frank's Tract at Old River,343.890000
2020-11-01,Baseline (BAU),Calling on Reserve,Franks Tract (10 supplied RMA stations),10,688.730000,125.107041,saltier,265,Little Franks Tract at Fisherman's Cut,332.120000,85.484141,saltier,292,Frank's Tract at Old River,356.610000
2020-11-02,Baseline (BAU),Calling on Reserve,Franks Tract (10 supplied RMA stations),10,727.620000,132.171367,saltier,265,Little Franks Tract at Fisherman's Cut,340.940000,87.754314,saltier,292,Frank's Tract at Old River,386.680000
2020-11-03,Baseline (BAU),Calling on Reserve,Franks Tract (10 supplied RMA stations),10,774.510000,140.688883,saltier,265,Little Franks Tract at Fisherman's Cut,358.490000,92.271497,saltier,292,Frank's Tract at Old River,416.020000
2020-11-04,Baseline (BAU),Calling on Reserve,Franks Tract (10 supplied RMA stations),10,791.450000,143.766016,saltier,265,Little Franks Tract at Fisherman's Cut,376.480000,96.901931,saltier,292,Frank's Tract at Old River,414.970000
2020-11-05,Baseline (BAU),Calling on Reserve,Franks Tract (10 supplied RMA stations),10,822.340000,149.377150,saltier,265,Little Franks Tract at Fisherman's Cut,385.480000,99.218435,saltier,292,Frank's Tract at Old River,436.860000
2020-11-06,Baseline (BAU),Calling on Reserve,Franks Tract (10 supplied RMA stations),10,883.900000,160.559456,saltier,265,Little Franks Tract at Fisherman's Cut,420.840000,108.319721,saltier,292,Frank's Tract at Old River,463.060000
2020-11-07,Baseline (BAU),Calling on Reserve,Franks Tract (10 supplied RMA stations),10,854.420000,155.204446,saltier,265,Little Franks Tract at Fisherman's Cut,442.540000,113.905069,saltier,292,Frank's Tract at Old River,411.880000
2020-11-08,Baseline (BAU),Calling on Reserve,Franks Tract (10 supplied RMA stations),10,791.360000,143.749667,saltier,265,Little Franks Tract at Fisherman's Cut,446.150000,114.834245,saltier,292,Frank's Tract at Old River,345.210000
2020-11-09,Baseline (BAU),Calling on Reserve,Franks Tract (10 supplied RMA stations),10,747.130000,135.715337,saltier,265,Little Franks Tract at Fisherman's Cut,444.960000,114.527951,saltier,292,Frank's Tract at Old River,302.170000
2020-11-10,Baseline (BAU),Calling on Reserve,Franks Tract (10 supplied RMA stations),10,746.240000,135.553669,saltier,265,Little Franks Tract at Fisherman's Cut,441.870000,113.732618,saltier,292,Frank's Tract at Old River,304.370000
2020-11-11,Baseline (BAU),Calling on Reserve,Franks Tract (10 supplied RMA stations),10,760.020000,138.056791,saltier,265,Little Franks Tract at Fisherman's Cut,444.890000,114.509934,saltier,292,Frank's Tract at Old River,315.130000
2020-11-12,Baseline (BAU),Calling on Reserve,Franks Tract (10 supplied RMA stations),10,771.910000,140.216596,saltier,265,Little Franks Tract at Fisherman's Cut,453.490000,116.723482,saltier,292,Frank's Tract at Old River,318.420000
2020-11-13,Baseline (BAU),Calling on Reserve,Franks Tract (10 supplied RMA stations),10,785.480000,142.681572,saltier,265,Little Franks Tract at Fisherman's Cut,464.460000,119.547043,saltier,292,Frank's Tract at Old River,321.020000
2020-11-14,Baseline (BAU),Calling on Reserve,Franks Tract (10 supplied RMA stations),10,765.050000,138.970485,saltier,265,Little Franks Tract at Fisherman's Cut,469.610000,120.872598,saltier,292,Frank's Tract at Old River,295.440000
2020-11-15,Baseline (BAU),Calling on Reserve,Franks Tract (10 supplied RMA stations),10,743.520000,135.059584,saltier,265,Little Franks Tract at Fisherman's Cut,467.980000,120.453053,saltier,292,Frank's Tract at Old River,275.540000
2020-11-16,Baseline (BAU),Calling on Reserve,Franks Tract (10 supplied RMA stations),10,744.280000,135.197637,saltier,265,Little Franks Tract at Fisherman's Cut,466.220000,120.000048,saltier,292,Frank's Tract at Old River,278.060000
2020-11-17,Baseline (BAU),Calling on Reserve,Franks Tract (10 supplied RMA stations),10,764.020000,138.783386,saltier,265,Little Franks Tract at Fisherman's Cut,473.210000,121.799199,saltier,292,Frank's Tract at Old River,290.810000
2020-11-18,Baseline (BAU),Calling on Reserve,Franks Tract (10 supplied RMA stations),10,719.360000,130.670947,saltier,265,Little Franks Tract at Fisherman's Cut,482.680000,124.236676,saltier,292,Frank's Tract at Old River,236.680000
2020-11-19,Baseline (BAU),Calling on Reserve,Franks Tract (10 supplied RMA stations),10,648.340000,117.770243,saltier,265,Little Franks Tract at Fisherman's Cut,481.690000,123.981861,saltier,292,Frank's Tract at Old River,166.650000
2020-11-20,Baseline (BAU),Calling on Reserve,Franks Tract (10 supplied RMA stations),10,603.490000,109.623290,saltier,265,Little Franks Tract at Fisherman's Cut,474.980000,122.254779,saltier,292,Frank's Tract at Old River,128.510000
2020-11-21,Baseline (BAU),Calling on Reserve,Franks Tract (10 supplied RMA stations),10,574.490000,118.425264,saltier,274,Piper Slough at Bethal Tract,466.160000,119.984605,saltier,292,Frank's Tract at Old River,108.330000
2020-11-22,Baseline (BAU),Calling on Reserve,Franks Tract (10 supplied RMA stations),10,559.890000,119.053124,saltier,281,South Franks Tract at Bethel Island,458.430000,117.994985,saltier,292,Frank's Tract at Old River,101.460000
2020-11-23,Baseline (BAU),Calling on Reserve,Franks Tract (10 supplied RMA stations),10,545.620000,116.018799,saltier,281,South Franks Tract at Bethel Island,451.610000,116.239590,saltier,292,Frank's Tract at Old River,94.010000
2020-11-24,Baseline (BAU),Calling on Reserve,Franks Tract (10 supplied RMA stations),10,530.780000,112.863272,saltier,281,South Franks Tract at Bethel Island,442.350000,111.895553,saltier,285,Frank's Tract North East,88.430000
2020-11-25,Baseline (BAU),Calling on Reserve,Franks Tract (10 supplied RMA stations),10,515.150000,109.539761,saltier,281,South Franks Tract at Bethel Island,429.110000,108.546402,saltier,285,Frank's Tract North East,86.040000
2020-11-26,Baseline (BAU),Calling on Reserve,Franks Tract (10 supplied RMA stations),10,498.660000,106.033383,saltier,281,South Franks Tract at Bethel Island,408.090000,103.229245,saltier,285,Frank's Tract North East,90.570000
2020-11-27,Baseline (BAU),Calling on Reserve,Franks Tract (10 supplied RMA stations),10,481.000000,102.278220,saltier,281,South Franks Tract at Bethel Island,387.960000,98.137219,saltier,285,Frank's Tract North East,93.040000
2020-11-28,Baseline (BAU),Calling on Reserve,Franks Tract (10 supplied RMA stations),10,463.650000,98.588974,saltier,281,South Franks Tract at Bethel Island,373.100000,94.378277,saltier,285,Frank's Tract North East,90.550000
2020-11-29,Baseline (BAU),Calling on Reserve,Franks Tract (10 supplied RMA stations),10,446.610000,94.965646,saltier,281,South Franks Tract at Bethel Island,358.060000,90.573803,saltier,285,Frank's Tract North East,88.550000
2018-10-01,Baseline (BAU),A Tunnel,Franks Tract (10 supplied RMA stations),10,852.490000,154.853864,saltier,265,Little Franks Tract at Fisherman's Cut,442.410000,113.871608,saltier,292,Frank's Tract at Old River,410.080000
2018-10-02,Baseline (BAU),A Tunnel,Franks Tract (10 supplied RMA stations),10,873.970000,158.755682,saltier,265,Little Franks Tract at Fisherman's Cut,453.150000,116.635970,saltier,292,Frank's Tract at Old River,420.820000
2018-10-03,Baseline (BAU),A Tunnel,Franks Tract (10 supplied RMA stations),10,870.430000,158.112645,saltier,265,Little Franks Tract at Fisherman's Cut,459.170000,118.185453,saltier,292,Frank's Tract at Old River,411.260000
2018-10-04,Baseline (BAU),A Tunnel,Franks Tract (10 supplied RMA stations),10,845.170000,153.524194,saltier,265,Little Franks Tract at Fisherman's Cut,465.370000,119.781267,saltier,292,Frank's Tract at Old River,379.800000
2018-10-05,Baseline (BAU),A Tunnel,Franks Tract (10 supplied RMA stations),10,813.440000,147.760475,saltier,265,Little Franks Tract at Fisherman's Cut,468.820000,120.669260,saltier,292,Frank's Tract at Old River,344.620000
2018-10-06,Baseline (BAU),A Tunnel,Franks Tract (10 supplied RMA stations),10,791.390000,143.755117,saltier,265,Little Franks Tract at Fisherman's Cut,452.270000,116.409467,saltier,292,Frank's Tract at Old River,339.120000
2018-10-07,Baseline (BAU),A Tunnel,Franks Tract (10 supplied RMA stations),10,756.280000,137.377424,saltier,265,Little Franks Tract at Fisherman's Cut,416.580000,107.223242,saltier,292,Frank's Tract at Old River,339.700000
2018-10-08,Baseline (BAU),A Tunnel,Franks Tract (10 supplied RMA stations),10,769.720000,139.818785,saltier,265,Little Franks Tract at Fisherman's Cut,428.010000,110.165202,saltier,292,Frank's Tract at Old River,341.710000
2018-10-09,Baseline (BAU),A Tunnel,Franks Tract (10 supplied RMA stations),10,819.350000,148.834020,saltier,265,Little Franks Tract at Fisherman's Cut,445.350000,114.628333,saltier,292,Frank's Tract at Old River,374.000000
2018-10-10,Baseline (BAU),A Tunnel,Franks Tract (10 supplied RMA stations),10,866.650000,157.426012,saltier,265,Little Franks Tract at Fisherman's Cut,456.290000,117.444172,saltier,292,Frank's Tract at Old River,410.360000
2018-10-11,Baseline (BAU),A Tunnel,Franks Tract (10 supplied RMA stations),10,894.320000,162.452237,saltier,265,Little Franks Tract at Fisherman's Cut,466.560000,120.087561,saltier,292,Frank's Tract at Old River,427.760000
2018-10-12,Baseline (BAU),A Tunnel,Franks Tract (10 supplied RMA stations),10,904.800000,164.355917,saltier,265,Little Franks Tract at Fisherman's Cut,476.840000,122.733523,saltier,292,Frank's Tract at Old River,427.960000
2018-10-13,Baseline (BAU),A Tunnel,Franks Tract (10 supplied RMA stations),10,918.440000,166.833608,saltier,265,Little Franks Tract at Fisherman's Cut,489.910000,126.097601,saltier,292,Frank's Tract at Old River,428.530000
2018-10-14,Baseline (BAU),A Tunnel,Franks Tract (10 supplied RMA stations),10,881.360000,160.098067,saltier,265,Little Franks Tract at Fisherman's Cut,478.270000,123.101589,saltier,292,Frank's Tract at Old River,403.090000
2018-10-15,Baseline (BAU),A Tunnel,Franks Tract (10 supplied RMA stations),10,826.410000,150.116461,saltier,265,Little Franks Tract at Fisherman's Cut,472.890000,119.620862,saltier,285,Frank's Tract North East,353.520000
2018-10-16,Baseline (BAU),A Tunnel,Franks Tract (10 supplied RMA stations),10,810.690000,147.260940,saltier,265,Little Franks Tract at Fisherman's Cut,479.120000,121.196784,saltier,285,Frank's Tract North East,331.570000
2018-10-17,Baseline (BAU),A Tunnel,Franks Tract (10 supplied RMA stations),10,795.810000,144.558005,saltier,265,Little Franks Tract at Fisherman's Cut,476.820000,120.614983,saltier,285,Frank's Tract North East,318.990000
2018-10-18,Baseline (BAU),A Tunnel,Franks Tract (10 supplied RMA stations),10,783.130000,142.254697,saltier,265,Little Franks Tract at Fisherman's Cut,474.480000,122.126084,saltier,292,Frank's Tract at Old River,308.650000
2018-10-19,Baseline (BAU),A Tunnel,Franks Tract (10 supplied RMA stations),10,788.910000,143.304627,saltier,265,Little Franks Tract at Fisherman's Cut,472.830000,121.701392,saltier,292,Frank's Tract at Old River,316.080000
2018-10-20,Baseline (BAU),A Tunnel,Franks Tract (10 supplied RMA stations),10,823.610000,149.607844,saltier,265,Little Franks Tract at Fisherman's Cut,480.280000,123.618942,saltier,292,Frank's Tract at Old River,343.330000
2018-10-21,Baseline (BAU),A Tunnel,Franks Tract (10 supplied RMA stations),10,872.690000,158.523172,saltier,265,Little Franks Tract at Fisherman's Cut,494.630000,127.312479,saltier,292,Frank's Tract at Old River,378.060000
2018-10-22,Baseline (BAU),A Tunnel,Franks Tract (10 supplied RMA stations),10,903.710000,164.157920,saltier,265,Little Franks Tract at Fisherman's Cut,510.930000,131.507925,saltier,292,Frank's Tract at Old River,392.780000
2018-10-23,Baseline (BAU),A Tunnel,Franks Tract (10 supplied RMA stations),10,908.060000,164.948093,saltier,265,Little Franks Tract at Fisherman's Cut,526.580000,135.536067,saltier,292,Frank's Tract at Old River,381.480000
2018-10-24,Baseline (BAU),A Tunnel,Franks Tract (10 supplied RMA stations),10,899.960000,163.476737,saltier,265,Little Franks Tract at Fisherman's Cut,535.450000,137.819111,saltier,292,Frank's Tract at Old River,364.510000
2018-10-25,Baseline (BAU),A Tunnel,Franks Tract (10 supplied RMA stations),10,899.430000,163.380463,saltier,265,Little Franks Tract at Fisherman's Cut,539.400000,138.835799,saltier,292,Frank's Tract at Old River,360.030000
2018-10-26,Baseline (BAU),A Tunnel,Franks Tract (10 supplied RMA stations),10,926.620000,168.319496,saltier,265,Little Franks Tract at Fisherman's Cut,544.150000,140.058398,saltier,292,Frank's Tract at Old River,382.470000
2018-10-27,Baseline (BAU),A Tunnel,Franks Tract (10 supplied RMA stations),10,975.500000,177.198494,saltier,265,Little Franks Tract at Fisherman's Cut,551.700000,142.001687,saltier,292,Frank's Tract at Old River,423.800000
2018-10-28,Baseline (BAU),A Tunnel,Franks Tract (10 supplied RMA stations),10,1008.140000,183.127514,saltier,265,Little Franks Tract at Fisherman's Cut,558.720000,143.808560,saltier,292,Frank's Tract at Old River,449.420000
2018-10-29,Baseline (BAU),A Tunnel,Franks Tract (10 supplied RMA stations),10,990.100000,179.850568,saltier,265,Little Franks Tract at Fisherman's Cut,548.370000,141.144581,saltier,292,Frank's Tract at Old River,441.730000
2018-10-30,Baseline (BAU),A Tunnel,Franks Tract (10 supplied RMA stations),10,983.500000,178.651685,saltier,265,Little Franks Tract at Fisherman's Cut,513.520000,132.174563,saltier,292,Frank's Tract at Old River,469.980000
2018-10-31,Baseline (BAU),A Tunnel,Franks Tract (10 supplied RMA stations),10,980.060000,178.026813,saltier,265,Little Franks Tract at Fisherman's Cut,510.520000,131.402395,saltier,292,Frank's Tract at Old River,469.540000
2018-11-01,Baseline (BAU),A Tunnel,Franks Tract (10 supplied RMA stations),10,978.620000,177.765239,saltier,265,Little Franks Tract at Fisherman's Cut,523.860000,134.835968,saltier,292,Frank's Tract at Old River,454.760000
2018-11-02,Baseline (BAU),A Tunnel,Franks Tract (10 supplied RMA stations),10,995.210000,180.778794,saltier,265,Little Franks Tract at Fisherman's Cut,537.280000,138.290133,saltier,292,Frank's Tract at Old River,457.930000
2018-11-03,Baseline (BAU),A Tunnel,Franks Tract (10 supplied RMA stations),10,1031.810000,187.427143,saltier,265,Little Franks Tract at Fisherman's Cut,550.140000,141.600160,saltier,292,Frank's Tract at Old River,481.670000
2018-11-04,Baseline (BAU),A Tunnel,Franks Tract (10 supplied RMA stations),10,1083.590000,196.832923,saltier,265,Little Franks Tract at Fisherman's Cut,565.060000,145.440408,saltier,292,Frank's Tract at Old River,518.530000
2018-11-05,Baseline (BAU),A Tunnel,Franks Tract (10 supplied RMA stations),10,1130.380000,205.332275,saltier,265,Little Franks Tract at Fisherman's Cut,583.220000,150.114598,saltier,292,Frank's Tract at Old River,547.160000
2018-11-06,Baseline (BAU),A Tunnel,Franks Tract (10 supplied RMA stations),10,1178.940000,214.153145,saltier,265,Little Franks Tract at Fisherman's Cut,603.680000,155.380784,saltier,292,Frank's Tract at Old River,575.260000
2018-11-07,Baseline (BAU),A Tunnel,Franks Tract (10 supplied RMA stations),10,1239.740000,225.197397,saltier,265,Little Franks Tract at Fisherman's Cut,622.600000,160.250590,saltier,292,Frank's Tract at Old River,617.140000
2018-11-08,Baseline (BAU),A Tunnel,Franks Tract (10 supplied RMA stations),10,1295.500000,235.326140,saltier,265,Little Franks Tract at Fisherman's Cut,636.940000,163.941553,saltier,292,Frank's Tract at Old River,658.560000
2018-11-09,Baseline (BAU),A Tunnel,Franks Tract (10 supplied RMA stations),10,1340.460000,243.493074,saltier,265,Little Franks Tract at Fisherman's Cut,656.330000,168.932332,saltier,292,Frank's Tract at Old River,684.130000
2018-11-10,Baseline (BAU),A Tunnel,Franks Tract (10 supplied RMA stations),10,1393.560000,253.138630,saltier,265,Little Franks Tract at Fisherman's Cut,671.930000,172.947605,saltier,292,Frank's Tract at Old River,721.630000
2018-11-11,Baseline (BAU),A Tunnel,Franks Tract (10 supplied RMA stations),10,1406.800000,255.543661,saltier,265,Little Franks Tract at Fisherman's Cut,683.980000,176.049146,saltier,292,Frank's Tract at Old River,722.820000
2018-11-12,Baseline (BAU),A Tunnel,Franks Tract (10 supplied RMA stations),10,1360.800000,247.187812,saltier,265,Little Franks Tract at Fisherman's Cut,691.470000,177.976992,saltier,292,Frank's Tract at Old River,669.330000
2018-11-13,Baseline (BAU),A Tunnel,Franks Tract (10 supplied RMA stations),10,1330.830000,241.743795,saltier,265,Little Franks Tract at Fisherman's Cut,691.420000,177.964123,saltier,292,Frank's Tract at Old River,639.410000
2018-11-14,Baseline (BAU),A Tunnel,Franks Tract (10 supplied RMA stations),10,1340.320000,243.467643,saltier,265,Little Franks Tract at Fisherman's Cut,689.270000,177.410736,saltier,292,Frank's Tract at Old River,651.050000
2018-11-15,Baseline (BAU),A Tunnel,Franks Tract (10 supplied RMA stations),10,1367.020000,248.317668,saltier,265,Little Franks Tract at Fisherman's Cut,695.360000,178.978237,saltier,292,Frank's Tract at Old River,671.660000
2018-11-16,Baseline (BAU),A Tunnel,Franks Tract (10 supplied RMA stations),10,1395.300000,253.454699,saltier,265,Little Franks Tract at Fisherman's Cut,713.280000,183.590653,saltier,292,Frank's Tract at Old River,682.020000
2018-11-17,Baseline (BAU),A Tunnel,Franks Tract (10 supplied RMA stations),10,1413.720000,256.800672,saltier,265,Little Franks Tract at Fisherman's Cut,734.830000,189.137393,saltier,292,Frank's Tract at Old River,678.890000
2018-11-18,Baseline (BAU),A Tunnel,Franks Tract (10 supplied RMA stations),10,1435.700000,260.793314,saltier,265,Little Franks Tract at Fisherman's Cut,755.870000,194.552864,saltier,292,Frank's Tract at Old River,679.830000
2018-11-19,Baseline (BAU),A Tunnel,Franks Tract (10 supplied RMA stations),10,1484.020000,269.570589,saltier,265,Little Franks Tract at Fisherman's Cut,771.290000,198.521808,saltier,292,Frank's Tract at Old River,712.730000
2018-11-20,Baseline (BAU),A Tunnel,Franks Tract (10 supplied RMA stations),10,1567.220000,284.683776,saltier,265,Little Franks Tract at Fisherman's Cut,796.880000,205.108400,saltier,292,Frank's Tract at Old River,770.340000
2018-11-21,Baseline (BAU),A Tunnel,Franks Tract (10 supplied RMA stations),10,1668.330000,303.050296,saltier,265,Little Franks Tract at Fisherman's Cut,839.030000,215.957360,saltier,292,Frank's Tract at Old River,829.300000
2018-11-22,Baseline (BAU),A Tunnel,Franks Tract (10 supplied RMA stations),10,1731.380000,314.503259,saltier,265,Little Franks Tract at Fisherman's Cut,885.510000,227.920816,saltier,292,Frank's Tract at Old River,845.870000
2018-11-23,Baseline (BAU),A Tunnel,Franks Tract (10 supplied RMA stations),10,1776.230000,322.650211,saltier,265,Little Franks Tract at Fisherman's Cut,922.290000,237.387595,saltier,292,Frank's Tract at Old River,853.940000
2018-11-24,Baseline (BAU),A Tunnel,Franks Tract (10 supplied RMA stations),10,1815.960000,329.867122,saltier,265,Little Franks Tract at Fisherman's Cut,951.410000,244.882772,saltier,292,Frank's Tract at Old River,864.550000
2018-11-25,Baseline (BAU),A Tunnel,Franks Tract (10 supplied RMA stations),10,1824.440000,331.407504,saltier,265,Little Franks Tract at Fisherman's Cut,971.090000,249.948193,saltier,292,Frank's Tract at Old River,853.350000
2018-11-26,Baseline (BAU),A Tunnel,Franks Tract (10 supplied RMA stations),10,1832.850000,332.935172,saltier,265,Little Franks Tract at Fisherman's Cut,978.510000,251.858022,saltier,292,Frank's Tract at Old River,854.340000
2018-11-27,Baseline (BAU),A Tunnel,Franks Tract (10 supplied RMA stations),10,1897.740000,344.722368,saltier,265,Little Franks Tract at Fisherman's Cut,980.090000,252.264697,saltier,292,Frank's Tract at Old River,917.650000
2018-11-28,Baseline (BAU),A Tunnel,Franks Tract (10 supplied RMA stations),10,2023.740000,367.610129,saltier,265,Little Franks Tract at Fisherman's Cut,992.750000,255.523246,saltier,292,Frank's Tract at Old River,1030.990000
2018-11-29,Baseline (BAU),A Tunnel,Franks Tract (10 supplied RMA stations),10,2219.650000,403.196963,saltier,265,Little Franks Tract at Fisherman's Cut,1049.160000,270.042578,saltier,292,Frank's Tract at Old River,1170.490000
2018-11-30,Baseline (BAU),A Tunnel,Franks Tract (10 supplied RMA stations),10,2070.680000,376.136728,saltier,265,Little Franks Tract at Fisherman's Cut,1128.650000,290.502455,saltier,292,Frank's Tract at Old River,942.030000
2018-12-01,Baseline (BAU),A Tunnel,Franks Tract (10 supplied RMA stations),10,1932.430000,351.023768,saltier,265,Little Franks Tract at Fisherman's Cut,1159.440000,298.427472,saltier,292,Frank's Tract at Old River,772.990000
2018-12-02,Baseline (BAU),A Tunnel,Franks Tract (10 supplied RMA stations),10,1885.580000,342.513518,saltier,265,Little Franks Tract at Fisherman's Cut,1168.960000,300.877818,saltier,292,Frank's Tract at Old River,716.620000
2018-12-03,Baseline (BAU),A Tunnel,Franks Tract (10 supplied RMA stations),10,1869.590000,339.608952,saltier,265,Little Franks Tract at Fisherman's Cut,1161.230000,298.888199,saltier,292,Frank's Tract at Old River,708.360000
2018-12-04,Baseline (BAU),A Tunnel,Franks Tract (10 supplied RMA stations),10,1924.670000,349.614173,saltier,265,Little Franks Tract at Fisherman's Cut,1146.940000,295.210105,saltier,292,Frank's Tract at Old River,777.730000
2018-12-05,Baseline (BAU),A Tunnel,Franks Tract (10 supplied RMA stations),10,2001.680000,363.602954,saltier,265,Little Franks Tract at Fisherman's Cut,1156.470000,297.663025,saltier,292,Frank's Tract at Old River,845.210000
2018-12-06,Baseline (BAU),A Tunnel,Franks Tract (10 supplied RMA stations),10,2029.350000,368.629179,saltier,265,Little Franks Tract at Fisherman's Cut,1188.220000,305.835136,saltier,292,Frank's Tract at Old River,841.130000
2018-12-07,Baseline (BAU),A Tunnel,Franks Tract (10 supplied RMA stations),10,2004.790000,364.167882,saltier,265,Little Franks Tract at Fisherman's Cut,1213.290000,312.287886,saltier,292,Frank's Tract at Old River,791.500000
2018-12-08,Baseline (BAU),A Tunnel,Franks Tract (10 supplied RMA stations),10,1958.340000,355.730291,saltier,265,Little Franks Tract at Fisherman's Cut,1221.560000,314.416496,saltier,292,Frank's Tract at Old River,736.780000
2018-12-09,Baseline (BAU),A Tunnel,Franks Tract (10 supplied RMA stations),10,1941.060000,352.591398,saltier,265,Little Franks Tract at Fisherman's Cut,1217.490000,313.368922,saltier,292,Frank's Tract at Old River,723.570000
2018-12-10,Baseline (BAU),A Tunnel,Franks Tract (10 supplied RMA stations),10,1925.660000,349.794005,saltier,265,Little Franks Tract at Fisherman's Cut,1213.570000,312.359955,saltier,292,Frank's Tract at Old River,712.090000
2018-12-11,Baseline (BAU),A Tunnel,Franks Tract (10 supplied RMA stations),10,1885.510000,342.500802,saltier,265,Little Franks Tract at Fisherman's Cut,1217.130000,313.276261,saltier,292,Frank's Tract at Old River,668.380000
2018-12-12,Baseline (BAU),A Tunnel,Franks Tract (10 supplied RMA stations),10,1812.670000,329.269497,saltier,265,Little Franks Tract at Fisherman's Cut,1219.150000,313.796188,saltier,292,Frank's Tract at Old River,593.520000
2018-12-13,Baseline (BAU),A Tunnel,Franks Tract (10 supplied RMA stations),10,1764.850000,320.583047,saltier,265,Little Franks Tract at Fisherman's Cut,1214.670000,312.643084,saltier,292,Frank's Tract at Old River,550.180000
2018-12-14,Baseline (BAU),A Tunnel,Franks Tract (10 supplied RMA stations),10,1826.960000,331.865260,saltier,265,Little Franks Tract at Fisherman's Cut,1209.300000,311.260903,saltier,292,Frank's Tract at Old River,617.660000
2018-12-15,Baseline (BAU),A Tunnel,Franks Tract (10 supplied RMA stations),10,1808.510000,328.513838,saltier,265,Little Franks Tract at Fisherman's Cut,1241.470000,319.541117,saltier,292,Frank's Tract at Old River,567.040000
2018-12-16,Baseline (BAU),A Tunnel,Franks Tract (10 supplied RMA stations),10,1811.250000,329.011556,saltier,265,Little Franks Tract at Fisherman's Cut,1276.980000,328.681012,saltier,292,Frank's Tract at Old River,534.270000
2018-12-17,Baseline (BAU),A Tunnel,Franks Tract (10 supplied RMA stations),10,1778.180000,323.004427,saltier,265,Little Franks Tract at Fisherman's Cut,1306.810000,336.358936,saltier,292,Frank's Tract at Old River,471.370000
2018-12-18,Baseline (BAU),A Tunnel,Franks Tract (10 supplied RMA stations),10,1712.690000,311.108241,saltier,265,Little Franks Tract at Fisherman's Cut,1321.030000,340.019012,saltier,292,Frank's Tract at Old River,391.660000
2018-12-19,Baseline (BAU),A Tunnel,Franks Tract (10 supplied RMA stations),10,1686.780000,306.401718,saltier,265,Little Franks Tract at Fisherman's Cut,1304.610000,335.792679,saltier,292,Frank's Tract at Old River,382.170000
2018-12-20,Baseline (BAU),A Tunnel,Franks Tract (10 supplied RMA stations),10,1673.430000,303.976705,saltier,265,Little Franks Tract at Fisherman's Cut,1277.690000,328.863759,saltier,292,Frank's Tract at Old River,395.740000
2018-12-21,Baseline (BAU),A Tunnel,Franks Tract (10 supplied RMA stations),10,1664.530000,302.360030,saltier,265,Little Franks Tract at Fisherman's Cut,1261.430000,324.678608,saltier,292,Frank's Tract at Old River,403.100000
2018-12-22,Baseline (BAU),A Tunnel,Franks Tract (10 supplied RMA stations),10,1631.850000,296.423744,saltier,265,Little Franks Tract at Fisherman's Cut,1253.920000,322.745614,saltier,292,Frank's Tract at Old River,377.930000
2018-12-23,Baseline (BAU),A Tunnel,Franks Tract (10 supplied RMA stations),10,1590.480000,288.908930,saltier,265,Little Franks Tract at Fisherman's Cut,1243.720000,320.120243,saltier,292,Frank's Tract at Old River,346.760000
2018-12-24,Baseline (BAU),A Tunnel,Franks Tract (10 supplied RMA stations),10,1569.100000,285.025276,saltier,265,Little Franks Tract at Fisherman's Cut,1227.540000,315.955684,saltier,292,Frank's Tract at Old River,341.560000
2018-12-25,Baseline (BAU),A Tunnel,Franks Tract (10 supplied RMA stations),10,1512.730000,274.785728,saltier,265,Little Franks Tract at Fisherman's Cut,1214.310000,312.550424,saltier,292,Frank's Tract at Old River,298.420000
2018-12-26,Baseline (BAU),A Tunnel,Franks Tract (10 supplied RMA stations),10,1444.840000,307.225912,saltier,281,South Franks Tract at Bethel Island,1200.470000,308.988155,saltier,292,Frank's Tract at Old River,244.370000
2018-12-27,Baseline (BAU),A Tunnel,Franks Tract (10 supplied RMA stations),10,1416.330000,301.163641,saltier,281,South Franks Tract at Bethel Island,1158.260000,292.990039,saltier,285,Frank's Tract North East,258.070000
2018-12-28,Baseline (BAU),A Tunnel,Franks Tract (10 supplied RMA stations),10,1386.420000,294.803680,saltier,281,South Franks Tract at Bethel Island,1084.040000,274.215566,saltier,285,Frank's Tract North East,302.380000
2018-12-29,Baseline (BAU),A Tunnel,Franks Tract (10 supplied RMA stations),10,1347.490000,286.525735,saltier,281,South Franks Tract at Bethel Island,1043.380000,263.930332,saltier,285,Frank's Tract North East,304.110000
2018-12-30,Baseline (BAU),A Tunnel,Franks Tract (10 supplied RMA stations),10,1305.390000,277.573733,saltier,281,South Franks Tract at Bethel Island,1008.690000,255.155252,saltier,285,Frank's Tract North East,296.700000
2018-12-31,Baseline (BAU),A Tunnel,Franks Tract (10 supplied RMA stations),10,1261.530000,268.247491,saltier,281,South Franks Tract at Bethel Island,939.040000,237.536793,saltier,285,Frank's Tract North East,322.490000
2019-01-01,Baseline (BAU),A Tunnel,Franks Tract (10 supplied RMA stations),10,1213.320000,257.996279,saltier,281,South Franks Tract at Bethel Island,882.730000,223.292781,saltier,285,Frank's Tract North East,330.590000
2019-01-02,Baseline (BAU),A Tunnel,Franks Tract (10 supplied RMA stations),10,1162.210000,247.128420,saltier,281,South Franks Tract at Bethel Island,855.930000,216.513532,saltier,285,Frank's Tract North East,306.280000
2019-01-03,Baseline (BAU),A Tunnel,Franks Tract (10 supplied RMA stations),10,1111.100000,236.260562,saltier,281,South Franks Tract at Bethel Island,822.890000,208.155831,saltier,285,Frank's Tract North East,288.210000
2019-01-04,Baseline (BAU),A Tunnel,Franks Tract (10 supplied RMA stations),10,1061.870000,225.792461,saltier,281,South Franks Tract at Bethel Island,788.750000,199.519877,saltier,285,Frank's Tract North East,273.120000
2019-01-05,Baseline (BAU),A Tunnel,Franks Tract (10 supplied RMA stations),10,1012.280000,215.247810,saltier,281,South Franks Tract at Bethel Island,727.250000,132.104157,saltier,265,Little Franks Tract at Fisherman's Cut,285.030000
2019-01-06,Baseline (BAU),A Tunnel,Franks Tract (10 supplied RMA stations),10,954.750000,203.014825,saltier,281,South Franks Tract at Bethel Island,640.250000,116.300703,saltier,265,Little Franks Tract at Fisherman's Cut,314.500000
2019-01-07,Baseline (BAU),A Tunnel,Franks Tract (10 supplied RMA stations),10,899.490000,191.264524,saltier,281,South Franks Tract at Bethel Island,601.070000,109.183700,saltier,265,Little Franks Tract at Fisherman's Cut,298.420000
2019-01-08,Baseline (BAU),A Tunnel,Franks Tract (10 supplied RMA stations),10,852.040000,181.174916,saltier,281,South Franks Tract at Bethel Island,554.770000,100.773356,saltier,265,Little Franks Tract at Fisherman's Cut,297.270000
2019-01-09,Baseline (BAU),A Tunnel,Franks Tract (10 supplied RMA stations),10,805.790000,171.340472,saltier,281,South Franks Tract at Bethel Island,503.140000,91.394824,saltier,265,Little Franks Tract at Fisherman's Cut,302.650000
2019-01-10,Baseline (BAU),A Tunnel,Franks Tract (10 supplied RMA stations),10,761.450000,161.912164,saltier,281,South Franks Tract at Bethel Island,495.400000,89.988861,saltier,265,Little Franks Tract at Fisherman's Cut,266.050000
2019-01-11,Baseline (BAU),A Tunnel,Franks Tract (10 supplied RMA stations),10,721.070000,153.325896,saltier,281,South Franks Tract at Bethel Island,477.600000,86.755511,saltier,265,Little Franks Tract at Fisherman's Cut,243.470000
2019-01-12,Baseline (BAU),A Tunnel,Franks Tract (10 supplied RMA stations),10,685.600000,145.783675,saltier,281,South Franks Tract at Bethel Island,452.700000,82.232453,saltier,265,Little Franks Tract at Fisherman's Cut,232.900000
2019-01-13,Baseline (BAU),A Tunnel,Franks Tract (10 supplied RMA stations),10,650.230000,138.262717,saltier,281,South Franks Tract at Bethel Island,436.480000,79.286108,saltier,265,Little Franks Tract at Fisherman's Cut,213.750000
2019-01-14,Baseline (BAU),A Tunnel,Franks Tract (10 supplied RMA stations),10,615.790000,130.939512,saltier,281,South Franks Tract at Bethel Island,417.100000,75.765753,saltier,265,Little Franks Tract at Fisherman's Cut,198.690000
2019-01-15,Baseline (BAU),A Tunnel,Franks Tract (10 supplied RMA stations),10,581.780000,123.707740,saltier,281,South Franks Tract at Bethel Island,388.730000,98.331996,saltier,285,Frank's Tract North East,193.050000
2019-01-16,Baseline (BAU),A Tunnel,Franks Tract (10 supplied RMA stations),10,548.510000,116.633319,saltier,281,South Franks Tract at Bethel Island,360.730000,91.249199,saltier,285,Frank's Tract North East,187.780000
2019-01-17,Baseline (BAU),A Tunnel,Franks Tract (10 supplied RMA stations),10,519.520000,110.468983,saltier,281,South Franks Tract at Bethel Island,340.800000,61.905942,saltier,265,Little Franks Tract at Fisherman's Cut,178.720000
2019-01-18,Baseline (BAU),A Tunnel,Franks Tract (10 supplied RMA stations),10,491.950000,104.606591,saltier,281,South Franks Tract at Bethel Island,334.160000,60.699794,saltier,265,Little Franks Tract at Fisherman's Cut,157.790000
2019-01-19,Baseline (BAU),A Tunnel,Franks Tract (10 supplied RMA stations),10,467.320000,99.369351,saltier,281,South Franks Tract at Bethel Island,325.180000,59.068587,saltier,265,Little Franks Tract at Fisherman's Cut,142.140000
2019-01-20,Baseline (BAU),A Tunnel,Franks Tract (10 supplied RMA stations),10,445.060000,94.636060,saltier,281,South Franks Tract at Bethel Island,315.210000,57.257547,saltier,265,Little Franks Tract at Fisherman's Cut,129.850000
2019-01-21,Baseline (BAU),A Tunnel,Franks Tract (10 supplied RMA stations),10,424.480000,90.259998,saltier,281,South Franks Tract at Bethel Island,306.510000,55.677202,saltier,265,Little Franks Tract at Fisherman's Cut,117.970000
2019-01-22,Baseline (BAU),A Tunnel,Franks Tract (10 supplied RMA stations),10,404.300000,85.968990,saltier,281,South Franks Tract at Bethel Island,296.100000,53.786237,saltier,265,Little Franks Tract at Fisherman's Cut,108.200000
2019-01-23,Baseline (BAU),A Tunnel,Franks Tract (10 supplied RMA stations),10,385.450000,81.960790,saltier,281,South Franks Tract at Bethel Island,283.420000,55.357399,saltier,270,Frank's Tract at False River,102.030000
2019-01-24,Baseline (BAU),A Tunnel,Franks Tract (10 supplied RMA stations),10,368.410000,78.337462,saltier,281,South Franks Tract at Bethel Island,261.290000,66.095149,saltier,285,Frank's Tract North East,107.120000
2019-01-25,Baseline (BAU),A Tunnel,Franks Tract (10 supplied RMA stations),10,350.580000,74.546150,saltier,281,South Franks Tract at Bethel Island,238.490000,60.327728,saltier,285,Frank's Tract North East,112.090000
2019-01-26,Baseline (BAU),A Tunnel,Franks Tract (10 supplied RMA stations),10,332.360000,70.671911,saltier,281,South Franks Tract at Bethel Island,218.780000,55.341945,saltier,285,Frank's Tract North East,113.580000
2019-01-27,Baseline (BAU),A Tunnel,Franks Tract (10 supplied RMA stations),10,313.780000,66.721122,saltier,281,South Franks Tract at Bethel Island,198.480000,50.206916,saltier,285,Frank's Tract North East,115.300000
2019-01-28,Baseline (BAU),A Tunnel,Franks Tract (10 supplied RMA stations),10,294.960000,62.719301,saltier,281,South Franks Tract at Bethel Island,176.290000,44.593799,saltier,285,Frank's Tract North East,118.670000
2019-01-29,Baseline (BAU),A Tunnel,Franks Tract (10 supplied RMA stations),10,275.620000,58.606909,saltier,281,South Franks Tract at Bethel Island,154.480000,39.076806,saltier,285,Frank's Tract North East,121.140000
2019-01-30,Baseline (BAU),A Tunnel,Franks Tract (10 supplied RMA stations),10,255.250000,54.275500,saltier,281,South Franks Tract at Bethel Island,133.070000,33.660995,saltier,285,Frank's Tract North East,122.180000
2019-01-31,Baseline (BAU),A Tunnel,Franks Tract (10 supplied RMA stations),10,233.270000,49.601747,saltier,281,South Franks Tract at Bethel Island,112.750000,28.520908,saltier,285,Frank's Tract North East,120.520000
2019-02-01,Baseline (BAU),A Tunnel,Franks Tract (10 supplied RMA stations),10,208.220000,44.275200,saltier,281,South Franks Tract at Bethel Island,94.760000,23.970211,saltier,285,Frank's Tract North East,113.460000
2019-02-02,Baseline (BAU),A Tunnel,Franks Tract (10 supplied RMA stations),10,179.890000,38.251204,saltier,281,South Franks Tract at Bethel Island,80.190000,20.284626,saltier,285,Frank's Tract North East,99.700000
2019-02-03,Baseline (BAU),A Tunnel,Franks Tract (10 supplied RMA stations),10,155.580000,33.082007,saltier,281,South Franks Tract at Bethel Island,62.770000,15.878114,saltier,285,Frank's Tract North East,92.810000
2019-02-04,Baseline (BAU),A Tunnel,Franks Tract (10 supplied RMA stations),10,136.530000,29.031279,saltier,281,South Franks Tract at Bethel Island,53.060000,13.421901,saltier,285,Frank's Tract North East,83.470000
2019-02-05,Baseline (BAU),A Tunnel,Franks Tract (10 supplied RMA stations),10,119.880000,25.490879,saltier,281,South Franks Tract at Bethel Island,42.900000,7.792737,saltier,265,Little Franks Tract at Fisherman's Cut,76.980000
2019-02-06,Baseline (BAU),A Tunnel,Franks Tract (10 supplied RMA stations),10,105.920000,22.522472,saltier,281,South Franks Tract at Bethel Island,37.170000,6.751889,saltier,265,Little Franks Tract at Fisherman's Cut,68.750000
2019-02-07,Baseline (BAU),A Tunnel,Franks Tract (10 supplied RMA stations),10,95.260000,20.255766,saltier,281,South Franks Tract at Bethel Island,36.130000,6.562974,saltier,265,Little Franks Tract at Fisherman's Cut,59.130000
2019-02-08,Baseline (BAU),A Tunnel,Franks Tract (10 supplied RMA stations),10,88.570000,20.141907,saltier,291,Frank's Tract at Sheep Slough,33.840000,6.146999,saltier,265,Little Franks Tract at Fisherman's Cut,54.730000
2019-02-09,Baseline (BAU),A Tunnel,Franks Tract (10 supplied RMA stations),10,85.530000,19.450574,saltier,291,Frank's Tract at Sheep Slough,29.270000,5.316863,saltier,265,Little Franks Tract at Fisherman's Cut,56.260000
2019-02-10,Baseline (BAU),A Tunnel,Franks Tract (10 supplied RMA stations),10,82.610000,18.786530,saltier,291,Frank's Tract at Sheep Slough,26.100000,4.741036,saltier,265,Little Franks Tract at Fisherman's Cut,56.510000
2019-02-11,Baseline (BAU),A Tunnel,Franks Tract (10 supplied RMA stations),10,79.350000,18.045166,saltier,291,Frank's Tract at Sheep Slough,24.670000,4.481278,saltier,265,Little Franks Tract at Fisherman's Cut,54.680000
2019-02-12,Baseline (BAU),A Tunnel,Franks Tract (10 supplied RMA stations),10,72.300000,16.441909,saltier,291,Frank's Tract at Sheep Slough,22.160000,4.025339,saltier,265,Little Franks Tract at Fisherman's Cut,50.140000
2019-02-13,Baseline (BAU),A Tunnel,Franks Tract (10 supplied RMA stations),10,63.030000,13.402487,saltier,281,South Franks Tract at Bethel Island,16.700000,3.033536,saltier,265,Little Franks Tract at Fisherman's Cut,46.330000
2019-02-14,Baseline (BAU),A Tunnel,Franks Tract (10 supplied RMA stations),10,56.590000,12.033107,saltier,281,South Franks Tract at Bethel Island,7.500000,1.930420,saltier,292,Frank's Tract at Old River,49.090000
2019-02-15,Baseline (BAU),A Tunnel,Franks Tract (10 supplied RMA stations),10,48.160000,10.240580,saltier,281,South Franks Tract at Bethel Island,1.540000,0.389554,saltier,285,Frank's Tract North East,46.620000
2019-02-16,Baseline (BAU),A Tunnel,Franks Tract (10 supplied RMA stations),10,38.930000,8.277944,saltier,281,South Franks Tract at Bethel Island,-1.800000,-0.455323,fresher,285,Frank's Tract North East,40.730000
2019-02-17,Baseline (BAU),A Tunnel,Franks Tract (10 supplied RMA stations),10,29.470000,6.266402,saltier,281,South Franks Tract at Bethel Island,-3.210000,-0.811992,fresher,285,Frank's Tract North East,32.680000
2019-02-18,Baseline (BAU),A Tunnel,Franks Tract (10 supplied RMA stations),10,19.110000,4.063486,saltier,281,South Franks Tract at Bethel Island,-5.520000,-1.420789,fresher,292,Frank's Tract at Old River,24.630000
2019-02-19,Baseline (BAU),A Tunnel,Franks Tract (10 supplied RMA stations),10,9.760000,2.075334,saltier,281,South Franks Tract at Bethel Island,-7.450000,-1.917550,fresher,292,Frank's Tract at Old River,17.210000
2019-02-20,Baseline (BAU),A Tunnel,Franks Tract (10 supplied RMA stations),10,3.330000,0.708080,saltier,281,South Franks Tract at Bethel Island,-8.060000,-2.074558,fresher,292,Frank's Tract at Old River,11.390000
2019-02-21,Baseline (BAU),A Tunnel,Franks Tract (10 supplied RMA stations),10,-0.450000,-0.095686,fresher,281,South Franks Tract at Bethel Island,-7.530000,-1.938142,fresher,292,Frank's Tract at Old River,7.080000
2019-02-22,Baseline (BAU),A Tunnel,Franks Tract (10 supplied RMA stations),10,-2.970000,-0.631531,fresher,281,South Franks Tract at Bethel Island,-6.870000,-1.542609,fresher,283,Franks Tract,3.900000
2019-02-23,Baseline (BAU),A Tunnel,Franks Tract (10 supplied RMA stations),10,-4.490000,-0.815604,fresher,265,Little Franks Tract at Fisherman's Cut,-7.280000,-1.873794,fresher,292,Frank's Tract at Old River,2.790000
2019-02-24,Baseline (BAU),A Tunnel,Franks Tract (10 supplied RMA stations),10,-5.500000,-0.999069,fresher,265,Little Franks Tract at Fisherman's Cut,-10.010000,-2.576467,fresher,292,Frank's Tract at Old River,4.510000
2019-02-25,Baseline (BAU),A Tunnel,Franks Tract (10 supplied RMA stations),10,-6.710000,-1.383198,fresher,274,Piper Slough at Bethal Tract,-14.220000,-3.660076,fresher,292,Frank's Tract at Old River,7.510000
2019-02-26,Baseline (BAU),A Tunnel,Franks Tract (10 supplied RMA stations),10,-7.460000,-1.537803,fresher,274,Piper Slough at Bethal Tract,-18.190000,-4.681912,fresher,292,Frank's Tract at Old River,10.730000
2019-02-27,Baseline (BAU),A Tunnel,Franks Tract (10 supplied RMA stations),10,-9.220000,-1.900609,fresher,274,Piper Slough at Bethal Tract,-20.120000,-5.178673,fresher,292,Frank's Tract at Old River,10.900000
2019-02-28,Baseline (BAU),A Tunnel,Franks Tract (10 supplied RMA stations),10,-11.690000,-2.123476,fresher,265,Little Franks Tract at Fisherman's Cut,-25.850000,-5.878608,fresher,291,Frank's Tract at Sheep Slough,14.160000
2019-03-01,Baseline (BAU),A Tunnel,Franks Tract (10 supplied RMA stations),10,-12.890000,-2.341454,fresher,265,Little Franks Tract at Fisherman's Cut,-38.040000,-8.650764,fresher,291,Frank's Tract at Sheep Slough,25.150000
2019-03-02,Baseline (BAU),A Tunnel,Franks Tract (10 supplied RMA stations),10,-13.090000,-2.377784,fresher,265,Little Franks Tract at Fisherman's Cut,-45.740000,-10.401838,fresher,291,Frank's Tract at Sheep Slough,32.650000
2019-03-03,Baseline (BAU),A Tunnel,Franks Tract (10 supplied RMA stations),10,-15.940000,-2.895483,fresher,265,Little Franks Tract at Fisherman's Cut,-54.380000,-12.366681,fresher,291,Frank's Tract at Sheep Slough,38.440000
2019-03-04,Baseline (BAU),A Tunnel,Franks Tract (10 supplied RMA stations),10,-23.060000,-4.188823,fresher,265,Little Franks Tract at Fisherman's Cut,-67.060000,-15.250269,fresher,291,Frank's Tract at Sheep Slough,44.000000
2019-03-05,Baseline (BAU),A Tunnel,Franks Tract (10 supplied RMA stations),10,-29.400000,-5.340477,fresher,265,Little Franks Tract at Fisherman's Cut,-76.850000,-17.476635,fresher,291,Frank's Tract at Sheep Slough,47.450000
2019-03-06,Baseline (BAU),A Tunnel,Franks Tract (10 supplied RMA stations),10,-30.720000,-5.580254,fresher,265,Little Franks Tract at Fisherman's Cut,-74.870000,-17.026359,fresher,291,Frank's Tract at Sheep Slough,44.150000
2019-03-07,Baseline (BAU),A Tunnel,Franks Tract (10 supplied RMA stations),10,-29.200000,-5.304148,fresher,265,Little Franks Tract at Fisherman's Cut,-78.680000,-17.892799,fresher,291,Frank's Tract at Sheep Slough,49.480000
2019-03-08,Baseline (BAU),A Tunnel,Franks Tract (10 supplied RMA stations),10,-32.110000,-5.832746,fresher,265,Little Franks Tract at Fisherman's Cut,-89.200000,-20.285177,fresher,291,Frank's Tract at Sheep Slough,57.090000
2019-03-09,Baseline (BAU),A Tunnel,Franks Tract (10 supplied RMA stations),10,-33.790000,-6.137916,fresher,265,Little Franks Tract at Fisherman's Cut,-97.950000,-22.275034,fresher,291,Frank's Tract at Sheep Slough,64.160000
2019-03-10,Baseline (BAU),A Tunnel,Franks Tract (10 supplied RMA stations),10,-32.880000,-5.972616,fresher,265,Little Franks Tract at Fisherman's Cut,-107.450000,-24.435451,fresher,291,Frank's Tract at Sheep Slough,74.570000
2019-03-11,Baseline (BAU),A Tunnel,Franks Tract (10 supplied RMA stations),10,-34.280000,-6.226924,fresher,265,Little Franks Tract at Fisherman's Cut,-118.310000,-26.905149,fresher,291,Frank's Tract at Sheep Slough,84.030000
2019-03-12,Baseline (BAU),A Tunnel,Franks Tract (10 supplied RMA stations),10,-38.430000,-6.980767,fresher,265,Little Franks Tract at Fisherman's Cut,-129.010000,-29.338460,fresher,291,Frank's Tract at Sheep Slough,90.580000
2019-03-13,Baseline (BAU),A Tunnel,Franks Tract (10 supplied RMA stations),10,-42.440000,-7.709179,fresher,265,Little Franks Tract at Fisherman's Cut,-151.640000,-34.484800,fresher,291,Frank's Tract at Sheep Slough,109.200000
2019-03-14,Baseline (BAU),A Tunnel,Franks Tract (10 supplied RMA stations),10,-44.410000,-8.067027,fresher,265,Little Franks Tract at Fisherman's Cut,-157.820000,-35.890208,fresher,291,Frank's Tract at Sheep Slough,113.410000
2019-03-15,Baseline (BAU),A Tunnel,Franks Tract (10 supplied RMA stations),10,-46.130000,-8.379463,fresher,265,Little Franks Tract at Fisherman's Cut,-147.020000,-33.434156,fresher,291,Frank's Tract at Sheep Slough,100.890000
2019-03-16,Baseline (BAU),A Tunnel,Franks Tract (10 supplied RMA stations),10,-46.070000,-8.368564,fresher,265,Little Franks Tract at Fisherman's Cut,-133.710000,-30.407298,fresher,291,Frank's Tract at Sheep Slough,87.640000
2019-03-17,Baseline (BAU),A Tunnel,Franks Tract (10 supplied RMA stations),10,-46.020000,-8.359482,fresher,265,Little Franks Tract at Fisherman's Cut,-124.450000,-26.462629,fresher,281,South Franks Tract at Bethel Island,78.430000
2019-03-18,Baseline (BAU),A Tunnel,Franks Tract (10 supplied RMA stations),10,-44.990000,-8.172384,fresher,265,Little Franks Tract at Fisherman's Cut,-116.940000,-24.865728,fresher,281,South Franks Tract at Bethel Island,71.950000
2019-03-19,Baseline (BAU),A Tunnel,Franks Tract (10 supplied RMA stations),10,-42.840000,-7.781839,fresher,265,Little Franks Tract at Fisherman's Cut,-108.860000,-23.147624,fresher,281,South Franks Tract at Bethel Island,66.020000
2019-03-20,Baseline (BAU),A Tunnel,Franks Tract (10 supplied RMA stations),10,-41.460000,-7.531163,fresher,265,Little Franks Tract at Fisherman's Cut,-101.160000,-21.510322,fresher,281,South Franks Tract at Bethel Island,59.700000
2019-03-21,Baseline (BAU),A Tunnel,Franks Tract (10 supplied RMA stations),10,-40.420000,-7.342248,fresher,265,Little Franks Tract at Fisherman's Cut,-94.630000,-20.121804,fresher,281,South Franks Tract at Bethel Island,54.210000
2019-03-22,Baseline (BAU),A Tunnel,Franks Tract (10 supplied RMA stations),10,-39.370000,-7.151517,fresher,265,Little Franks Tract at Fisherman's Cut,-90.550000,-20.592183,fresher,291,Frank's Tract at Sheep Slough,51.180000
2019-03-23,Baseline (BAU),A Tunnel,Franks Tract (10 supplied RMA stations),10,-37.840000,-6.873594,fresher,265,Little Franks Tract at Fisherman's Cut,-86.550000,-19.682534,fresher,291,Frank's Tract at Sheep Slough,48.710000
2019-03-24,Baseline (BAU),A Tunnel,Franks Tract (10 supplied RMA stations),10,-36.130000,-6.562974,fresher,265,Little Franks Tract at Fisherman's Cut,-83.220000,-18.925251,fresher,291,Frank's Tract at Sheep Slough,47.090000
2019-03-25,Baseline (BAU),A Tunnel,Franks Tract (10 supplied RMA stations),10,-34.040000,-6.183328,fresher,265,Little Franks Tract at Fisherman's Cut,-79.080000,-17.983764,fresher,291,Frank's Tract at Sheep Slough,45.040000
2019-03-26,Baseline (BAU),A Tunnel,Franks Tract (10 supplied RMA stations),10,-32.510000,-5.905405,fresher,265,Little Franks Tract at Fisherman's Cut,-78.690000,-17.895074,fresher,291,Frank's Tract at Sheep Slough,46.180000
2019-03-27,Baseline (BAU),A Tunnel,Franks Tract (10 supplied RMA stations),10,-31.790000,-5.774618,fresher,265,Little Franks Tract at Fisherman's Cut,-81.890000,-18.622793,fresher,291,Frank's Tract at Sheep Slough,50.100000
2019-03-28,Baseline (BAU),A Tunnel,Franks Tract (10 supplied RMA stations),10,-32.630000,-5.927203,fresher,265,Little Franks Tract at Fisherman's Cut,-86.040000,-19.566554,fresher,291,Frank's Tract at Sheep Slough,53.410000
2019-03-29,Baseline (BAU),A Tunnel,Franks Tract (10 supplied RMA stations),10,-33.580000,-6.099770,fresher,265,Little Franks Tract at Fisherman's Cut,-87.380000,-19.871286,fresher,291,Frank's Tract at Sheep Slough,53.800000
2019-03-30,Baseline (BAU),A Tunnel,Franks Tract (10 supplied RMA stations),10,-32.880000,-5.972616,fresher,265,Little Franks Tract at Fisherman's Cut,-84.890000,-19.305030,fresher,291,Frank's Tract at Sheep Slough,52.010000
2019-03-31,Baseline (BAU),A Tunnel,Franks Tract (10 supplied RMA stations),10,-31.540000,-5.729206,fresher,265,Little Franks Tract at Fisherman's Cut,-83.260000,-18.934348,fresher,291,Frank's Tract at Sheep Slough,51.720000
2019-04-01,Baseline (BAU),A Tunnel,Franks Tract (10 supplied RMA stations),10,-30.540000,-5.547557,fresher,265,Little Franks Tract at Fisherman's Cut,-88.720000,-20.176019,fresher,291,Frank's Tract at Sheep Slough,58.180000
2019-04-02,Baseline (BAU),A Tunnel,Franks Tract (10 supplied RMA stations),10,-30.460000,-5.533025,fresher,265,Little Franks Tract at Fisherman's Cut,-99.610000,-22.652539,fresher,291,Frank's Tract at Sheep Slough,69.150000
2019-04-03,Baseline (BAU),A Tunnel,Franks Tract (10 supplied RMA stations),10,-32.860000,-5.968983,fresher,265,Little Franks Tract at Fisherman's Cut,-108.870000,-24.758377,fresher,291,Frank's Tract at Sheep Slough,76.010000
2019-04-04,Baseline (BAU),A Tunnel,Franks Tract (10 supplied RMA stations),10,-35.470000,-6.443086,fresher,265,Little Franks Tract at Fisherman's Cut,-106.790000,-24.285359,fresher,291,Frank's Tract at Sheep Slough,71.320000
2019-04-05,Baseline (BAU),A Tunnel,Franks Tract (10 supplied RMA stations),10,-37.080000,-6.735541,fresher,265,Little Franks Tract at Fisherman's Cut,-96.500000,-21.945286,fresher,291,Frank's Tract at Sheep Slough,59.420000
2019-04-06,Baseline (BAU),A Tunnel,Franks Tract (10 supplied RMA stations),10,-37.410000,-6.795485,fresher,265,Little Franks Tract at Fisherman's Cut,-89.860000,-19.107528,fresher,281,South Franks Tract at Bethel Island,52.450000
2019-04-07,Baseline (BAU),A Tunnel,Franks Tract (10 supplied RMA stations),10,-35.780000,-6.499397,fresher,265,Little Franks Tract at Fisherman's Cut,-84.620000,-17.993312,fresher,281,South Franks Tract at Bethel Island,48.840000
2019-04-08,Baseline (BAU),A Tunnel,Franks Tract (10 supplied RMA stations),10,-31.580000,-5.736472,fresher,265,Little Franks Tract at Fisherman's Cut,-77.810000,-16.545256,fresher,281,South Franks Tract at Bethel Island,46.230000
2019-04-09,Baseline (BAU),A Tunnel,Franks Tract (10 supplied RMA stations),10,-27.410000,-4.978996,fresher,265,Little Franks Tract at Fisherman's Cut,-70.650000,-15.022778,fresher,281,South Franks Tract at Bethel Island,43.240000
2019-04-10,Baseline (BAU),A Tunnel,Franks Tract (10 supplied RMA stations),10,-25.580000,-4.646579,fresher,265,Little Franks Tract at Fisherman's Cut,-64.430000,-13.700178,fresher,281,South Franks Tract at Bethel Island,38.850000
2019-04-11,Baseline (BAU),A Tunnel,Franks Tract (10 supplied RMA stations),10,-23.150000,-4.205172,fresher,265,Little Franks Tract at Fisherman's Cut,-59.740000,-12.702912,fresher,281,South Franks Tract at Bethel Island,36.590000
2019-04-12,Baseline (BAU),A Tunnel,Franks Tract (10 supplied RMA stations),10,-21.300000,-3.869121,fresher,265,Little Franks Tract at Fisherman's Cut,-55.860000,-11.877882,fresher,281,South Franks Tract at Bethel Island,34.560000
2019-04-13,Baseline (BAU),A Tunnel,Franks Tract (10 supplied RMA stations),10,-20.710000,-3.761949,fresher,265,Little Franks Tract at Fisherman's Cut,-52.710000,-11.208077,fresher,281,South Franks Tract at Bethel Island,32.000000
2019-04-14,Baseline (BAU),A Tunnel,Franks Tract (10 supplied RMA stations),10,-19.720000,-3.582116,fresher,265,Little Franks Tract at Fisherman's Cut,-50.400000,-10.716886,fresher,281,South Franks Tract at Bethel Island,30.680000
2019-04-15,Baseline (BAU),A Tunnel,Franks Tract (10 supplied RMA stations),10,-18.950000,-3.442247,fresher,265,Little Franks Tract at Fisherman's Cut,-48.800000,-11.097720,fresher,291,Frank's Tract at Sheep Slough,29.850000
2019-04-16,Baseline (BAU),A Tunnel,Franks Tract (10 supplied RMA stations),10,-19.100000,-3.469494,fresher,265,Little Franks Tract at Fisherman's Cut,-48.220000,-10.965821,fresher,291,Frank's Tract at Sheep Slough,29.120000
2019-04-17,Baseline (BAU),A Tunnel,Franks Tract (10 supplied RMA stations),10,-19.240000,-3.494925,fresher,265,Little Franks Tract at Fisherman's Cut,-47.860000,-10.883952,fresher,291,Frank's Tract at Sheep Slough,28.620000
2019-04-18,Baseline (BAU),A Tunnel,Franks Tract (10 supplied RMA stations),10,-18.890000,-3.431348,fresher,265,Little Franks Tract at Fisherman's Cut,-47.230000,-10.740683,fresher,291,Frank's Tract at Sheep Slough,28.340000
2019-04-19,Baseline (BAU),A Tunnel,Franks Tract (10 supplied RMA stations),10,-17.780000,-3.229717,fresher,265,Little Franks Tract at Fisherman's Cut,-45.820000,-10.420031,fresher,291,Frank's Tract at Sheep Slough,28.040000
2019-04-20,Baseline (BAU),A Tunnel,Franks Tract (10 supplied RMA stations),10,-16.440000,-2.986308,fresher,265,Little Franks Tract at Fisherman's Cut,-44.410000,-10.099380,fresher,291,Frank's Tract at Sheep Slough,27.970000
2019-04-21,Baseline (BAU),A Tunnel,Franks Tract (10 supplied RMA stations),10,-16.470000,-2.991757,fresher,265,Little Franks Tract at Fisherman's Cut,-44.920000,-10.215360,fresher,291,Frank's Tract at Sheep Slough,28.450000
2019-04-22,Baseline (BAU),A Tunnel,Franks Tract (10 supplied RMA stations),10,-16.930000,-3.075316,fresher,265,Little Franks Tract at Fisherman's Cut,-45.360000,-10.315422,fresher,291,Frank's Tract at Sheep Slough,28.430000
2019-04-23,Baseline (BAU),A Tunnel,Franks Tract (10 supplied RMA stations),10,-17.680000,-3.211552,fresher,265,Little Franks Tract at Fisherman's Cut,-45.470000,-10.340437,fresher,291,Frank's Tract at Sheep Slough,27.790000
2019-04-24,Baseline (BAU),A Tunnel,Franks Tract (10 supplied RMA stations),10,-17.710000,-3.217002,fresher,265,Little Franks Tract at Fisherman's Cut,-45.410000,-10.326792,fresher,291,Frank's Tract at Sheep Slough,27.700000
2019-04-25,Baseline (BAU),A Tunnel,Franks Tract (10 supplied RMA stations),10,-16.970000,-3.082582,fresher,265,Little Franks Tract at Fisherman's Cut,-45.300000,-10.301777,fresher,291,Frank's Tract at Sheep Slough,28.330000
2019-04-26,Baseline (BAU),A Tunnel,Franks Tract (10 supplied RMA stations),10,-16.820000,-3.055334,fresher,265,Little Franks Tract at Fisherman's Cut,-45.770000,-10.408661,fresher,291,Frank's Tract at Sheep Slough,28.950000
2019-04-27,Baseline (BAU),A Tunnel,Franks Tract (10 supplied RMA stations),10,-17.080000,-3.102563,fresher,265,Little Franks Tract at Fisherman's Cut,-46.170000,-10.499626,fresher,291,Frank's Tract at Sheep Slough,29.090000
2019-04-28,Baseline (BAU),A Tunnel,Franks Tract (10 supplied RMA stations),10,-17.780000,-3.229717,fresher,265,Little Franks Tract at Fisherman's Cut,-46.350000,-10.540560,fresher,291,Frank's Tract at Sheep Slough,28.570000
2019-04-29,Baseline (BAU),A Tunnel,Franks Tract (10 supplied RMA stations),10,-18.290000,-3.322358,fresher,265,Little Franks Tract at Fisherman's Cut,-46.070000,-10.476884,fresher,291,Frank's Tract at Sheep Slough,27.780000
2019-04-30,Baseline (BAU),A Tunnel,Franks Tract (10 supplied RMA stations),10,-19.630000,-3.565768,fresher,265,Little Franks Tract at Fisherman's Cut,-47.280000,-10.752053,fresher,291,Frank's Tract at Sheep Slough,27.650000
2019-05-01,Baseline (BAU),A Tunnel,Franks Tract (10 supplied RMA stations),10,-21.090000,-3.830975,fresher,265,Little Franks Tract at Fisherman's Cut,-49.290000,-11.209152,fresher,291,Frank's Tract at Sheep Slough,28.200000
2019-05-02,Baseline (BAU),A Tunnel,Franks Tract (10 supplied RMA stations),10,-22.320000,-4.054403,fresher,265,Little Franks Tract at Fisherman's Cut,-50.130000,-11.400178,fresher,291,Frank's Tract at Sheep Slough,27.810000
2019-05-03,Baseline (BAU),A Tunnel,Franks Tract (10 supplied RMA stations),10,-23.040000,-4.185190,fresher,265,Little Franks Tract at Fisherman's Cut,-49.680000,-11.297843,fresher,291,Frank's Tract at Sheep Slough,26.640000
2019-05-04,Baseline (BAU),A Tunnel,Franks Tract (10 supplied RMA stations),10,-22.980000,-4.174292,fresher,265,Little Franks Tract at Fisherman's Cut,-48.690000,-11.072705,fresher,291,Frank's Tract at Sheep Slough,25.710000
2019-05-05,Baseline (BAU),A Tunnel,Franks Tract (10 supplied RMA stations),10,-22.720000,-4.127063,fresher,265,Little Franks Tract at Fisherman's Cut,-47.550000,-10.813455,fresher,291,Frank's Tract at Sheep Slough,24.830000
2019-05-06,Baseline (BAU),A Tunnel,Franks Tract (10 supplied RMA stations),10,-23.270000,-4.226970,fresher,265,Little Franks Tract at Fisherman's Cut,-47.390000,-10.777069,fresher,291,Frank's Tract at Sheep Slough,24.120000
2019-05-07,Baseline (BAU),A Tunnel,Franks Tract (10 supplied RMA stations),10,-24.130000,-4.383188,fresher,265,Little Franks Tract at Fisherman's Cut,-48.330000,-10.990836,fresher,291,Frank's Tract at Sheep Slough,24.200000
2019-05-08,Baseline (BAU),A Tunnel,Franks Tract (10 supplied RMA stations),10,-24.680000,-4.483095,fresher,265,Little Franks Tract at Fisherman's Cut,-48.960000,-11.134106,fresher,291,Frank's Tract at Sheep Slough,24.280000
2019-05-09,Baseline (BAU),A Tunnel,Franks Tract (10 supplied RMA stations),10,-24.840000,-4.512158,fresher,265,Little Franks Tract at Fisherman's Cut,-48.730000,-11.081801,fresher,291,Frank's Tract at Sheep Slough,23.890000
2019-05-10,Baseline (BAU),A Tunnel,Franks Tract (10 supplied RMA stations),10,-25.670000,-4.662927,fresher,265,Little Franks Tract at Fisherman's Cut,-49.600000,-11.279650,fresher,291,Frank's Tract at Sheep Slough,23.930000
2019-05-11,Baseline (BAU),A Tunnel,Franks Tract (10 supplied RMA stations),10,-26.970000,-4.899071,fresher,265,Little Franks Tract at Fisherman's Cut,-51.060000,-11.611672,fresher,291,Frank's Tract at Sheep Slough,24.090000
2019-05-12,Baseline (BAU),A Tunnel,Franks Tract (10 supplied RMA stations),10,-28.070000,-5.098884,fresher,265,Little Franks Tract at Fisherman's Cut,-51.610000,-11.736749,fresher,291,Frank's Tract at Sheep Slough,23.540000
2019-05-13,Baseline (BAU),A Tunnel,Franks Tract (10 supplied RMA stations),10,-29.250000,-5.313230,fresher,265,Little Franks Tract at Fisherman's Cut,-51.540000,-13.265845,fresher,292,Frank's Tract at Old River,22.290000
2019-05-14,Baseline (BAU),A Tunnel,Franks Tract (10 supplied RMA stations),10,-30.100000,-5.467632,fresher,265,Little Franks Tract at Fisherman's Cut,-51.890000,-13.355932,fresher,292,Frank's Tract at Old River,21.790000
2019-05-15,Baseline (BAU),A Tunnel,Franks Tract (10 supplied RMA stations),10,-30.450000,-5.531209,fresher,265,Little Franks Tract at Fisherman's Cut,-51.630000,-13.289011,fresher,292,Frank's Tract at Old River,21.180000
2019-05-16,Baseline (BAU),A Tunnel,Franks Tract (10 supplied RMA stations),10,-30.340000,-5.511227,fresher,265,Little Franks Tract at Fisherman's Cut,-50.110000,-12.897779,fresher,292,Frank's Tract at Old River,19.770000
2019-05-17,Baseline (BAU),A Tunnel,Franks Tract (10 supplied RMA stations),10,-29.900000,-5.431302,fresher,265,Little Franks Tract at Fisherman's Cut,-48.800000,-12.560599,fresher,292,Frank's Tract at Old River,18.900000
2019-05-18,Baseline (BAU),A Tunnel,Franks Tract (10 supplied RMA stations),10,-28.370000,-5.153379,fresher,265,Little Franks Tract at Fisherman's Cut,-47.360000,-12.189958,fresher,292,Frank's Tract at Old River,18.990000
2019-05-19,Baseline (BAU),A Tunnel,Franks Tract (10 supplied RMA stations),10,-27.020000,-4.908153,fresher,265,Little Franks Tract at Fisherman's Cut,-45.580000,-11.731805,fresher,292,Frank's Tract at Old River,18.560000
2019-05-20,Baseline (BAU),A Tunnel,Franks Tract (10 supplied RMA stations),10,-25.520000,-4.635680,fresher,265,Little Franks Tract at Fisherman's Cut,-44.070000,-11.343147,fresher,292,Frank's Tract at Old River,18.550000
2019-05-21,Baseline (BAU),A Tunnel,Franks Tract (10 supplied RMA stations),10,-23.120000,-4.199722,fresher,265,Little Franks Tract at Fisherman's Cut,-42.570000,-10.957063,fresher,292,Frank's Tract at Old River,19.450000
2019-05-22,Baseline (BAU),A Tunnel,Franks Tract (10 supplied RMA stations),10,-21.830000,-3.965395,fresher,265,Little Franks Tract at Fisherman's Cut,-41.170000,-10.596718,fresher,292,Frank's Tract at Old River,19.340000
2019-05-23,Baseline (BAU),A Tunnel,Franks Tract (10 supplied RMA stations),10,-21.240000,-3.858222,fresher,265,Little Franks Tract at Fisherman's Cut,-40.160000,-10.336755,fresher,292,Frank's Tract at Old River,18.920000
2019-05-24,Baseline (BAU),A Tunnel,Franks Tract (10 supplied RMA stations),10,-20.070000,-3.645693,fresher,265,Little Franks Tract at Fisherman's Cut,-38.960000,-10.027888,fresher,292,Frank's Tract at Old River,18.890000
2019-05-25,Baseline (BAU),A Tunnel,Franks Tract (10 supplied RMA stations),10,-18.650000,-3.387752,fresher,265,Little Franks Tract at Fisherman's Cut,-37.380000,-9.621213,fresher,292,Frank's Tract at Old River,18.730000
2019-05-26,Baseline (BAU),A Tunnel,Franks Tract (10 supplied RMA stations),10,-17.070000,-3.100747,fresher,265,Little Franks Tract at Fisherman's Cut,-35.940000,-9.250572,fresher,292,Frank's Tract at Old River,18.870000
2019-05-27,Baseline (BAU),A Tunnel,Franks Tract (10 supplied RMA stations),10,-16.730000,-3.038986,fresher,265,Little Franks Tract at Fisherman's Cut,-34.520000,-8.885079,fresher,292,Frank's Tract at Old River,17.790000
2019-05-28,Baseline (BAU),A Tunnel,Franks Tract (10 supplied RMA stations),10,-15.910000,-2.890034,fresher,265,Little Franks Tract at Fisherman's Cut,-32.290000,-8.311101,fresher,292,Frank's Tract at Old River,16.380000
2019-05-29,Baseline (BAU),A Tunnel,Franks Tract (10 supplied RMA stations),10,-14.460000,-2.626643,fresher,265,Little Franks Tract at Fisherman's Cut,-29.580000,-7.613576,fresher,292,Frank's Tract at Old River,15.120000
2019-05-30,Baseline (BAU),A Tunnel,Franks Tract (10 supplied RMA stations),10,-12.560000,-2.281510,fresher,265,Little Franks Tract at Fisherman's Cut,-26.800000,-6.898034,fresher,292,Frank's Tract at Old River,14.240000
2019-05-31,Baseline (BAU),A Tunnel,Franks Tract (10 supplied RMA stations),10,-10.250000,-1.861901,fresher,265,Little Franks Tract at Fisherman's Cut,-24.020000,-6.182491,fresher,292,Frank's Tract at Old River,13.770000
2019-06-01,Baseline (BAU),A Tunnel,Franks Tract (10 supplied RMA stations),10,-7.920000,-1.438659,fresher,265,Little Franks Tract at Fisherman's Cut,-20.840000,-4.431347,fresher,281,South Franks Tract at Bethel Island,12.920000
2019-06-02,Baseline (BAU),A Tunnel,Franks Tract (10 supplied RMA stations),10,-5.660000,-1.028133,fresher,265,Little Franks Tract at Fisherman's Cut,-19.100000,-4.061360,fresher,281,South Franks Tract at Bethel Island,13.440000
2019-06-03,Baseline (BAU),A Tunnel,Franks Tract (10 supplied RMA stations),10,-3.880000,-0.704798,fresher,265,Little Franks Tract at Fisherman's Cut,-17.010000,-3.616949,fresher,281,South Franks Tract at Bethel Island,13.130000
2019-06-04,Baseline (BAU),A Tunnel,Franks Tract (10 supplied RMA stations),10,-2.140000,-0.388729,fresher,265,Little Franks Tract at Fisherman's Cut,-14.690000,-3.123632,fresher,281,South Franks Tract at Bethel Island,12.550000
2019-06-05,Baseline (BAU),A Tunnel,Franks Tract (10 supplied RMA stations),10,-0.170000,-0.030880,fresher,265,Little Franks Tract at Fisherman's Cut,-12.290000,-2.613304,fresher,281,South Franks Tract at Bethel Island,12.120000
2019-06-06,Baseline (BAU),A Tunnel,Franks Tract (10 supplied RMA stations),10,2.210000,0.401444,saltier,265,Little Franks Tract at Fisherman's Cut,-9.750000,-2.073207,fresher,281,South Franks Tract at Bethel Island,11.960000
2019-06-07,Baseline (BAU),A Tunnel,Franks Tract (10 supplied RMA stations),10,4.980000,0.904611,saltier,265,Little Franks Tract at Fisherman's Cut,-7.140000,-1.518226,fresher,281,South Franks Tract at Bethel Island,12.120000
2019-06-08,Baseline (BAU),A Tunnel,Franks Tract (10 supplied RMA stations),10,7.880000,1.431393,saltier,265,Little Franks Tract at Fisherman's Cut,-4.910000,-1.044046,fresher,281,South Franks Tract at Bethel Island,12.790000
2019-06-09,Baseline (BAU),A Tunnel,Franks Tract (10 supplied RMA stations),10,10.280000,1.867351,saltier,265,Little Franks Tract at Fisherman's Cut,-2.740000,-0.582624,fresher,281,South Franks Tract at Bethel Island,13.020000
2019-06-10,Baseline (BAU),A Tunnel,Franks Tract (10 supplied RMA stations),10,11.940000,2.168888,saltier,265,Little Franks Tract at Fisherman's Cut,-0.380000,-0.080802,fresher,281,South Franks Tract at Bethel Island,12.320000
2019-06-11,Baseline (BAU),A Tunnel,Franks Tract (10 supplied RMA stations),10,13.400000,2.434095,saltier,265,Little Franks Tract at Fisherman's Cut,2.010000,0.427400,saltier,281,South Franks Tract at Bethel Island,11.390000
2019-06-12,Baseline (BAU),A Tunnel,Franks Tract (10 supplied RMA stations),10,14.870000,2.701119,saltier,265,Little Franks Tract at Fisherman's Cut,4.350000,0.989243,saltier,291,Frank's Tract at Sheep Slough,10.520000
2019-06-13,Baseline (BAU),A Tunnel,Franks Tract (10 supplied RMA stations),10,15.900000,2.888217,saltier,265,Little Franks Tract at Fisherman's Cut,6.180000,1.405408,saltier,291,Frank's Tract at Sheep Slough,9.720000
2019-06-14,Baseline (BAU),A Tunnel,Franks Tract (10 supplied RMA stations),10,16.120000,2.928180,saltier,265,Little Franks Tract at Fisherman's Cut,7.810000,1.776090,saltier,291,Frank's Tract at Sheep Slough,8.310000
2019-06-15,Baseline (BAU),A Tunnel,Franks Tract (10 supplied RMA stations),10,15.940000,2.895483,saltier,265,Little Franks Tract at Fisherman's Cut,9.030000,2.053533,saltier,291,Frank's Tract at Sheep Slough,6.910000
2019-06-16,Baseline (BAU),A Tunnel,Franks Tract (10 supplied RMA stations),10,15.390000,2.795576,saltier,265,Little Franks Tract at Fisherman's Cut,9.460000,2.434903,saltier,292,Frank's Tract at Old River,5.930000
2019-06-17,Baseline (BAU),A Tunnel,Franks Tract (10 supplied RMA stations),10,14.520000,2.637542,saltier,265,Little Franks Tract at Fisherman's Cut,9.300000,2.393721,saltier,292,Frank's Tract at Old River,5.220000
2019-06-18,Baseline (BAU),A Tunnel,Franks Tract (10 supplied RMA stations),10,13.450000,2.443178,saltier,265,Little Franks Tract at Fisherman's Cut,9.000000,2.316504,saltier,292,Frank's Tract at Old River,4.450000
2019-06-19,Baseline (BAU),A Tunnel,Franks Tract (10 supplied RMA stations),10,12.220000,2.219749,saltier,265,Little Franks Tract at Fisherman's Cut,8.570000,2.205826,saltier,292,Frank's Tract at Old River,3.650000
2019-06-20,Baseline (BAU),A Tunnel,Franks Tract (10 supplied RMA stations),10,11.300000,2.329380,saltier,274,Piper Slough at Bethal Tract,7.960000,2.048819,saltier,292,Frank's Tract at Old River,3.340000
2019-06-21,Baseline (BAU),A Tunnel,Franks Tract (10 supplied RMA stations),10,10.800000,2.296476,saltier,281,South Franks Tract at Bethel Island,6.960000,1.760581,saltier,285,Frank's Tract North East,3.840000
2019-06-22,Baseline (BAU),A Tunnel,Franks Tract (10 supplied RMA stations),10,10.230000,2.175273,saltier,281,South Franks Tract at Bethel Island,5.740000,1.451973,saltier,285,Frank's Tract North East,4.490000
2019-06-23,Baseline (BAU),A Tunnel,Franks Tract (10 supplied RMA stations),10,9.560000,2.032806,saltier,281,South Franks Tract at Bethel Island,4.630000,1.171191,saltier,285,Frank's Tract North East,4.930000
2019-06-24,Baseline (BAU),A Tunnel,Franks Tract (10 supplied RMA stations),10,8.810000,1.873329,saltier,281,South Franks Tract at Bethel Island,3.830000,0.968826,saltier,285,Frank's Tract North East,4.980000
2019-06-25,Baseline (BAU),A Tunnel,Franks Tract (10 supplied RMA stations),10,8.020000,1.705346,saltier,281,South Franks Tract at Bethel Island,3.340000,0.844877,saltier,285,Frank's Tract North East,4.680000
2019-06-26,Baseline (BAU),A Tunnel,Franks Tract (10 supplied RMA stations),10,7.150000,1.520352,saltier,281,South Franks Tract at Bethel Island,2.970000,0.751282,saltier,285,Frank's Tract North East,4.180000
2019-06-27,Baseline (BAU),A Tunnel,Franks Tract (10 supplied RMA stations),10,6.270000,1.333232,saltier,281,South Franks Tract at Bethel Island,2.700000,0.682984,saltier,285,Frank's Tract North East,3.570000
2019-06-28,Baseline (BAU),A Tunnel,Franks Tract (10 supplied RMA stations),10,5.520000,1.173754,saltier,281,South Franks Tract at Bethel Island,2.440000,0.617215,saltier,285,Frank's Tract North East,3.080000
2019-06-29,Baseline (BAU),A Tunnel,Franks Tract (10 supplied RMA stations),10,5.000000,1.063183,saltier,281,South Franks Tract at Bethel Island,2.060000,0.521092,saltier,285,Frank's Tract North East,2.940000
2019-06-30,Baseline (BAU),A Tunnel,Franks Tract (10 supplied RMA stations),10,4.500000,0.956865,saltier,281,South Franks Tract at Bethel Island,1.320000,0.333903,saltier,285,Frank's Tract North East,3.180000
2019-07-01,Baseline (BAU),A Tunnel,Franks Tract (10 supplied RMA stations),10,3.800000,0.808019,saltier,281,South Franks Tract at Bethel Island,0.730000,0.184659,saltier,285,Frank's Tract North East,3.070000
2019-07-02,Baseline (BAU),A Tunnel,Franks Tract (10 supplied RMA stations),10,2.970000,0.631531,saltier,281,South Franks Tract at Bethel Island,0.680000,0.175025,saltier,292,Frank's Tract at Old River,2.290000
2019-07-03,Baseline (BAU),A Tunnel,Franks Tract (10 supplied RMA stations),10,2.680000,0.486819,saltier,265,Little Franks Tract at Fisherman's Cut,1.000000,0.252957,saltier,285,Frank's Tract North East,1.680000
2019-07-04,Baseline (BAU),A Tunnel,Franks Tract (10 supplied RMA stations),10,2.740000,0.497718,saltier,265,Little Franks Tract at Fisherman's Cut,1.350000,0.307007,saltier,291,Frank's Tract at Sheep Slough,1.390000
2019-07-05,Baseline (BAU),A Tunnel,Franks Tract (10 supplied RMA stations),10,2.690000,0.488636,saltier,265,Little Franks Tract at Fisherman's Cut,1.620000,0.344471,saltier,281,South Franks Tract at Bethel Island,1.070000
2019-07-06,Baseline (BAU),A Tunnel,Franks Tract (10 supplied RMA stations),10,3.110000,0.800481,saltier,292,Frank's Tract at Old River,1.560000,0.331713,saltier,281,South Franks Tract at Bethel Island,1.550000
2019-07-07,Baseline (BAU),A Tunnel,Franks Tract (10 supplied RMA stations),10,3.940000,1.014114,saltier,292,Frank's Tract at Old River,1.620000,0.344471,saltier,281,South Franks Tract at Bethel Island,2.320000
2019-07-08,Baseline (BAU),A Tunnel,Franks Tract (10 supplied RMA stations),10,4.700000,1.209730,saltier,292,Frank's Tract at Old River,1.760000,0.374240,saltier,281,South Franks Tract at Bethel Island,2.940000
2019-07-09,Baseline (BAU),A Tunnel,Franks Tract (10 supplied RMA stations),10,5.470000,1.407920,saltier,292,Frank's Tract at Old River,1.940000,0.412515,saltier,281,South Franks Tract at Bethel Island,3.530000
2019-07-10,Baseline (BAU),A Tunnel,Franks Tract (10 supplied RMA stations),10,6.210000,1.598388,saltier,292,Frank's Tract at Old River,2.160000,0.459295,saltier,281,South Franks Tract at Bethel Island,4.050000
2019-07-11,Baseline (BAU),A Tunnel,Franks Tract (10 supplied RMA stations),10,6.690000,1.721935,saltier,292,Frank's Tract at Old River,2.480000,0.527339,saltier,281,South Franks Tract at Bethel Island,4.210000
2019-07-12,Baseline (BAU),A Tunnel,Franks Tract (10 supplied RMA stations),10,7.150000,1.840334,saltier,292,Frank's Tract at Old River,2.800000,0.577191,saltier,274,Piper Slough at Bethal Tract,4.350000
2019-07-13,Baseline (BAU),A Tunnel,Franks Tract (10 supplied RMA stations),10,7.520000,1.935568,saltier,292,Frank's Tract at Old River,3.010000,0.620481,saltier,274,Piper Slough at Bethal Tract,4.510000
2019-07-14,Baseline (BAU),A Tunnel,Franks Tract (10 supplied RMA stations),10,7.470000,1.922698,saltier,292,Frank's Tract at Old River,3.230000,0.665832,saltier,274,Piper Slough at Bethal Tract,4.240000
2019-07-15,Baseline (BAU),A Tunnel,Franks Tract (10 supplied RMA stations),10,7.480000,1.925272,saltier,292,Frank's Tract at Old River,3.190000,0.623069,saltier,270,Frank's Tract at False River,4.290000
2019-07-16,Baseline (BAU),A Tunnel,Franks Tract (10 supplied RMA stations),10,7.520000,1.935568,saltier,292,Frank's Tract at Old River,2.600000,0.507830,saltier,270,Frank's Tract at False River,4.920000
2019-07-17,Baseline (BAU),A Tunnel,Franks Tract (10 supplied RMA stations),10,7.350000,1.891811,saltier,292,Frank's Tract at Old River,1.960000,0.356032,saltier,265,Little Franks Tract at Fisherman's Cut,5.390000
2019-07-18,Baseline (BAU),A Tunnel,Franks Tract (10 supplied RMA stations),10,6.750000,1.737378,saltier,292,Frank's Tract at Old River,1.810000,0.328784,saltier,265,Little Franks Tract at Fisherman's Cut,4.940000
2019-07-19,Baseline (BAU),A Tunnel,Franks Tract (10 supplied RMA stations),10,6.340000,1.441794,saltier,291,Frank's Tract at Sheep Slough,1.650000,0.299721,saltier,265,Little Franks Tract at Fisherman's Cut,4.690000
2019-07-20,Baseline (BAU),A Tunnel,Franks Tract (10 supplied RMA stations),10,5.950000,1.353103,saltier,291,Frank's Tract at Sheep Slough,1.010000,0.183465,saltier,265,Little Franks Tract at Fisherman's Cut,4.940000
2019-07-21,Baseline (BAU),A Tunnel,Franks Tract (10 supplied RMA stations),10,5.520000,1.255316,saltier,291,Frank's Tract at Sheep Slough,0.240000,0.043596,saltier,265,Little Franks Tract at Fisherman's Cut,5.280000
2019-07-22,Baseline (BAU),A Tunnel,Franks Tract (10 supplied RMA stations),10,5.080000,1.307538,saltier,292,Frank's Tract at Old River,-0.490000,-0.089008,fresher,265,Little Franks Tract at Fisherman's Cut,5.570000
2019-07-23,Baseline (BAU),A Tunnel,Franks Tract (10 supplied RMA stations),10,4.630000,1.191713,saltier,292,Frank's Tract at Old River,-1.150000,-0.208896,fresher,265,Little Franks Tract at Fisherman's Cut,5.780000
2019-07-24,Baseline (BAU),A Tunnel,Franks Tract (10 supplied RMA stations),10,4.140000,1.065592,saltier,292,Frank's Tract at Old River,-1.510000,-0.274290,fresher,265,Little Franks Tract at Fisherman's Cut,5.650000
2019-07-25,Baseline (BAU),A Tunnel,Franks Tract (10 supplied RMA stations),10,3.710000,0.954914,saltier,292,Frank's Tract at Old River,-1.660000,-0.301537,fresher,265,Little Franks Tract at Fisherman's Cut,5.370000
2019-07-26,Baseline (BAU),A Tunnel,Franks Tract (10 supplied RMA stations),10,3.130000,0.805629,saltier,292,Frank's Tract at Old River,-1.210000,-0.219795,fresher,265,Little Franks Tract at Fisherman's Cut,4.340000
2019-07-27,Baseline (BAU),A Tunnel,Franks Tract (10 supplied RMA stations),10,2.770000,0.712968,saltier,292,Frank's Tract at Old River,-0.140000,-0.027345,fresher,270,Frank's Tract at False River,2.910000
2019-07-28,Baseline (BAU),A Tunnel,Franks Tract (10 supplied RMA stations),10,2.660000,0.684656,saltier,292,Frank's Tract at Old River,0.020000,0.004123,saltier,274,Piper Slough at Bethal Tract,2.640000
2019-07-29,Baseline (BAU),A Tunnel,Franks Tract (10 supplied RMA stations),10,2.580000,0.468654,saltier,265,Little Franks Tract at Fisherman's Cut,0.190000,0.039167,saltier,274,Piper Slough at Bethal Tract,2.390000
2019-07-30,Baseline (BAU),A Tunnel,Franks Tract (10 supplied RMA stations),10,4.270000,0.775641,saltier,265,Little Franks Tract at Fisherman's Cut,0.510000,0.105131,saltier,274,Piper Slough at Bethal Tract,3.760000
2019-07-31,Baseline (BAU),A Tunnel,Franks Tract (10 supplied RMA stations),10,6.760000,1.227947,saltier,265,Little Franks Tract at Fisherman's Cut,0.660000,0.140340,saltier,281,South Franks Tract at Bethel Island,6.100000
2019-08-01,Baseline (BAU),A Tunnel,Franks Tract (10 supplied RMA stations),10,10.260000,1.863718,saltier,265,Little Franks Tract at Fisherman's Cut,0.870000,0.184994,saltier,281,South Franks Tract at Bethel Island,9.390000
2019-08-02,Baseline (BAU),A Tunnel,Franks Tract (10 supplied RMA stations),10,14.390000,2.613928,saltier,265,Little Franks Tract at Fisherman's Cut,1.490000,0.316829,saltier,281,South Franks Tract at Bethel Island,12.900000
2019-08-03,Baseline (BAU),A Tunnel,Franks Tract (10 supplied RMA stations),10,19.130000,3.474943,saltier,265,Little Franks Tract at Fisherman's Cut,2.550000,0.542223,saltier,281,South Franks Tract at Bethel Island,16.580000
2019-08-04,Baseline (BAU),A Tunnel,Franks Tract (10 supplied RMA stations),10,23.780000,4.319611,saltier,265,Little Franks Tract at Fisherman's Cut,3.890000,0.827156,saltier,281,South Franks Tract at Bethel Island,19.890000
2019-08-05,Baseline (BAU),A Tunnel,Franks Tract (10 supplied RMA stations),10,28.570000,5.189709,saltier,265,Little Franks Tract at Fisherman's Cut,5.530000,1.175881,saltier,281,South Franks Tract at Bethel Island,23.040000
2019-08-06,Baseline (BAU),A Tunnel,Franks Tract (10 supplied RMA stations),10,37.780000,6.862695,saltier,265,Little Franks Tract at Fisherman's Cut,7.670000,1.630923,saltier,281,South Franks Tract at Bethel Island,30.110000
2019-08-07,Baseline (BAU),A Tunnel,Franks Tract (10 supplied RMA stations),10,52.920000,9.612859,saltier,265,Little Franks Tract at Fisherman's Cut,9.720000,2.501824,saltier,292,Frank's Tract at Old River,43.200000
2019-08-08,Baseline (BAU),A Tunnel,Franks Tract (10 supplied RMA stations),10,74.300000,13.496513,saltier,265,Little Franks Tract at Fisherman's Cut,12.070000,3.106689,saltier,292,Frank's Tract at Old River,62.230000
2019-08-09,Baseline (BAU),A Tunnel,Franks Tract (10 supplied RMA stations),10,102.430000,18.606296,saltier,265,Little Franks Tract at Fisherman's Cut,15.890000,4.089916,saltier,292,Frank's Tract at Old River,86.540000
2019-08-10,Baseline (BAU),A Tunnel,Franks Tract (10 supplied RMA stations),10,134.940000,24.511701,saltier,265,Little Franks Tract at Fisherman's Cut,20.450000,5.263612,saltier,292,Frank's Tract at Old River,114.490000
2019-08-11,Baseline (BAU),A Tunnel,Franks Tract (10 supplied RMA stations),10,166.720000,30.284503,saltier,265,Little Franks Tract at Fisherman's Cut,25.270000,6.504228,saltier,292,Frank's Tract at Old River,141.450000
2019-08-12,Baseline (BAU),A Tunnel,Franks Tract (10 supplied RMA stations),10,199.850000,36.302531,saltier,265,Little Franks Tract at Fisherman's Cut,31.260000,8.045990,saltier,292,Frank's Tract at Old River,168.590000
2019-08-13,Baseline (BAU),A Tunnel,Franks Tract (10 supplied RMA stations),10,232.630000,42.256982,saltier,265,Little Franks Tract at Fisherman's Cut,39.220000,10.094809,saltier,292,Frank's Tract at Old River,193.410000
2019-08-14,Baseline (BAU),A Tunnel,Franks Tract (10 supplied RMA stations),10,267.170000,48.531134,saltier,265,Little Franks Tract at Fisherman's Cut,49.250000,12.676424,saltier,292,Frank's Tract at Old River,217.920000
2019-08-15,Baseline (BAU),A Tunnel,Franks Tract (10 supplied RMA stations),10,305.550000,55.502819,saltier,265,Little Franks Tract at Fisherman's Cut,62.270000,16.027633,saltier,292,Frank's Tract at Old River,243.280000
2019-08-16,Baseline (BAU),A Tunnel,Franks Tract (10 supplied RMA stations),10,352.200000,63.976740,saltier,265,Little Franks Tract at Fisherman's Cut,79.010000,20.336330,saltier,292,Frank's Tract at Old River,273.190000
2019-08-17,Baseline (BAU),A Tunnel,Franks Tract (10 supplied RMA stations),10,386.910000,70.281773,saltier,265,Little Franks Tract at Fisherman's Cut,98.370000,25.319387,saltier,292,Frank's Tract at Old River,288.540000
2019-08-18,Baseline (BAU),A Tunnel,Franks Tract (10 supplied RMA stations),10,392.050000,71.215448,saltier,265,Little Franks Tract at Fisherman's Cut,114.910000,29.576607,saltier,292,Frank's Tract at Old River,277.140000
2019-08-19,Baseline (BAU),A Tunnel,Franks Tract (10 supplied RMA stations),10,385.360000,70.000217,saltier,265,Little Franks Tract at Fisherman's Cut,125.920000,32.410463,saltier,292,Frank's Tract at Old River,259.440000
2019-08-20,Baseline (BAU),A Tunnel,Franks Tract (10 supplied RMA stations),10,389.790000,70.804922,saltier,265,Little Franks Tract at Fisherman's Cut,135.120000,34.778445,saltier,292,Frank's Tract at Old River,254.670000
2019-08-21,Baseline (BAU),A Tunnel,Franks Tract (10 supplied RMA stations),10,399.320000,72.536036,saltier,265,Little Franks Tract at Fisherman's Cut,140.960000,36.281598,saltier,292,Frank's Tract at Old River,258.360000
2019-08-22,Baseline (BAU),A Tunnel,Franks Tract (10 supplied RMA stations),10,434.320000,78.893747,saltier,265,Little Franks Tract at Fisherman's Cut,142.170000,36.593039,saltier,292,Frank's Tract at Old River,292.150000
2019-08-23,Baseline (BAU),A Tunnel,Franks Tract (10 supplied RMA stations),10,493.560000,89.654627,saltier,265,Little Franks Tract at Fisherman's Cut,146.470000,37.699814,saltier,292,Frank's Tract at Old River,347.090000
2019-08-24,Baseline (BAU),A Tunnel,Franks Tract (10 supplied RMA stations),10,531.050000,96.464644,saltier,265,Little Franks Tract at Fisherman's Cut,159.750000,41.117944,saltier,292,Frank's Tract at Old River,371.300000
2019-08-25,Baseline (BAU),A Tunnel,Franks Tract (10 supplied RMA stations),10,558.650000,101.478154,saltier,265,Little Franks Tract at Fisherman's Cut,171.540000,44.152564,saltier,292,Frank's Tract at Old River,387.110000
2019-08-26,Baseline (BAU),A Tunnel,Franks Tract (10 supplied RMA stations),10,606.190000,110.113742,saltier,265,Little Franks Tract at Fisherman's Cut,184.630000,47.521790,saltier,292,Frank's Tract at Old River,421.560000
2019-08-27,Baseline (BAU),A Tunnel,Franks Tract (10 supplied RMA stations),10,653.450000,118.698468,saltier,265,Little Franks Tract at Fisherman's Cut,203.800000,52.455943,saltier,292,Frank's Tract at Old River,449.650000
2019-08-28,Baseline (BAU),A Tunnel,Franks Tract (10 supplied RMA stations),10,673.900000,122.413188,saltier,265,Little Franks Tract at Fisherman's Cut,227.400000,58.530331,saltier,292,Frank's Tract at Old River,446.500000
2019-08-29,Baseline (BAU),A Tunnel,Franks Tract (10 supplied RMA stations),10,659.490000,119.795628,saltier,265,Little Franks Tract at Fisherman's Cut,250.790000,64.550667,saltier,292,Frank's Tract at Old River,408.700000
2019-08-30,Baseline (BAU),A Tunnel,Franks Tract (10 supplied RMA stations),10,635.760000,115.485100,saltier,265,Little Franks Tract at Fisherman's Cut,260.870000,67.145152,saltier,292,Frank's Tract at Old River,374.890000
2019-08-31,Baseline (BAU),A Tunnel,Franks Tract (10 supplied RMA stations),10,626.870000,113.870241,saltier,265,Little Franks Tract at Fisherman's Cut,258.380000,66.504252,saltier,292,Frank's Tract at Old River,368.490000
2019-09-01,Baseline (BAU),A Tunnel,Franks Tract (10 supplied RMA stations),10,624.660000,113.468797,saltier,265,Little Franks Tract at Fisherman's Cut,257.350000,66.239141,saltier,292,Frank's Tract at Old River,367.310000
2019-09-02,Baseline (BAU),A Tunnel,Franks Tract (10 supplied RMA stations),10,614.940000,111.703170,saltier,265,Little Franks Tract at Fisherman's Cut,259.360000,66.756494,saltier,292,Frank's Tract at Old River,355.580000
2019-09-03,Baseline (BAU),A Tunnel,Franks Tract (10 supplied RMA stations),10,602.360000,109.418027,saltier,265,Little Franks Tract at Fisherman's Cut,257.530000,66.285471,saltier,292,Frank's Tract at Old River,344.830000
2019-09-04,Baseline (BAU),A Tunnel,Franks Tract (10 supplied RMA stations),10,605.560000,109.999303,saltier,265,Little Franks Tract at Fisherman's Cut,250.520000,64.481172,saltier,292,Frank's Tract at Old River,355.040000
2019-09-05,Baseline (BAU),A Tunnel,Franks Tract (10 supplied RMA stations),10,607.620000,110.373500,saltier,265,Little Franks Tract at Fisherman's Cut,248.680000,64.007576,saltier,292,Frank's Tract at Old River,358.940000
2019-09-06,Baseline (BAU),A Tunnel,Franks Tract (10 supplied RMA stations),10,582.590000,105.826828,saltier,265,Little Franks Tract at Fisherman's Cut,248.200000,63.884029,saltier,292,Frank's Tract at Old River,334.390000
2019-09-07,Baseline (BAU),A Tunnel,Franks Tract (10 supplied RMA stations),10,567.540000,103.093012,saltier,265,Little Franks Tract at Fisherman's Cut,241.040000,62.041121,saltier,292,Frank's Tract at Old River,326.500000
2019-09-08,Baseline (BAU),A Tunnel,Franks Tract (10 supplied RMA stations),10,544.820000,98.965949,saltier,265,Little Franks Tract at Fisherman's Cut,235.880000,60.712992,saltier,292,Frank's Tract at Old River,308.940000
2019-09-09,Baseline (BAU),A Tunnel,Franks Tract (10 supplied RMA stations),10,520.450000,94.539166,saltier,265,Little Franks Tract at Fisherman's Cut,229.920000,59.178952,saltier,292,Frank's Tract at Old River,290.530000
2019-09-10,Baseline (BAU),A Tunnel,Franks Tract (10 supplied RMA stations),10,499.380000,90.711824,saltier,265,Little Franks Tract at Fisherman's Cut,223.570000,57.544530,saltier,292,Frank's Tract at Old River,275.810000
2019-09-11,Baseline (BAU),A Tunnel,Franks Tract (10 supplied RMA stations),10,466.160000,84.677447,saltier,265,Little Franks Tract at Fisherman's Cut,208.770000,53.735168,saltier,292,Frank's Tract at Old River,257.390000
2019-09-12,Baseline (BAU),A Tunnel,Franks Tract (10 supplied RMA stations),10,446.140000,81.040837,saltier,265,Little Franks Tract at Fisherman's Cut,193.940000,49.918084,saltier,292,Frank's Tract at Old River,252.200000
2019-09-13,Baseline (BAU),A Tunnel,Franks Tract (10 supplied RMA stations),10,440.580000,80.030869,saltier,265,Little Franks Tract at Fisherman's Cut,182.560000,46.988994,saltier,292,Frank's Tract at Old River,258.020000
2019-09-14,Baseline (BAU),A Tunnel,Franks Tract (10 supplied RMA stations),10,432.530000,78.568595,saltier,265,Little Franks Tract at Fisherman's Cut,180.680000,46.505102,saltier,292,Frank's Tract at Old River,251.850000
2019-09-15,Baseline (BAU),A Tunnel,Franks Tract (10 supplied RMA stations),10,419.550000,76.210793,saltier,265,Little Franks Tract at Fisherman's Cut,185.750000,47.810066,saltier,292,Frank's Tract at Old River,233.800000
2019-09-16,Baseline (BAU),A Tunnel,Franks Tract (10 supplied RMA stations),10,394.610000,71.680469,saltier,265,Little Franks Tract at Fisherman's Cut,192.710000,49.601496,saltier,292,Frank's Tract at Old River,201.900000
2019-09-17,Baseline (BAU),A Tunnel,Franks Tract (10 supplied RMA stations),10,367.180000,66.697840,saltier,265,Little Franks Tract at Fisherman's Cut,188.370000,47.649520,saltier,285,Frank's Tract North East,178.810000
2019-09-18,Baseline (BAU),A Tunnel,Franks Tract (10 supplied RMA stations),10,354.750000,64.439944,saltier,265,Little Franks Tract at Fisherman's Cut,175.030000,45.050852,saltier,292,Frank's Tract at Old River,179.720000
2019-09-19,Baseline (BAU),A Tunnel,Franks Tract (10 supplied RMA stations),10,335.130000,71.260915,saltier,281,South Franks Tract at Bethel Island,160.660000,41.352168,saltier,292,Frank's Tract at Old River,174.470000
2019-09-20,Baseline (BAU),A Tunnel,Franks Tract (10 supplied RMA stations),10,322.110000,68.492386,saltier,281,South Franks Tract at Bethel Island,142.770000,36.747473,saltier,292,Frank's Tract at Old River,179.340000
2019-09-21,Baseline (BAU),A Tunnel,Franks Tract (10 supplied RMA stations),10,307.030000,55.771659,saltier,265,Little Franks Tract at Fisherman's Cut,126.460000,32.549453,saltier,292,Frank's Tract at Old River,180.570000
2019-09-22,Baseline (BAU),A Tunnel,Franks Tract (10 supplied RMA stations),10,303.220000,55.079577,saltier,265,Little Franks Tract at Fisherman's Cut,117.840000,30.330757,saltier,292,Frank's Tract at Old River,185.380000
2019-09-23,Baseline (BAU),A Tunnel,Franks Tract (10 supplied RMA stations),10,286.590000,52.058756,saltier,265,Little Franks Tract at Fisherman's Cut,116.890000,30.086237,saltier,292,Frank's Tract at Old River,169.700000
2019-09-24,Baseline (BAU),A Tunnel,Franks Tract (10 supplied RMA stations),10,268.530000,48.778177,saltier,265,Little Franks Tract at Fisherman's Cut,115.990000,29.854587,saltier,292,Frank's Tract at Old River,152.540000
2019-09-25,Baseline (BAU),A Tunnel,Franks Tract (10 supplied RMA stations),10,261.010000,47.412177,saltier,265,Little Franks Tract at Fisherman's Cut,115.350000,29.689858,saltier,292,Frank's Tract at Old River,145.660000
2019-09-26,Baseline (BAU),A Tunnel,Franks Tract (10 supplied RMA stations),10,254.270000,46.187864,saltier,265,Little Franks Tract at Fisherman's Cut,119.720000,30.814649,saltier,292,Frank's Tract at Old River,134.550000
2019-09-27,Baseline (BAU),A Tunnel,Franks Tract (10 supplied RMA stations),10,238.260000,43.279665,saltier,265,Little Franks Tract at Fisherman's Cut,125.640000,32.338394,saltier,292,Frank's Tract at Old River,112.620000
2019-09-28,Baseline (BAU),A Tunnel,Franks Tract (10 supplied RMA stations),10,224.950000,40.861918,saltier,265,Little Franks Tract at Fisherman's Cut,124.440000,32.029527,saltier,292,Frank's Tract at Old River,100.510000
2019-09-29,Baseline (BAU),A Tunnel,Franks Tract (10 supplied RMA stations),10,216.490000,46.033704,saltier,281,South Franks Tract at Bethel Island,121.740000,31.334576,saltier,292,Frank's Tract at Old River,94.750000
2019-09-30,Baseline (BAU),A Tunnel,Franks Tract (10 supplied RMA stations),10,207.810000,44.188019,saltier,281,South Franks Tract at Bethel Island,116.490000,29.983282,saltier,292,Frank's Tract at Old River,91.320000
2019-10-01,Baseline (BAU),A Tunnel,Franks Tract (10 supplied RMA stations),10,197.890000,42.078663,saltier,281,South Franks Tract at Bethel Island,108.500000,27.926741,saltier,292,Frank's Tract at Old River,89.390000
2019-10-02,Baseline (BAU),A Tunnel,Franks Tract (10 supplied RMA stations),10,187.170000,39.799198,saltier,281,South Franks Tract at Bethel Island,100.940000,25.980878,saltier,292,Frank's Tract at Old River,86.230000
2019-10-03,Baseline (BAU),A Tunnel,Franks Tract (10 supplied RMA stations),10,176.970000,37.630305,saltier,281,South Franks Tract at Bethel Island,96.120000,24.740261,saltier,292,Frank's Tract at Old River,80.850000
2019-10-04,Baseline (BAU),A Tunnel,Franks Tract (10 supplied RMA stations),10,167.110000,35.533708,saltier,281,South Franks Tract at Bethel Island,89.900000,22.740839,saltier,285,Frank's Tract North East,77.210000
2019-10-05,Baseline (BAU),A Tunnel,Franks Tract (10 supplied RMA stations),10,157.660000,33.524291,saltier,281,South Franks Tract at Bethel Island,80.950000,20.835665,saltier,292,Frank's Tract at Old River,76.710000
2019-10-06,Baseline (BAU),A Tunnel,Franks Tract (10 supplied RMA stations),10,148.750000,31.629699,saltier,281,South Franks Tract at Bethel Island,73.260000,18.856341,saltier,292,Frank's Tract at Old River,75.490000
2019-10-07,Baseline (BAU),A Tunnel,Franks Tract (10 supplied RMA stations),10,140.240000,29.820161,saltier,281,South Franks Tract at Bethel Island,68.400000,17.605429,saltier,292,Frank's Tract at Old River,71.840000
2019-10-08,Baseline (BAU),A Tunnel,Franks Tract (10 supplied RMA stations),10,132.820000,28.242397,saltier,281,South Franks Tract at Bethel Island,64.870000,16.696845,saltier,292,Frank's Tract at Old River,67.950000
2019-10-09,Baseline (BAU),A Tunnel,Franks Tract (10 supplied RMA stations),10,127.400000,23.142069,saltier,265,Little Franks Tract at Fisherman's Cut,61.260000,15.767670,saltier,292,Frank's Tract at Old River,66.140000
2019-10-10,Baseline (BAU),A Tunnel,Franks Tract (10 supplied RMA stations),10,119.670000,25.446226,saltier,281,South Franks Tract at Bethel Island,57.400000,14.519735,saltier,285,Frank's Tract North East,62.270000
2019-10-11,Baseline (BAU),A Tunnel,Franks Tract (10 supplied RMA stations),10,116.310000,21.127583,saltier,265,Little Franks Tract at Fisherman's Cut,55.320000,14.238777,saltier,292,Frank's Tract at Old River,60.990000
2019-10-12,Baseline (BAU),A Tunnel,Franks Tract (10 supplied RMA stations),10,116.960000,21.245654,saltier,265,Little Franks Tract at Fisherman's Cut,51.760000,13.322471,saltier,292,Frank's Tract at Old River,65.200000
2019-10-13,Baseline (BAU),A Tunnel,Franks Tract (10 supplied RMA stations),10,118.360000,21.499963,saltier,265,Little Franks Tract at Fisherman's Cut,49.730000,12.799971,saltier,292,Frank's Tract at Old River,68.630000
2019-10-14,Baseline (BAU),A Tunnel,Franks Tract (10 supplied RMA stations),10,117.070000,21.265636,saltier,265,Little Franks Tract at Fisherman's Cut,48.710000,12.537434,saltier,292,Frank's Tract at Old River,68.360000
2019-10-15,Baseline (BAU),A Tunnel,Franks Tract (10 supplied RMA stations),10,112.620000,20.457298,saltier,265,Little Franks Tract at Fisherman's Cut,47.440000,12.210549,saltier,292,Frank's Tract at Old River,65.180000
2019-10-16,Baseline (BAU),A Tunnel,Franks Tract (10 supplied RMA stations),10,113.530000,20.622599,saltier,265,Little Franks Tract at Fisherman's Cut,46.110000,11.868221,saltier,292,Frank's Tract at Old River,67.420000
2019-10-17,Baseline (BAU),A Tunnel,Franks Tract (10 supplied RMA stations),10,114.870000,20.866008,saltier,265,Little Franks Tract at Fisherman's Cut,45.760000,11.778135,saltier,292,Frank's Tract at Old River,69.110000
2019-10-18,Baseline (BAU),A Tunnel,Franks Tract (10 supplied RMA stations),10,108.950000,19.790647,saltier,265,Little Franks Tract at Fisherman's Cut,45.870000,11.806448,saltier,292,Frank's Tract at Old River,63.080000
2019-10-19,Baseline (BAU),A Tunnel,Franks Tract (10 supplied RMA stations),10,105.130000,19.096748,saltier,265,Little Franks Tract at Fisherman's Cut,44.280000,11.397199,saltier,292,Frank's Tract at Old River,60.850000
2019-10-20,Baseline (BAU),A Tunnel,Franks Tract (10 supplied RMA stations),10,101.790000,18.490041,saltier,265,Little Franks Tract at Fisherman's Cut,40.850000,10.514354,saltier,292,Frank's Tract at Old River,60.940000
2019-10-21,Baseline (BAU),A Tunnel,Franks Tract (10 supplied RMA stations),10,95.870000,17.414679,saltier,265,Little Franks Tract at Fisherman's Cut,36.450000,9.381841,saltier,292,Frank's Tract at Old River,59.420000
2019-10-22,Baseline (BAU),A Tunnel,Franks Tract (10 supplied RMA stations),10,91.380000,16.599076,saltier,265,Little Franks Tract at Fisherman's Cut,32.960000,8.483552,saltier,292,Frank's Tract at Old River,58.420000
2019-10-23,Baseline (BAU),A Tunnel,Franks Tract (10 supplied RMA stations),10,95.190000,17.291158,saltier,265,Little Franks Tract at Fisherman's Cut,30.970000,7.971347,saltier,292,Frank's Tract at Old River,64.220000
2019-10-24,Baseline (BAU),A Tunnel,Franks Tract (10 supplied RMA stations),10,103.460000,18.793394,saltier,265,Little Franks Tract at Fisherman's Cut,30.920000,7.958478,saltier,292,Frank's Tract at Old River,72.540000
2019-10-25,Baseline (BAU),A Tunnel,Franks Tract (10 supplied RMA stations),10,115.110000,20.909604,saltier,265,Little Franks Tract at Fisherman's Cut,31.970000,8.228737,saltier,292,Frank's Tract at Old River,83.140000
2019-10-26,Baseline (BAU),A Tunnel,Franks Tract (10 supplied RMA stations),10,135.890000,24.684268,saltier,265,Little Franks Tract at Fisherman's Cut,33.190000,8.542751,saltier,292,Frank's Tract at Old River,102.700000
2019-10-27,Baseline (BAU),A Tunnel,Franks Tract (10 supplied RMA stations),10,138.250000,25.112959,saltier,265,Little Franks Tract at Fisherman's Cut,32.860000,8.457813,saltier,292,Frank's Tract at Old River,105.390000
2019-10-28,Baseline (BAU),A Tunnel,Franks Tract (10 supplied RMA stations),10,156.620000,28.449849,saltier,265,Little Franks Tract at Fisherman's Cut,33.100000,8.519586,saltier,292,Frank's Tract at Old River,123.520000
2019-10-29,Baseline (BAU),A Tunnel,Franks Tract (10 supplied RMA stations),10,181.770000,33.018319,saltier,265,Little Franks Tract at Fisherman's Cut,34.640000,8.915966,saltier,292,Frank's Tract at Old River,147.130000
2019-10-30,Baseline (BAU),A Tunnel,Franks Tract (10 supplied RMA stations),10,189.970000,34.507840,saltier,265,Little Franks Tract at Fisherman's Cut,37.600000,9.677838,saltier,292,Frank's Tract at Old River,152.370000
2019-10-31,Baseline (BAU),A Tunnel,Franks Tract (10 supplied RMA stations),10,200.040000,36.337044,saltier,265,Little Franks Tract at Fisherman's Cut,39.330000,10.123122,saltier,292,Frank's Tract at Old River,160.710000
2019-11-01,Baseline (BAU),A Tunnel,Franks Tract (10 supplied RMA stations),10,227.540000,41.332389,saltier,265,Little Franks Tract at Fisherman's Cut,40.390000,10.395955,saltier,292,Frank's Tract at Old River,187.150000
2019-11-02,Baseline (BAU),A Tunnel,Franks Tract (10 supplied RMA stations),10,256.760000,46.640170,saltier,265,Little Franks Tract at Fisherman's Cut,42.400000,10.913307,saltier,292,Frank's Tract at Old River,214.360000
2019-11-03,Baseline (BAU),A Tunnel,Franks Tract (10 supplied RMA stations),10,288.660000,52.434769,saltier,265,Little Franks Tract at Fisherman's Cut,45.370000,11.677753,saltier,292,Frank's Tract at Old River,243.290000
2019-11-04,Baseline (BAU),A Tunnel,Franks Tract (10 supplied RMA stations),10,309.050000,56.138590,saltier,265,Little Franks Tract at Fisherman's Cut,51.150000,13.165464,saltier,292,Frank's Tract at Old River,257.900000
2019-11-05,Baseline (BAU),A Tunnel,Franks Tract (10 supplied RMA stations),10,326.550000,59.317446,saltier,265,Little Franks Tract at Fisherman's Cut,59.920000,15.422768,saltier,292,Frank's Tract at Old River,266.630000
2019-11-06,Baseline (BAU),A Tunnel,Franks Tract (10 supplied RMA stations),10,366.510000,66.576135,saltier,265,Little Franks Tract at Fisherman's Cut,70.120000,18.048139,saltier,292,Frank's Tract at Old River,296.390000
2019-11-07,Baseline (BAU),A Tunnel,Franks Tract (10 supplied RMA stations),10,419.920000,76.278003,saltier,265,Little Franks Tract at Fisherman's Cut,82.410000,21.211454,saltier,292,Frank's Tract at Old River,337.510000
2019-11-08,Baseline (BAU),A Tunnel,Franks Tract (10 supplied RMA stations),10,466.360000,84.713777,saltier,265,Little Franks Tract at Fisherman's Cut,97.900000,25.198414,saltier,292,Frank's Tract at Old River,368.460000
2019-11-09,Baseline (BAU),A Tunnel,Franks Tract (10 supplied RMA stations),10,517.510000,94.005118,saltier,265,Little Franks Tract at Fisherman's Cut,115.630000,29.761927,saltier,292,Frank's Tract at Old River,401.880000
2019-11-10,Baseline (BAU),A Tunnel,Franks Tract (10 supplied RMA stations),10,594.690000,108.024780,saltier,265,Little Franks Tract at Fisherman's Cut,133.390000,34.333161,saltier,292,Frank's Tract at Old River,461.300000
2019-11-11,Baseline (BAU),A Tunnel,Franks Tract (10 supplied RMA stations),10,679.210000,123.377744,saltier,265,Little Franks Tract at Fisherman's Cut,155.810000,40.103830,saltier,292,Frank's Tract at Old River,523.400000
2019-11-12,Baseline (BAU),A Tunnel,Franks Tract (10 supplied RMA stations),10,768.170000,139.537229,saltier,265,Little Franks Tract at Fisherman's Cut,183.630000,47.264401,saltier,292,Frank's Tract at Old River,584.540000
2019-11-13,Baseline (BAU),A Tunnel,Franks Tract (10 supplied RMA stations),10,898.940000,163.291455,saltier,265,Little Franks Tract at Fisherman's Cut,219.240000,56.430034,saltier,292,Frank's Tract at Old River,679.700000
2019-11-14,Baseline (BAU),A Tunnel,Franks Tract (10 supplied RMA stations),10,1012.830000,183.979447,saltier,265,Little Franks Tract at Fisherman's Cut,266.450000,68.581384,saltier,292,Frank's Tract at Old River,746.380000
2019-11-15,Baseline (BAU),A Tunnel,Franks Tract (10 supplied RMA stations),10,1051.630000,191.027424,saltier,265,Little Franks Tract at Fisherman's Cut,305.090000,78.526907,saltier,292,Frank's Tract at Old River,746.540000
2019-11-16,Baseline (BAU),A Tunnel,Franks Tract (10 supplied RMA stations),10,1100.960000,199.988164,saltier,265,Little Franks Tract at Fisherman's Cut,330.380000,85.036283,saltier,292,Frank's Tract at Old River,770.580000
2019-11-17,Baseline (BAU),A Tunnel,Franks Tract (10 supplied RMA stations),10,1156.920000,210.153236,saltier,265,Little Franks Tract at Fisherman's Cut,352.980000,90.853282,saltier,292,Frank's Tract at Old River,803.940000
2019-11-18,Baseline (BAU),A Tunnel,Franks Tract (10 supplied RMA stations),10,1230.490000,223.517145,saltier,265,Little Franks Tract at Fisherman's Cut,381.320000,98.147695,saltier,292,Frank's Tract at Old River,849.170000
2019-11-19,Baseline (BAU),A Tunnel,Franks Tract (10 supplied RMA stations),10,1322.180000,240.172532,saltier,265,Little Franks Tract at Fisherman's Cut,445.040000,114.548542,saltier,292,Frank's Tract at Old River,877.140000
2019-11-20,Baseline (BAU),A Tunnel,Franks Tract (10 supplied RMA stations),10,1344.520000,244.230568,saltier,265,Little Franks Tract at Fisherman's Cut,498.640000,128.344610,saltier,292,Frank's Tract at Old River,845.880000
2019-11-21,Baseline (BAU),A Tunnel,Franks Tract (10 supplied RMA stations),10,1354.140000,245.978031,saltier,265,Little Franks Tract at Fisherman's Cut,525.900000,135.361043,saltier,292,Frank's Tract at Old River,828.240000
2019-11-22,Baseline (BAU),A Tunnel,Franks Tract (10 supplied RMA stations),10,1358.090000,246.695544,saltier,265,Little Franks Tract at Fisherman's Cut,552.100000,142.104643,saltier,292,Frank's Tract at Old River,805.990000
2019-11-23,Baseline (BAU),A Tunnel,Franks Tract (10 supplied RMA stations),10,1392.200000,252.891587,saltier,265,Little Franks Tract at Fisherman's Cut,568.060000,146.212576,saltier,292,Frank's Tract at Old River,824.140000
2019-11-24,Baseline (BAU),A Tunnel,Franks Tract (10 supplied RMA stations),10,1481.320000,269.080137,saltier,265,Little Franks Tract at Fisherman's Cut,585.930000,150.812123,saltier,292,Frank's Tract at Old River,895.390000
2019-11-25,Baseline (BAU),A Tunnel,Franks Tract (10 supplied RMA stations),10,1524.660000,276.952800,saltier,265,Little Franks Tract at Fisherman's Cut,609.290000,156.824738,saltier,292,Frank's Tract at Old River,915.370000
2019-11-26,Baseline (BAU),A Tunnel,Franks Tract (10 supplied RMA stations),10,1544.950000,280.638456,saltier,265,Little Franks Tract at Fisherman's Cut,644.300000,165.835938,saltier,292,Frank's Tract at Old River,900.650000
2019-11-27,Baseline (BAU),A Tunnel,Franks Tract (10 supplied RMA stations),10,1703.900000,309.511547,saltier,265,Little Franks Tract at Fisherman's Cut,689.910000,177.575465,saltier,292,Frank's Tract at Old River,1013.990000
2019-11-28,Baseline (BAU),A Tunnel,Franks Tract (10 supplied RMA stations),10,1705.950000,309.883927,saltier,265,Little Franks Tract at Fisherman's Cut,739.550000,190.352271,saltier,292,Frank's Tract at Old River,966.400000
2019-11-29,Baseline (BAU),A Tunnel,Franks Tract (10 supplied RMA stations),10,1621.720000,294.583641,saltier,265,Little Franks Tract at Fisherman's Cut,777.450000,200.107326,saltier,292,Frank's Tract at Old River,844.270000
2019-11-30,Baseline (BAU),A Tunnel,Franks Tract (10 supplied RMA stations),10,1477.680000,268.418935,saltier,265,Little Franks Tract at Fisherman's Cut,754.470000,194.192519,saltier,292,Frank's Tract at Old River,723.210000
2019-12-01,Baseline (BAU),A Tunnel,Franks Tract (10 supplied RMA stations),10,1479.730000,268.791315,saltier,265,Little Franks Tract at Fisherman's Cut,713.410000,183.624114,saltier,292,Frank's Tract at Old River,766.320000
2019-12-02,Baseline (BAU),A Tunnel,Franks Tract (10 supplied RMA stations),10,1366.180000,248.165083,saltier,265,Little Franks Tract at Fisherman's Cut,730.110000,187.922515,saltier,292,Frank's Tract at Old River,636.070000
2019-12-03,Baseline (BAU),A Tunnel,Franks Tract (10 supplied RMA stations),10,1219.090000,221.446348,saltier,265,Little Franks Tract at Fisherman's Cut,744.430000,191.608331,saltier,292,Frank's Tract at Old River,474.660000
2019-12-04,Baseline (BAU),A Tunnel,Franks Tract (10 supplied RMA stations),10,1145.650000,208.106053,saltier,265,Little Franks Tract at Fisherman's Cut,741.000000,190.725485,saltier,292,Frank's Tract at Old River,404.650000
2019-12-05,Baseline (BAU),A Tunnel,Franks Tract (10 supplied RMA stations),10,1075.470000,195.357934,saltier,265,Little Franks Tract at Fisherman's Cut,722.390000,185.935470,saltier,292,Frank's Tract at Old River,353.080000
2019-12-06,Baseline (BAU),A Tunnel,Franks Tract (10 supplied RMA stations),10,1036.020000,213.564975,saltier,274,Piper Slough at Bethal Tract,691.880000,178.082522,saltier,292,Frank's Tract at Old River,344.140000
2019-12-07,Baseline (BAU),A Tunnel,Franks Tract (10 supplied RMA stations),10,1002.670000,182.133895,saltier,265,Little Franks Tract at Fisherman's Cut,665.860000,171.385252,saltier,292,Frank's Tract at Old River,336.810000
2019-12-08,Baseline (BAU),A Tunnel,Franks Tract (10 supplied RMA stations),10,969.540000,199.860800,saltier,274,Piper Slough at Bethal Tract,657.390000,169.205164,saltier,292,Frank's Tract at Old River,312.150000
2019-12-09,Baseline (BAU),A Tunnel,Franks Tract (10 supplied RMA stations),10,928.560000,191.413190,saltier,274,Piper Slough at Bethal Tract,640.780000,164.929928,saltier,292,Frank's Tract at Old River,287.780000
2019-12-10,Baseline (BAU),A Tunnel,Franks Tract (10 supplied RMA stations),10,888.530000,188.934027,saltier,281,South Franks Tract at Bethel Island,610.930000,157.246856,saltier,292,Frank's Tract at Old River,277.600000
2019-12-11,Baseline (BAU),A Tunnel,Franks Tract (10 supplied RMA stations),10,848.880000,180.502984,saltier,281,South Franks Tract at Bethel Island,572.960000,147.473784,saltier,292,Frank's Tract at Old River,275.920000
2019-12-12,Baseline (BAU),A Tunnel,Franks Tract (10 supplied RMA stations),10,808.720000,171.963497,saltier,281,South Franks Tract at Bethel Island,541.890000,139.476698,saltier,292,Frank's Tract at Old River,266.830000
2019-12-13,Baseline (BAU),A Tunnel,Franks Tract (10 supplied RMA stations),10,769.870000,163.702564,saltier,281,South Franks Tract at Bethel Island,517.210000,133.124330,saltier,292,Frank's Tract at Old River,252.660000
2019-12-14,Baseline (BAU),A Tunnel,Franks Tract (10 supplied RMA stations),10,733.310000,155.928569,saltier,281,South Franks Tract at Bethel Island,503.360000,129.559487,saltier,292,Frank's Tract at Old River,229.950000
2019-12-15,Baseline (BAU),A Tunnel,Franks Tract (10 supplied RMA stations),10,698.150000,148.452265,saltier,281,South Franks Tract at Bethel Island,490.090000,126.143931,saltier,292,Frank's Tract at Old River,208.060000
2019-12-16,Baseline (BAU),A Tunnel,Franks Tract (10 supplied RMA stations),10,659.920000,140.323166,saltier,281,South Franks Tract at Bethel Island,464.580000,119.577930,saltier,292,Frank's Tract at Old River,195.340000
2019-12-17,Baseline (BAU),A Tunnel,Franks Tract (10 supplied RMA stations),10,625.140000,132.927664,saltier,281,South Franks Tract at Bethel Island,432.420000,109.383690,saltier,285,Frank's Tract North East,192.720000
2019-12-18,Baseline (BAU),A Tunnel,Franks Tract (10 supplied RMA stations),10,594.620000,126.437994,saltier,281,South Franks Tract at Bethel Island,398.260000,100.742677,saltier,285,Frank's Tract North East,196.360000
2019-12-19,Baseline (BAU),A Tunnel,Franks Tract (10 supplied RMA stations),10,563.460000,119.812237,saltier,281,South Franks Tract at Bethel Island,369.310000,93.419570,saltier,285,Frank's Tract North East,194.150000
2019-12-20,Baseline (BAU),A Tunnel,Franks Tract (10 supplied RMA stations),10,531.980000,113.118436,saltier,281,South Franks Tract at Bethel Island,348.300000,88.104942,saltier,285,Frank's Tract North East,183.680000
2019-12-21,Baseline (BAU),A Tunnel,Franks Tract (10 supplied RMA stations),10,503.850000,107.136967,saltier,281,South Franks Tract at Bethel Island,326.890000,82.689132,saltier,285,Frank's Tract North East,176.960000
2019-12-22,Baseline (BAU),A Tunnel,Franks Tract (10 supplied RMA stations),10,475.490000,101.106592,saltier,281,South Franks Tract at Bethel Island,306.220000,77.460509,saltier,285,Frank's Tract North East,169.270000
2019-12-23,Baseline (BAU),A Tunnel,Franks Tract (10 supplied RMA stations),10,444.620000,94.542499,saltier,281,South Franks Tract at Bethel Island,285.920000,72.325481,saltier,285,Frank's Tract North East,158.700000
2019-12-24,Baseline (BAU),A Tunnel,Franks Tract (10 supplied RMA stations),10,413.150000,87.850825,saltier,281,South Franks Tract at Bethel Island,270.730000,68.483064,saltier,285,Frank's Tract North East,142.420000
2019-12-25,Baseline (BAU),A Tunnel,Franks Tract (10 supplied RMA stations),10,383.630000,81.573791,saltier,281,South Franks Tract at Bethel Island,237.850000,43.205189,saltier,265,Little Franks Tract at Fisherman's Cut,145.780000
2019-12-26,Baseline (BAU),A Tunnel,Franks Tract (10 supplied RMA stations),10,355.730000,75.641229,saltier,281,South Franks Tract at Bethel Island,203.350000,36.938302,saltier,265,Little Franks Tract at Fisherman's Cut,152.380000
2019-12-27,Baseline (BAU),A Tunnel,Franks Tract (10 supplied RMA stations),10,327.150000,69.564074,saltier,281,South Franks Tract at Bethel Island,177.790000,32.295357,saltier,265,Little Franks Tract at Fisherman's Cut,149.360000
2019-12-28,Baseline (BAU),A Tunnel,Franks Tract (10 supplied RMA stations),10,299.760000,63.739957,saltier,281,South Franks Tract at Bethel Island,156.720000,28.468014,saltier,265,Little Franks Tract at Fisherman's Cut,143.040000
2019-12-29,Baseline (BAU),A Tunnel,Franks Tract (10 supplied RMA stations),10,274.430000,58.353871,saltier,281,South Franks Tract at Bethel Island,132.970000,24.153853,saltier,265,Little Franks Tract at Fisherman's Cut,141.460000
2019-12-30,Baseline (BAU),A Tunnel,Franks Tract (10 supplied RMA stations),10,252.490000,53.688623,saltier,281,South Franks Tract at Bethel Island,112.150000,20.371923,saltier,265,Little Franks Tract at Fisherman's Cut,140.340000
2019-12-31,Baseline (BAU),A Tunnel,Franks Tract (10 supplied RMA stations),10,231.460000,49.216875,saltier,281,South Franks Tract at Bethel Island,98.790000,17.945094,saltier,265,Little Franks Tract at Fisherman's Cut,132.670000
2020-01-01,Baseline (BAU),A Tunnel,Franks Tract (10 supplied RMA stations),10,212.690000,45.225685,saltier,281,South Franks Tract at Bethel Island,91.010000,16.531866,saltier,265,Little Franks Tract at Fisherman's Cut,121.680000
2020-01-02,Baseline (BAU),A Tunnel,Franks Tract (10 supplied RMA stations),10,197.500000,41.995735,saltier,281,South Franks Tract at Bethel Island,89.060000,16.177650,saltier,265,Little Franks Tract at Fisherman's Cut,108.440000
2020-01-03,Baseline (BAU),A Tunnel,Franks Tract (10 supplied RMA stations),10,184.690000,39.271860,saltier,281,South Franks Tract at Bethel Island,84.620000,15.371129,saltier,265,Little Franks Tract at Fisherman's Cut,100.070000
2020-01-04,Baseline (BAU),A Tunnel,Franks Tract (10 supplied RMA stations),10,173.210000,36.830791,saltier,281,South Franks Tract at Bethel Island,77.410000,14.061441,saltier,265,Little Franks Tract at Fisherman's Cut,95.800000
2020-01-05,Baseline (BAU),A Tunnel,Franks Tract (10 supplied RMA stations),10,161.200000,34.277025,saltier,281,South Franks Tract at Bethel Island,73.160000,13.289433,saltier,265,Little Franks Tract at Fisherman's Cut,88.040000
2020-01-06,Baseline (BAU),A Tunnel,Franks Tract (10 supplied RMA stations),10,149.700000,31.831704,saltier,281,South Franks Tract at Bethel Island,67.050000,12.179558,saltier,265,Little Franks Tract at Fisherman's Cut,82.650000
2020-01-07,Baseline (BAU),A Tunnel,Franks Tract (10 supplied RMA stations),10,138.130000,29.371498,saltier,281,South Franks Tract at Bethel Island,57.660000,10.473875,saltier,265,Little Franks Tract at Fisherman's Cut,80.470000
2020-01-08,Baseline (BAU),A Tunnel,Franks Tract (10 supplied RMA stations),10,125.960000,26.783710,saltier,281,South Franks Tract at Bethel Island,50.060000,9.093344,saltier,265,Little Franks Tract at Fisherman's Cut,75.900000
2020-01-09,Baseline (BAU),A Tunnel,Franks Tract (10 supplied RMA stations),10,114.080000,24.257587,saltier,281,South Franks Tract at Bethel Island,48.170000,8.750027,saltier,265,Little Franks Tract at Fisherman's Cut,65.910000
2020-01-10,Baseline (BAU),A Tunnel,Franks Tract (10 supplied RMA stations),10,103.520000,22.012144,saltier,281,South Franks Tract at Bethel Island,51.170000,9.294974,saltier,265,Little Franks Tract at Fisherman's Cut,52.350000
2020-01-11,Baseline (BAU),A Tunnel,Franks Tract (10 supplied RMA stations),10,95.030000,20.206859,saltier,281,South Franks Tract at Bethel Island,55.950000,10.928115,saltier,270,Frank's Tract at False River,39.080000
2020-01-12,Baseline (BAU),A Tunnel,Franks Tract (10 supplied RMA stations),10,88.570000,18.833227,saltier,281,South Franks Tract at Bethel Island,58.860000,12.362286,saltier,276,North West Franks Tract,29.710000
2020-01-13,Baseline (BAU),A Tunnel,Franks Tract (10 supplied RMA stations),10,84.250000,17.914636,saltier,281,South Franks Tract at Bethel Island,58.170000,14.714512,saltier,285,Frank's Tract North East,26.080000
2020-01-14,Baseline (BAU),A Tunnel,Franks Tract (10 supplied RMA stations),10,81.250000,17.276726,saltier,281,South Franks Tract at Bethel Island,57.980000,14.666450,saltier,285,Frank's Tract North East,23.270000
2020-01-15,Baseline (BAU),A Tunnel,Franks Tract (10 supplied RMA stations),10,83.130000,15.100472,saltier,265,Little Franks Tract at Fisherman's Cut,58.650000,14.835931,saltier,285,Frank's Tract North East,24.480000
2020-01-16,Baseline (BAU),A Tunnel,Franks Tract (10 supplied RMA stations),10,103.710000,18.838807,saltier,265,Little Franks Tract at Fisherman's Cut,59.090000,15.209135,saltier,292,Frank's Tract at Old River,44.620000
2020-01-17,Baseline (BAU),A Tunnel,Franks Tract (10 supplied RMA stations),10,108.420000,19.694373,saltier,265,Little Franks Tract at Fisherman's Cut,60.840000,15.659566,saltier,292,Frank's Tract at Old River,47.580000
2020-01-18,Baseline (BAU),A Tunnel,Franks Tract (10 supplied RMA stations),10,114.770000,20.847843,saltier,265,Little Franks Tract at Fisherman's Cut,62.540000,16.097128,saltier,292,Frank's Tract at Old River,52.230000
2020-01-19,Baseline (BAU),A Tunnel,Franks Tract (10 supplied RMA stations),10,138.480000,25.154739,saltier,265,Little Franks Tract at Fisherman's Cut,63.990000,16.470343,saltier,292,Frank's Tract at Old River,74.490000
2020-01-20,Baseline (BAU),A Tunnel,Franks Tract (10 supplied RMA stations),10,179.280000,32.566013,saltier,265,Little Franks Tract at Fisherman's Cut,67.230000,17.304284,saltier,292,Frank's Tract at Old River,112.050000
2020-01-21,Baseline (BAU),A Tunnel,Franks Tract (10 supplied RMA stations),10,218.740000,39.733879,saltier,265,Little Franks Tract at Fisherman's Cut,73.080000,18.810011,saltier,292,Frank's Tract at Old River,145.660000
2020-01-22,Baseline (BAU),A Tunnel,Franks Tract (10 supplied RMA stations),10,237.440000,43.130713,saltier,265,Little Franks Tract at Fisherman's Cut,80.340000,20.678658,saltier,292,Frank's Tract at Old River,157.100000
2020-01-23,Baseline (BAU),A Tunnel,Franks Tract (10 supplied RMA stations),10,255.050000,46.329550,saltier,265,Little Franks Tract at Fisherman's Cut,87.730000,22.580765,saltier,292,Frank's Tract at Old River,167.320000
2020-01-24,Baseline (BAU),A Tunnel,Franks Tract (10 supplied RMA stations),10,287.350000,52.196809,saltier,265,Little Franks Tract at Fisherman's Cut,96.590000,24.861234,saltier,292,Frank's Tract at Old River,190.760000
2020-01-25,Baseline (BAU),A Tunnel,Franks Tract (10 supplied RMA stations),10,320.370000,58.194856,saltier,265,Little Franks Tract at Fisherman's Cut,106.830000,27.496901,saltier,292,Frank's Tract at Old River,213.540000
2020-01-26,Baseline (BAU),A Tunnel,Franks Tract (10 supplied RMA stations),10,342.980000,62.301937,saltier,265,Little Franks Tract at Fisherman's Cut,120.030000,30.894440,saltier,292,Frank's Tract at Old River,222.950000
2020-01-27,Baseline (BAU),A Tunnel,Franks Tract (10 supplied RMA stations),10,337.440000,61.295602,saltier,265,Little Franks Tract at Fisherman's Cut,134.180000,34.536499,saltier,292,Frank's Tract at Old River,203.260000
2020-01-28,Baseline (BAU),A Tunnel,Franks Tract (10 supplied RMA stations),10,335.130000,60.875993,saltier,265,Little Franks Tract at Fisherman's Cut,145.060000,37.336895,saltier,292,Frank's Tract at Old River,190.070000
2020-01-29,Baseline (BAU),A Tunnel,Franks Tract (10 supplied RMA stations),10,342.120000,62.145719,saltier,265,Little Franks Tract at Fisherman's Cut,154.060000,39.653398,saltier,292,Frank's Tract at Old River,188.060000
2020-01-30,Baseline (BAU),A Tunnel,Franks Tract (10 supplied RMA stations),10,348.530000,63.310088,saltier,265,Little Franks Tract at Fisherman's Cut,162.890000,41.926146,saltier,292,Frank's Tract at Old River,185.640000
2020-01-31,Baseline (BAU),A Tunnel,Franks Tract (10 supplied RMA stations),10,361.960000,65.749633,saltier,265,Little Franks Tract at Fisherman's Cut,171.240000,44.075347,saltier,292,Frank's Tract at Old River,190.720000
2020-02-01,Baseline (BAU),A Tunnel,Franks Tract (10 supplied RMA stations),10,385.490000,70.023831,saltier,265,Little Franks Tract at Fisherman's Cut,177.780000,45.758673,saltier,292,Frank's Tract at Old River,207.710000
2020-02-02,Baseline (BAU),A Tunnel,Franks Tract (10 supplied RMA stations),10,413.370000,75.088202,saltier,265,Little Franks Tract at Fisherman's Cut,188.920000,48.625990,saltier,292,Frank's Tract at Old River,224.450000
2020-02-03,Baseline (BAU),A Tunnel,Franks Tract (10 supplied RMA stations),10,402.790000,73.166357,saltier,265,Little Franks Tract at Fisherman's Cut,198.100000,50.988824,saltier,292,Frank's Tract at Old River,204.690000
2020-02-04,Baseline (BAU),A Tunnel,Franks Tract (10 supplied RMA stations),10,413.030000,75.026442,saltier,265,Little Franks Tract at Fisherman's Cut,197.770000,50.903886,saltier,292,Frank's Tract at Old River,215.260000
2020-02-05,Baseline (BAU),A Tunnel,Franks Tract (10 supplied RMA stations),10,441.480000,80.194353,saltier,265,Little Franks Tract at Fisherman's Cut,197.590000,50.857555,saltier,292,Frank's Tract at Old River,243.890000
2020-02-06,Baseline (BAU),A Tunnel,Franks Tract (10 supplied RMA stations),10,457.250000,83.058956,saltier,265,Little Franks Tract at Fisherman's Cut,201.620000,51.894834,saltier,292,Frank's Tract at Old River,255.630000
2020-02-07,Baseline (BAU),A Tunnel,Franks Tract (10 supplied RMA stations),10,469.850000,85.347732,saltier,265,Little Franks Tract at Fisherman's Cut,210.320000,54.134122,saltier,292,Frank's Tract at Old River,259.530000
2020-02-08,Baseline (BAU),A Tunnel,Franks Tract (10 supplied RMA stations),10,458.140000,83.220623,saltier,265,Little Franks Tract at Fisherman's Cut,221.350000,56.973126,saltier,292,Frank's Tract at Old River,236.790000
2020-02-09,Baseline (BAU),A Tunnel,Franks Tract (10 supplied RMA stations),10,412.560000,74.941067,saltier,265,Little Franks Tract at Fisherman's Cut,217.520000,55.987325,saltier,292,Frank's Tract at Old River,195.040000
2020-02-10,Baseline (BAU),A Tunnel,Franks Tract (10 supplied RMA stations),10,405.300000,73.622296,saltier,265,Little Franks Tract at Fisherman's Cut,214.130000,55.114775,saltier,292,Frank's Tract at Old River,191.170000
2020-02-11,Baseline (BAU),A Tunnel,Franks Tract (10 supplied RMA stations),10,405.410000,73.642277,saltier,265,Little Franks Tract at Fisherman's Cut,219.610000,56.525268,saltier,292,Frank's Tract at Old River,185.800000
2020-02-12,Baseline (BAU),A Tunnel,Franks Tract (10 supplied RMA stations),10,392.160000,71.235429,saltier,265,Little Franks Tract at Fisherman's Cut,225.620000,58.072178,saltier,292,Frank's Tract at Old River,166.540000
2020-02-13,Baseline (BAU),A Tunnel,Franks Tract (10 supplied RMA stations),10,380.660000,69.146467,saltier,265,Little Franks Tract at Fisherman's Cut,229.070000,58.960171,saltier,292,Frank's Tract at Old River,151.590000
2020-02-14,Baseline (BAU),A Tunnel,Franks Tract (10 supplied RMA stations),10,372.400000,67.646047,saltier,265,Little Franks Tract at Fisherman's Cut,229.530000,59.078570,saltier,292,Frank's Tract at Old River,142.870000
2020-02-15,Baseline (BAU),A Tunnel,Franks Tract (10 supplied RMA stations),10,359.750000,65.348189,saltier,265,Little Franks Tract at Fisherman's Cut,227.160000,58.468558,saltier,292,Frank's Tract at Old River,132.590000
2020-02-16,Baseline (BAU),A Tunnel,Franks Tract (10 supplied RMA stations),10,345.690000,62.794205,saltier,265,Little Franks Tract at Fisherman's Cut,223.680000,57.572843,saltier,292,Frank's Tract at Old River,122.010000
2020-02-17,Baseline (BAU),A Tunnel,Franks Tract (10 supplied RMA stations),10,333.280000,60.539943,saltier,265,Little Franks Tract at Fisherman's Cut,217.350000,55.943568,saltier,292,Frank's Tract at Old River,115.930000
2020-02-18,Baseline (BAU),A Tunnel,Franks Tract (10 supplied RMA stations),10,326.100000,59.235704,saltier,265,Little Franks Tract at Fisherman's Cut,208.290000,53.611621,saltier,292,Frank's Tract at Old River,117.810000
2020-02-19,Baseline (BAU),A Tunnel,Franks Tract (10 supplied RMA stations),10,316.330000,57.460994,saltier,265,Little Franks Tract at Fisherman's Cut,202.310000,52.072433,saltier,292,Frank's Tract at Old River,114.020000
2020-02-20,Baseline (BAU),A Tunnel,Franks Tract (10 supplied RMA stations),10,306.580000,55.689917,saltier,265,Little Franks Tract at Fisherman's Cut,196.770000,50.646496,saltier,292,Frank's Tract at Old River,109.810000
2020-02-21,Baseline (BAU),A Tunnel,Franks Tract (10 supplied RMA stations),10,297.550000,54.049628,saltier,265,Little Franks Tract at Fisherman's Cut,191.650000,49.328663,saltier,292,Frank's Tract at Old River,105.900000
2020-02-22,Baseline (BAU),A Tunnel,Franks Tract (10 supplied RMA stations),10,291.680000,52.983349,saltier,265,Little Franks Tract at Fisherman's Cut,188.080000,48.409783,saltier,292,Frank's Tract at Old River,103.600000
2020-02-23,Baseline (BAU),A Tunnel,Franks Tract (10 supplied RMA stations),10,270.900000,49.208685,saltier,265,Little Franks Tract at Fisherman's Cut,184.700000,47.539807,saltier,292,Frank's Tract at Old River,86.200000
2020-02-24,Baseline (BAU),A Tunnel,Franks Tract (10 supplied RMA stations),10,250.100000,51.555569,saltier,274,Piper Slough at Bethal Tract,177.660000,45.727786,saltier,292,Frank's Tract at Old River,72.440000
2020-02-25,Baseline (BAU),A Tunnel,Franks Tract (10 supplied RMA stations),10,239.780000,50.986012,saltier,281,South Franks Tract at Bethel Island,169.020000,43.503943,saltier,292,Frank's Tract at Old River,70.760000
2020-02-26,Baseline (BAU),A Tunnel,Franks Tract (10 supplied RMA stations),10,232.380000,49.412501,saltier,281,South Franks Tract at Bethel Island,160.600000,41.336725,saltier,292,Frank's Tract at Old River,71.780000
2020-02-27,Baseline (BAU),A Tunnel,Franks Tract (10 supplied RMA stations),10,225.260000,47.898528,saltier,281,South Franks Tract at Bethel Island,152.610000,39.280184,saltier,292,Frank's Tract at Old River,72.650000
2020-02-28,Baseline (BAU),A Tunnel,Franks Tract (10 supplied RMA stations),10,218.240000,46.405819,saltier,281,South Franks Tract at Bethel Island,144.730000,36.610475,saltier,285,Frank's Tract North East,73.510000
2020-02-29,Baseline (BAU),A Tunnel,Franks Tract (10 supplied RMA stations),10,211.800000,45.036439,saltier,281,South Franks Tract at Bethel Island,139.970000,35.406399,saltier,285,Frank's Tract North East,71.830000
2020-03-01,Baseline (BAU),A Tunnel,Franks Tract (10 supplied RMA stations),10,204.560000,43.496949,saltier,281,South Franks Tract at Bethel Island,135.400000,34.250385,saltier,285,Frank's Tract North East,69.160000
2020-03-02,Baseline (BAU),A Tunnel,Franks Tract (10 supplied RMA stations),10,196.880000,41.863900,saltier,281,South Franks Tract at Bethel Island,121.900000,30.835465,saltier,285,Frank's Tract North East,74.980000
2020-03-03,Baseline (BAU),A Tunnel,Franks Tract (10 supplied RMA stations),10,189.140000,34.357071,saltier,265,Little Franks Tract at Fisherman's Cut,110.920000,28.549623,saltier,292,Frank's Tract at Old River,78.220000
2020-03-04,Baseline (BAU),A Tunnel,Franks Tract (10 supplied RMA stations),10,184.470000,33.508771,saltier,265,Little Franks Tract at Fisherman's Cut,103.230000,26.570299,saltier,292,Frank's Tract at Old River,81.240000
2020-03-05,Baseline (BAU),A Tunnel,Franks Tract (10 supplied RMA stations),10,178.270000,32.382548,saltier,265,Little Franks Tract at Fisherman's Cut,99.750000,25.674585,saltier,292,Frank's Tract at Old River,78.520000
2020-03-06,Baseline (BAU),A Tunnel,Franks Tract (10 supplied RMA stations),10,171.680000,31.185482,saltier,265,Little Franks Tract at Fisherman's Cut,99.050000,25.494412,saltier,292,Frank's Tract at Old River,72.630000
2020-03-07,Baseline (BAU),A Tunnel,Franks Tract (10 supplied RMA stations),10,165.540000,30.070158,saltier,265,Little Franks Tract at Fisherman's Cut,97.720000,25.152084,saltier,292,Frank's Tract at Old River,67.820000
2020-03-08,Baseline (BAU),A Tunnel,Franks Tract (10 supplied RMA stations),10,156.890000,28.498895,saltier,265,Little Franks Tract at Fisherman's Cut,95.350000,24.542072,saltier,292,Frank's Tract at Old River,61.540000
2020-03-09,Baseline (BAU),A Tunnel,Franks Tract (10 supplied RMA stations),10,148.110000,26.904017,saltier,265,Little Franks Tract at Fisherman's Cut,93.270000,24.006702,saltier,292,Frank's Tract at Old River,54.840000
2020-03-10,Baseline (BAU),A Tunnel,Franks Tract (10 supplied RMA stations),10,140.520000,25.525302,saltier,265,Little Franks Tract at Fisherman's Cut,91.160000,23.463610,saltier,292,Frank's Tract at Old River,49.360000
2020-03-11,Baseline (BAU),A Tunnel,Franks Tract (10 supplied RMA stations),10,133.960000,28.484803,saltier,281,South Franks Tract at Bethel Island,90.060000,23.180482,saltier,292,Frank's Tract at Old River,43.900000
2020-03-12,Baseline (BAU),A Tunnel,Franks Tract (10 supplied RMA stations),10,129.890000,27.619372,saltier,281,South Franks Tract at Bethel Island,88.300000,22.727477,saltier,292,Frank's Tract at Old River,41.590000
2020-03-13,Baseline (BAU),A Tunnel,Franks Tract (10 supplied RMA stations),10,126.040000,26.800721,saltier,281,South Franks Tract at Bethel Island,86.820000,21.961732,saltier,285,Frank's Tract North East,39.220000
2020-03-14,Baseline (BAU),A Tunnel,Franks Tract (10 supplied RMA stations),10,121.560000,25.848109,saltier,281,South Franks Tract at Bethel Island,84.870000,21.468465,saltier,285,Frank's Tract North East,36.690000
2020-03-15,Baseline (BAU),A Tunnel,Franks Tract (10 supplied RMA stations),10,116.860000,24.848717,saltier,281,South Franks Tract at Bethel Island,82.370000,20.836073,saltier,285,Frank's Tract North East,34.490000
2020-03-16,Baseline (BAU),A Tunnel,Franks Tract (10 supplied RMA stations),10,112.020000,23.819556,saltier,281,South Franks Tract at Bethel Island,78.290000,19.804008,saltier,285,Frank's Tract North East,33.730000
2020-03-17,Baseline (BAU),A Tunnel,Franks Tract (10 supplied RMA stations),10,107.130000,22.779762,saltier,281,South Franks Tract at Bethel Island,74.070000,18.736529,saltier,285,Frank's Tract North East,33.060000
2020-03-18,Baseline (BAU),A Tunnel,Franks Tract (10 supplied RMA stations),10,102.150000,21.720832,saltier,281,South Franks Tract at Bethel Island,69.300000,17.529924,saltier,285,Frank's Tract North East,32.850000
2020-03-19,Baseline (BAU),A Tunnel,Franks Tract (10 supplied RMA stations),10,96.960000,20.617248,saltier,281,South Franks Tract at Bethel Island,65.250000,16.505448,saltier,285,Frank's Tract North East,31.710000
2020-03-20,Baseline (BAU),A Tunnel,Franks Tract (10 supplied RMA stations),10,91.940000,19.549812,saltier,281,South Franks Tract at Bethel Island,62.140000,15.718751,saltier,285,Frank's Tract North East,29.800000
2020-03-21,Baseline (BAU),A Tunnel,Franks Tract (10 supplied RMA stations),10,87.380000,18.580189,saltier,281,South Franks Tract at Bethel Island,59.390000,15.023120,saltier,285,Frank's Tract North East,27.990000
2020-03-22,Baseline (BAU),A Tunnel,Franks Tract (10 supplied RMA stations),10,83.050000,17.659472,saltier,281,South Franks Tract at Bethel Island,56.800000,14.367961,saltier,285,Frank's Tract North East,26.250000
2020-03-23,Baseline (BAU),A Tunnel,Franks Tract (10 supplied RMA stations),10,78.940000,16.785536,saltier,281,South Franks Tract at Bethel Island,54.530000,13.793748,saltier,285,Frank's Tract North East,24.410000
2020-03-24,Baseline (BAU),A Tunnel,Franks Tract (10 supplied RMA stations),10,74.930000,15.932863,saltier,281,South Franks Tract at Bethel Island,52.290000,9.498421,saltier,265,Little Franks Tract at Fisherman's Cut,22.640000
2020-03-25,Baseline (BAU),A Tunnel,Franks Tract (10 supplied RMA stations),10,71.320000,15.165245,saltier,281,South Franks Tract at Bethel Island,47.110000,8.557479,saltier,265,Little Franks Tract at Fisherman's Cut,24.210000
2020-03-26,Baseline (BAU),A Tunnel,Franks Tract (10 supplied RMA stations),10,67.740000,14.404005,saltier,281,South Franks Tract at Bethel Island,41.670000,7.569309,saltier,265,Little Franks Tract at Fisherman's Cut,26.070000
2020-03-27,Baseline (BAU),A Tunnel,Franks Tract (10 supplied RMA stations),10,64.440000,13.702305,saltier,281,South Franks Tract at Bethel Island,36.350000,6.602937,saltier,265,Little Franks Tract at Fisherman's Cut,28.090000
2020-03-28,Baseline (BAU),A Tunnel,Franks Tract (10 supplied RMA stations),10,61.190000,13.011236,saltier,281,South Franks Tract at Bethel Island,30.960000,5.623850,saltier,265,Little Franks Tract at Fisherman's Cut,30.230000
2020-03-29,Baseline (BAU),A Tunnel,Franks Tract (10 supplied RMA stations),10,57.990000,12.330798,saltier,281,South Franks Tract at Bethel Island,24.940000,4.530323,saltier,265,Little Franks Tract at Fisherman's Cut,33.050000
2020-03-30,Baseline (BAU),A Tunnel,Franks Tract (10 supplied RMA stations),10,54.820000,11.656740,saltier,281,South Franks Tract at Bethel Island,18.830000,3.420449,saltier,265,Little Franks Tract at Fisherman's Cut,35.990000
2020-03-31,Baseline (BAU),A Tunnel,Franks Tract (10 supplied RMA stations),10,52.240000,13.446018,saltier,292,Frank's Tract at Old River,11.510000,2.090779,saltier,265,Little Franks Tract at Fisherman's Cut,40.730000
2020-04-01,Baseline (BAU),A Tunnel,Franks Tract (10 supplied RMA stations),10,50.390000,12.969848,saltier,292,Frank's Tract at Old River,5.310000,0.964556,saltier,265,Little Franks Tract at Fisherman's Cut,45.080000
2020-04-02,Baseline (BAU),A Tunnel,Franks Tract (10 supplied RMA stations),10,48.740000,12.545155,saltier,292,Frank's Tract at Old River,5.670000,1.029949,saltier,265,Little Franks Tract at Fisherman's Cut,43.070000
2020-04-03,Baseline (BAU),A Tunnel,Franks Tract (10 supplied RMA stations),10,46.960000,12.087002,saltier,292,Frank's Tract at Old River,2.560000,0.465021,saltier,265,Little Franks Tract at Fisherman's Cut,44.400000
2020-04-04,Baseline (BAU),A Tunnel,Franks Tract (10 supplied RMA stations),10,44.660000,11.495007,saltier,292,Frank's Tract at Old River,-5.870000,-1.066279,fresher,265,Little Franks Tract at Fisherman's Cut,50.530000
2020-04-05,Baseline (BAU),A Tunnel,Franks Tract (10 supplied RMA stations),10,41.600000,10.707396,saltier,292,Frank's Tract at Old River,-16.570000,-3.009922,fresher,265,Little Franks Tract at Fisherman's Cut,58.170000
2020-04-06,Baseline (BAU),A Tunnel,Franks Tract (10 supplied RMA stations),10,41.690000,10.730561,saltier,292,Frank's Tract at Old River,-13.820000,-2.510388,fresher,265,Little Franks Tract at Fisherman's Cut,55.510000
2020-04-07,Baseline (BAU),A Tunnel,Franks Tract (10 supplied RMA stations),10,43.590000,11.219600,saltier,292,Frank's Tract at Old River,-7.360000,-1.336936,fresher,265,Little Franks Tract at Fisherman's Cut,50.950000
2020-04-08,Baseline (BAU),A Tunnel,Franks Tract (10 supplied RMA stations),10,44.360000,11.417790,saltier,292,Frank's Tract at Old River,-4.850000,-0.880997,fresher,265,Little Franks Tract at Fisherman's Cut,49.210000
2020-04-09,Baseline (BAU),A Tunnel,Franks Tract (10 supplied RMA stations),10,45.210000,11.636571,saltier,292,Frank's Tract at Old River,-2.580000,-0.468654,fresher,265,Little Franks Tract at Fisherman's Cut,47.790000
2020-04-10,Baseline (BAU),A Tunnel,Franks Tract (10 supplied RMA stations),10,45.680000,11.757544,saltier,292,Frank's Tract at Old River,0.140000,0.025431,saltier,265,Little Franks Tract at Fisherman's Cut,45.540000
2020-04-11,Baseline (BAU),A Tunnel,Franks Tract (10 supplied RMA stations),10,44.960000,11.572224,saltier,292,Frank's Tract at Old River,2.990000,0.543130,saltier,265,Little Franks Tract at Fisherman's Cut,41.970000
2020-04-12,Baseline (BAU),A Tunnel,Franks Tract (10 supplied RMA stations),10,45.490000,11.708640,saltier,292,Frank's Tract at Old River,6.370000,1.157103,saltier,265,Little Franks Tract at Fisherman's Cut,39.120000
2020-04-13,Baseline (BAU),A Tunnel,Franks Tract (10 supplied RMA stations),10,46.930000,12.079281,saltier,292,Frank's Tract at Old River,9.780000,1.776526,saltier,265,Little Franks Tract at Fisherman's Cut,37.150000
2020-04-14,Baseline (BAU),A Tunnel,Franks Tract (10 supplied RMA stations),10,48.410000,12.460217,saltier,292,Frank's Tract at Old River,13.250000,2.406848,saltier,265,Little Franks Tract at Fisherman's Cut,35.160000
2020-04-15,Baseline (BAU),A Tunnel,Franks Tract (10 supplied RMA stations),10,49.220000,12.668702,saltier,292,Frank's Tract at Old River,15.130000,2.748348,saltier,265,Little Franks Tract at Fisherman's Cut,34.090000
2020-04-16,Baseline (BAU),A Tunnel,Franks Tract (10 supplied RMA stations),10,49.180000,12.658407,saltier,292,Frank's Tract at Old River,16.360000,2.971776,saltier,265,Little Franks Tract at Fisherman's Cut,32.820000
2020-04-17,Baseline (BAU),A Tunnel,Franks Tract (10 supplied RMA stations),10,48.480000,12.478234,saltier,292,Frank's Tract at Old River,17.060000,3.098930,saltier,265,Little Franks Tract at Fisherman's Cut,31.420000
2020-04-18,Baseline (BAU),A Tunnel,Franks Tract (10 supplied RMA stations),10,48.910000,12.588912,saltier,292,Frank's Tract at Old River,18.670000,3.391385,saltier,265,Little Franks Tract at Fisherman's Cut,30.240000
2020-04-19,Baseline (BAU),A Tunnel,Franks Tract (10 supplied RMA stations),10,49.930000,12.851449,saltier,292,Frank's Tract at Old River,19.850000,3.605731,saltier,265,Little Franks Tract at Fisherman's Cut,30.080000
2020-04-20,Baseline (BAU),A Tunnel,Franks Tract (10 supplied RMA stations),10,50.310000,12.949257,saltier,292,Frank's Tract at Old River,20.520000,3.727435,saltier,265,Little Franks Tract at Fisherman's Cut,29.790000
2020-04-21,Baseline (BAU),A Tunnel,Franks Tract (10 supplied RMA stations),10,51.650000,13.294158,saltier,292,Frank's Tract at Old River,21.950000,3.987193,saltier,265,Little Franks Tract at Fisherman's Cut,29.700000
2020-04-22,Baseline (BAU),A Tunnel,Franks Tract (10 supplied RMA stations),10,53.970000,13.891302,saltier,292,Frank's Tract at Old River,23.170000,4.208805,saltier,265,Little Franks Tract at Fisherman's Cut,30.800000
2020-04-23,Baseline (BAU),A Tunnel,Franks Tract (10 supplied RMA stations),10,55.930000,14.395785,saltier,292,Frank's Tract at Old River,23.440000,4.257850,saltier,265,Little Franks Tract at Fisherman's Cut,32.490000
2020-04-24,Baseline (BAU),A Tunnel,Franks Tract (10 supplied RMA stations),10,57.470000,14.792164,saltier,292,Frank's Tract at Old River,23.040000,4.185190,saltier,265,Little Franks Tract at Fisherman's Cut,34.430000
2020-04-25,Baseline (BAU),A Tunnel,Franks Tract (10 supplied RMA stations),10,57.800000,14.877103,saltier,292,Frank's Tract at Old River,21.740000,3.949047,saltier,265,Little Franks Tract at Fisherman's Cut,36.060000
2020-04-26,Baseline (BAU),A Tunnel,Franks Tract (10 supplied RMA stations),10,57.390000,14.771573,saltier,292,Frank's Tract at Old River,19.910000,3.616629,saltier,265,Little Franks Tract at Fisherman's Cut,37.480000
2020-04-27,Baseline (BAU),A Tunnel,Franks Tract (10 supplied RMA stations),10,57.690000,14.848790,saltier,292,Frank's Tract at Old River,18.320000,3.327808,saltier,265,Little Franks Tract at Fisherman's Cut,39.370000
2020-04-28,Baseline (BAU),A Tunnel,Franks Tract (10 supplied RMA stations),10,58.570000,15.075292,saltier,292,Frank's Tract at Old River,16.860000,3.062600,saltier,265,Little Franks Tract at Fisherman's Cut,41.710000
2020-04-29,Baseline (BAU),A Tunnel,Franks Tract (10 supplied RMA stations),10,58.600000,15.083014,saltier,292,Frank's Tract at Old River,14.730000,2.675688,saltier,265,Little Franks Tract at Fisherman's Cut,43.870000
2020-04-30,Baseline (BAU),A Tunnel,Franks Tract (10 supplied RMA stations),10,58.060000,14.944024,saltier,292,Frank's Tract at Old River,14.910000,2.708385,saltier,265,Little Franks Tract at Fisherman's Cut,43.150000
2020-05-01,Baseline (BAU),A Tunnel,Franks Tract (10 supplied RMA stations),10,57.070000,14.689208,saltier,292,Frank's Tract at Old River,15.980000,2.902749,saltier,265,Little Franks Tract at Fisherman's Cut,41.090000
2020-05-02,Baseline (BAU),A Tunnel,Franks Tract (10 supplied RMA stations),10,56.150000,14.452410,saltier,292,Frank's Tract at Old River,14.910000,2.708385,saltier,265,Little Franks Tract at Fisherman's Cut,41.240000
2020-05-03,Baseline (BAU),A Tunnel,Franks Tract (10 supplied RMA stations),10,55.600000,14.310846,saltier,292,Frank's Tract at Old River,13.840000,2.514021,saltier,265,Little Franks Tract at Fisherman's Cut,41.760000
2020-05-04,Baseline (BAU),A Tunnel,Franks Tract (10 supplied RMA stations),10,54.110000,13.927336,saltier,292,Frank's Tract at Old River,11.270000,2.047183,saltier,265,Little Franks Tract at Fisherman's Cut,42.840000
2020-05-05,Baseline (BAU),A Tunnel,Franks Tract (10 supplied RMA stations),10,51.370000,13.222089,saltier,292,Frank's Tract at Old River,5.760000,1.046298,saltier,265,Little Franks Tract at Fisherman's Cut,45.610000
2020-05-06,Baseline (BAU),A Tunnel,Franks Tract (10 supplied RMA stations),10,50.140000,12.905500,saltier,292,Frank's Tract at Old River,1.370000,0.248859,saltier,265,Little Franks Tract at Fisherman's Cut,48.770000
2020-05-07,Baseline (BAU),A Tunnel,Franks Tract (10 supplied RMA stations),10,48.180000,12.401017,saltier,292,Frank's Tract at Old River,-8.180000,-1.485888,fresher,265,Little Franks Tract at Fisherman's Cut,56.360000
2020-05-08,Baseline (BAU),A Tunnel,Franks Tract (10 supplied RMA stations),10,43.810000,11.276226,saltier,292,Frank's Tract at Old River,-26.420000,-4.799164,fresher,265,Little Franks Tract at Fisherman's Cut,70.230000
2020-05-09,Baseline (BAU),A Tunnel,Franks Tract (10 supplied RMA stations),10,38.390000,9.881176,saltier,292,Frank's Tract at Old River,-46.640000,-8.472104,fresher,265,Little Franks Tract at Fisherman's Cut,85.030000
2020-05-10,Baseline (BAU),A Tunnel,Franks Tract (10 supplied RMA stations),10,32.680000,8.411483,saltier,292,Frank's Tract at Old River,-63.890000,-11.605548,fresher,265,Little Franks Tract at Fisherman's Cut,96.570000
2020-05-11,Baseline (BAU),A Tunnel,Franks Tract (10 supplied RMA stations),10,27.900000,7.181162,saltier,292,Frank's Tract at Old River,-72.370000,-13.145930,fresher,265,Little Franks Tract at Fisherman's Cut,100.270000
2020-05-12,Baseline (BAU),A Tunnel,Franks Tract (10 supplied RMA stations),10,24.180000,6.223674,saltier,292,Frank's Tract at Old River,-71.420000,-12.973364,fresher,265,Little Franks Tract at Fisherman's Cut,95.600000
2020-05-13,Baseline (BAU),A Tunnel,Franks Tract (10 supplied RMA stations),10,21.780000,5.605939,saltier,292,Frank's Tract at Old River,-62.000000,-11.262231,fresher,265,Little Franks Tract at Fisherman's Cut,83.780000
2020-05-14,Baseline (BAU),A Tunnel,Franks Tract (10 supplied RMA stations),10,20.160000,5.188969,saltier,292,Frank's Tract at Old River,-53.840000,-9.779976,fresher,265,Little Franks Tract at Fisherman's Cut,74.000000
2020-05-15,Baseline (BAU),A Tunnel,Franks Tract (10 supplied RMA stations),10,17.650000,4.542921,saltier,292,Frank's Tract at Old River,-48.320000,-8.777274,fresher,265,Little Franks Tract at Fisherman's Cut,65.970000
2020-05-16,Baseline (BAU),A Tunnel,Franks Tract (10 supplied RMA stations),10,14.040000,3.613746,saltier,292,Frank's Tract at Old River,-48.330000,-8.779091,fresher,265,Little Franks Tract at Fisherman's Cut,62.370000
2020-05-17,Baseline (BAU),A Tunnel,Franks Tract (10 supplied RMA stations),10,10.690000,2.751492,saltier,292,Frank's Tract at Old River,-49.730000,-9.033399,fresher,265,Little Franks Tract at Fisherman's Cut,60.420000
2020-05-18,Baseline (BAU),A Tunnel,Franks Tract (10 supplied RMA stations),10,8.250000,2.123462,saltier,292,Frank's Tract at Old River,-46.720000,-8.486636,fresher,265,Little Franks Tract at Fisherman's Cut,54.970000
2020-05-19,Baseline (BAU),A Tunnel,Franks Tract (10 supplied RMA stations),10,7.190000,1.850629,saltier,292,Frank's Tract at Old River,-38.920000,-7.069775,fresher,265,Little Franks Tract at Fisherman's Cut,46.110000
2020-05-20,Baseline (BAU),A Tunnel,Franks Tract (10 supplied RMA stations),10,7.160000,1.842908,saltier,292,Frank's Tract at Old River,-31.950000,-5.803682,fresher,265,Little Franks Tract at Fisherman's Cut,39.110000
2020-05-21,Baseline (BAU),A Tunnel,Franks Tract (10 supplied RMA stations),10,6.860000,1.765691,saltier,292,Frank's Tract at Old River,-27.050000,-4.913603,fresher,265,Little Franks Tract at Fisherman's Cut,33.910000
2020-05-22,Baseline (BAU),A Tunnel,Franks Tract (10 supplied RMA stations),10,7.040000,1.812021,saltier,292,Frank's Tract at Old River,-21.520000,-3.909084,fresher,265,Little Franks Tract at Fisherman's Cut,28.560000
2020-05-23,Baseline (BAU),A Tunnel,Franks Tract (10 supplied RMA stations),10,7.810000,2.010211,saltier,292,Frank's Tract at Old River,-12.280000,-2.230648,fresher,265,Little Franks Tract at Fisherman's Cut,20.090000
2020-05-24,Baseline (BAU),A Tunnel,Franks Tract (10 supplied RMA stations),10,7.930000,2.041097,saltier,292,Frank's Tract at Old River,-7.480000,-1.541926,fresher,274,Piper Slough at Bethal Tract,15.410000
2020-05-25,Baseline (BAU),A Tunnel,Franks Tract (10 supplied RMA stations),10,7.910000,2.035950,saltier,292,Frank's Tract at Old River,-3.890000,-0.827156,fresher,281,South Franks Tract at Bethel Island,11.800000
2020-05-26,Baseline (BAU),A Tunnel,Franks Tract (10 supplied RMA stations),10,12.570000,2.283327,saltier,265,Little Franks Tract at Fisherman's Cut,-2.010000,-0.427400,fresher,281,South Franks Tract at Bethel Island,14.580000
2020-05-27,Baseline (BAU),A Tunnel,Franks Tract (10 supplied RMA stations),10,18.870000,3.427715,saltier,265,Little Franks Tract at Fisherman's Cut,-0.050000,-0.010632,fresher,281,South Franks Tract at Bethel Island,18.920000
2020-05-28,Baseline (BAU),A Tunnel,Franks Tract (10 supplied RMA stations),10,22.440000,4.076201,saltier,265,Little Franks Tract at Fisherman's Cut,2.040000,0.433779,saltier,281,South Franks Tract at Bethel Island,20.400000
2020-05-29,Baseline (BAU),A Tunnel,Franks Tract (10 supplied RMA stations),10,26.390000,4.793714,saltier,265,Little Franks Tract at Fisherman's Cut,4.080000,0.867557,saltier,281,South Franks Tract at Bethel Island,22.310000
2020-05-30,Baseline (BAU),A Tunnel,Franks Tract (10 supplied RMA stations),10,27.720000,5.035307,saltier,265,Little Franks Tract at Fisherman's Cut,6.000000,1.275820,saltier,281,South Franks Tract at Bethel Island,21.720000
2020-05-31,Baseline (BAU),A Tunnel,Franks Tract (10 supplied RMA stations),10,28.530000,5.182443,saltier,265,Little Franks Tract at Fisherman's Cut,7.960000,1.692588,saltier,281,South Franks Tract at Bethel Island,20.570000
2020-06-01,Baseline (BAU),A Tunnel,Franks Tract (10 supplied RMA stations),10,31.240000,5.674711,saltier,265,Little Franks Tract at Fisherman's Cut,9.820000,2.088092,saltier,281,South Franks Tract at Bethel Island,21.420000
2020-06-02,Baseline (BAU),A Tunnel,Franks Tract (10 supplied RMA stations),10,35.070000,6.370427,saltier,265,Little Franks Tract at Fisherman's Cut,11.600000,2.466585,saltier,281,South Franks Tract at Bethel Island,23.470000
2020-06-03,Baseline (BAU),A Tunnel,Franks Tract (10 supplied RMA stations),10,40.700000,7.393110,saltier,265,Little Franks Tract at Fisherman's Cut,13.560000,2.883353,saltier,281,South Franks Tract at Bethel Island,27.140000
2020-06-04,Baseline (BAU),A Tunnel,Franks Tract (10 supplied RMA stations),10,48.190000,8.753660,saltier,265,Little Franks Tract at Fisherman's Cut,15.750000,3.349027,saltier,281,South Franks Tract at Bethel Island,32.440000
2020-06-05,Baseline (BAU),A Tunnel,Franks Tract (10 supplied RMA stations),10,56.280000,10.223200,saltier,265,Little Franks Tract at Fisherman's Cut,18.320000,3.895503,saltier,281,South Franks Tract at Bethel Island,37.960000
2020-06-06,Baseline (BAU),A Tunnel,Franks Tract (10 supplied RMA stations),10,55.820000,10.139641,saltier,265,Little Franks Tract at Fisherman's Cut,21.100000,4.486633,saltier,281,South Franks Tract at Bethel Island,34.720000
2020-06-07,Baseline (BAU),A Tunnel,Franks Tract (10 supplied RMA stations),10,46.410000,8.430325,saltier,265,Little Franks Tract at Fisherman's Cut,23.690000,5.037362,saltier,281,South Franks Tract at Bethel Island,22.720000
2020-06-08,Baseline (BAU),A Tunnel,Franks Tract (10 supplied RMA stations),10,39.240000,7.127903,saltier,265,Little Franks Tract at Fisherman's Cut,25.790000,5.483899,saltier,281,South Franks Tract at Bethel Island,13.450000
2020-06-09,Baseline (BAU),A Tunnel,Franks Tract (10 supplied RMA stations),10,34.820000,6.325014,saltier,265,Little Franks Tract at Fisherman's Cut,26.960000,5.732684,saltier,281,South Franks Tract at Bethel Island,7.860000
2020-06-10,Baseline (BAU),A Tunnel,Franks Tract (10 supplied RMA stations),10,31.040000,5.638382,saltier,265,Little Franks Tract at Fisherman's Cut,26.940000,5.658172,saltier,276,North West Franks Tract,4.100000
2020-06-11,Baseline (BAU),A Tunnel,Franks Tract (10 supplied RMA stations),10,28.170000,5.117049,saltier,265,Little Franks Tract at Fisherman's Cut,25.490000,5.353630,saltier,276,North West Franks Tract,2.680000
2020-06-12,Baseline (BAU),A Tunnel,Franks Tract (10 supplied RMA stations),10,27.650000,7.116815,saltier,292,Frank's Tract at Old River,24.210000,5.084793,saltier,276,North West Franks Tract,3.440000
2020-06-13,Baseline (BAU),A Tunnel,Franks Tract (10 supplied RMA stations),10,27.210000,7.003563,saltier,292,Frank's Tract at Old River,22.850000,4.463046,saltier,270,Frank's Tract at False River,4.360000
2020-06-14,Baseline (BAU),A Tunnel,Franks Tract (10 supplied RMA stations),10,27.040000,6.959807,saltier,292,Frank's Tract at Old River,21.480000,4.195459,saltier,270,Frank's Tract at False River,5.560000
2020-06-15,Baseline (BAU),A Tunnel,Franks Tract (10 supplied RMA stations),10,26.780000,6.892886,saltier,292,Frank's Tract at Old River,20.420000,3.709270,saltier,265,Little Franks Tract at Fisherman's Cut,6.360000
2020-06-16,Baseline (BAU),A Tunnel,Franks Tract (10 supplied RMA stations),10,26.600000,6.846556,saltier,292,Frank's Tract at Old River,19.270000,3.500374,saltier,265,Little Franks Tract at Fisherman's Cut,7.330000
2020-06-17,Baseline (BAU),A Tunnel,Franks Tract (10 supplied RMA stations),10,27.880000,7.176014,saltier,292,Frank's Tract at Old River,19.180000,3.484026,saltier,265,Little Franks Tract at Fisherman's Cut,8.700000
2020-06-18,Baseline (BAU),A Tunnel,Franks Tract (10 supplied RMA stations),10,29.650000,7.631593,saltier,292,Frank's Tract at Old River,19.130000,3.736458,saltier,270,Frank's Tract at False River,10.520000
2020-06-19,Baseline (BAU),A Tunnel,Franks Tract (10 supplied RMA stations),10,30.390000,7.822061,saltier,292,Frank's Tract at Old River,17.120000,3.109829,saltier,265,Little Franks Tract at Fisherman's Cut,13.270000
2020-06-20,Baseline (BAU),A Tunnel,Franks Tract (10 supplied RMA stations),10,30.150000,7.760288,saltier,292,Frank's Tract at Old River,13.960000,2.535819,saltier,265,Little Franks Tract at Fisherman's Cut,16.190000
2020-06-21,Baseline (BAU),A Tunnel,Franks Tract (10 supplied RMA stations),10,29.810000,7.672776,saltier,292,Frank's Tract at Old River,11.830000,2.148906,saltier,265,Little Franks Tract at Fisherman's Cut,17.980000
2020-06-22,Baseline (BAU),A Tunnel,Franks Tract (10 supplied RMA stations),10,28.940000,7.448847,saltier,292,Frank's Tract at Old River,11.040000,2.005404,saltier,265,Little Franks Tract at Fisherman's Cut,17.900000
2020-06-23,Baseline (BAU),A Tunnel,Franks Tract (10 supplied RMA stations),10,27.530000,7.085928,saltier,292,Frank's Tract at Old River,10.560000,1.918212,saltier,265,Little Franks Tract at Fisherman's Cut,16.970000
2020-06-24,Baseline (BAU),A Tunnel,Franks Tract (10 supplied RMA stations),10,26.620000,6.851704,saltier,292,Frank's Tract at Old River,9.760000,1.772893,saltier,265,Little Franks Tract at Fisherman's Cut,16.860000
2020-06-25,Baseline (BAU),A Tunnel,Franks Tract (10 supplied RMA stations),10,26.090000,6.715287,saltier,292,Frank's Tract at Old River,9.210000,1.672986,saltier,265,Little Franks Tract at Fisherman's Cut,16.880000
2020-06-26,Baseline (BAU),A Tunnel,Franks Tract (10 supplied RMA stations),10,24.790000,6.380681,saltier,292,Frank's Tract at Old River,10.000000,1.816489,saltier,265,Little Franks Tract at Fisherman's Cut,14.790000
2020-06-27,Baseline (BAU),A Tunnel,Franks Tract (10 supplied RMA stations),10,23.750000,6.112996,saltier,292,Frank's Tract at Old River,12.900000,2.519619,saltier,270,Frank's Tract at False River,10.850000
2020-06-28,Baseline (BAU),A Tunnel,Franks Tract (10 supplied RMA stations),10,23.330000,6.004893,saltier,292,Frank's Tract at Old River,14.590000,3.007580,saltier,274,Piper Slough at Bethal Tract,8.740000
2020-06-29,Baseline (BAU),A Tunnel,Franks Tract (10 supplied RMA stations),10,23.930000,6.159326,saltier,292,Frank's Tract at Old River,15.490000,3.193106,saltier,274,Piper Slough at Bethal Tract,8.440000
2020-06-30,Baseline (BAU),A Tunnel,Franks Tract (10 supplied RMA stations),10,25.110000,6.463046,saltier,292,Frank's Tract at Old River,16.560000,3.413675,saltier,274,Piper Slough at Bethal Tract,8.550000
2020-07-01,Baseline (BAU),A Tunnel,Franks Tract (10 supplied RMA stations),10,27.110000,6.977824,saltier,292,Frank's Tract at Old River,16.910000,3.485824,saltier,274,Piper Slough at Bethal Tract,10.200000
2020-07-02,Baseline (BAU),A Tunnel,Franks Tract (10 supplied RMA stations),10,28.670000,7.379352,saltier,292,Frank's Tract at Old River,9.180000,1.667537,saltier,265,Little Franks Tract at Fisherman's Cut,19.490000
2020-07-03,Baseline (BAU),A Tunnel,Franks Tract (10 supplied RMA stations),10,28.500000,7.335596,saltier,292,Frank's Tract at Old River,-1.140000,-0.207080,fresher,265,Little Franks Tract at Fisherman's Cut,29.640000
2020-07-04,Baseline (BAU),A Tunnel,Franks Tract (10 supplied RMA stations),10,28.030000,7.214623,saltier,292,Frank's Tract at Old River,-9.480000,-1.722031,fresher,265,Little Franks Tract at Fisherman's Cut,37.510000
2020-07-05,Baseline (BAU),A Tunnel,Franks Tract (10 supplied RMA stations),10,26.890000,6.921199,saltier,292,Frank's Tract at Old River,-19.560000,-3.553052,fresher,265,Little Franks Tract at Fisherman's Cut,46.450000
2020-07-06,Baseline (BAU),A Tunnel,Franks Tract (10 supplied RMA stations),10,24.550000,6.318908,saltier,292,Frank's Tract at Old River,-29.740000,-5.402238,fresher,265,Little Franks Tract at Fisherman's Cut,54.290000
2020-07-07,Baseline (BAU),A Tunnel,Franks Tract (10 supplied RMA stations),10,22.510000,5.793834,saltier,292,Frank's Tract at Old River,-33.690000,-6.119751,fresher,265,Little Franks Tract at Fisherman's Cut,56.200000
2020-07-08,Baseline (BAU),A Tunnel,Franks Tract (10 supplied RMA stations),10,21.780000,5.605939,saltier,292,Frank's Tract at Old River,-36.490000,-6.628368,fresher,265,Little Franks Tract at Fisherman's Cut,58.270000
2020-07-09,Baseline (BAU),A Tunnel,Franks Tract (10 supplied RMA stations),10,21.280000,5.477245,saltier,292,Frank's Tract at Old River,-43.380000,-7.879929,fresher,265,Little Franks Tract at Fisherman's Cut,64.660000
2020-07-10,Baseline (BAU),A Tunnel,Franks Tract (10 supplied RMA stations),10,19.610000,5.047405,saltier,292,Frank's Tract at Old River,-50.730000,-9.215048,fresher,265,Little Franks Tract at Fisherman's Cut,70.340000
2020-07-11,Baseline (BAU),A Tunnel,Franks Tract (10 supplied RMA stations),10,18.090000,4.656173,saltier,292,Frank's Tract at Old River,-57.330000,-10.413931,fresher,265,Little Franks Tract at Fisherman's Cut,75.420000
2020-07-12,Baseline (BAU),A Tunnel,Franks Tract (10 supplied RMA stations),10,17.070000,4.393636,saltier,292,Frank's Tract at Old River,-68.920000,-12.519242,fresher,265,Little Franks Tract at Fisherman's Cut,85.990000
2020-07-13,Baseline (BAU),A Tunnel,Franks Tract (10 supplied RMA stations),10,15.730000,4.048734,saltier,292,Frank's Tract at Old River,-83.320000,-15.134986,fresher,265,Little Franks Tract at Fisherman's Cut,99.050000
2020-07-14,Baseline (BAU),A Tunnel,Franks Tract (10 supplied RMA stations),10,12.500000,3.217366,saltier,292,Frank's Tract at Old River,-93.090000,-16.909695,fresher,265,Little Franks Tract at Fisherman's Cut,105.590000
2020-07-15,Baseline (BAU),A Tunnel,Franks Tract (10 supplied RMA stations),10,8.300000,2.136331,saltier,292,Frank's Tract at Old River,-104.640000,-19.007740,fresher,265,Little Franks Tract at Fisherman's Cut,112.940000
2020-07-16,Baseline (BAU),A Tunnel,Franks Tract (10 supplied RMA stations),10,0.770000,0.198190,saltier,292,Frank's Tract at Old River,-116.000000,-21.071271,fresher,265,Little Franks Tract at Fisherman's Cut,116.770000
2020-07-17,Baseline (BAU),A Tunnel,Franks Tract (10 supplied RMA stations),10,-6.720000,-1.729656,fresher,292,Frank's Tract at Old River,-119.390000,-21.687061,fresher,265,Little Franks Tract at Fisherman's Cut,112.670000
2020-07-18,Baseline (BAU),A Tunnel,Franks Tract (10 supplied RMA stations),10,-10.940000,-2.815839,fresher,292,Frank's Tract at Old River,-127.040000,-23.076675,fresher,265,Little Franks Tract at Fisherman's Cut,116.100000
2020-07-19,Baseline (BAU),A Tunnel,Franks Tract (10 supplied RMA stations),10,-17.920000,-4.612417,fresher,292,Frank's Tract at Old River,-140.450000,-25.512587,fresher,265,Little Franks Tract at Fisherman's Cut,122.530000
2020-07-20,Baseline (BAU),A Tunnel,Franks Tract (10 supplied RMA stations),10,-26.740000,-6.882590,fresher,292,Frank's Tract at Old River,-148.330000,-26.943980,fresher,265,Little Franks Tract at Fisherman's Cut,121.590000
2020-07-21,Baseline (BAU),A Tunnel,Franks Tract (10 supplied RMA stations),10,-31.660000,-8.148946,fresher,292,Frank's Tract at Old River,-155.920000,-28.322695,fresher,265,Little Franks Tract at Fisherman's Cut,124.260000
2020-07-22,Baseline (BAU),A Tunnel,Franks Tract (10 supplied RMA stations),10,-34.470000,-8.872210,fresher,292,Frank's Tract at Old River,-163.880000,-29.768620,fresher,265,Little Franks Tract at Fisherman's Cut,129.410000
2020-07-23,Baseline (BAU),A Tunnel,Franks Tract (10 supplied RMA stations),10,-37.280000,-9.595474,fresher,292,Frank's Tract at Old River,-173.150000,-31.452506,fresher,265,Little Franks Tract at Fisherman's Cut,135.870000
2020-07-24,Baseline (BAU),A Tunnel,Franks Tract (10 supplied RMA stations),10,-41.240000,-10.614736,fresher,292,Frank's Tract at Old River,-178.550000,-32.433410,fresher,265,Little Franks Tract at Fisherman's Cut,137.310000
2020-07-25,Baseline (BAU),A Tunnel,Franks Tract (10 supplied RMA stations),10,-47.610000,-12.254305,fresher,292,Frank's Tract at Old River,-180.700000,-32.823955,fresher,265,Little Franks Tract at Fisherman's Cut,133.090000
2020-07-26,Baseline (BAU),A Tunnel,Franks Tract (10 supplied RMA stations),10,-54.820000,-14.110082,fresher,292,Frank's Tract at Old River,-188.020000,-34.153625,fresher,265,Little Franks Tract at Fisherman's Cut,133.200000
2020-07-27,Baseline (BAU),A Tunnel,Franks Tract (10 supplied RMA stations),10,-64.650000,-16.640219,fresher,292,Frank's Tract at Old River,-193.020000,-35.061869,fresher,265,Little Franks Tract at Fisherman's Cut,128.370000
2020-07-28,Baseline (BAU),A Tunnel,Franks Tract (10 supplied RMA stations),10,-72.160000,-18.573213,fresher,292,Frank's Tract at Old River,-187.350000,-34.031920,fresher,265,Little Franks Tract at Fisherman's Cut,115.190000
2020-07-29,Baseline (BAU),A Tunnel,Franks Tract (10 supplied RMA stations),10,-75.950000,-19.548719,fresher,292,Frank's Tract at Old River,-175.510000,-31.881197,fresher,265,Little Franks Tract at Fisherman's Cut,99.560000
2020-07-30,Baseline (BAU),A Tunnel,Franks Tract (10 supplied RMA stations),10,-78.080000,-20.096958,fresher,292,Frank's Tract at Old River,-167.870000,-30.493399,fresher,265,Little Franks Tract at Fisherman's Cut,89.790000
2020-07-31,Baseline (BAU),A Tunnel,Franks Tract (10 supplied RMA stations),10,-77.850000,-20.037758,fresher,292,Frank's Tract at Old River,-165.990000,-30.151900,fresher,265,Little Franks Tract at Fisherman's Cut,88.140000
2020-08-01,Baseline (BAU),A Tunnel,Franks Tract (10 supplied RMA stations),10,-75.380000,-19.402007,fresher,292,Frank's Tract at Old River,-167.870000,-30.493399,fresher,265,Little Franks Tract at Fisherman's Cut,92.490000
2020-08-02,Baseline (BAU),A Tunnel,Franks Tract (10 supplied RMA stations),10,-73.450000,-18.905245,fresher,292,Frank's Tract at Old River,-172.020000,-31.247242,fresher,265,Little Franks Tract at Fisherman's Cut,98.570000
2020-08-03,Baseline (BAU),A Tunnel,Franks Tract (10 supplied RMA stations),10,-74.150000,-19.085418,fresher,292,Frank's Tract at Old River,-174.400000,-31.679567,fresher,265,Little Franks Tract at Fisherman's Cut,100.250000
2020-08-04,Baseline (BAU),A Tunnel,Franks Tract (10 supplied RMA stations),10,-76.360000,-19.654248,fresher,292,Frank's Tract at Old River,-169.310000,-30.754974,fresher,265,Little Franks Tract at Fisherman's Cut,92.950000
2020-08-05,Baseline (BAU),A Tunnel,Franks Tract (10 supplied RMA stations),10,-76.910000,-19.795813,fresher,292,Frank's Tract at Old River,-163.810000,-29.755905,fresher,265,Little Franks Tract at Fisherman's Cut,86.900000
2020-08-06,Baseline (BAU),A Tunnel,Franks Tract (10 supplied RMA stations),10,-75.020000,-19.309347,fresher,292,Frank's Tract at Old River,-163.560000,-29.710493,fresher,265,Little Franks Tract at Fisherman's Cut,88.540000
2020-08-07,Baseline (BAU),A Tunnel,Franks Tract (10 supplied RMA stations),10,-72.840000,-18.748238,fresher,292,Frank's Tract at Old River,-169.090000,-30.715011,fresher,265,Little Franks Tract at Fisherman's Cut,96.250000
2020-08-08,Baseline (BAU),A Tunnel,Franks Tract (10 supplied RMA stations),10,-72.130000,-18.565492,fresher,292,Frank's Tract at Old River,-176.870000,-32.128240,fresher,265,Little Franks Tract at Fisherman's Cut,104.740000
2020-08-09,Baseline (BAU),A Tunnel,Franks Tract (10 supplied RMA stations),10,-72.250000,-18.596378,fresher,292,Frank's Tract at Old River,-185.710000,-33.734016,fresher,265,Little Franks Tract at Fisherman's Cut,113.460000
2020-08-10,Baseline (BAU),A Tunnel,Franks Tract (10 supplied RMA stations),10,-75.390000,-19.404581,fresher,292,Frank's Tract at Old River,-197.810000,-35.931967,fresher,265,Little Franks Tract at Fisherman's Cut,122.420000
2020-08-11,Baseline (BAU),A Tunnel,Franks Tract (10 supplied RMA stations),10,-82.800000,-21.311836,fresher,292,Frank's Tract at Old River,-207.760000,-37.739374,fresher,265,Little Franks Tract at Fisherman's Cut,124.960000
2020-08-12,Baseline (BAU),A Tunnel,Franks Tract (10 supplied RMA stations),10,-86.920000,-22.372280,fresher,292,Frank's Tract at Old River,-219.980000,-39.959123,fresher,265,Little Franks Tract at Fisherman's Cut,133.060000
2020-08-13,Baseline (BAU),A Tunnel,Franks Tract (10 supplied RMA stations),10,-86.590000,-22.287341,fresher,292,Frank's Tract at Old River,-236.880000,-43.028990,fresher,265,Little Franks Tract at Fisherman's Cut,150.290000
2020-08-14,Baseline (BAU),A Tunnel,Franks Tract (10 supplied RMA stations),10,-88.040000,-22.660556,fresher,292,Frank's Tract at Old River,-246.160000,-44.714691,fresher,265,Little Franks Tract at Fisherman's Cut,158.120000
2020-08-15,Baseline (BAU),A Tunnel,Franks Tract (10 supplied RMA stations),10,-94.120000,-24.225483,fresher,292,Frank's Tract at Old River,-254.330000,-46.198763,fresher,265,Little Franks Tract at Fisherman's Cut,160.210000
2020-08-16,Baseline (BAU),A Tunnel,Franks Tract (10 supplied RMA stations),10,-108.930000,-28.037418,fresher,292,Frank's Tract at Old River,-264.410000,-48.029784,fresher,265,Little Franks Tract at Fisherman's Cut,155.480000
2020-08-17,Baseline (BAU),A Tunnel,Franks Tract (10 supplied RMA stations),10,-122.780000,-31.602261,fresher,292,Frank's Tract at Old River,-266.580000,-48.423962,fresher,265,Little Franks Tract at Fisherman's Cut,143.800000
2020-08-18,Baseline (BAU),A Tunnel,Franks Tract (10 supplied RMA stations),10,-129.030000,-33.210944,fresher,292,Frank's Tract at Old River,-264.840000,-48.107893,fresher,265,Little Franks Tract at Fisherman's Cut,135.810000
2020-08-19,Baseline (BAU),A Tunnel,Franks Tract (10 supplied RMA stations),10,-134.290000,-34.564812,fresher,292,Frank's Tract at Old River,-263.370000,-47.840869,fresher,265,Little Franks Tract at Fisherman's Cut,129.080000
2020-08-20,Baseline (BAU),A Tunnel,Franks Tract (10 supplied RMA stations),10,-135.120000,-34.778445,fresher,292,Frank's Tract at Old River,-271.400000,-49.299509,fresher,265,Little Franks Tract at Fisherman's Cut,136.280000
2020-08-21,Baseline (BAU),A Tunnel,Franks Tract (10 supplied RMA stations),10,-130.060000,-33.476055,fresher,292,Frank's Tract at Old River,-283.680000,-51.530158,fresher,265,Little Franks Tract at Fisherman's Cut,153.620000
2020-08-22,Baseline (BAU),A Tunnel,Franks Tract (10 supplied RMA stations),10,-123.500000,-31.787581,fresher,292,Frank's Tract at Old River,-295.380000,-53.655450,fresher,265,Little Franks Tract at Fisherman's Cut,171.880000
2020-08-23,Baseline (BAU),A Tunnel,Franks Tract (10 supplied RMA stations),10,-115.220000,-29.656397,fresher,292,Frank's Tract at Old River,-328.850000,-59.735238,fresher,265,Little Franks Tract at Fisherman's Cut,213.630000
2020-08-24,Baseline (BAU),A Tunnel,Franks Tract (10 supplied RMA stations),10,-118.820000,-30.582999,fresher,292,Frank's Tract at Old River,-362.930000,-65.925832,fresher,265,Little Franks Tract at Fisherman's Cut,244.110000
2020-08-25,Baseline (BAU),A Tunnel,Franks Tract (10 supplied RMA stations),10,-132.190000,-34.024294,fresher,292,Frank's Tract at Old River,-392.080000,-71.220898,fresher,265,Little Franks Tract at Fisherman's Cut,259.890000
2020-08-26,Baseline (BAU),A Tunnel,Franks Tract (10 supplied RMA stations),10,-147.000000,-37.836230,fresher,292,Frank's Tract at Old River,-414.850000,-75.357043,fresher,265,Little Franks Tract at Fisherman's Cut,267.850000
2020-08-27,Baseline (BAU),A Tunnel,Franks Tract (10 supplied RMA stations),10,-161.130000,-41.473141,fresher,292,Frank's Tract at Old River,-436.790000,-79.342420,fresher,265,Little Franks Tract at Fisherman's Cut,275.660000
2020-08-28,Baseline (BAU),A Tunnel,Franks Tract (10 supplied RMA stations),10,-180.680000,-46.505102,fresher,292,Frank's Tract at Old River,-449.890000,-81.722020,fresher,265,Little Franks Tract at Fisherman's Cut,269.210000
2020-08-29,Baseline (BAU),A Tunnel,Franks Tract (10 supplied RMA stations),10,-210.520000,-54.185599,fresher,292,Frank's Tract at Old River,-441.620000,-80.219784,fresher,265,Little Franks Tract at Fisherman's Cut,231.100000
2020-08-30,Baseline (BAU),A Tunnel,Franks Tract (10 supplied RMA stations),10,-231.660000,-59.626810,fresher,292,Frank's Tract at Old River,-430.940000,-78.279774,fresher,265,Little Franks Tract at Fisherman's Cut,199.280000
2020-08-31,Baseline (BAU),A Tunnel,Franks Tract (10 supplied RMA stations),10,-242.220000,-62.344841,fresher,292,Frank's Tract at Old River,-424.930000,-77.188064,fresher,265,Little Franks Tract at Fisherman's Cut,182.710000
2020-09-01,Baseline (BAU),A Tunnel,Franks Tract (10 supplied RMA stations),10,-252.960000,-65.109202,fresher,292,Frank's Tract at Old River,-407.730000,-74.063703,fresher,265,Little Franks Tract at Fisherman's Cut,154.770000
2020-09-02,Baseline (BAU),A Tunnel,Franks Tract (10 supplied RMA stations),10,-263.710000,-67.876137,fresher,292,Frank's Tract at Old River,-394.930000,-81.410799,fresher,274,Piper Slough at Bethal Tract,131.220000
2020-09-03,Baseline (BAU),A Tunnel,Franks Tract (10 supplied RMA stations),10,-258.920000,-65.495641,fresher,285,Frank's Tract North East,-377.090000,-80.183148,fresher,281,South Franks Tract at Bethel Island,118.170000
2020-09-04,Baseline (BAU),A Tunnel,Franks Tract (10 supplied RMA stations),10,-243.510000,-61.597573,fresher,285,Frank's Tract North East,-366.540000,-77.939831,fresher,281,South Franks Tract at Bethel Island,123.030000
2020-09-05,Baseline (BAU),A Tunnel,Franks Tract (10 supplied RMA stations),10,-223.020000,-56.414482,fresher,285,Frank's Tract North East,-352.510000,-74.956539,fresher,281,South Franks Tract at Bethel Island,129.490000
2020-09-06,Baseline (BAU),A Tunnel,Franks Tract (10 supplied RMA stations),10,-200.780000,-50.788718,fresher,285,Frank's Tract North East,-335.120000,-71.258788,fresher,281,South Franks Tract at Bethel Island,134.340000
2020-09-07,Baseline (BAU),A Tunnel,Franks Tract (10 supplied RMA stations),10,-138.700000,-25.194701,fresher,265,Little Franks Tract at Fisherman's Cut,-313.660000,-66.695606,fresher,281,South Franks Tract at Bethel Island,174.960000
2020-09-08,Baseline (BAU),A Tunnel,Franks Tract (10 supplied RMA stations),10,-65.000000,-11.807178,fresher,265,Little Franks Tract at Fisherman's Cut,-284.400000,-60.473858,fresher,281,South Franks Tract at Bethel Island,219.400000
2020-09-09,Baseline (BAU),A Tunnel,Franks Tract (10 supplied RMA stations),10,0.110000,0.019981,saltier,265,Little Franks Tract at Fisherman's Cut,-253.890000,-53.986315,fresher,281,South Franks Tract at Bethel Island,254.000000
2020-09-10,Baseline (BAU),A Tunnel,Franks Tract (10 supplied RMA stations),10,44.210000,8.030698,saltier,265,Little Franks Tract at Fisherman's Cut,-225.970000,-48.049500,fresher,281,South Franks Tract at Bethel Island,270.180000
2020-09-11,Baseline (BAU),A Tunnel,Franks Tract (10 supplied RMA stations),10,89.390000,16.237594,saltier,265,Little Franks Tract at Fisherman's Cut,-197.380000,-41.970218,fresher,281,South Franks Tract at Bethel Island,286.770000
2020-09-12,Baseline (BAU),A Tunnel,Franks Tract (10 supplied RMA stations),10,145.890000,26.500757,saltier,265,Little Franks Tract at Fisherman's Cut,-166.090000,-35.316818,fresher,281,South Franks Tract at Bethel Island,311.980000
2020-09-13,Baseline (BAU),A Tunnel,Franks Tract (10 supplied RMA stations),10,193.300000,35.112731,saltier,265,Little Franks Tract at Fisherman's Cut,-132.010000,-28.070162,fresher,281,South Franks Tract at Bethel Island,325.310000
2020-09-14,Baseline (BAU),A Tunnel,Franks Tract (10 supplied RMA stations),10,220.640000,40.079012,saltier,265,Little Franks Tract at Fisherman's Cut,-97.030000,-20.632132,fresher,281,South Franks Tract at Bethel Island,317.670000
2020-09-15,Baseline (BAU),A Tunnel,Franks Tract (10 supplied RMA stations),10,243.010000,44.142497,saltier,265,Little Franks Tract at Fisherman's Cut,-61.340000,-13.043131,fresher,281,South Franks Tract at Bethel Island,304.350000
2020-09-16,Baseline (BAU),A Tunnel,Franks Tract (10 supplied RMA stations),10,267.170000,48.531134,saltier,265,Little Franks Tract at Fisherman's Cut,-26.210000,-5.573206,fresher,281,South Franks Tract at Bethel Island,293.380000
2020-09-17,Baseline (BAU),A Tunnel,Franks Tract (10 supplied RMA stations),10,293.260000,53.270354,saltier,265,Little Franks Tract at Fisherman's Cut,6.670000,1.418286,saltier,281,South Franks Tract at Bethel Island,286.590000
2020-09-18,Baseline (BAU),A Tunnel,Franks Tract (10 supplied RMA stations),10,312.270000,56.723499,saltier,265,Little Franks Tract at Fisherman's Cut,37.500000,7.973874,saltier,281,South Franks Tract at Bethel Island,274.770000
2020-09-19,Baseline (BAU),A Tunnel,Franks Tract (10 supplied RMA stations),10,326.140000,59.242970,saltier,265,Little Franks Tract at Fisherman's Cut,66.310000,14.099935,saltier,281,South Franks Tract at Bethel Island,259.830000
2020-09-20,Baseline (BAU),A Tunnel,Franks Tract (10 supplied RMA stations),10,340.480000,61.847815,saltier,265,Little Franks Tract at Fisherman's Cut,92.050000,19.573202,saltier,281,South Franks Tract at Bethel Island,248.430000
2020-09-21,Baseline (BAU),A Tunnel,Franks Tract (10 supplied RMA stations),10,362.450000,65.838641,saltier,265,Little Franks Tract at Fisherman's Cut,116.470000,24.765789,saltier,281,South Franks Tract at Bethel Island,245.980000
2020-09-22,Baseline (BAU),A Tunnel,Franks Tract (10 supplied RMA stations),10,387.710000,70.427092,saltier,265,Little Franks Tract at Fisherman's Cut,131.920000,33.954799,saltier,292,Frank's Tract at Old River,255.790000
2020-09-23,Baseline (BAU),A Tunnel,Franks Tract (10 supplied RMA stations),10,402.890000,73.184522,saltier,265,Little Franks Tract at Fisherman's Cut,145.750000,37.514493,saltier,292,Frank's Tract at Old River,257.140000
2020-09-24,Baseline (BAU),A Tunnel,Franks Tract (10 supplied RMA stations),10,410.820000,74.624998,saltier,265,Little Franks Tract at Fisherman's Cut,162.430000,41.807747,saltier,292,Frank's Tract at Old River,248.390000
2020-09-25,Baseline (BAU),A Tunnel,Franks Tract (10 supplied RMA stations),10,394.350000,71.633241,saltier,265,Little Franks Tract at Fisherman's Cut,173.140000,44.564387,saltier,292,Frank's Tract at Old River,221.210000
2020-09-26,Baseline (BAU),A Tunnel,Franks Tract (10 supplied RMA stations),10,364.880000,66.280048,saltier,265,Little Franks Tract at Fisherman's Cut,175.790000,45.246468,saltier,292,Frank's Tract at Old River,189.090000
2020-09-27,Baseline (BAU),A Tunnel,Franks Tract (10 supplied RMA stations),10,351.740000,63.893181,saltier,265,Little Franks Tract at Fisherman's Cut,176.680000,45.475545,saltier,292,Frank's Tract at Old River,175.060000
2020-09-28,Baseline (BAU),A Tunnel,Franks Tract (10 supplied RMA stations),10,353.510000,64.214700,saltier,265,Little Franks Tract at Fisherman's Cut,179.190000,46.121592,saltier,292,Frank's Tract at Old River,174.320000
2020-09-29,Baseline (BAU),A Tunnel,Franks Tract (10 supplied RMA stations),10,348.060000,63.224713,saltier,265,Little Franks Tract at Fisherman's Cut,185.180000,47.663354,saltier,292,Frank's Tract at Old River,162.880000
2020-09-30,Baseline (BAU),A Tunnel,Franks Tract (10 supplied RMA stations),10,323.970000,58.848792,saltier,265,Little Franks Tract at Fisherman's Cut,192.050000,49.431619,saltier,292,Frank's Tract at Old River,131.920000
2020-10-01,Baseline (BAU),A Tunnel,Franks Tract (10 supplied RMA stations),10,313.150000,56.883351,saltier,265,Little Franks Tract at Fisherman's Cut,193.050000,49.689008,saltier,292,Frank's Tract at Old River,120.100000
2020-10-02,Baseline (BAU),A Tunnel,Franks Tract (10 supplied RMA stations),10,324.080000,58.868773,saltier,265,Little Franks Tract at Fisherman's Cut,189.520000,48.780424,saltier,292,Frank's Tract at Old River,134.560000
2020-10-03,Baseline (BAU),A Tunnel,Franks Tract (10 supplied RMA stations),10,329.910000,59.927786,saltier,265,Little Franks Tract at Fisherman's Cut,188.060000,48.404635,saltier,292,Frank's Tract at Old River,141.850000
2020-10-04,Baseline (BAU),A Tunnel,Franks Tract (10 supplied RMA stations),10,324.740000,58.988661,saltier,265,Little Franks Tract at Fisherman's Cut,187.840000,48.348010,saltier,292,Frank's Tract at Old River,136.900000
2020-10-05,Baseline (BAU),A Tunnel,Franks Tract (10 supplied RMA stations),10,316.430000,57.479159,saltier,265,Little Franks Tract at Fisherman's Cut,185.190000,47.665928,saltier,292,Frank's Tract at Old River,131.240000
2020-10-06,Baseline (BAU),A Tunnel,Franks Tract (10 supplied RMA stations),10,320.230000,58.169425,saltier,265,Little Franks Tract at Fisherman's Cut,183.110000,47.130558,saltier,292,Frank's Tract at Old River,137.120000
2020-10-07,Baseline (BAU),A Tunnel,Franks Tract (10 supplied RMA stations),10,335.440000,60.932304,saltier,265,Little Franks Tract at Fisherman's Cut,183.990000,47.357061,saltier,292,Frank's Tract at Old River,151.450000
2020-10-08,Baseline (BAU),A Tunnel,Franks Tract (10 supplied RMA stations),10,356.310000,64.723317,saltier,265,Little Franks Tract at Fisherman's Cut,187.240000,48.193576,saltier,292,Frank's Tract at Old River,169.070000
2020-10-09,Baseline (BAU),A Tunnel,Franks Tract (10 supplied RMA stations),10,365.690000,66.427183,saltier,265,Little Franks Tract at Fisherman's Cut,183.840000,47.318452,saltier,292,Frank's Tract at Old River,181.850000
2020-10-10,Baseline (BAU),A Tunnel,Franks Tract (10 supplied RMA stations),10,364.330000,66.180141,saltier,265,Little Franks Tract at Fisherman's Cut,178.290000,45.889942,saltier,292,Frank's Tract at Old River,186.040000
2020-10-11,Baseline (BAU),A Tunnel,Franks Tract (10 supplied RMA stations),10,346.400000,62.923176,saltier,265,Little Franks Tract at Fisherman's Cut,176.290000,45.375163,saltier,292,Frank's Tract at Old River,170.110000
2020-10-12,Baseline (BAU),A Tunnel,Franks Tract (10 supplied RMA stations),10,338.150000,61.424573,saltier,265,Little Franks Tract at Fisherman's Cut,172.900000,44.502613,saltier,292,Frank's Tract at Old River,165.250000
2020-10-13,Baseline (BAU),A Tunnel,Franks Tract (10 supplied RMA stations),10,349.510000,63.488104,saltier,265,Little Franks Tract at Fisherman's Cut,172.270000,44.340458,saltier,292,Frank's Tract at Old River,177.240000
2020-10-14,Baseline (BAU),A Tunnel,Franks Tract (10 supplied RMA stations),10,358.450000,65.112045,saltier,265,Little Franks Tract at Fisherman's Cut,175.180000,45.089461,saltier,292,Frank's Tract at Old River,183.270000
2020-10-15,Baseline (BAU),A Tunnel,Franks Tract (10 supplied RMA stations),10,373.530000,67.851311,saltier,265,Little Franks Tract at Fisherman's Cut,179.250000,46.137035,saltier,292,Frank's Tract at Old River,194.280000
2020-10-16,Baseline (BAU),A Tunnel,Franks Tract (10 supplied RMA stations),10,398.750000,72.432496,saltier,265,Little Franks Tract at Fisherman's Cut,185.950000,47.861544,saltier,292,Frank's Tract at Old River,212.800000
2020-10-17,Baseline (BAU),A Tunnel,Franks Tract (10 supplied RMA stations),10,427.750000,77.700314,saltier,265,Little Franks Tract at Fisherman's Cut,194.490000,50.059649,saltier,292,Frank's Tract at Old River,233.260000
2020-10-18,Baseline (BAU),A Tunnel,Franks Tract (10 supplied RMA stations),10,456.180000,82.864592,saltier,265,Little Franks Tract at Fisherman's Cut,204.520000,52.641263,saltier,292,Frank's Tract at Old River,251.660000
2020-10-19,Baseline (BAU),A Tunnel,Franks Tract (10 supplied RMA stations),10,487.310000,88.519322,saltier,265,Little Franks Tract at Fisherman's Cut,217.040000,55.863778,saltier,292,Frank's Tract at Old River,270.270000
2020-10-20,Baseline (BAU),A Tunnel,Franks Tract (10 supplied RMA stations),10,520.950000,94.629990,saltier,265,Little Franks Tract at Fisherman's Cut,230.530000,59.335960,saltier,292,Frank's Tract at Old River,290.420000
2020-10-21,Baseline (BAU),A Tunnel,Franks Tract (10 supplied RMA stations),10,563.000000,102.268326,saltier,265,Little Franks Tract at Fisherman's Cut,244.980000,63.055235,saltier,292,Frank's Tract at Old River,318.020000
2020-10-22,Baseline (BAU),A Tunnel,Franks Tract (10 supplied RMA stations),10,600.680000,109.112856,saltier,265,Little Franks Tract at Fisherman's Cut,260.360000,67.013883,saltier,292,Frank's Tract at Old River,340.320000
2020-10-23,Baseline (BAU),A Tunnel,Franks Tract (10 supplied RMA stations),10,603.070000,109.546997,saltier,265,Little Franks Tract at Fisherman's Cut,279.320000,71.893984,saltier,292,Frank's Tract at Old River,323.750000
2020-10-24,Baseline (BAU),A Tunnel,Franks Tract (10 supplied RMA stations),10,594.360000,107.964835,saltier,265,Little Franks Tract at Fisherman's Cut,295.410000,76.035379,saltier,292,Frank's Tract at Old River,298.950000
2020-10-25,Baseline (BAU),A Tunnel,Franks Tract (10 supplied RMA stations),10,584.980000,106.260969,saltier,265,Little Franks Tract at Fisherman's Cut,303.640000,78.153693,saltier,292,Frank's Tract at Old River,281.340000
2020-10-26,Baseline (BAU),A Tunnel,Franks Tract (10 supplied RMA stations),10,575.510000,104.540754,saltier,265,Little Franks Tract at Fisherman's Cut,304.130000,78.279813,saltier,292,Frank's Tract at Old River,271.380000
2020-10-27,Baseline (BAU),A Tunnel,Franks Tract (10 supplied RMA stations),10,607.300000,110.315372,saltier,265,Little Franks Tract at Fisherman's Cut,301.630000,77.636340,saltier,292,Frank's Tract at Old River,305.670000
2020-10-28,Baseline (BAU),A Tunnel,Franks Tract (10 supplied RMA stations),10,630.550000,114.538709,saltier,265,Little Franks Tract at Fisherman's Cut,303.600000,78.143397,saltier,292,Frank's Tract at Old River,326.950000
2020-10-29,Baseline (BAU),A Tunnel,Franks Tract (10 supplied RMA stations),10,647.340000,117.588594,saltier,265,Little Franks Tract at Fisherman's Cut,314.070000,80.838263,saltier,292,Frank's Tract at Old River,333.270000
2020-10-30,Baseline (BAU),A Tunnel,Franks Tract (10 supplied RMA stations),10,673.140000,122.275135,saltier,265,Little Franks Tract at Fisherman's Cut,330.290000,85.013118,saltier,292,Frank's Tract at Old River,342.850000
2020-10-31,Baseline (BAU),A Tunnel,Franks Tract (10 supplied RMA stations),10,694.160000,126.093395,saltier,265,Little Franks Tract at Fisherman's Cut,343.920000,88.521334,saltier,292,Frank's Tract at Old River,350.240000
2020-11-01,Baseline (BAU),A Tunnel,Franks Tract (10 supplied RMA stations),10,705.880000,128.222320,saltier,265,Little Franks Tract at Fisherman's Cut,351.900000,90.575301,saltier,292,Frank's Tract at Old River,353.980000
2020-11-02,Baseline (BAU),A Tunnel,Franks Tract (10 supplied RMA stations),10,736.570000,133.797124,saltier,265,Little Franks Tract at Fisherman's Cut,359.930000,92.642137,saltier,292,Frank's Tract at Old River,376.640000
2020-11-03,Baseline (BAU),A Tunnel,Franks Tract (10 supplied RMA stations),10,777.820000,141.290141,saltier,265,Little Franks Tract at Fisherman's Cut,376.080000,96.798975,saltier,292,Frank's Tract at Old River,401.740000
2020-11-04,Baseline (BAU),A Tunnel,Franks Tract (10 supplied RMA stations),10,790.230000,143.544404,saltier,265,Little Franks Tract at Fisherman's Cut,392.950000,101.141133,saltier,292,Frank's Tract at Old River,397.280000
2020-11-05,Baseline (BAU),A Tunnel,Franks Tract (10 supplied RMA stations),10,815.870000,148.201882,saltier,265,Little Franks Tract at Fisherman's Cut,401.100000,103.238856,saltier,292,Frank's Tract at Old River,414.770000
2020-11-06,Baseline (BAU),A Tunnel,Franks Tract (10 supplied RMA stations),10,873.220000,158.619445,saltier,265,Little Franks Tract at Fisherman's Cut,433.510000,111.580844,saltier,292,Frank's Tract at Old River,439.710000
2020-11-07,Baseline (BAU),A Tunnel,Franks Tract (10 supplied RMA stations),10,839.320000,152.461548,saltier,265,Little Franks Tract at Fisherman's Cut,453.710000,116.780108,saltier,292,Frank's Tract at Old River,385.610000
2020-11-08,Baseline (BAU),A Tunnel,Franks Tract (10 supplied RMA stations),10,772.710000,140.361915,saltier,265,Little Franks Tract at Fisherman's Cut,454.380000,116.952559,saltier,292,Frank's Tract at Old River,318.330000
2020-11-09,Baseline (BAU),A Tunnel,Franks Tract (10 supplied RMA stations),10,725.640000,131.811702,saltier,265,Little Franks Tract at Fisherman's Cut,450.290000,115.899836,saltier,292,Frank's Tract at Old River,275.350000
2020-11-10,Baseline (BAU),A Tunnel,Franks Tract (10 supplied RMA stations),10,722.640000,131.266755,saltier,265,Little Franks Tract at Fisherman's Cut,443.940000,114.265414,saltier,292,Frank's Tract at Old River,278.700000
2020-11-11,Baseline (BAU),A Tunnel,Franks Tract (10 supplied RMA stations),10,735.530000,133.608210,saltier,265,Little Franks Tract at Fisherman's Cut,441.910000,113.742914,saltier,292,Frank's Tract at Old River,293.620000
2020-11-12,Baseline (BAU),A Tunnel,Franks Tract (10 supplied RMA stations),10,753.520000,136.876073,saltier,265,Little Franks Tract at Fisherman's Cut,445.800000,114.744158,saltier,292,Frank's Tract at Old River,307.720000
2020-11-13,Baseline (BAU),A Tunnel,Franks Tract (10 supplied RMA stations),10,764.320000,138.837881,saltier,265,Little Franks Tract at Fisherman's Cut,455.160000,117.153322,saltier,292,Frank's Tract at Old River,309.160000
2020-11-14,Baseline (BAU),A Tunnel,Franks Tract (10 supplied RMA stations),10,740.000000,134.420180,saltier,265,Little Franks Tract at Fisherman's Cut,459.550000,118.283261,saltier,292,Frank's Tract at Old River,280.450000
2020-11-15,Baseline (BAU),A Tunnel,Franks Tract (10 supplied RMA stations),10,712.850000,129.488413,saltier,265,Little Franks Tract at Fisherman's Cut,456.010000,117.372103,saltier,292,Frank's Tract at Old River,256.840000
2020-11-16,Baseline (BAU),A Tunnel,Franks Tract (10 supplied RMA stations),10,704.660000,128.000708,saltier,265,Little Franks Tract at Fisherman's Cut,450.810000,116.033679,saltier,292,Frank's Tract at Old River,253.850000
2020-11-17,Baseline (BAU),A Tunnel,Franks Tract (10 supplied RMA stations),10,710.010000,128.972530,saltier,265,Little Franks Tract at Fisherman's Cut,453.860000,116.818716,saltier,292,Frank's Tract at Old River,256.150000
2020-11-18,Baseline (BAU),A Tunnel,Franks Tract (10 supplied RMA stations),10,654.100000,118.816540,saltier,265,Little Franks Tract at Fisherman's Cut,459.690000,118.319296,saltier,292,Frank's Tract at Old River,194.410000
2020-11-19,Baseline (BAU),A Tunnel,Franks Tract (10 supplied RMA stations),10,583.360000,120.253724,saltier,274,Piper Slough at Bethal Tract,455.350000,117.202226,saltier,292,Frank's Tract at Old River,128.010000
2020-11-20,Baseline (BAU),A Tunnel,Franks Tract (10 supplied RMA stations),10,554.570000,114.318959,saltier,274,Piper Slough at Bethal Tract,445.530000,114.674663,saltier,292,Frank's Tract at Old River,109.040000
2020-11-21,Baseline (BAU),A Tunnel,Franks Tract (10 supplied RMA stations),10,539.220000,114.657925,saltier,281,South Franks Tract at Bethel Island,434.870000,111.930893,saltier,292,Frank's Tract at Old River,104.350000
2020-11-22,Baseline (BAU),A Tunnel,Franks Tract (10 supplied RMA stations),10,523.730000,111.364183,saltier,281,South Franks Tract at Bethel Island,425.300000,107.582636,saltier,285,Frank's Tract North East,98.430000
2020-11-23,Baseline (BAU),A Tunnel,Franks Tract (10 supplied RMA stations),10,505.880000,107.568619,saltier,281,South Franks Tract at Bethel Island,411.570000,104.109535,saltier,285,Frank's Tract North East,94.310000
2020-11-24,Baseline (BAU),A Tunnel,Franks Tract (10 supplied RMA stations),10,487.550000,103.670990,saltier,281,South Franks Tract at Bethel Island,399.710000,101.109465,saltier,285,Frank's Tract North East,87.840000
2020-11-25,Baseline (BAU),A Tunnel,Franks Tract (10 supplied RMA stations),10,468.770000,99.677674,saltier,281,South Franks Tract at Bethel Island,384.490000,97.259458,saltier,285,Frank's Tract North East,84.280000
2020-11-26,Baseline (BAU),A Tunnel,Franks Tract (10 supplied RMA stations),10,448.680000,95.405804,saltier,281,South Franks Tract at Bethel Island,359.080000,65.226484,saltier,265,Little Franks Tract at Fisherman's Cut,89.600000
2020-11-27,Baseline (BAU),A Tunnel,Franks Tract (10 supplied RMA stations),10,428.090000,91.027616,saltier,281,South Franks Tract at Bethel Island,336.630000,61.148467,saltier,265,Little Franks Tract at Fisherman's Cut,91.460000
2020-11-28,Baseline (BAU),A Tunnel,Franks Tract (10 supplied RMA stations),10,408.920000,86.951372,saltier,281,South Franks Tract at Bethel Island,317.220000,57.622662,saltier,265,Little Franks Tract at Fisherman's Cut,91.700000
2020-11-29,Baseline (BAU),A Tunnel,Franks Tract (10 supplied RMA stations),10,389.750000,82.875127,saltier,281,South Franks Tract at Bethel Island,296.420000,53.844365,saltier,265,Little Franks Tract at Fisherman's Cut,93.330000
