variant_id,label,included_station_ids,excluded_station_ids,n_stations,detected_direction,pattern_type,episode_start_date,episode_end_date,calendar_duration_days,n_qualifying_days,baseline_regional_ec,scenario_regional_ec,avg_ec_difference,avg_percent_difference,median_station_difference,max_station_difference,avg_station_agreement_fraction,min_daily_station_agreement,agreeing_station_ids,disagreeing_station_ids,insufficient_data_station_ids,n_agreeing,n_disagreeing,n_other_overlapping_episodes,raw_period_direction_unqualified,requested_period_start,requested_period_end,requested_period_avg_baseline_ec,requested_period_avg_scenario_ec,requested_period_avg_ec_difference,requested_period_avg_percent_difference,requested_period_n_qualifying_days,note,region_id,region_name,closure_id,closure_label,timing_timing_relationship,timing_lag_start_days,timing_lag_end_days,timing_begins_before_closure,timing_begins_after_closure_start,timing_ends_before_reopening,timing_persists_after_reopening
complete_proposed_set,Complete proposed station set (all 11),263;265;270;274;276;281;282;283;285;291;292,,11,saltier,episode,2018-11-30,2019-01-28,60.0,60,796.776,899.384,102.607,13.171,152.611,548.54,0.8303,0.7273,263;265;270;274;276;281;282;283;285,291;292,,9,2,1.0,saltier,2018-10-01,2019-01-13,918.2703895238096,1010.4632723809524,92.1928819047619,10.627952380952381,83,,franks_tract,Franks Tract,closure_1,Closure 1 (long closure),response emerges 60 day(s) after the closure begins; persists 15 day(s) after reopening,60.0,15.0,False,True,False,True
complete_proposed_set,Complete proposed station set (all 11),263;265;270;274;276;281;282;283;285;291;292,,11,fresher,episode,2019-11-30,2019-12-10,11.0,11,401.101,346.635,-54.466,-13.558,-45.456,151.32,0.9587,0.9091,263;265;270;274;276;281;282;283;291;292,285,,10,1,0.0,fresher,2019-11-26,2019-12-10,409.13969999999995,358.52709333333326,-50.6126,-12.22736,11,,franks_tract,Franks Tract,closure_2,Closure 2 (short closure),response emerges 4 day(s) after the closure begins; ends exactly at reopening,4.0,0.0,False,True,False,False
complete_proposed_set,Complete proposed station set (all 11),263;265;270;274;276;281;282;283;285;291;292,,11,saltier,persistent_condition,2020-10-01,2020-11-29,60.0,52,1142.895,1227.489,84.594,7.521,,,0.7909,,263;265;270;274;276;281;282;283;285,291;292,,9,2,3.0,saltier,2020-07-15,2020-11-29,999.9286420289856,1032.1274507246376,32.198807246376816,2.304115217391304,104,,franks_tract,Franks Tract,closure_3,Closure 3 (provisional),response emerges 78 day(s) after the closure begins; ends exactly at reopening,78.0,0.0,False,True,False,False
leave_one_out_excl_291,Leave-one-out: exclude station 291,263;265;270;274;276;281;282;283;285;292,291,10,saltier,episode,2018-10-07,2019-01-28,114.0,114,878.785,1003.772,124.986,14.682,162.466,548.54,0.8754,0.7,263;265;270;274;276;281;282;283;285,292,,9,1,0.0,saltier,2018-10-01,2019-01-13,927.167038095238,1058.0923904761905,130.92535238095238,14.71558857142857,99,,franks_tract,Franks Tract,closure_1,Closure 1 (long closure),response emerges 6 day(s) after the closure begins; persists 15 day(s) after reopening,6.0,15.0,False,True,False,True
leave_one_out_excl_291,Leave-one-out: exclude station 291,263;265;270;274;276;281;282;283;285;292,291,10,fresher,episode,2019-12-01,2019-12-08,8.0,8,408.999,354.802,-54.197,-13.276,-55.968,151.32,0.9625,0.9,263;265;270;274;276;281;282;283;292,285,,9,1,0.0,fresher,2019-11-26,2019-12-10,417.5698666666667,372.5414666666667,-45.028400000000005,-10.733699999999999,8,,franks_tract,Franks Tract,closure_2,Closure 2 (short closure),response emerges 5 day(s) after the closure begins; ends 2 day(s) before reopening,5.0,-2.0,False,True,True,False
leave_one_out_excl_291,Leave-one-out: exclude station 291,263;265;270;274;276;281;282;283;285;292,291,10,saltier,persistent_condition,2020-10-01,2020-11-29,60.0,60,1155.179,1294.829,139.65,12.233,,,0.87,,263;265;270;274;276;281;282;283;285,292,,9,1,1.0,saltier,2020-07-15,2020-11-29,1010.7554637681161,1084.8643623188407,74.10889855072463,6.331803623188406,94,,franks_tract,Franks Tract,closure_3,Closure 3 (provisional),response emerges 78 day(s) after the closure begins; ends exactly at reopening,78.0,0.0,False,True,False,False
leave_one_out_excl_292,Leave-one-out: exclude station 292,263;265;270;274;276;281;282;283;285;291,292,10,saltier,episode,2018-11-27,2019-01-30,65.0,65,815.406,931.959,116.553,14.6,151.764,548.54,0.8969,0.8,263;265;270;274;276;281;282;283;285,291,,9,1,1.0,saltier,2018-10-01,2019-01-13,940.1026476190477,1056.6233428571427,116.52069523809524,12.97446,96,,franks_tract,Franks Tract,closure_1,Closure 1 (long closure),response emerges 57 day(s) after the closure begins; persists 17 day(s) after reopening,57.0,17.0,False,True,False,True
leave_one_out_excl_292,Leave-one-out: exclude station 292,263;265;270;274;276;281;282;283;285;291,292,10,fresher,episode,2019-11-30,2019-12-09,10.0,10,407.091,351.797,-55.294,-13.527,-53.127,151.32,0.96,0.9,263;265;270;274;276;281;282;283;291,285,,9,1,0.0,fresher,2019-11-26,2019-12-10,421.54659999999996,371.3667333333333,-50.17986666666666,-11.789573333333335,10,,franks_tract,Franks Tract,closure_2,Closure 2 (short closure),response emerges 4 day(s) after the closure begins; ends 1 day(s) before reopening,4.0,-1.0,False,True,True,False
leave_one_out_excl_292,Leave-one-out: exclude station 292,263;265;270;274;276;281;282;283;285;291,292,10,saltier,persistent_condition,2020-10-01,2020-11-29,60.0,60,1168.298,1292.877,124.578,10.81,,,0.87,,263;265;270;274;276;281;282;283;285,291,,9,1,1.0,saltier,2020-07-15,2020-11-29,1023.7829057971014,1083.1549855072467,59.372079710144924,4.814130434782609,104,,franks_tract,Franks Tract,closure_3,Closure 3 (provisional),response emerges 78 day(s) after the closure begins; ends exactly at reopening,78.0,0.0,False,True,False,False
both_groups_excluded_core_only,"Exclude both sensitivity groups (core-only, 9 stations)",263;265;270;274;276;281;282;283;285,291;292,9,saltier,episode,2018-10-07,2019-01-30,116.0,116,891.184,1042.985,151.801,17.308,153.169,548.54,0.9646,0.7778,263;265;270;274;276;281;282;283;285,,,9,0,0.0,saltier,2018-10-01,2019-01-13,952.413621904762,1114.6734780952381,162.25986285714285,17.624210476190473,99,,franks_tract,Franks Tract,closure_1,Closure 1 (long closure),response emerges 6 day(s) after the closure begins; persists 17 day(s) after reopening,6.0,17.0,False,True,False,True
both_groups_excluded_core_only,"Exclude both sensitivity groups (core-only, 9 stations)",263;265;270;274;276;281;282;283;285,291;292,9,fresher,episode,2019-12-01,2019-12-08,8.0,8,424.567,370.315,-54.252,-12.825,-62.692,151.32,0.9583,0.8889,263;265;270;274;276;281;282;283,285,,8,1,0.0,fresher,2019-11-26,2019-12-10,432.2920133333333,388.3648866666667,-43.927113333333324,-10.146706666666667,8,,franks_tract,Franks Tract,closure_2,Closure 2 (short closure),response emerges 5 day(s) after the closure begins; ends 2 day(s) before reopening,5.0,-2.0,False,True,True,False
both_groups_excluded_core_only,"Exclude both sensitivity groups (core-only, 9 stations)",263;265;270;274;276;281;282;283;285,291;292,9,saltier,persistent_condition,2020-10-01,2020-11-29,60.0,60,1184.771,1374.965,190.194,16.234,,,0.9667,,263;265;270;274;276;281;282;283;285,,,9,0,1.0,saltier,2020-07-15,2020-11-29,1038.4631768115942,1147.421281884058,108.95809565217391,9.41486304347826,92,,franks_tract,Franks Tract,closure_3,Closure 3 (provisional),response emerges 78 day(s) after the closure begins; ends exactly at reopening,78.0,0.0,False,True,False,False
complete_proposed_set,Complete proposed station set (all 16),111;115;116;117;119;120;124;127;129;133;134;265;266;301;307;309,,16,saltier,episode,2018-10-12,2019-01-03,84.0,84,753.501,842.787,89.286,11.717,100.661,248.19,0.9487,0.8125,111;115;116;117;119;120;124;127;129;133;134;265;266;301;307;309,,,16,0,0.0,saltier,2018-10-01,2019-01-13,720.1209676190476,799.4073428571429,79.28638000000001,10.72789238095238,84,,north_franks_tract,North Franks Tract,closure_1,Closure 1 (long closure),response emerges 11 day(s) after the closure begins; ends 10 day(s) before reopening,11.0,-10.0,False,True,True,False
complete_proposed_set,Complete proposed station set (all 16),111;115;116;117;119;120;124;127;129;133;134;265;266;301;307;309,,16,no_qualifying_pattern,no_qualifying_pattern,,,,0,387.33894666666663,413.63083333333327,26.29186666666666,6.583906666666667,43.148999999999994,,,,,,111;115;116;117;119;120;124;127;129;133;134;265;266;301;307;309,0,0,,saltier,2019-11-26,2019-12-10,387.33894666666663,413.63083333333327,26.29186666666666,6.583906666666667,0,"No sustained qualifying episode (7-day rolling, 50 uS/cm or 10%, >=60% station agreement, median-direction-consistent, >=7 qualifying days) overlaps this period under this station set. Raw (unqualified) period averages are reported above for transparency.",north_franks_tract,North Franks Tract,closure_2,Closure 2 (short closure),not_applicable,,,,,,
complete_proposed_set,Complete proposed station set (all 16),111;115;116;117;119;120;124;127;129;133;134;265;266;301;307;309,,16,saltier,persistent_condition,2020-10-01,2020-11-29,60.0,60,900.404,1039.799,139.395,15.519,,,0.9771,,111;115;116;117;119;120;124;127;129;133;134;265;266;301;307;309,,,16,0,0.0,saltier,2020-07-15,2020-11-29,772.0993144927536,887.7011565217391,115.60184492753623,14.94891304347826,132,,north_franks_tract,North Franks Tract,closure_3,Closure 3 (provisional),response emerges 78 day(s) after the closure begins; ends exactly at reopening,78.0,0.0,False,True,False,False
complete_proposed_set,Complete proposed station set (all 17),132;291;292;293;294;295;296;297;298;299;302;303;304;306;355;356;357,,17,fresher,episode,2018-10-07,2019-01-11,97.0,97,682.0,508.977,-173.023,-25.349,-176.569,512.65,0.9133,0.8235,291;292;293;294;295;296;297;298;299;302;303;304;306;355;356;357,132,,16,1,0.0,fresher,2018-10-01,2019-01-13,678.4694104761905,512.308600952381,-166.1608066666667,-24.406000000000002,97,,freshwater_corridor,Freshwater Corridor,closure_1,Closure 1 (long closure),response emerges 6 day(s) after the closure begins; ends 2 day(s) before reopening,6.0,-2.0,False,True,True,False
complete_proposed_set,Complete proposed station set (all 17),132;291;292;293;294;295;296;297;298;299;302;303;304;306;355;356;357,,17,fresher,episode,2019-12-02,2019-12-19,18.0,18,304.42,244.504,-59.916,-19.536,-60.642,150.75,0.9412,0.9412,291;292;293;294;295;296;297;298;299;302;303;304;306;355;356;357,132,,16,1,0.0,fresher,2019-11-26,2019-12-10,265.51074666666665,215.30799333333331,-50.20274000000001,-17.641920000000002,9,,freshwater_corridor,Freshwater Corridor,closure_2,Closure 2 (short closure),response emerges 6 day(s) after the closure begins; persists 9 day(s) after reopening,6.0,9.0,False,True,False,True
complete_proposed_set,Complete proposed station set (all 17),132;291;292;293;294;295;296;297;298;299;302;303;304;306;355;356;357,,17,fresher,persistent_condition,2020-10-01,2020-11-29,60.0,60,821.167,534.939,-286.228,-34.775,,,0.9608,,291;292;293;294;295;296;297;298;299;302;303;304;306;355;356;357,132,,16,1,0.0,fresher,2020-07-15,2020-11-29,708.8302811594202,482.3113920289855,-226.5188920289855,-31.524605072463764,134,,freshwater_corridor,Freshwater Corridor,closure_3,Closure 3 (provisional),response emerges 78 day(s) after the closure begins; ends exactly at reopening,78.0,0.0,False,True,False,False
leave_one_out_excl_355,Leave-one-out: exclude station 355,132;291;292;293;294;295;296;297;298;299;302;303;304;306;356;357,355,16,fresher,episode,2018-10-07,2019-01-11,97.0,97,683.716,509.879,-173.837,-25.381,-186.108,512.65,0.9079,0.8125,291;292;293;294;295;296;297;298;299;302;303;304;306;356;357,132,,15,1,0.0,fresher,2018-10-01,2019-01-13,679.9529542857143,513.0475342857144,-166.9054276190476,-24.43522380952381,97,,freshwater_corridor,Freshwater Corridor,closure_1,Closure 1 (long closure),response emerges 6 day(s) after the closure begins; ends 2 day(s) before reopening,6.0,-2.0,False,True,True,False
leave_one_out_excl_355,Leave-one-out: exclude station 355,132;291;292;293;294;295;296;297;298;299;302;303;304;306;356;357,355,16,fresher,episode,2019-12-02,2019-12-19,18.0,18,305.061,244.539,-60.522,-19.718,-64.801,150.75,0.9375,0.9375,291;292;293;294;295;296;297;298;299;302;303;304;306;356;357,132,,15,1,0.0,fresher,2019-11-26,2019-12-10,266.23570666666666,215.1034533333333,-51.13224666666666,-17.94302,9,,freshwater_corridor,Freshwater Corridor,closure_2,Closure 2 (short closure),response emerges 6 day(s) after the closure begins; persists 9 day(s) after reopening,6.0,9.0,False,True,False,True
leave_one_out_excl_355,Leave-one-out: exclude station 355,132;291;292;293;294;295;296;297;298;299;302;303;304;306;356;357,355,16,fresher,persistent_condition,2020-10-01,2020-11-29,60.0,60,824.821,535.743,-289.078,-34.964,,,0.9583,,291;292;293;294;295;296;297;298;299;302;303;304;306;356;357,132,,15,1,0.0,fresher,2020-07-15,2020-11-29,711.2861833333334,483.07935217391304,-228.2068268115942,-31.651486231884057,134,,freshwater_corridor,Freshwater Corridor,closure_3,Closure 3 (provisional),response emerges 78 day(s) after the closure begins; ends exactly at reopening,78.0,0.0,False,True,False,False
leave_one_out_excl_357,Leave-one-out: exclude station 357,132;291;292;293;294;295;296;297;298;299;302;303;304;306;355;356,357,16,fresher,episode,2018-10-07,2019-01-12,98.0,98,685.608,511.072,-174.536,-25.402,-184.844,512.65,0.9069,0.8125,291;292;293;294;295;296;297;298;299;302;303;304;306;355;356,132,,15,1,0.0,fresher,2018-10-01,2019-01-13,682.1497314285714,513.3100276190476,-168.83970095238095,-24.636616190476193,98,,freshwater_corridor,Freshwater Corridor,closure_1,Closure 1 (long closure),response emerges 6 day(s) after the closure begins; ends 1 day(s) before reopening,6.0,-1.0,False,True,True,False
leave_one_out_excl_357,Leave-one-out: exclude station 357,132;291;292;293;294;295;296;297;298;299;302;303;304;306;355;356,357,16,fresher,episode,2019-12-02,2019-12-19,18.0,18,305.063,243.814,-61.249,-19.948,-64.472,150.75,0.9375,0.9375,291;292;293;294;295;296;297;298;299;302;303;304;306;355;356,132,,15,1,0.0,fresher,2019-11-26,2019-12-10,265.88647333333336,214.2481733333333,-51.638286666666666,-18.126406666666664,9,,freshwater_corridor,Freshwater Corridor,closure_2,Closure 2 (short closure),response emerges 6 day(s) after the closure begins; persists 9 day(s) after reopening,6.0,9.0,False,True,False,True
leave_one_out_excl_357,Leave-one-out: exclude station 357,132;291;292;293;294;295;296;297;298;299;302;303;304;306;355;356,357,16,fresher,persistent_condition,2020-10-01,2020-11-29,60.0,60,827.044,536.026,-291.018,-35.107,,,0.9583,,291;292;293;294;295;296;297;298;299;302;303;304;306;355;356,132,,15,1,0.0,fresher,2020-07-15,2020-11-29,714.0574231884058,483.5527007246376,-230.5047224637681,-31.85526594202899,134,,freshwater_corridor,Freshwater Corridor,closure_3,Closure 3 (provisional),response emerges 78 day(s) after the closure begins; ends exactly at reopening,78.0,0.0,False,True,False,False
both_groups_excluded_core_only,"Exclude both sensitivity groups (core-only, 15 stations)",132;291;292;293;294;295;296;297;298;299;302;303;304;306;356,355;357,15,fresher,episode,2018-10-07,2019-01-12,98.0,98,687.666,512.088,-175.578,-25.45,-194.372,512.65,0.9007,0.8,291;292;293;294;295;296;297;298;299;302;303;304;306;356,132,,14,1,0.0,fresher,2018-10-01,2019-01-13,683.9775276190475,514.1649790476191,-169.81255238095238,-24.681857142857144,98,,freshwater_corridor,Freshwater Corridor,closure_1,Closure 1 (long closure),response emerges 6 day(s) after the closure begins; ends 1 day(s) before reopening,6.0,-1.0,False,True,True,False
both_groups_excluded_core_only,"Exclude both sensitivity groups (core-only, 15 stations)",132;291;292;293;294;295;296;297;298;299;302;303;304;306;356,355;357,15,fresher,episode,2019-12-02,2019-12-19,18.0,18,305.79,243.806,-61.984,-20.167,-68.617,150.75,0.9333,0.9333,291;292;293;294;295;296;297;298;299;302;303;304;306;356,132,,14,1,0.0,fresher,2019-11-26,2019-12-10,266.68479999999994,213.95934,-52.72546666666667,-18.47802666666667,9,,freshwater_corridor,Freshwater Corridor,closure_2,Closure 2 (short closure),response emerges 6 day(s) after the closure begins; persists 9 day(s) after reopening,6.0,9.0,False,True,False,True
both_groups_excluded_core_only,"Exclude both sensitivity groups (core-only, 15 stations)",132;291;292;293;294;295;296;297;298;299;302;303;304;306;356,355;357,15,fresher,persistent_condition,2020-10-01,2020-11-29,60.0,60,831.333,536.956,-294.378,-35.328,,,0.9555,,291;292;293;294;295;296;297;298;299;302;303;304;306;356,132,,14,1,0.0,fresher,2020-07-15,2020-11-29,717.0255231884058,484.4546188405796,-232.5709028985507,-32.010400724637684,134,,freshwater_corridor,Freshwater Corridor,closure_3,Closure 3 (provisional),response emerges 78 day(s) after the closure begins; ends exactly at reopening,78.0,0.0,False,True,False,False
complete_proposed_set,Complete proposed station set (all 9),284;288;355;357;358;359;360;362;363,,9,fresher,episode,2018-10-07,2018-12-24,79.0,79,615.821,498.818,-117.003,-19.223,-117.074,255.99,1.0,1.0,284;288;355;357;358;359;360;362;363,,,9,0,1.0,fresher,2018-10-01,2019-01-13,643.7295371428571,542.6560857142857,-101.07345047619049,-16.32087047619048,91,,clifton_court_forebay,Clifton Court Forebay,closure_1,Closure 1 (long closure),response emerges 6 day(s) after the closure begins; ends 20 day(s) before reopening,6.0,-20.0,False,True,True,False
complete_proposed_set,Complete proposed station set (all 9),284;288;355;357;358;359;360;362;363,,9,no_qualifying_pattern,no_qualifying_pattern,,,,0,354.54792,339.4789666666666,-15.068973333333334,-4.04594,-10.754666666666667,,,,,,284;288;355;357;358;359;360;362;363,0,0,,fresher,2019-11-26,2019-12-10,354.54792,339.4789666666666,-15.068973333333334,-4.04594,0,"No sustained qualifying episode (7-day rolling, 50 uS/cm or 10%, >=60% station agreement, median-direction-consistent, >=7 qualifying days) overlaps this period under this station set. Raw (unqualified) period averages are reported above for transparency.",clifton_court_forebay,Clifton Court Forebay,closure_2,Closure 2 (short closure),not_applicable,,,,,,
complete_proposed_set,Complete proposed station set (all 9),284;288;355;357;358;359;360;362;363,,9,fresher,persistent_condition,2020-10-01,2020-11-29,60.0,60,700.811,532.517,-168.294,-23.989,,,1.0,,284;288;355;357;358;359;360;362;363,,,9,0,0.0,fresher,2020-07-15,2020-11-29,614.149179710145,477.75138840579706,-136.39778840579712,-21.72067971014493,129,,clifton_court_forebay,Clifton Court Forebay,closure_3,Closure 3 (provisional),response emerges 78 day(s) after the closure begins; ends exactly at reopening,78.0,0.0,False,True,False,False
leave_one_out_excl_284,Leave-one-out: exclude station 284,288;355;357;358;359;360;362;363,284,8,fresher,episode,2018-10-07,2018-12-22,77.0,77,594.324,477.314,-117.009,-19.875,-118.642,255.99,1.0,1.0,288;355;357;358;359;360;362;363,,,8,0,1.0,fresher,2018-10-01,2019-01-13,623.9234219047619,525.2010371428571,-98.72238952380953,-16.47362380952381,85,,clifton_court_forebay,Clifton Court Forebay,closure_1,Closure 1 (long closure),response emerges 6 day(s) after the closure begins; ends 22 day(s) before reopening,6.0,-22.0,False,True,True,False
leave_one_out_excl_284,Leave-one-out: exclude station 284,288;355;357;358;359;360;362;363,284,8,no_qualifying_pattern,no_qualifying_pattern,,,,0,332.66392,315.8345866666667,-16.829326666666663,-4.859213333333332,-13.927000000000001,,,,,,288;355;357;358;359;360;362;363,0,0,,fresher,2019-11-26,2019-12-10,332.66392,315.8345866666667,-16.829326666666663,-4.859213333333332,0,"No sustained qualifying episode (7-day rolling, 50 uS/cm or 10%, >=60% station agreement, median-direction-consistent, >=7 qualifying days) overlaps this period under this station set. Raw (unqualified) period averages are reported above for transparency.",clifton_court_forebay,Clifton Court Forebay,closure_2,Closure 2 (short closure),not_applicable,,,,,,
leave_one_out_excl_284,Leave-one-out: exclude station 284,288;355;357;358;359;360;362;363,284,8,fresher,persistent_condition,2020-10-01,2020-11-29,60.0,60,685.695,519.512,-166.183,-24.207,,,1.0,,288;355;357;358;359;360;362;363,,,8,0,0.0,fresher,2020-07-15,2020-11-29,602.4346652173913,467.283852173913,-135.15081739130434,-22.03765072463768,130,,clifton_court_forebay,Clifton Court Forebay,closure_3,Closure 3 (provisional),response emerges 78 day(s) after the closure begins; ends exactly at reopening,78.0,0.0,False,True,False,False
leave_one_out_excl_288,Leave-one-out: exclude station 288,284;355;357;358;359;360;362;363,288,8,fresher,episode,2018-10-07,2018-12-21,76.0,76,603.428,489.417,-114.011,-19.061,-115.749,255.99,1.0,1.0,284;355;357;358;359;360;362;363,,,8,0,0.0,fresher,2018-10-01,2019-01-13,636.3238314285713,540.7751676190476,-95.54866095238097,-15.670440000000001,82,,clifton_court_forebay,Clifton Court Forebay,closure_1,Closure 1 (long closure),response emerges 6 day(s) after the closure begins; ends 23 day(s) before reopening,6.0,-23.0,False,True,True,False
leave_one_out_excl_288,Leave-one-out: exclude station 288,284;355;357;358;359;360;362;363,288,8,no_qualifying_pattern,no_qualifying_pattern,,,,0,358.54824666666667,342.8481,-15.700173333333336,-4.190113333333334,-14.754333333333333,,,,,,284;355;357;358;359;360;362;363,0,0,,fresher,2019-11-26,2019-12-10,358.54824666666667,342.8481,-15.700173333333336,-4.190113333333334,0,"No sustained qualifying episode (7-day rolling, 50 uS/cm or 10%, >=60% station agreement, median-direction-consistent, >=7 qualifying days) overlaps this period under this station set. Raw (unqualified) period averages are reported above for transparency.",clifton_court_forebay,Clifton Court Forebay,closure_2,Closure 2 (short closure),not_applicable,,,,,,
leave_one_out_excl_288,Leave-one-out: exclude station 288,284;355;357;358;359;360;362;363,288,8,fresher,persistent_condition,2020-10-01,2020-11-29,60.0,60,691.522,529.392,-162.13,-23.42,,,1.0,,284;355;357;358;359;360;362;363,,,8,0,0.0,fresher,2020-07-15,2020-11-29,607.4512681159421,476.0056152173912,-131.4456579710145,-21.204255797101446,130,,clifton_court_forebay,Clifton Court Forebay,closure_3,Closure 3 (provisional),response emerges 78 day(s) after the closure begins; ends exactly at reopening,78.0,0.0,False,True,False,False
leave_one_out_excl_355,Leave-one-out: exclude station 355,284;288;357;358;359;360;362;363,355,8,fresher,episode,2018-10-07,2018-12-23,78.0,78,611.017,500.761,-110.255,-18.256,-110.669,205.5,1.0,1.0,284;288;357;358;359;360;362;363,,,8,0,1.0,fresher,2018-10-01,2019-01-13,642.3541314285715,547.9273723809524,-94.42676095238096,-15.339634285714286,85,,clifton_court_forebay,Clifton Court Forebay,closure_1,Closure 1 (long closure),response emerges 6 day(s) after the closure begins; ends 21 day(s) before reopening,6.0,-21.0,False,True,True,False
leave_one_out_excl_355,Leave-one-out: exclude station 355,284;288;357;358;359;360;362;363,355,8,no_qualifying_pattern,no_qualifying_pattern,,,,0,367.1275,354.5912666666666,-12.536246666666667,-3.2688733333333335,-9.622666666666667,,,,,,284;288;357;358;359;360;362;363,0,0,,fresher,2019-11-26,2019-12-10,367.1275,354.5912666666666,-12.536246666666667,-3.2688733333333335,0,"No sustained qualifying episode (7-day rolling, 50 uS/cm or 10%, >=60% station agreement, median-direction-consistent, >=7 qualifying days) overlaps this period under this station set. Raw (unqualified) period averages are reported above for transparency.",clifton_court_forebay,Clifton Court Forebay,closure_2,Closure 2 (short closure),not_applicable,,,,,,
leave_one_out_excl_355,Leave-one-out: exclude station 355,284;288;357;358;359;360;362;363,355,8,fresher,persistent_condition,2020-10-01,2020-11-29,60.0,60,693.075,533.822,-159.253,-22.957,,,1.0,,284;288;357;358;359;360;362;363,,,8,0,0.0,fresher,2020-07-15,2020-11-29,607.2258355072463,478.7173231884058,-128.5085036231884,-20.673735507246377,129,,clifton_court_forebay,Clifton Court Forebay,closure_3,Closure 3 (provisional),response emerges 78 day(s) after the closure begins; ends exactly at reopening,78.0,0.0,False,True,False,False
leave_one_out_excl_357,Leave-one-out: exclude station 357,284;288;355;358;359;360;362;363,357,8,fresher,episode,2018-10-07,2018-12-24,79.0,79,617.387,503.723,-113.664,-18.651,-110.297,255.99,1.0,1.0,284;288;355;358;359;360;362;363,,,8,0,1.0,fresher,2018-10-01,2019-01-13,646.7476866666667,548.4523704761905,-98.29531904761905,-15.83830476190476,88,,clifton_court_forebay,Clifton Court Forebay,closure_1,Closure 1 (long closure),response emerges 6 day(s) after the closure begins; ends 20 day(s) before reopening,6.0,-20.0,False,True,True,False
leave_one_out_excl_357,Leave-one-out: exclude station 357,284;288;355;358;359;360;362;363,357,8,no_qualifying_pattern,no_qualifying_pattern,,,,0,366.4289933333334,352.8806666666667,-13.548333333333334,-3.53126,-9.622666666666667,,,,,,284;288;355;358;359;360;362;363,0,0,,fresher,2019-11-26,2019-12-10,366.4289933333334,352.8806666666667,-13.548333333333334,-3.53126,0,"No sustained qualifying episode (7-day rolling, 50 uS/cm or 10%, >=60% station agreement, median-direction-consistent, >=7 qualifying days) overlaps this period under this station set. Raw (unqualified) period averages are reported above for transparency.",clifton_court_forebay,Clifton Court Forebay,closure_2,Closure 2 (short closure),not_applicable,,,,,,
leave_one_out_excl_357,Leave-one-out: exclude station 357,284;288;355;358;359;360;362;363,357,8,fresher,persistent_condition,2020-10-01,2020-11-29,60.0,60,697.521,534.387,-163.134,-23.367,,,1.0,,284;288;355;358;359;360;362;363,,,8,0,0.0,fresher,2020-07-15,2020-11-29,612.7683173913044,479.6640152173913,-133.1043,-21.238752898550725,129,,clifton_court_forebay,Clifton Court Forebay,closure_3,Closure 3 (provisional),response emerges 78 day(s) after the closure begins; ends exactly at reopening,78.0,0.0,False,True,False,False
leave_one_out_excl_358,Leave-one-out: exclude station 358,284;288;355;357;359;360;362;363,358,8,fresher,episode,2018-10-07,2019-01-10,96.0,96,646.018,535.691,-110.327,-17.592,-114.631,255.99,1.0,1.0,284;288;355;357;359;360;362;363,,,8,0,0.0,fresher,2018-10-01,2019-01-13,650.680179047619,545.0380714285715,-105.64210285714286,-16.830133333333333,96,,clifton_court_forebay,Clifton Court Forebay,closure_1,Closure 1 (long closure),response emerges 6 day(s) after the closure begins; ends 3 day(s) before reopening,6.0,-3.0,False,True,True,False
leave_one_out_excl_358,Leave-one-out: exclude station 358,284;288;355;357;359;360;362;363,358,8,no_qualifying_pattern,no_qualifying_pattern,,,,0,353.43325333333337,337.65492,-15.778333333333334,-4.2277466666666665,-13.475333333333333,,,,,,284;288;355;357;359;360;362;363,0,0,,fresher,2019-11-26,2019-12-10,353.43325333333337,337.65492,-15.778333333333334,-4.2277466666666665,0,"No sustained qualifying episode (7-day rolling, 50 uS/cm or 10%, >=60% station agreement, median-direction-consistent, >=7 qualifying days) overlaps this period under this station set. Raw (unqualified) period averages are reported above for transparency.",clifton_court_forebay,Clifton Court Forebay,closure_2,Closure 2 (short closure),not_applicable,,,,,,
leave_one_out_excl_358,Leave-one-out: exclude station 358,284;288;355;357;359;360;362;363,358,8,fresher,persistent_condition,2020-10-01,2020-11-29,60.0,60,709.148,535.82,-173.328,-24.414,,,1.0,,284;288;355;357;359;360;362;363,,,8,0,0.0,fresher,2020-07-15,2020-11-29,621.3465,480.7331123188405,-140.61339130434783,-22.110565217391304,129,,clifton_court_forebay,Clifton Court Forebay,closure_3,Closure 3 (provisional),response emerges 78 day(s) after the closure begins; ends exactly at reopening,78.0,0.0,False,True,False,False
leave_one_out_excl_362,Leave-one-out: exclude station 362,284;288;355;357;358;359;360;363,362,8,fresher,episode,2018-10-07,2019-01-10,96.0,96,643.554,530.922,-112.632,-17.965,-111.815,255.99,1.0,1.0,284;288;355;357;358;359;360;363,,,8,0,0.0,fresher,2018-10-01,2019-01-13,648.0700495238095,540.2505523809524,-107.81948952380952,-17.18013142857143,96,,clifton_court_forebay,Clifton Court Forebay,closure_1,Closure 1 (long closure),response emerges 6 day(s) after the closure begins; ends 3 day(s) before reopening,6.0,-3.0,False,True,True,False
leave_one_out_excl_362,Leave-one-out: exclude station 362,284;288;355;357;358;359;360;363,362,8,no_qualifying_pattern,no_qualifying_pattern,,,,0,344.46708000000007,327.9260866666666,-16.541013333333336,-4.523993333333334,-13.927000000000001,,,,,,284;288;355;357;358;359;360;363,0,0,,fresher,2019-11-26,2019-12-10,344.46708000000007,327.9260866666666,-16.541013333333336,-4.523993333333334,0,"No sustained qualifying episode (7-day rolling, 50 uS/cm or 10%, >=60% station agreement, median-direction-consistent, >=7 qualifying days) overlaps this period under this station set. Raw (unqualified) period averages are reported above for transparency.",clifton_court_forebay,Clifton Court Forebay,closure_2,Closure 2 (short closure),not_applicable,,,,,,
leave_one_out_excl_362,Leave-one-out: exclude station 362,284;288;355;357;358;359;360;363,362,8,fresher,persistent_condition,2020-10-01,2020-11-29,60.0,60,711.952,535.864,-176.088,-24.701,,,1.0,,284;288;355;357;358;359;360;363,,,8,0,0.0,fresher,2020-07-15,2020-11-29,623.0447963768115,480.5674,-142.47739202898552,-22.33441811594203,130,,clifton_court_forebay,Clifton Court Forebay,closure_3,Closure 3 (provisional),response emerges 78 day(s) after the closure begins; ends exactly at reopening,78.0,0.0,False,True,False,False
leave_one_out_excl_363,Leave-one-out: exclude station 363,284;288;355;357;358;359;360;362,363,8,fresher,episode,2018-10-07,2019-01-10,96.0,96,644.345,532.355,-111.99,-17.905,-114.432,255.99,1.0,1.0,284;288;355;357;358;359;360;362,,,8,0,0.0,fresher,2018-10-01,2019-01-13,648.8468923809522,541.6259638095238,-107.22092952380952,-17.126022857142857,96,,clifton_court_forebay,Clifton Court Forebay,closure_1,Closure 1 (long closure),response emerges 6 day(s) after the closure begins; ends 3 day(s) before reopening,6.0,-3.0,False,True,True,False
leave_one_out_excl_363,Leave-one-out: exclude station 363,284;288;355;357;358;359;360;362,363,8,no_qualifying_pattern,no_qualifying_pattern,,,,0,344.65174666666667,328.41959333333335,-16.232160000000004,-4.457913333333333,-13.927000000000001,,,,,,284;288;355;357;358;359;360;362,0,0,,fresher,2019-11-26,2019-12-10,344.65174666666667,328.41959333333335,-16.232160000000004,-4.457913333333333,0,"No sustained qualifying episode (7-day rolling, 50 uS/cm or 10%, >=60% station agreement, median-direction-consistent, >=7 qualifying days) overlaps this period under this station set. Raw (unqualified) period averages are reported above for transparency.",clifton_court_forebay,Clifton Court Forebay,closure_2,Closure 2 (short closure),not_applicable,,,,,,
leave_one_out_excl_363,Leave-one-out: exclude station 363,284;288;355;357;358;359;360;362,363,8,fresher,persistent_condition,2020-10-01,2020-11-29,60.0,60,708.519,532.422,-176.098,-24.826,,,1.0,,284;288;355;357;358;359;360;362,,,8,0,0.0,fresher,2020-07-15,2020-11-29,618.1735536231885,475.6887702898551,-142.48479420289854,-22.553069565217392,130,,clifton_court_forebay,Clifton Court Forebay,closure_3,Closure 3 (provisional),response emerges 78 day(s) after the closure begins; ends exactly at reopening,78.0,0.0,False,True,False,False
group_A_excluded,"Exclude group_A block ([284, 288])",355;357;358;359;360;362;363,284;288,7,fresher,episode,2018-10-07,2018-12-20,75.0,75,579.694,467.348,-112.346,-19.538,-118.118,255.99,1.0,1.0,355;357;358;359;360;362;363,,,7,0,0.0,fresher,2018-10-01,2019-01-13,612.6303314285714,520.5578438095239,-92.07248952380952,-15.728249523809524,78,,clifton_court_forebay,Clifton Court Forebay,closure_1,Closure 1 (long closure),response emerges 6 day(s) after the closure begins; ends 24 day(s) before reopening,6.0,-24.0,False,True,True,False
group_A_excluded,"Exclude group_A block ([284, 288])",355;357;358;359;360;362;363,284;288,7,no_qualifying_pattern,no_qualifying_pattern,,,,0,334.10944000000006,316.3072333333333,-17.802200000000003,-5.15436,-20.114666666666665,,,,,,355;357;358;359;360;362;363,0,0,,fresher,2019-11-26,2019-12-10,334.10944000000006,316.3072333333333,-17.802200000000003,-5.15436,0,"No sustained qualifying episode (7-day rolling, 50 uS/cm or 10%, >=60% station agreement, median-direction-consistent, >=7 qualifying days) overlaps this period under this station set. Raw (unqualified) period averages are reported above for transparency.",clifton_court_forebay,Clifton Court Forebay,closure_2,Closure 2 (short closure),not_applicable,,,,,,
group_A_excluded,"Exclude group_A block ([284, 288])",355;357;358;359;360;362;363,284;288,7,fresher,persistent_condition,2020-10-01,2020-11-29,60.0,60,672.919,514.082,-158.837,-23.575,,,1.0,,355;357;358;359;360;362;363,,,7,0,0.0,fresher,2020-07-15,2020-11-29,593.1064115942029,463.79331521739124,-129.3131,-21.48574275362319,130,,clifton_court_forebay,Clifton Court Forebay,closure_3,Closure 3 (provisional),response emerges 78 day(s) after the closure begins; ends exactly at reopening,78.0,0.0,False,True,False,False
combo_excl_284_355,"Combination: exclude [284, 355]",288;357;358;359;360;362;363,284;355,7,fresher,episode,2018-10-07,2018-12-21,76.0,76,586.266,477.422,-108.845,-18.746,-112.072,205.5,1.0,1.0,288;357;358;359;360;362;363,,,7,0,0.0,fresher,2018-10-01,2019-01-13,619.5220942857143,528.7317828571429,-90.79030857142858,-15.337919999999999,80,,clifton_court_forebay,Clifton Court Forebay,closure_1,Closure 1 (long closure),response emerges 6 day(s) after the closure begins; ends 23 day(s) before reopening,6.0,-23.0,False,True,True,False
combo_excl_284_355,"Combination: exclude [284, 355]",288;357;358;359;360;362;363,284;355,7,no_qualifying_pattern,no_qualifying_pattern,,,,0,343.91427999999996,329.7280066666666,-14.18628,-3.990226666666667,-10.754666666666667,,,,,,288;357;358;359;360;362;363,0,0,,fresher,2019-11-26,2019-12-10,343.91427999999996,329.7280066666666,-14.18628,-3.990226666666667,0,"No sustained qualifying episode (7-day rolling, 50 uS/cm or 10%, >=60% station agreement, median-direction-consistent, >=7 qualifying days) overlaps this period under this station set. Raw (unqualified) period averages are reported above for transparency.",clifton_court_forebay,Clifton Court Forebay,closure_2,Closure 2 (short closure),not_applicable,,,,,,
combo_excl_284_355,"Combination: exclude [284, 355]",288;357;358;359;360;362;363,284;355,7,fresher,persistent_condition,2020-10-01,2020-11-29,60.0,60,674.693,519.145,-155.548,-23.031,,,1.0,,288;357;358;359;360;362;363,,,7,0,0.0,fresher,2020-07-15,2020-11-29,592.8487681159421,466.89241231884057,-125.95635652173914,-20.85969202898551,130,,clifton_court_forebay,Clifton Court Forebay,closure_3,Closure 3 (provisional),response emerges 78 day(s) after the closure begins; ends exactly at reopening,78.0,0.0,False,True,False,False
combo_excl_284_357,"Combination: exclude [284, 357]",288;355;358;359;360;362;363,284;357,7,fresher,episode,2018-10-07,2018-12-21,76.0,76,591.83,478.142,-113.688,-19.395,-112.661,255.99,1.0,1.0,288;355;358;359;360;362;363,,,7,0,0.0,fresher,2018-10-01,2019-01-13,624.5433047619048,529.3317828571429,-95.21152285714285,-15.927654285714286,82,,clifton_court_forebay,Clifton Court Forebay,closure_1,Closure 1 (long closure),response emerges 6 day(s) after the closure begins; ends 23 day(s) before reopening,6.0,-23.0,False,True,True,False
combo_excl_284_357,"Combination: exclude [284, 357]",288;355;358;359;360;362;363,284;357,7,no_qualifying_pattern,no_qualifying_pattern,,,,0,343.116,327.7730533333334,-15.342946666666668,-4.314699999999999,-10.754666666666667,,,,,,288;355;358;359;360;362;363,0,0,,fresher,2019-11-26,2019-12-10,343.116,327.7730533333334,-15.342946666666668,-4.314699999999999,0,"No sustained qualifying episode (7-day rolling, 50 uS/cm or 10%, >=60% station agreement, median-direction-consistent, >=7 qualifying days) overlaps this period under this station set. Raw (unqualified) period averages are reported above for transparency.",clifton_court_forebay,Clifton Court Forebay,closure_2,Closure 2 (short closure),not_applicable,,,,,,
combo_excl_284_357,"Combination: exclude [284, 357]",288;355;358;359;360;362;363,284;357,7,fresher,persistent_condition,2020-10-01,2020-11-29,60.0,60,679.775,519.791,-159.984,-23.512,,,1.0,,288;355;358;359;360;362;363,,,7,0,0.0,fresher,2020-07-15,2020-11-29,599.183036231884,467.97433840579714,-131.20869710144927,-21.518124637681165,130,,clifton_court_forebay,Clifton Court Forebay,closure_3,Closure 3 (provisional),response emerges 78 day(s) after the closure begins; ends exactly at reopening,78.0,0.0,False,True,False,False
combo_excl_284_358,"Combination: exclude [284, 358]",288;355;357;359;360;362;363,284;358,7,fresher,episode,2018-10-07,2018-12-22,77.0,77,600.403,478.192,-122.212,-20.526,-125.876,255.99,1.0,1.0,288;355;357;359;360;362;363,,,7,0,1.0,fresher,2018-10-01,2019-01-13,629.0375733333334,525.4297238095238,-103.60785333333334,-17.09377142857143,88,,clifton_court_forebay,Clifton Court Forebay,closure_1,Closure 1 (long closure),response emerges 6 day(s) after the closure begins; ends 22 day(s) before reopening,6.0,-22.0,False,True,True,False
combo_excl_284_358,"Combination: exclude [284, 358]",288;355;357;359;360;362;363,284;358,7,no_qualifying_pattern,no_qualifying_pattern,,,,0,328.2637133333334,310.3721933333334,-17.891513333333332,-5.212606666666668,-17.099333333333334,,,,,,288;355;357;359;360;362;363,0,0,,fresher,2019-11-26,2019-12-10,328.2637133333334,310.3721933333334,-17.891513333333332,-5.212606666666668,0,"No sustained qualifying episode (7-day rolling, 50 uS/cm or 10%, >=60% station agreement, median-direction-consistent, >=7 qualifying days) overlaps this period under this station set. Raw (unqualified) period averages are reported above for transparency.",clifton_court_forebay,Clifton Court Forebay,closure_2,Closure 2 (short closure),not_applicable,,,,,,
combo_excl_284_358,"Combination: exclude [284, 358]",288;355;357;359;360;362;363,284;358,7,fresher,persistent_condition,2020-10-01,2020-11-29,60.0,60,693.063,521.429,-171.634,-24.732,,,1.0,,288;355;357;359;360;362;363,,,7,0,0.0,fresher,2020-07-15,2020-11-29,608.9866768115942,469.1961688405797,-139.79051014492754,-22.531814492753625,130,,clifton_court_forebay,Clifton Court Forebay,closure_3,Closure 3 (provisional),response emerges 78 day(s) after the closure begins; ends exactly at reopening,78.0,0.0,False,True,False,False
combo_excl_284_362,"Combination: exclude [284, 362]",288;355;357;358;359;360;363,284;362,7,fresher,episode,2018-10-07,2018-12-23,78.0,78,601.015,476.779,-124.236,-20.822,-123.319,255.99,1.0,1.0,288;355;357;358;359;360;363,,,7,0,1.0,fresher,2018-10-01,2019-01-13,626.0545752380953,519.9582942857143,-106.09628857142857,-17.503782857142856,90,,clifton_court_forebay,Clifton Court Forebay,closure_1,Closure 1 (long closure),response emerges 6 day(s) after the closure begins; ends 21 day(s) before reopening,6.0,-21.0,False,True,True,False
combo_excl_284_362,"Combination: exclude [284, 362]",288;355;357;358;359;360;363,284;362,7,no_qualifying_pattern,no_qualifying_pattern,,,,0,318.01668,299.25353333333334,-18.763133333333332,-5.598139999999999,-17.099333333333334,,,,,,288;355;357;358;359;360;363,0,0,,fresher,2019-11-26,2019-12-10,318.01668,299.25353333333334,-18.763133333333332,-5.598139999999999,0,"No sustained qualifying episode (7-day rolling, 50 uS/cm or 10%, >=60% station agreement, median-direction-consistent, >=7 qualifying days) overlaps this period under this station set. Raw (unqualified) period averages are reported above for transparency.",clifton_court_forebay,Clifton Court Forebay,closure_2,Closure 2 (short closure),not_applicable,,,,,,
combo_excl_284_362,"Combination: exclude [284, 362]",288;355;357;358;359;360;363,284;362,7,fresher,persistent_condition,2020-10-01,2020-11-29,60.0,60,696.267,521.479,-174.788,-25.066,,,1.0,,288;355;357;358;359;360;363,,,7,0,0.0,fresher,2020-07-15,2020-11-29,610.9275746376813,469.00678188405794,-141.92079565217392,-22.790837681159417,130,,clifton_court_forebay,Clifton Court Forebay,closure_3,Closure 3 (provisional),response emerges 78 day(s) after the closure begins; ends exactly at reopening,78.0,0.0,False,True,False,False
combo_excl_284_363,"Combination: exclude [284, 363]",288;355;357;358;359;360;362,284;363,7,fresher,episode,2018-10-07,2018-12-22,77.0,77,599.031,474.442,-124.59,-20.978,-126.349,255.99,1.0,1.0,288;355;357;358;359;360;362,,,7,0,1.0,fresher,2018-10-01,2019-01-13,626.9423961904762,521.5301800000001,-105.41222,-17.44420285714286,88,,clifton_court_forebay,Clifton Court Forebay,closure_1,Closure 1 (long closure),response emerges 6 day(s) after the closure begins; ends 22 day(s) before reopening,6.0,-22.0,False,True,True,False
combo_excl_284_363,"Combination: exclude [284, 363]",288;355;357;358;359;360;362,284;363,7,no_qualifying_pattern,no_qualifying_pattern,,,,0,318.2277266666667,299.81751333333335,-18.410180000000004,-5.5354133333333335,-17.099333333333334,,,,,,288;355;357;358;359;360;362,0,0,,fresher,2019-11-26,2019-12-10,318.2277266666667,299.81751333333335,-18.410180000000004,-5.5354133333333335,0,"No sustained qualifying episode (7-day rolling, 50 uS/cm or 10%, >=60% station agreement, median-direction-consistent, >=7 qualifying days) overlaps this period under this station set. Raw (unqualified) period averages are reported above for transparency.",clifton_court_forebay,Clifton Court Forebay,closure_2,Closure 2 (short closure),not_applicable,,,,,,
combo_excl_284_363,"Combination: exclude [284, 363]",288;355;357;358;359;360;362,284;363,7,fresher,persistent_condition,2020-10-01,2020-11-29,60.0,60,692.344,517.545,-174.799,-25.215,,,1.0,,288;355;357;358;359;360;362,,,7,0,0.0,fresher,2020-07-15,2020-11-29,605.3604586956521,463.43120217391305,-141.92925507246377,-23.06405507246377,131,,clifton_court_forebay,Clifton Court Forebay,closure_3,Closure 3 (provisional),response emerges 78 day(s) after the closure begins; ends exactly at reopening,78.0,0.0,False,True,False,False
combo_excl_288_355,"Combination: exclude [288, 355]",284;357;358;359;360;362;363,288;355,7,fresher,episode,2018-10-07,2018-12-21,76.0,76,598.243,493.832,-104.412,-17.641,-107.085,205.5,1.0,1.0,284;357;358;359;360;362;363,,,7,0,0.0,fresher,2018-10-01,2019-01-13,633.6939895238096,546.5307933333333,-87.16319714285714,-14.435782857142856,77,,clifton_court_forebay,Clifton Court Forebay,closure_1,Closure 1 (long closure),response emerges 6 day(s) after the closure begins; ends 23 day(s) before reopening,6.0,-23.0,False,True,True,False
combo_excl_288_355,"Combination: exclude [288, 355]",284;357;358;359;360;362;363,288;355,7,no_qualifying_pattern,no_qualifying_pattern,,,,0,373.4963733333333,360.6005733333333,-12.895813333333335,-3.325733333333333,-9.394000000000002,,,,,,284;357;358;359;360;362;363,0,0,,fresher,2019-11-26,2019-12-10,373.4963733333333,360.6005733333333,-12.895813333333335,-3.325733333333333,0,"No sustained qualifying episode (7-day rolling, 50 uS/cm or 10%, >=60% station agreement, median-direction-consistent, >=7 qualifying days) overlaps this period under this station set. Raw (unqualified) period averages are reported above for transparency.",clifton_court_forebay,Clifton Court Forebay,closure_2,Closure 2 (short closure),not_applicable,,,,,,
combo_excl_288_355,"Combination: exclude [288, 355]",284;357;358;359;360;362;363,288;355,7,fresher,persistent_condition,2020-10-01,2020-11-29,60.0,60,681.353,530.437,-150.916,-22.129,,,1.0,,284;357;358;359;360;362;363,,,7,0,0.0,fresher,2020-07-15,2020-11-29,598.5820282608696,476.8601434782609,-121.72188623188404,-19.907665942028984,129,,clifton_court_forebay,Clifton Court Forebay,closure_3,Closure 3 (provisional),response emerges 78 day(s) after the closure begins; ends exactly at reopening,78.0,0.0,False,True,False,False
combo_excl_288_357,"Combination: exclude [288, 357]",284;355;358;359;360;362;363,288;357,7,fresher,episode,2018-10-07,2018-12-21,76.0,76,603.807,494.552,-109.255,-18.286,-107.674,255.99,1.0,1.0,284;355;358;359;360;362;363,,,7,0,0.0,fresher,2018-10-01,2019-01-13,638.7151990476191,547.1307904761904,-91.58440666666668,-15.021495238095236,81,,clifton_court_forebay,Clifton Court Forebay,closure_1,Closure 1 (long closure),response emerges 6 day(s) after the closure begins; ends 23 day(s) before reopening,6.0,-23.0,False,True,True,False
combo_excl_288_357,"Combination: exclude [288, 357]",284;355;358;359;360;362;363,288;357,7,no_qualifying_pattern,no_qualifying_pattern,,,,0,372.6980866666667,358.64562,-14.05248666666667,-3.622646666666667,-9.394000000000002,,,,,,284;355;358;359;360;362;363,0,0,,fresher,2019-11-26,2019-12-10,372.6980866666667,358.64562,-14.05248666666667,-3.622646666666667,0,"No sustained qualifying episode (7-day rolling, 50 uS/cm or 10%, >=60% station agreement, median-direction-consistent, >=7 qualifying days) overlaps this period under this station set. Raw (unqualified) period averages are reported above for transparency.",clifton_court_forebay,Clifton Court Forebay,closure_2,Closure 2 (short closure),not_applicable,,,,,,
combo_excl_288_357,"Combination: exclude [288, 357]",284;355;358;359;360;362;363,288;357,7,fresher,persistent_condition,2020-10-01,2020-11-29,60.0,60,686.434,531.082,-155.352,-22.612,,,1.0,,284;355;358;359;360;362;363,,,7,0,0.0,fresher,2020-07-15,2020-11-29,604.9162913043477,477.9420739130435,-126.97422608695653,-20.56942608695652,129,,clifton_court_forebay,Clifton Court Forebay,closure_3,Closure 3 (provisional),response emerges 78 day(s) after the closure begins; ends exactly at reopening,78.0,0.0,False,True,False,False
combo_excl_288_358,"Combination: exclude [288, 358]",284;355;357;359;360;362;363,288;358,7,fresher,episode,2018-10-07,2018-12-22,77.0,77,612.479,494.655,-117.825,-19.417,-123.624,255.99,1.0,1.0,284;355;357;359;360;362;363,,,7,0,1.0,fresher,2018-10-01,2019-01-13,643.2094723809524,543.2287314285715,-99.98073714285715,-16.174297142857142,87,,clifton_court_forebay,Clifton Court Forebay,closure_1,Closure 1 (long closure),response emerges 6 day(s) after the closure begins; ends 22 day(s) before reopening,6.0,-22.0,False,True,True,False
combo_excl_288_358,"Combination: exclude [288, 358]",284;355;357;359;360;362;363,288;358,7,no_qualifying_pattern,no_qualifying_pattern,,,,0,357.84581333333335,341.2447666666667,-16.60106,-4.417926666666667,-20.114666666666665,,,,,,284;355;357;359;360;362;363,0,0,,fresher,2019-11-26,2019-12-10,357.84581333333335,341.2447666666667,-16.60106,-4.417926666666667,0,"No sustained qualifying episode (7-day rolling, 50 uS/cm or 10%, >=60% station agreement, median-direction-consistent, >=7 qualifying days) overlaps this period under this station set. Raw (unqualified) period averages are reported above for transparency.",clifton_court_forebay,Clifton Court Forebay,closure_2,Closure 2 (short closure),not_applicable,,,,,,
combo_excl_288_358,"Combination: exclude [288, 358]",284;355;357;359;360;362;363,288;358,7,fresher,persistent_condition,2020-10-01,2020-11-29,60.0,60,699.723,532.72,-167.002,-23.838,,,1.0,,284;355;357;359;360;362;363,,,7,0,0.0,fresher,2020-07-15,2020-11-29,614.719938405797,479.1639043478261,-135.55603478260872,-21.587349999999997,130,,clifton_court_forebay,Clifton Court Forebay,closure_3,Closure 3 (provisional),response emerges 78 day(s) after the closure begins; ends exactly at reopening,78.0,0.0,False,True,False,False
combo_excl_288_362,"Combination: exclude [288, 362]",284;355;357;358;359;360;363,288;362,7,fresher,episode,2018-10-07,2018-12-23,78.0,78,613.188,493.291,-119.896,-19.714,-120.978,255.99,1.0,1.0,284;355;357;358;359;360;363,,,7,0,1.0,fresher,2018-10-01,2019-01-13,640.2264628571428,537.7572952380953,-102.46917047619047,-16.574413333333332,89,,clifton_court_forebay,Clifton Court Forebay,closure_1,Closure 1 (long closure),response emerges 6 day(s) after the closure begins; ends 21 day(s) before reopening,6.0,-21.0,False,True,True,False
combo_excl_288_362,"Combination: exclude [288, 362]",284;355;357;358;359;360;363,288;362,7,no_qualifying_pattern,no_qualifying_pattern,,,,0,347.5987666666667,330.1261066666666,-17.472673333333333,-4.75816,-20.114666666666665,,,,,,284;355;357;358;359;360;363,0,0,,fresher,2019-11-26,2019-12-10,347.5987666666667,330.1261066666666,-17.472673333333333,-4.75816,0,"No sustained qualifying episode (7-day rolling, 50 uS/cm or 10%, >=60% station agreement, median-direction-consistent, >=7 qualifying days) overlaps this period under this station set. Raw (unqualified) period averages are reported above for transparency.",clifton_court_forebay,Clifton Court Forebay,closure_2,Closure 2 (short closure),not_applicable,,,,,,
combo_excl_288_362,"Combination: exclude [288, 362]",284;355;357;358;359;360;363,288;362,7,fresher,persistent_condition,2020-10-01,2020-11-29,60.0,60,702.927,532.771,-170.157,-24.173,,,1.0,,284;355;357;358;359;360;363,,,7,0,0.0,fresher,2020-07-15,2020-11-29,616.6608376811595,478.97451231884054,-137.68632826086957,-21.846978985507246,130,,clifton_court_forebay,Clifton Court Forebay,closure_3,Closure 3 (provisional),response emerges 78 day(s) after the closure begins; ends exactly at reopening,78.0,0.0,False,True,False,False
combo_excl_288_363,"Combination: exclude [288, 363]",284;355;357;358;359;360;362,288;363,7,fresher,episode,2018-10-07,2018-12-22,77.0,77,611.107,490.905,-120.203,-19.858,-124.097,255.99,1.0,1.0,284;355;357;358;359;360;362,,,7,0,1.0,fresher,2018-10-01,2019-01-13,641.1142838095237,539.3291857142857,-101.78510000000001,-16.51594095238095,87,,clifton_court_forebay,Clifton Court Forebay,closure_1,Closure 1 (long closure),response emerges 6 day(s) after the closure begins; ends 22 day(s) before reopening,6.0,-22.0,False,True,True,False
combo_excl_288_363,"Combination: exclude [288, 363]",284;355;357;358;359;360;362,288;363,7,no_qualifying_pattern,no_qualifying_pattern,,,,0,347.8098066666667,330.6900866666666,-17.119719999999997,-4.68638,-20.114666666666665,,,,,,284;355;357;358;359;360;362,0,0,,fresher,2019-11-26,2019-12-10,347.8098066666667,330.6900866666666,-17.119719999999997,-4.68638,0,"No sustained qualifying episode (7-day rolling, 50 uS/cm or 10%, >=60% station agreement, median-direction-consistent, >=7 qualifying days) overlaps this period under this station set. Raw (unqualified) period averages are reported above for transparency.",clifton_court_forebay,Clifton Court Forebay,closure_2,Closure 2 (short closure),not_applicable,,,,,,
combo_excl_288_363,"Combination: exclude [288, 363]",284;355;357;358;359;360;362,288;363,7,fresher,persistent_condition,2020-10-01,2020-11-29,60.0,60,699.004,528.836,-170.168,-24.315,,,1.0,,284;355;357;358;359;360;362,,,7,0,0.0,fresher,2020-07-15,2020-11-29,611.0937159420289,473.3989347826087,-137.6947855072464,-22.09897536231884,130,,clifton_court_forebay,Clifton Court Forebay,closure_3,Closure 3 (provisional),response emerges 78 day(s) after the closure begins; ends exactly at reopening,78.0,0.0,False,True,False,False
group_B_excluded,"Exclude group_B block ([355, 357])",284;288;358;359;360;362;363,355;357,7,fresher,episode,2018-10-07,2018-12-23,78.0,78,612.251,506.946,-105.304,-17.43,-104.372,202.42,1.0,1.0,284;288;358;359;360;362;363,,,7,0,0.0,fresher,2018-10-01,2019-01-13,645.6069638095238,555.3047371428571,-90.30224,-14.646753333333335,82,,clifton_court_forebay,Clifton Court Forebay,closure_1,Closure 1 (long closure),response emerges 6 day(s) after the closure begins; ends 21 day(s) before reopening,6.0,-21.0,False,True,True,False
group_B_excluded,"Exclude group_B block ([355, 357])",284;288;358;359;360;362;363,355;357,7,no_qualifying_pattern,no_qualifying_pattern,,,,0,382.50295333333344,372.06637333333333,-10.436573333333333,-2.623733333333334,-8.490666666666668,,,,,,284;288;358;359;360;362;363,0,0,,fresher,2019-11-26,2019-12-10,382.50295333333344,372.06637333333333,-10.436573333333333,-2.623733333333334,0,"No sustained qualifying episode (7-day rolling, 50 uS/cm or 10%, >=60% station agreement, median-direction-consistent, >=7 qualifying days) overlaps this period under this station set. Raw (unqualified) period averages are reported above for transparency.",clifton_court_forebay,Clifton Court Forebay,closure_2,Closure 2 (short closure),not_applicable,,,,,,
group_B_excluded,"Exclude group_B block ([355, 357])",284;288;358;359;360;362;363,355;357,7,fresher,persistent_condition,2020-10-01,2020-11-29,60.0,60,688.209,536.145,-152.063,-22.08,,,1.0,,284;288;358;359;360;362;363,,,7,0,0.0,fresher,2020-07-15,2020-11-29,604.6586572463768,481.0411710144928,-123.61748478260868,-19.96265652173913,128,,clifton_court_forebay,Clifton Court Forebay,closure_3,Closure 3 (provisional),response emerges 78 day(s) after the closure begins; ends exactly at reopening,78.0,0.0,False,True,False,False
combo_excl_355_358,"Combination: exclude [355, 358]",284;288;357;359;360;362;363,355;358,7,fresher,episode,2018-10-07,2019-01-09,95.0,95,643.667,540.019,-103.649,-16.621,-105.522,205.5,1.0,1.0,284;288;357;359;360;362;363,,,7,0,0.0,fresher,2018-10-01,2019-01-13,650.1012352380953,551.402681904762,-98.69855904761906,-15.79746095238095,95,,clifton_court_forebay,Clifton Court Forebay,closure_1,Closure 1 (long closure),response emerges 6 day(s) after the closure begins; ends 4 day(s) before reopening,6.0,-4.0,False,True,True,False
combo_excl_355_358,"Combination: exclude [355, 358]",284;288;357;359;360;362;363,355;358,7,no_qualifying_pattern,no_qualifying_pattern,,,,0,367.65066666666667,354.6655133333334,-12.985153333333333,-3.363746666666667,-9.851333333333333,,,,,,284;288;357;359;360;362;363,0,0,,fresher,2019-11-26,2019-12-10,367.65066666666667,354.6655133333334,-12.985153333333333,-3.363746666666667,0,"No sustained qualifying episode (7-day rolling, 50 uS/cm or 10%, >=60% station agreement, median-direction-consistent, >=7 qualifying days) overlaps this period under this station set. Raw (unqualified) period averages are reported above for transparency.",clifton_court_forebay,Clifton Court Forebay,closure_2,Closure 2 (short closure),not_applicable,,,,,,
combo_excl_355_358,"Combination: exclude [355, 358]",284;288;357;359;360;362;363,355;358,7,fresher,persistent_condition,2020-10-01,2020-11-29,60.0,60,701.497,537.783,-163.713,-23.314,,,1.0,,284;288;357;359;360;362;363,,,7,0,0.0,fresher,2020-07-15,2020-11-29,614.4623,482.2630050724638,-132.19929710144925,-20.990507246376808,129,,clifton_court_forebay,Clifton Court Forebay,closure_3,Closure 3 (provisional),response emerges 78 day(s) after the closure begins; ends exactly at reopening,78.0,0.0,False,True,False,False
combo_excl_355_362,"Combination: exclude [355, 362]",284;288;357;358;359;360;363,355;362,7,fresher,episode,2018-10-07,2019-01-09,95.0,95,640.949,534.647,-106.302,-17.048,-101.765,205.5,1.0,1.0,284;288;357;358;359;360;363,,,7,0,0.0,fresher,2018-10-01,2019-01-13,647.1182323809525,545.9312400000001,-101.18699333333333,-16.19686952380952,95,,clifton_court_forebay,Clifton Court Forebay,closure_1,Closure 1 (long closure),response emerges 6 day(s) after the closure begins; ends 4 day(s) before reopening,6.0,-4.0,False,True,True,False
combo_excl_355_362,"Combination: exclude [355, 362]",284;288;357;358;359;360;363,355;362,7,no_qualifying_pattern,no_qualifying_pattern,,,,0,357.40361333333345,343.54686000000004,-13.856773333333335,-3.67524,-10.754666666666667,,,,,,284;288;357;358;359;360;363,0,0,,fresher,2019-11-26,2019-12-10,357.40361333333345,343.54686000000004,-13.856773333333335,-3.67524,0,"No sustained qualifying episode (7-day rolling, 50 uS/cm or 10%, >=60% station agreement, median-direction-consistent, >=7 qualifying days) overlaps this period under this station set. Raw (unqualified) period averages are reported above for transparency.",clifton_court_forebay,Clifton Court Forebay,closure_2,Closure 2 (short closure),not_applicable,,,,,,
combo_excl_355_362,"Combination: exclude [355, 362]",284;288;357;358;359;360;363,355;362,7,fresher,persistent_condition,2020-10-01,2020-11-29,60.0,60,704.701,537.834,-166.868,-23.651,,,1.0,,284;288;357;358;359;360;363,,,7,0,0.0,fresher,2020-07-15,2020-11-29,616.4031971014492,482.0736115942029,-134.32958260869566,-21.252547101449274,129,,clifton_court_forebay,Clifton Court Forebay,closure_3,Closure 3 (provisional),response emerges 78 day(s) after the closure begins; ends exactly at reopening,78.0,0.0,False,True,False,False
combo_excl_355_363,"Combination: exclude [355, 363]",284;288;357;358;359;360;362,355;363,7,fresher,episode,2018-10-07,2019-01-09,95.0,95,641.789,536.217,-105.572,-16.981,-103.51,205.5,1.0,1.0,284;288;357;358;359;360;362,,,7,0,0.0,fresher,2018-10-01,2019-01-13,648.0060533333333,547.5031276190476,-100.50292285714285,-16.13538857142857,95,,clifton_court_forebay,Clifton Court Forebay,closure_1,Closure 1 (long closure),response emerges 6 day(s) after the closure begins; ends 4 day(s) before reopening,6.0,-4.0,False,True,True,False
combo_excl_355_363,"Combination: exclude [355, 363]",284;288;357;358;359;360;362,355;363,7,no_qualifying_pattern,no_qualifying_pattern,,,,0,357.61466666666666,344.11086666666677,-13.503793333333332,-3.59426,-10.754666666666667,,,,,,284;288;357;358;359;360;362,0,0,,fresher,2019-11-26,2019-12-10,357.61466666666666,344.11086666666677,-13.503793333333332,-3.59426,0,"No sustained qualifying episode (7-day rolling, 50 uS/cm or 10%, >=60% station agreement, median-direction-consistent, >=7 qualifying days) overlaps this period under this station set. Raw (unqualified) period averages are reported above for transparency.",clifton_court_forebay,Clifton Court Forebay,closure_2,Closure 2 (short closure),not_applicable,,,,,,
combo_excl_355_363,"Combination: exclude [355, 363]",284;288;357;358;359;360;362,355;363,7,fresher,persistent_condition,2020-10-01,2020-11-29,60.0,60,700.778,533.899,-166.879,-23.79,,,1.0,,284;288;357;358;359;360;362,,,7,0,0.0,fresher,2020-07-15,2020-11-29,610.8360753623189,476.4980326086956,-134.33803985507248,-21.489413043478258,129,,clifton_court_forebay,Clifton Court Forebay,closure_3,Closure 3 (provisional),response emerges 78 day(s) after the closure begins; ends exactly at reopening,78.0,0.0,False,True,False,False
combo_excl_357_358,"Combination: exclude [357, 358]",284;288;355;359;360;362;363,357;358,7,fresher,episode,2018-10-07,2019-01-10,96.0,96,650.024,542.402,-107.623,-17.088,-104.791,255.99,1.0,1.0,284;288;355;359;360;362;363,,,7,0,0.0,fresher,2018-10-01,2019-01-13,655.1224485714287,552.0026780952381,-103.11977428571429,-16.35552095238095,96,,clifton_court_forebay,Clifton Court Forebay,closure_1,Closure 1 (long closure),response emerges 6 day(s) after the closure begins; ends 3 day(s) before reopening,6.0,-3.0,False,True,True,False
combo_excl_357_358,"Combination: exclude [357, 358]",284;288;355;359;360;362;363,357;358,7,no_qualifying_pattern,no_qualifying_pattern,,,,0,366.85238,352.71057333333323,-14.141813333333335,-3.661713333333333,-9.851333333333333,,,,,,284;288;355;359;360;362;363,0,0,,fresher,2019-11-26,2019-12-10,366.85238,352.71057333333323,-14.141813333333335,-3.661713333333333,0,"No sustained qualifying episode (7-day rolling, 50 uS/cm or 10%, >=60% station agreement, median-direction-consistent, >=7 qualifying days) overlaps this period under this station set. Raw (unqualified) period averages are reported above for transparency.",clifton_court_forebay,Clifton Court Forebay,closure_2,Closure 2 (short closure),not_applicable,,,,,,
combo_excl_357_358,"Combination: exclude [357, 358]",284;288;355;359;360;362;363,357;358,7,fresher,persistent_condition,2020-10-01,2020-11-29,60.0,60,706.578,538.429,-168.149,-23.774,,,1.0,,284;288;355;359;360;362;363,,,7,0,0.0,fresher,2020-07-15,2020-11-29,620.7965630434782,483.3449260869565,-137.45163768115944,-21.624104347826087,129,,clifton_court_forebay,Clifton Court Forebay,closure_3,Closure 3 (provisional),response emerges 78 day(s) after the closure begins; ends exactly at reopening,78.0,0.0,False,True,False,False
combo_excl_357_362,"Combination: exclude [357, 362]",284;288;355;358;359;360;363,357;362,7,fresher,episode,2018-10-07,2019-01-10,96.0,96,647.209,536.952,-110.257,-17.51,-100.937,255.99,1.0,1.0,284;288;355;358;359;360;363,,,7,0,0.0,fresher,2018-10-01,2019-01-13,652.1394447619049,546.531239047619,-105.60820285714286,-16.752693333333333,96,,clifton_court_forebay,Clifton Court Forebay,closure_1,Closure 1 (long closure),response emerges 6 day(s) after the closure begins; ends 3 day(s) before reopening,6.0,-3.0,False,True,True,False
combo_excl_357_362,"Combination: exclude [357, 362]",284;288;355;358;359;360;363,357;362,7,no_qualifying_pattern,no_qualifying_pattern,,,,0,356.6053333333333,341.59190666666666,-15.013426666666668,-3.9789533333333336,-10.754666666666667,,,,,,284;288;355;358;359;360;363,0,0,,fresher,2019-11-26,2019-12-10,356.6053333333333,341.59190666666666,-15.013426666666668,-3.9789533333333336,0,"No sustained qualifying episode (7-day rolling, 50 uS/cm or 10%, >=60% station agreement, median-direction-consistent, >=7 qualifying days) overlaps this period under this station set. Raw (unqualified) period averages are reported above for transparency.",clifton_court_forebay,Clifton Court Forebay,closure_2,Closure 2 (short closure),not_applicable,,,,,,
combo_excl_357_362,"Combination: exclude [357, 362]",284;288;355;358;359;360;363,357;362,7,fresher,persistent_condition,2020-10-01,2020-11-29,60.0,60,709.783,538.479,-171.304,-24.107,,,1.0,,284;288;355;358;359;360;363,,,7,0,0.0,fresher,2020-07-15,2020-11-29,622.737463768116,483.1555434782608,-139.58192173913045,-21.88205724637681,129,,clifton_court_forebay,Clifton Court Forebay,closure_3,Closure 3 (provisional),response emerges 78 day(s) after the closure begins; ends exactly at reopening,78.0,0.0,False,True,False,False
combo_excl_357_363,"Combination: exclude [357, 363]",284;288;355;358;359;360;362,357;363,7,fresher,episode,2018-10-07,2019-01-10,96.0,96,648.113,538.589,-109.524,-17.442,-105.642,255.99,1.0,1.0,284;288;355;358;359;360;362,,,7,0,0.0,fresher,2018-10-01,2019-01-13,653.0272647619049,548.1031295238095,-104.92413714285715,-16.691736190476192,96,,clifton_court_forebay,Clifton Court Forebay,closure_1,Closure 1 (long closure),response emerges 6 day(s) after the closure begins; ends 3 day(s) before reopening,6.0,-3.0,False,True,True,False
combo_excl_357_363,"Combination: exclude [357, 363]",284;288;355;358;359;360;362,357;363,7,no_qualifying_pattern,no_qualifying_pattern,,,,0,356.8163933333334,342.15590000000003,-14.660480000000002,-3.9004,-10.754666666666667,,,,,,284;288;355;358;359;360;362,0,0,,fresher,2019-11-26,2019-12-10,356.8163933333334,342.15590000000003,-14.660480000000002,-3.9004,0,"No sustained qualifying episode (7-day rolling, 50 uS/cm or 10%, >=60% station agreement, median-direction-consistent, >=7 qualifying days) overlaps this period under this station set. Raw (unqualified) period averages are reported above for transparency.",clifton_court_forebay,Clifton Court Forebay,closure_2,Closure 2 (short closure),not_applicable,,,,,,
combo_excl_357_363,"Combination: exclude [357, 363]",284;288;355;358;359;360;362,357;363,7,fresher,persistent_condition,2020-10-01,2020-11-29,60.0,60,705.86,534.545,-171.315,-24.248,,,1.0,,284;288;355;358;359;360;362,,,7,0,0.0,fresher,2020-07-15,2020-11-29,617.1703413043477,477.57995724637675,-139.59037971014493,-22.123759420289858,130,,clifton_court_forebay,Clifton Court Forebay,closure_3,Closure 3 (provisional),response emerges 78 day(s) after the closure begins; ends exactly at reopening,78.0,0.0,False,True,False,False
combo_excl_358_362,"Combination: exclude [358, 362]",284;288;355;357;359;360;363,358;362,7,fresher,episode,2018-10-07,2019-01-11,97.0,97,653.114,534.908,-118.206,-18.536,-121.769,255.99,1.0,1.0,284;288;355;357;359;360;363,,,7,0,0.0,fresher,2018-10-01,2019-01-13,656.6337180952382,542.6291847619048,-114.00453142857141,-17.86666476190476,97,,clifton_court_forebay,Clifton Court Forebay,closure_1,Closure 1 (long closure),response emerges 6 day(s) after the closure begins; ends 2 day(s) before reopening,6.0,-2.0,False,True,True,False
combo_excl_358_362,"Combination: exclude [358, 362]",284;288;355;357;359;360;363,358;362,7,no_qualifying_pattern,no_qualifying_pattern,,,,0,341.7530533333333,324.1910466666667,-17.561986666666666,-4.80448,-17.099333333333334,,,,,,284;288;355;357;359;360;363,0,0,,fresher,2019-11-26,2019-12-10,341.7530533333333,324.1910466666667,-17.561986666666666,-4.80448,0,"No sustained qualifying episode (7-day rolling, 50 uS/cm or 10%, >=60% station agreement, median-direction-consistent, >=7 qualifying days) overlaps this period under this station set. Raw (unqualified) period averages are reported above for transparency.",clifton_court_forebay,Clifton Court Forebay,closure_2,Closure 2 (short closure),not_applicable,,,,,,
combo_excl_358_362,"Combination: exclude [358, 362]",284;288;355;357;359;360;363,358;362,7,fresher,persistent_condition,2020-10-01,2020-11-29,60.0,60,723.071,540.117,-182.954,-25.268,,,1.0,,284;288;355;357;359;360;363,,,7,0,0.0,fresher,2020-07-15,2020-11-29,632.5411108695652,484.3773673913043,-148.16373260869565,-22.85011884057971,130,,clifton_court_forebay,Clifton Court Forebay,closure_3,Closure 3 (provisional),response emerges 78 day(s) after the closure begins; ends exactly at reopening,78.0,0.0,False,True,False,False
combo_excl_358_363,"Combination: exclude [358, 363]",284;288;355;357;359;360;362,358;363,7,fresher,episode,2018-10-07,2019-01-10,96.0,96,653.062,534.88,-118.181,-18.588,-126.127,255.99,1.0,1.0,284;288;355;357;359;360;362,,,7,0,0.0,fresher,2018-10-01,2019-01-13,657.5215361904761,544.2010752380952,-113.32046476190476,-17.802345714285718,96,,clifton_court_forebay,Clifton Court Forebay,closure_1,Closure 1 (long closure),response emerges 6 day(s) after the closure begins; ends 3 day(s) before reopening,6.0,-3.0,False,True,True,False
combo_excl_358_363,"Combination: exclude [358, 363]",284;288;355;357;359;360;362,358;363,7,no_qualifying_pattern,no_qualifying_pattern,,,,0,341.96410666666657,324.7550533333333,-17.209053333333333,-4.730106666666668,-17.099333333333334,,,,,,284;288;355;357;359;360;362,0,0,,fresher,2019-11-26,2019-12-10,341.96410666666657,324.7550533333333,-17.209053333333333,-4.730106666666668,0,"No sustained qualifying episode (7-day rolling, 50 uS/cm or 10%, >=60% station agreement, median-direction-consistent, >=7 qualifying days) overlaps this period under this station set. Raw (unqualified) period averages are reported above for transparency.",clifton_court_forebay,Clifton Court Forebay,closure_2,Closure 2 (short closure),not_applicable,,,,,,
combo_excl_358_363,"Combination: exclude [358, 363]",284;288;355;357;359;360;362,358;363,7,fresher,persistent_condition,2020-10-01,2020-11-29,60.0,60,719.148,536.183,-182.965,-25.41,,,1.0,,284;288;355;357;359;360;362,,,7,0,0.0,fresher,2020-07-15,2020-11-29,626.9739840579709,478.801788405797,-148.17219347826085,-23.098447101449278,130,,clifton_court_forebay,Clifton Court Forebay,closure_3,Closure 3 (provisional),response emerges 78 day(s) after the closure begins; ends exactly at reopening,78.0,0.0,False,True,False,False
combo_excl_362_363,"Combination: exclude [362, 363]",284;288;355;357;358;359;360,362;363,7,fresher,episode,2018-10-07,2019-01-10,96.0,96,650.246,529.43,-120.816,-19.011,-123.222,255.99,1.0,1.0,284;288;355;357;358;359;360,,,7,0,0.0,fresher,2018-10-01,2019-01-13,654.5385304761905,538.7296333333334,-115.80889428571429,-18.200282857142856,96,,clifton_court_forebay,Clifton Court Forebay,closure_1,Closure 1 (long closure),response emerges 6 day(s) after the closure begins; ends 3 day(s) before reopening,6.0,-3.0,False,True,True,False
combo_excl_362_363,"Combination: exclude [362, 363]",284;288;355;357;358;359;360,362;363,7,no_qualifying_pattern,no_qualifying_pattern,,,,0,331.71703999999994,313.6363866666667,-18.08066,-5.087013333333334,-17.099333333333334,,,,,,284;288;355;357;358;359;360,0,0,,fresher,2019-11-26,2019-12-10,331.71703999999994,313.6363866666667,-18.08066,-5.087013333333334,0,"No sustained qualifying episode (7-day rolling, 50 uS/cm or 10%, >=60% station agreement, median-direction-consistent, >=7 qualifying days) overlaps this period under this station set. Raw (unqualified) period averages are reported above for transparency.",clifton_court_forebay,Clifton Court Forebay,closure_2,Closure 2 (short closure),not_applicable,,,,,,
combo_excl_362_363,"Combination: exclude [362, 363]",284;288;355;357;358;359;360,362;363,7,fresher,persistent_condition,2020-10-01,2020-11-29,60.0,60,722.352,536.233,-186.119,-25.729,,,1.0,,284;288;355;357;358;359;360,,,7,0,0.0,fresher,2020-07-15,2020-11-29,628.9148847826087,478.6124036231884,-150.30248333333336,-23.348410144927538,130,,clifton_court_forebay,Clifton Court Forebay,closure_3,Closure 3 (provisional),response emerges 78 day(s) after the closure begins; ends exactly at reopening,78.0,0.0,False,True,False,False
combo_excl_284_288_355,"Combination: exclude [284, 288, 355]",357;358;359;360;362;363,284;288;355,6,fresher,episode,2018-10-07,2018-12-19,74.0,74,568.326,466.91,-101.416,-18.005,-104.464,205.5,1.0,1.0,357;358;359;360;362;363,,,6,0,0.0,fresher,2018-10-01,2019-01-13,605.6132533333333,523.9031704761904,-81.71007238095238,-14.236568571428572,74,,clifton_court_forebay,Clifton Court Forebay,closure_1,Closure 1 (long closure),response emerges 6 day(s) after the closure begins; ends 25 day(s) before reopening,6.0,-25.0,False,True,True,False
combo_excl_284_288_355,"Combination: exclude [284, 288, 355]",357;358;359;360;362;363,284;288;355,6,no_qualifying_pattern,no_qualifying_pattern,,,,0,347.47578000000004,332.59499999999997,-14.880766666666666,-4.177759999999999,-14.754333333333333,,,,,,357;358;359;360;362;363,0,0,,fresher,2019-11-26,2019-12-10,347.47578000000004,332.59499999999997,-14.880766666666666,-4.177759999999999,0,"No sustained qualifying episode (7-day rolling, 50 uS/cm or 10%, >=60% station agreement, median-direction-consistent, >=7 qualifying days) overlaps this period under this station set. Raw (unqualified) period averages are reported above for transparency.",clifton_court_forebay,Clifton Court Forebay,closure_2,Closure 2 (short closure),not_applicable,,,,,,
combo_excl_284_288_355,"Combination: exclude [284, 288, 355]",357;358;359;360;362;363,284;288;355,6,fresher,persistent_condition,2020-10-01,2020-11-29,60.0,60,657.955,512.75,-145.205,-22.045,,,1.0,,357;358;359;360;362;363,,,6,0,0.0,fresher,2020-07-15,2020-11-29,580.3681536231884,462.7548746376811,-117.61327246376811,-19.974927536231885,130,,clifton_court_forebay,Clifton Court Forebay,closure_3,Closure 3 (provisional),response emerges 78 day(s) after the closure begins; ends exactly at reopening,78.0,0.0,False,True,False,False
combo_excl_284_288_357,"Combination: exclude [284, 288, 357]",355;358;359;360;362;363,284;288;357,6,fresher,episode,2018-10-07,2018-12-19,74.0,74,574.847,467.735,-107.112,-18.8,-105.1,255.99,1.0,1.0,355;358;359;360;362;363,,,6,0,0.0,fresher,2018-10-01,2019-01-13,611.4713333333333,524.6031752380952,-86.8681580952381,-14.952211428571427,74,,clifton_court_forebay,Clifton Court Forebay,closure_1,Closure 1 (long closure),response emerges 6 day(s) after the closure begins; ends 25 day(s) before reopening,6.0,-25.0,False,True,True,False
combo_excl_284_288_357,"Combination: exclude [284, 288, 357]",355;358;359;360;362;363,284;288;357,6,no_qualifying_pattern,no_qualifying_pattern,,,,0,346.54443999999995,330.3142133333333,-16.230226666666667,-4.55682,-14.754333333333333,,,,,,355;358;359;360;362;363,0,0,,fresher,2019-11-26,2019-12-10,346.54443999999995,330.3142133333333,-16.230226666666667,-4.55682,0,"No sustained qualifying episode (7-day rolling, 50 uS/cm or 10%, >=60% station agreement, median-direction-consistent, >=7 qualifying days) overlaps this period under this station set. Raw (unqualified) period averages are reported above for transparency.",clifton_court_forebay,Clifton Court Forebay,closure_2,Closure 2 (short closure),not_applicable,,,,,,
combo_excl_284_288_357,"Combination: exclude [284, 288, 357]",355;358;359;360;362;363,284;288;357,6,fresher,persistent_condition,2020-10-01,2020-11-29,60.0,60,663.883,513.503,-150.38,-22.629,,,1.0,,355;358;359;360;362;363,,,6,0,0.0,fresher,2020-07-15,2020-11-29,587.7581260869565,464.01712608695647,-123.74099782608697,-20.768605797101447,130,,clifton_court_forebay,Clifton Court Forebay,closure_3,Closure 3 (provisional),response emerges 78 day(s) after the closure begins; ends exactly at reopening,78.0,0.0,False,True,False,False
combo_excl_284_288_358,"Combination: exclude [284, 288, 358]",355;357;359;360;362;363,284;288;358,6,fresher,episode,2018-10-07,2018-12-20,75.0,75,584.943,467.565,-117.378,-20.211,-125.423,255.99,1.0,1.0,355;357;359;360;362;363,,,6,0,0.0,fresher,2018-10-01,2019-01-13,616.7146504761905,520.0507714285715,-96.66387047619048,-16.347725714285716,81,,clifton_court_forebay,Clifton Court Forebay,closure_1,Closure 1 (long closure),response emerges 6 day(s) after the closure begins; ends 24 day(s) before reopening,6.0,-24.0,False,True,True,False
combo_excl_284_288_358,"Combination: exclude [284, 288, 358]",355;357;359;360;362;363,284;288;358,6,no_qualifying_pattern,no_qualifying_pattern,,,,0,329.21677999999997,310.0132066666667,-19.203566666666667,-5.62392,-21.800333333333334,,,,,,355;357;359;360;362;363,0,0,,fresher,2019-11-26,2019-12-10,329.21677999999997,310.0132066666667,-19.203566666666667,-5.62392,0,"No sustained qualifying episode (7-day rolling, 50 uS/cm or 10%, >=60% station agreement, median-direction-consistent, >=7 qualifying days) overlaps this period under this station set. Raw (unqualified) period averages are reported above for transparency.",clifton_court_forebay,Clifton Court Forebay,closure_2,Closure 2 (short closure),not_applicable,,,,,,
combo_excl_284_288_358,"Combination: exclude [284, 288, 358]",355;357;359;360;362;363,284;288;358,6,fresher,persistent_condition,2020-10-01,2020-11-29,60.0,60,679.386,515.414,-163.972,-24.1,,,1.0,,355;357;359;360;362;363,,,6,0,0.0,fresher,2020-07-15,2020-11-29,599.1957130434782,465.44259420289853,-133.7531144927536,-21.98551304347826,130,,clifton_court_forebay,Clifton Court Forebay,closure_3,Closure 3 (provisional),response emerges 78 day(s) after the closure begins; ends exactly at reopening,78.0,0.0,False,True,False,False
combo_excl_284_288_362,"Combination: exclude [284, 288, 362]",355;357;358;359;360;363,284;288;362,6,fresher,episode,2018-10-07,2018-12-20,75.0,75,584.52,463.638,-120.882,-20.77,-123.441,255.99,1.0,1.0,355;357;358;359;360;363,,,6,0,1.0,fresher,2018-10-01,2019-01-13,613.2344761904761,513.6674295238095,-99.56704476190475,-16.82812,82,,clifton_court_forebay,Clifton Court Forebay,closure_1,Closure 1 (long closure),response emerges 6 day(s) after the closure begins; ends 24 day(s) before reopening,6.0,-24.0,False,True,True,False
combo_excl_284_288_362,"Combination: exclude [284, 288, 362]",355;357;358;359;360;363,284;288;362,6,no_qualifying_pattern,no_qualifying_pattern,,,,0,317.2619000000001,297.04143999999997,-20.220446666666668,-6.0854800000000004,-21.800333333333334,,,,,,355;357;358;359;360;363,0,0,,fresher,2019-11-26,2019-12-10,317.2619000000001,297.04143999999997,-20.220446666666668,-6.0854800000000004,0,"No sustained qualifying episode (7-day rolling, 50 uS/cm or 10%, >=60% station agreement, median-direction-consistent, >=7 qualifying days) overlaps this period under this station set. Raw (unqualified) period averages are reported above for transparency.",clifton_court_forebay,Clifton Court Forebay,closure_2,Closure 2 (short closure),not_applicable,,,,,,
combo_excl_284_288_362,"Combination: exclude [284, 288, 362]",355;357;358;359;360;363,284;288;362,6,fresher,persistent_condition,2020-10-01,2020-11-29,60.0,60,683.125,515.473,-167.652,-24.5,,,1.0,,355;357;358;359;360;363,,,6,0,0.0,fresher,2020-07-15,2020-11-29,601.4600963768116,465.22164057971025,-136.23845579710144,-22.293717391304348,131,,clifton_court_forebay,Clifton Court Forebay,closure_3,Closure 3 (provisional),response emerges 78 day(s) after the closure begins; ends exactly at reopening,78.0,0.0,False,True,False,False
combo_excl_284_288_363,"Combination: exclude [284, 288, 363]",355;357;358;359;360;362,284;288;363,6,fresher,episode,2018-10-07,2018-12-20,75.0,75,583.432,463.209,-120.223,-20.763,-125.804,255.99,1.0,1.0,355;357;358;359;360;362,,,6,0,0.0,fresher,2018-10-01,2019-01-13,614.2702647619047,515.5013009523809,-98.76896666666667,-16.764349523809525,81,,clifton_court_forebay,Clifton Court Forebay,closure_1,Closure 1 (long closure),response emerges 6 day(s) after the closure begins; ends 24 day(s) before reopening,6.0,-24.0,False,True,True,False
combo_excl_284_288_363,"Combination: exclude [284, 288, 363]",355;357;358;359;360;362,284;288;363,6,no_qualifying_pattern,no_qualifying_pattern,,,,0,317.5081133333333,297.6994466666667,-19.80867333333333,-6.022419999999999,-21.800333333333334,,,,,,355;357;358;359;360;362,0,0,,fresher,2019-11-26,2019-12-10,317.5081133333333,297.6994466666667,-19.80867333333333,-6.022419999999999,0,"No sustained qualifying episode (7-day rolling, 50 uS/cm or 10%, >=60% station agreement, median-direction-consistent, >=7 qualifying days) overlaps this period under this station set. Raw (unqualified) period averages are reported above for transparency.",clifton_court_forebay,Clifton Court Forebay,closure_2,Closure 2 (short closure),not_applicable,,,,,,
combo_excl_284_288_363,"Combination: exclude [284, 288, 363]",355;357;358;359;360;362,284;288;363,6,fresher,persistent_condition,2020-10-01,2020-11-29,60.0,60,678.548,510.883,-167.665,-24.675,,,1.0,,355;357;358;359;360;362,,,6,0,0.0,fresher,2020-07-15,2020-11-29,594.9651188405797,458.7168000000001,-136.24832463768115,-22.620929710144928,131,,clifton_court_forebay,Clifton Court Forebay,closure_3,Closure 3 (provisional),response emerges 78 day(s) after the closure begins; ends exactly at reopening,78.0,0.0,False,True,False,False
combo_excl_284_355_357,"Combination: exclude [284, 355, 357]",288;358;359;360;362;363,284;355;357,6,fresher,episode,2018-10-07,2018-12-21,76.0,76,583.849,481.414,-102.435,-17.757,-100.068,202.42,1.0,1.0,288;358;359;360;362;363,,,6,0,0.0,fresher,2018-10-01,2019-01-13,619.5117266666666,534.1394485714286,-85.3722857142857,-14.499201904761904,76,,clifton_court_forebay,Clifton Court Forebay,closure_1,Closure 1 (long closure),response emerges 6 day(s) after the closure begins; ends 23 day(s) before reopening,6.0,-23.0,False,True,True,False
combo_excl_284_355_357,"Combination: exclude [284, 355, 357]",288;358;359;360;362;363,284;355;357,6,no_qualifying_pattern,no_qualifying_pattern,,,,0,357.98345333333333,345.9717733333334,-12.011666666666667,-3.26442,-9.622666666666667,,,,,,288;358;359;360;362;363,0,0,,fresher,2019-11-26,2019-12-10,357.98345333333333,345.9717733333334,-12.011666666666667,-3.26442,0,"No sustained qualifying episode (7-day rolling, 50 uS/cm or 10%, >=60% station agreement, median-direction-consistent, >=7 qualifying days) overlaps this period under this station set. Raw (unqualified) period averages are reported above for transparency.",clifton_court_forebay,Clifton Court Forebay,closure_2,Closure 2 (short closure),not_applicable,,,,,,
combo_excl_284_355_357,"Combination: exclude [284, 355, 357]",288;358;359;360;362;363,284;355;357,6,fresher,persistent_condition,2020-10-01,2020-11-29,60.0,60,665.953,519.41,-146.543,-21.987,,,1.0,,288;358;359;360;362;363,,,6,0,0.0,fresher,2020-07-15,2020-11-29,587.4575507246377,467.63273913043474,-119.8248036231884,-20.03368550724638,129,,clifton_court_forebay,Clifton Court Forebay,closure_3,Closure 3 (provisional),response emerges 78 day(s) after the closure begins; ends exactly at reopening,78.0,0.0,False,True,False,False
combo_excl_284_355_358,"Combination: exclude [284, 355, 358]",288;357;359;360;362;363,284;355;358,6,fresher,episode,2018-10-07,2018-12-22,77.0,77,593.739,481.142,-112.597,-19.157,-117.47,205.5,1.0,1.0,288;357;359;360;362;363,,,6,0,0.0,fresher,2018-10-01,2019-01-13,624.7550485714286,529.5870419047618,-95.16799619047619,-15.891654285714285,83,,clifton_court_forebay,Clifton Court Forebay,closure_1,Closure 1 (long closure),response emerges 6 day(s) after the closure begins; ends 22 day(s) before reopening,6.0,-22.0,False,True,True,False
combo_excl_284_355_358,"Combination: exclude [284, 355, 358]",288;357;359;360;362;363,284;355;358,6,no_qualifying_pattern,no_qualifying_pattern,,,,0,340.6557733333333,325.67077333333333,-14.984986666666668,-4.239786666666666,-13.475333333333333,,,,,,288;357;359;360;362;363,0,0,,fresher,2019-11-26,2019-12-10,340.6557733333333,325.67077333333333,-14.984986666666668,-4.239786666666666,0,"No sustained qualifying episode (7-day rolling, 50 uS/cm or 10%, >=60% station agreement, median-direction-consistent, >=7 qualifying days) overlaps this period under this station set. Raw (unqualified) period averages are reported above for transparency.",clifton_court_forebay,Clifton Court Forebay,closure_2,Closure 2 (short closure),not_applicable,,,,,,
combo_excl_284_355_358,"Combination: exclude [284, 355, 358]",288;357;359;360;362;363,284;355;358,6,fresher,persistent_condition,2020-10-01,2020-11-29,60.0,60,681.456,521.321,-160.135,-23.471,,,1.0,,288;357;359;360;362;363,,,6,0,0.0,fresher,2020-07-15,2020-11-29,598.8951326086956,469.0582137681159,-129.83692391304348,-21.26484347826087,130,,clifton_court_forebay,Clifton Court Forebay,closure_3,Closure 3 (provisional),response emerges 78 day(s) after the closure begins; ends exactly at reopening,78.0,0.0,False,True,False,False
combo_excl_284_355_362,"Combination: exclude [284, 355, 362]",288;357;358;359;360;363,284;355;362,6,fresher,episode,2018-10-07,2018-12-22,77.0,77,593.011,476.948,-116.063,-19.712,-116.22,205.5,1.0,1.0,288;357;358;359;360;363,,,6,0,1.0,fresher,2018-10-01,2019-01-13,621.2748780952381,523.2037,-98.07117619047621,-16.37120285714286,84,,clifton_court_forebay,Clifton Court Forebay,closure_1,Closure 1 (long closure),response emerges 6 day(s) after the closure begins; ends 22 day(s) before reopening,6.0,-22.0,False,True,True,False
combo_excl_284_355_362,"Combination: exclude [284, 355, 362]",288;357;358;359;360;363,284;355;362,6,no_qualifying_pattern,no_qualifying_pattern,,,,0,328.7008866666667,312.69899999999996,-16.001886666666667,-4.6540333333333335,-13.927000000000001,,,,,,288;357;358;359;360;363,0,0,,fresher,2019-11-26,2019-12-10,328.7008866666667,312.69899999999996,-16.001886666666667,-4.6540333333333335,0,"No sustained qualifying episode (7-day rolling, 50 uS/cm or 10%, >=60% station agreement, median-direction-consistent, >=7 qualifying days) overlaps this period under this station set. Raw (unqualified) period averages are reported above for transparency.",clifton_court_forebay,Clifton Court Forebay,closure_2,Closure 2 (short closure),not_applicable,,,,,,
combo_excl_284_355_362,"Combination: exclude [284, 355, 362]",288;357;358;359;360;363,284;355;362,6,fresher,persistent_condition,2020-10-01,2020-11-29,60.0,60,685.194,521.38,-163.815,-23.873,,,1.0,,288;357;358;359;360;363,,,6,0,0.0,fresher,2020-07-15,2020-11-29,601.1595166666666,468.83725869565217,-132.32225942028984,-21.576533333333334,130,,clifton_court_forebay,Clifton Court Forebay,closure_3,Closure 3 (provisional),response emerges 78 day(s) after the closure begins; ends exactly at reopening,78.0,0.0,False,True,False,False
combo_excl_284_355_363,"Combination: exclude [284, 355, 363]",288;357;358;359;360;362,284;355;363,6,fresher,episode,2018-10-07,2018-12-22,77.0,77,592.138,476.767,-115.371,-19.689,-118.506,205.5,1.0,1.0,288;357;358;359;360;362,,,6,0,0.0,fresher,2018-10-01,2019-01-13,622.3106676190476,525.0375676190475,-97.27309047619049,-16.302699047619047,83,,clifton_court_forebay,Clifton Court Forebay,closure_1,Closure 1 (long closure),response emerges 6 day(s) after the closure begins; ends 22 day(s) before reopening,6.0,-22.0,False,True,True,False
combo_excl_284_355_363,"Combination: exclude [284, 355, 363]",288;357;358;359;360;362,284;355;363,6,no_qualifying_pattern,no_qualifying_pattern,,,,0,328.94710000000003,313.35699999999997,-15.590133333333334,-4.572233333333333,-13.927000000000001,,,,,,288;357;358;359;360;362,0,0,,fresher,2019-11-26,2019-12-10,328.94710000000003,313.35699999999997,-15.590133333333334,-4.572233333333333,0,"No sustained qualifying episode (7-day rolling, 50 uS/cm or 10%, >=60% station agreement, median-direction-consistent, >=7 qualifying days) overlaps this period under this station set. Raw (unqualified) period averages are reported above for transparency.",clifton_court_forebay,Clifton Court Forebay,closure_2,Closure 2 (short closure),not_applicable,,,,,,
combo_excl_284_355_363,"Combination: exclude [284, 355, 363]",288;357;358;359;360;362,284;355;363,6,fresher,persistent_condition,2020-10-01,2020-11-29,60.0,60,680.618,516.79,-163.828,-24.043,,,1.0,,288;357;358;359;360;362,,,6,0,0.0,fresher,2020-07-15,2020-11-29,594.6645362318841,462.332415942029,-132.3321224637681,-21.88119202898551,130,,clifton_court_forebay,Clifton Court Forebay,closure_3,Closure 3 (provisional),response emerges 78 day(s) after the closure begins; ends exactly at reopening,78.0,0.0,False,True,False,False
combo_excl_284_357_358,"Combination: exclude [284, 357, 358]",288;355;359;360;362;363,284;357;358,6,fresher,episode,2018-10-07,2018-12-22,77.0,77,600.214,481.987,-118.227,-19.895,-118.111,255.99,1.0,1.0,288;355;359;360;362;363,,,6,0,1.0,fresher,2018-10-01,2019-01-13,630.6131285714287,530.2870476190476,-100.32607809523812,-16.566245714285717,86,,clifton_court_forebay,Clifton Court Forebay,closure_1,Closure 1 (long closure),response emerges 6 day(s) after the closure begins; ends 22 day(s) before reopening,6.0,-22.0,False,True,True,False
combo_excl_284_357_358,"Combination: exclude [284, 357, 358]",288;355;359;360;362;363,284;357;358,6,no_qualifying_pattern,no_qualifying_pattern,,,,0,339.7244533333334,323.39,-16.334453333333336,-4.620433333333334,-13.475333333333333,,,,,,288;355;359;360;362;363,0,0,,fresher,2019-11-26,2019-12-10,339.7244533333334,323.39,-16.334453333333336,-4.620433333333334,0,"No sustained qualifying episode (7-day rolling, 50 uS/cm or 10%, >=60% station agreement, median-direction-consistent, >=7 qualifying days) overlaps this period under this station set. Raw (unqualified) period averages are reported above for transparency.",clifton_court_forebay,Clifton Court Forebay,closure_2,Closure 2 (short closure),not_applicable,,,,,,
combo_excl_284_357_358,"Combination: exclude [284, 357, 358]",288;355;359;360;362;363,284;357;358,6,fresher,persistent_condition,2020-10-01,2020-11-29,60.0,60,687.384,522.074,-165.31,-24.022,,,1.0,,288;355;359;360;362;363,,,6,0,0.0,fresher,2020-07-15,2020-11-29,606.2851065217391,470.32045942028986,-135.96465144927535,-22.01833695652174,130,,clifton_court_forebay,Clifton Court Forebay,closure_3,Closure 3 (provisional),response emerges 78 day(s) after the closure begins; ends exactly at reopening,78.0,0.0,False,True,False,False
combo_excl_284_357_362,"Combination: exclude [284, 357, 362]",288;355;358;359;360;363,284;357;362,6,fresher,episode,2018-10-07,2018-12-23,78.0,78,600.787,479.997,-120.79,-20.275,-115.367,255.99,1.0,1.0,288;355;358;359;360;363,,,6,0,1.0,fresher,2018-10-01,2019-01-13,627.1329533333335,523.9036933333333,-103.22925428571428,-17.042552380952383,89,,clifton_court_forebay,Clifton Court Forebay,closure_1,Closure 1 (long closure),response emerges 6 day(s) after the closure begins; ends 21 day(s) before reopening,6.0,-21.0,False,True,True,False
combo_excl_284_357_362,"Combination: exclude [284, 357, 362]",288;355;358;359;360;363,284;357;362,6,no_qualifying_pattern,no_qualifying_pattern,,,,0,327.76955333333336,310.4182199999999,-17.351333333333333,-5.043873333333333,-13.927000000000001,,,,,,288;355;358;359;360;363,0,0,,fresher,2019-11-26,2019-12-10,327.76955333333336,310.4182199999999,-17.351333333333333,-5.043873333333333,0,"No sustained qualifying episode (7-day rolling, 50 uS/cm or 10%, >=60% station agreement, median-direction-consistent, >=7 qualifying days) overlaps this period under this station set. Raw (unqualified) period averages are reported above for transparency.",clifton_court_forebay,Clifton Court Forebay,closure_2,Closure 2 (short closure),not_applicable,,,,,,
combo_excl_284_357_362,"Combination: exclude [284, 357, 362]",288;355;358;359;360;363,284;357;362,6,fresher,persistent_condition,2020-10-01,2020-11-29,60.0,60,691.123,522.133,-168.99,-24.419,,,1.0,,288;355;358;359;360;363,,,6,0,0.0,fresher,2020-07-15,2020-11-29,608.5494963768117,470.09950507246367,-138.44998840579711,-22.32422608695652,130,,clifton_court_forebay,Clifton Court Forebay,closure_3,Closure 3 (provisional),response emerges 78 day(s) after the closure begins; ends exactly at reopening,78.0,0.0,False,True,False,False
combo_excl_284_357_363,"Combination: exclude [284, 357, 363]",288;355;358;359;360;362,284;357;363,6,fresher,episode,2018-10-07,2018-12-22,77.0,77,598.613,477.612,-121.001,-20.422,-120.538,255.99,1.0,1.0,288;355;358;359;360;362,,,6,0,1.0,fresher,2018-10-01,2019-01-13,628.1687447619048,525.7375685714286,-102.43117428571428,-16.974731428571427,86,,clifton_court_forebay,Clifton Court Forebay,closure_1,Closure 1 (long closure),response emerges 6 day(s) after the closure begins; ends 22 day(s) before reopening,6.0,-22.0,False,True,True,False
combo_excl_284_357_363,"Combination: exclude [284, 357, 363]",288;355;358;359;360;362,284;357;363,6,no_qualifying_pattern,no_qualifying_pattern,,,,0,328.01577999999995,311.0762133333333,-16.939553333333333,-4.96632,-13.927000000000001,,,,,,288;355;358;359;360;362,0,0,,fresher,2019-11-26,2019-12-10,328.01577999999995,311.0762133333333,-16.939553333333333,-4.96632,0,"No sustained qualifying episode (7-day rolling, 50 uS/cm or 10%, >=60% station agreement, median-direction-consistent, >=7 qualifying days) overlaps this period under this station set. Raw (unqualified) period averages are reported above for transparency.",clifton_court_forebay,Clifton Court Forebay,closure_2,Closure 2 (short closure),not_applicable,,,,,,
combo_excl_284_357_363,"Combination: exclude [284, 357, 363]",288;355;358;359;360;362,284;357;363,6,fresher,persistent_condition,2020-10-01,2020-11-29,60.0,60,686.546,517.543,-169.003,-24.591,,,1.0,,288;355;358;359;360;362,,,6,0,0.0,fresher,2020-07-15,2020-11-29,602.0545166666667,463.59466014492756,-138.45985652173914,-22.635500000000004,130,,clifton_court_forebay,Clifton Court Forebay,closure_3,Closure 3 (provisional),response emerges 78 day(s) after the closure begins; ends exactly at reopening,78.0,0.0,False,True,False,False
combo_excl_284_358_362,"Combination: exclude [284, 358, 362]",288;355;357;359;360;363,284;358;362,6,fresher,episode,2018-10-07,2019-01-10,96.0,96,628.974,510.832,-118.142,-19.228,-119.212,255.99,1.0,1.0,288;355;357;359;360;363,,,6,0,0.0,fresher,2018-10-01,2019-01-13,632.3762733333333,519.351299047619,-113.0249619047619,-18.381119047619045,96,,clifton_court_forebay,Clifton Court Forebay,closure_1,Closure 1 (long closure),response emerges 6 day(s) after the closure begins; ends 3 day(s) before reopening,6.0,-3.0,False,True,True,False
combo_excl_284_358_362,"Combination: exclude [284, 358, 362]",288;355;357;359;360;363,284;358;362,6,no_qualifying_pattern,no_qualifying_pattern,,,,0,310.44188,290.1172266666666,-20.324666666666666,-6.1645,-20.292666666666666,,,,,,288;355;357;359;360;363,0,0,,fresher,2019-11-26,2019-12-10,310.44188,290.1172266666666,-20.324666666666666,-6.1645,0,"No sustained qualifying episode (7-day rolling, 50 uS/cm or 10%, >=60% station agreement, median-direction-consistent, >=7 qualifying days) overlaps this period under this station set. Raw (unqualified) period averages are reported above for transparency.",clifton_court_forebay,Clifton Court Forebay,closure_2,Closure 2 (short closure),not_applicable,,,,,,
combo_excl_284_358_362,"Combination: exclude [284, 358, 362]",288;355;357;359;360;363,284;358;362,6,fresher,persistent_condition,2020-10-01,2020-11-29,60.0,60,706.626,524.044,-182.582,-25.796,,,1.0,,288;355;357;359;360;363,,,6,0,0.0,fresher,2020-07-15,2020-11-29,619.9870731884057,471.52498115942035,-148.4621,-23.470352898550725,130,,clifton_court_forebay,Clifton Court Forebay,closure_3,Closure 3 (provisional),response emerges 78 day(s) after the closure begins; ends exactly at reopening,78.0,0.0,False,True,False,False
combo_excl_284_358_363,"Combination: exclude [284, 358, 363]",288;355;357;359;360;362,284;358;363,6,fresher,episode,2018-10-07,2019-01-10,96.0,96,630.029,512.742,-117.287,-19.147,-121.83,255.99,1.0,1.0,288;355;357;359;360;362,,,6,0,0.0,fresher,2018-10-01,2019-01-13,633.4120657142857,521.1851723809524,-112.22688952380953,-18.308226666666666,96,,clifton_court_forebay,Clifton Court Forebay,closure_1,Closure 1 (long closure),response emerges 6 day(s) after the closure begins; ends 3 day(s) before reopening,6.0,-3.0,False,True,True,False
combo_excl_284_358_363,"Combination: exclude [284, 358, 363]",288;355;357;359;360;362,284;358;363,6,no_qualifying_pattern,no_qualifying_pattern,,,,0,310.6881133333334,290.77522666666664,-19.912893333333333,-6.09652,-20.292666666666666,,,,,,288;355;357;359;360;362,0,0,,fresher,2019-11-26,2019-12-10,310.6881133333334,290.77522666666664,-19.912893333333333,-6.09652,0,"No sustained qualifying episode (7-day rolling, 50 uS/cm or 10%, >=60% station agreement, median-direction-consistent, >=7 qualifying days) overlaps this period under this station set. Raw (unqualified) period averages are reported above for transparency.",clifton_court_forebay,Clifton Court Forebay,closure_2,Closure 2 (short closure),not_applicable,,,,,,
combo_excl_284_358_363,"Combination: exclude [284, 358, 363]",288;355;357;359;360;362,284;358;363,6,fresher,persistent_condition,2020-10-01,2020-11-29,60.0,60,702.049,519.454,-182.595,-25.97,,,1.0,,288;355;357;359;360;362,,,6,0,0.0,fresher,2020-07-15,2020-11-29,613.4921014492754,465.0201326086957,-148.4719644927536,-23.79066739130435,131,,clifton_court_forebay,Clifton Court Forebay,closure_3,Closure 3 (provisional),response emerges 78 day(s) after the closure begins; ends exactly at reopening,78.0,0.0,False,True,False,False
combo_excl_284_362_363,"Combination: exclude [284, 362, 363]",288;355;357;358;359;360,284;362;363,6,fresher,episode,2018-10-07,2019-01-10,96.0,96,626.744,506.384,-120.36,-19.655,-119.572,255.99,1.0,1.0,288;355;357;358;359;360,,,6,0,0.0,fresher,2018-10-01,2019-01-13,629.9318895238096,514.8018247619049,-115.13006285714286,-18.78560476190476,96,,clifton_court_forebay,Clifton Court Forebay,closure_1,Closure 1 (long closure),response emerges 6 day(s) after the closure begins; ends 3 day(s) before reopening,6.0,-3.0,False,True,True,False
combo_excl_284_362_363,"Combination: exclude [284, 362, 363]",288;355;357;358;359;360,284;362;363,6,fresher,episode,2019-12-10,2019-12-18,9.0,9,351.836,312.524,-39.313,-11.166,-37.711,71.72,1.0,1.0,288;355;357;358;359;360,,,6,0,0.0,fresher,2019-11-26,2019-12-10,298.7332133333333,277.8034466666667,-20.929786666666665,-6.5897266666666665,1,,clifton_court_forebay,Clifton Court Forebay,closure_2,Closure 2 (short closure),response emerges 14 day(s) after the closure begins; persists 8 day(s) after reopening,14.0,8.0,False,True,False,True
combo_excl_284_362_363,"Combination: exclude [284, 362, 363]",288;355;357;358;359;360,284;362;363,6,fresher,persistent_condition,2020-10-01,2020-11-29,60.0,60,705.787,519.513,-186.275,-26.347,,,1.0,,288;355;357;358;359;360,,,6,0,0.0,fresher,2020-07-15,2020-11-29,615.756486231884,464.7991775362318,-150.95730942028985,-24.08494492753623,131,,clifton_court_forebay,Clifton Court Forebay,closure_3,Closure 3 (provisional),response emerges 78 day(s) after the closure begins; ends exactly at reopening,78.0,0.0,False,True,False,False
combo_excl_288_355_357,"Combination: exclude [288, 355, 357]",284;358;359;360;362;363,288;355;357,6,fresher,episode,2018-10-07,2018-12-20,75.0,75,596.142,498.237,-97.905,-16.617,-96.04,179.0,1.0,1.0,284;358;359;360;362;363,,,6,0,0.0,fresher,2018-10-01,2019-01-13,636.045602857143,554.9049504761905,-81.14064666666665,-13.466017142857146,75,,clifton_court_forebay,Clifton Court Forebay,closure_1,Closure 1 (long closure),response emerges 6 day(s) after the closure begins; ends 24 day(s) before reopening,6.0,-24.0,False,True,True,False
combo_excl_288_355_357,"Combination: exclude [288, 355, 357]",284;358;359;360;362;363,288;355;357,6,no_qualifying_pattern,no_qualifying_pattern,,,,0,392.4958933333333,381.98977333333335,-10.50610666666667,-2.59212,-8.277666666666667,,,,,,284;358;359;360;362;363,0,0,,fresher,2019-11-26,2019-12-10,392.4958933333333,381.98977333333335,-10.50610666666667,-2.59212,0,"No sustained qualifying episode (7-day rolling, 50 uS/cm or 10%, >=60% station agreement, median-direction-consistent, >=7 qualifying days) overlaps this period under this station set. Raw (unqualified) period averages are reported above for transparency.",clifton_court_forebay,Clifton Court Forebay,closure_2,Closure 2 (short closure),not_applicable,,,,,,
combo_excl_288_355_357,"Combination: exclude [288, 355, 357]",284;358;359;360;362;363,288;355;357,6,fresher,persistent_condition,2020-10-01,2020-11-29,60.0,60,673.723,532.583,-141.139,-20.934,,,1.0,,284;358;359;360;362;363,,,6,0,0.0,fresher,2020-07-15,2020-11-29,594.146352173913,479.26176521739126,-114.88458913043479,-18.928189855072464,128,,clifton_court_forebay,Clifton Court Forebay,closure_3,Closure 3 (provisional),response emerges 78 day(s) after the closure begins; ends exactly at reopening,78.0,0.0,False,True,False,False
combo_excl_288_355_358,"Combination: exclude [288, 355, 358]",284;357;359;360;362;363,288;355;358,6,fresher,episode,2018-10-07,2018-12-21,76.0,76,606.288,498.042,-108.246,-18.03,-112.03,205.5,1.0,1.0,284;357;359;360;362;363,,,6,0,0.0,fresher,2018-10-01,2019-01-13,641.2889228571428,550.3525514285715,-90.93636666666667,-14.839560000000002,80,,clifton_court_forebay,Clifton Court Forebay,closure_1,Closure 1 (long closure),response emerges 6 day(s) after the closure begins; ends 23 day(s) before reopening,6.0,-23.0,False,True,True,False
combo_excl_288_355_358,"Combination: exclude [288, 355, 358]",284;357;359;360;362;363,288;355;358,6,no_qualifying_pattern,no_qualifying_pattern,,,,0,375.16823333333326,361.68878000000007,-13.479446666666666,-3.445466666666667,-13.638,,,,,,284;357;359;360;362;363,0,0,,fresher,2019-11-26,2019-12-10,375.16823333333326,361.68878000000007,-13.479446666666666,-3.445466666666667,0,"No sustained qualifying episode (7-day rolling, 50 uS/cm or 10%, >=60% station agreement, median-direction-consistent, >=7 qualifying days) overlaps this period under this station set. Raw (unqualified) period averages are reported above for transparency.",clifton_court_forebay,Clifton Court Forebay,closure_2,Closure 2 (short closure),not_applicable,,,,,,
combo_excl_288_355_358,"Combination: exclude [288, 355, 358]",284;357;359;360;362;363,288;355;358,6,fresher,persistent_condition,2020-10-01,2020-11-29,60.0,60,689.226,534.494,-154.731,-22.425,,,1.0,,284;357;359;360;362;363,,,6,0,0.0,fresher,2020-07-15,2020-11-29,605.5839384057971,480.6872369565217,-124.89670289855071,-20.164913043478258,129,,clifton_court_forebay,Clifton Court Forebay,closure_3,Closure 3 (provisional),response emerges 78 day(s) after the closure begins; ends exactly at reopening,78.0,0.0,False,True,False,False
combo_excl_288_355_362,"Combination: exclude [288, 355, 362]",284;357;358;359;360;363,288;355;362,6,fresher,episode,2018-10-07,2018-12-22,77.0,77,607.1,496.155,-110.945,-18.425,-112.369,205.5,1.0,1.0,284;357;358;359;360;363,,,6,0,0.0,fresher,2018-10-01,2019-01-13,637.8087495238096,543.9692066666667,-93.83953904761904,-15.305834285714287,83,,clifton_court_forebay,Clifton Court Forebay,closure_1,Closure 1 (long closure),response emerges 6 day(s) after the closure begins; ends 22 day(s) before reopening,6.0,-22.0,False,True,True,False
combo_excl_288_355_362,"Combination: exclude [288, 355, 362]",284;357;358;359;360;363,288;355;362,6,no_qualifying_pattern,no_qualifying_pattern,,,,0,363.21332666666666,348.71700666666663,-14.496346666666666,-3.806626666666667,-14.754333333333333,,,,,,284;357;358;359;360;363,0,0,,fresher,2019-11-26,2019-12-10,363.21332666666666,348.71700666666663,-14.496346666666666,-3.806626666666667,0,"No sustained qualifying episode (7-day rolling, 50 uS/cm or 10%, >=60% station agreement, median-direction-consistent, >=7 qualifying days) overlaps this period under this station set. Raw (unqualified) period averages are reported above for transparency.",clifton_court_forebay,Clifton Court Forebay,closure_2,Closure 2 (short closure),not_applicable,,,,,,
combo_excl_288_355_362,"Combination: exclude [288, 355, 362]",284;357;358;359;360;363,288;355;362,6,fresher,persistent_condition,2020-10-01,2020-11-29,60.0,60,692.964,534.553,-158.411,-22.829,,,1.0,,284;357;358;359;360;363,,,6,0,0.0,fresher,2020-07-15,2020-11-29,607.8483202898551,480.4662760869565,-127.38204202898551,-20.477345652173913,129,,clifton_court_forebay,Clifton Court Forebay,closure_3,Closure 3 (provisional),response emerges 78 day(s) after the closure begins; ends exactly at reopening,78.0,0.0,False,True,False,False
combo_excl_288_355_363,"Combination: exclude [288, 355, 363]",284;357;358;359;360;362,288;355;363,6,fresher,episode,2018-10-07,2018-12-21,76.0,76,604.736,493.681,-111.055,-18.552,-115.751,205.5,1.0,1.0,284;357;358;359;360;362,,,6,0,0.0,fresher,2018-10-01,2019-01-13,638.8445371428571,545.8030819047618,-93.04145999999999,-15.238574285714286,80,,clifton_court_forebay,Clifton Court Forebay,closure_1,Closure 1 (long closure),response emerges 6 day(s) after the closure begins; ends 23 day(s) before reopening,6.0,-23.0,False,True,True,False
combo_excl_288_355_363,"Combination: exclude [288, 355, 363]",284;357;358;359;360;362,288;355;363,6,no_qualifying_pattern,no_qualifying_pattern,,,,0,363.45955333333336,349.3750066666666,-14.084566666666666,-3.7157333333333336,-14.754333333333333,,,,,,284;357;358;359;360;362,0,0,,fresher,2019-11-26,2019-12-10,363.45955333333336,349.3750066666666,-14.084566666666666,-3.7157333333333336,0,"No sustained qualifying episode (7-day rolling, 50 uS/cm or 10%, >=60% station agreement, median-direction-consistent, >=7 qualifying days) overlaps this period under this station set. Raw (unqualified) period averages are reported above for transparency.",clifton_court_forebay,Clifton Court Forebay,closure_2,Closure 2 (short closure),not_applicable,,,,,,
combo_excl_288_355_363,"Combination: exclude [288, 355, 363]",284;357;358;359;360;362,288;355;363,6,fresher,persistent_condition,2020-10-01,2020-11-29,60.0,60,688.387,529.963,-158.424,-22.99,,,1.0,,284;357;358;359;360;362,,,6,0,0.0,fresher,2020-07-15,2020-11-29,601.3533478260869,473.96143478260876,-127.39190579710147,-20.753541304347824,130,,clifton_court_forebay,Clifton Court Forebay,closure_3,Closure 3 (provisional),response emerges 78 day(s) after the closure begins; ends exactly at reopening,78.0,0.0,False,True,False,False
combo_excl_288_357_358,"Combination: exclude [288, 357, 358]",284;355;359;360;362;363,288;357;358,6,fresher,episode,2018-10-07,2018-12-22,77.0,77,614.303,501.194,-113.109,-18.618,-111.613,255.99,1.0,1.0,284;355;359;360;362;363,,,6,0,1.0,fresher,2018-10-01,2019-01-13,647.146999047619,551.0525561904763,-96.09444666666667,-15.509008571428572,85,,clifton_court_forebay,Clifton Court Forebay,closure_1,Closure 1 (long closure),response emerges 6 day(s) after the closure begins; ends 22 day(s) before reopening,6.0,-22.0,False,True,True,False
combo_excl_288_357_358,"Combination: exclude [288, 357, 358]",284;355;359;360;362;363,288;357;358,6,no_qualifying_pattern,no_qualifying_pattern,,,,0,374.2368933333334,359.4080133333333,-14.828886666666667,-3.788773333333333,-13.638,,,,,,284;355;359;360;362;363,0,0,,fresher,2019-11-26,2019-12-10,374.2368933333334,359.4080133333333,-14.828886666666667,-3.788773333333333,0,"No sustained qualifying episode (7-day rolling, 50 uS/cm or 10%, >=60% station agreement, median-direction-consistent, >=7 qualifying days) overlaps this period under this station set. Raw (unqualified) period averages are reported above for transparency.",clifton_court_forebay,Clifton Court Forebay,closure_2,Closure 2 (short closure),not_applicable,,,,,,
combo_excl_288_357_358,"Combination: exclude [288, 357, 358]",284;355;359;360;362;363,288;357;358,6,fresher,persistent_condition,2020-10-01,2020-11-29,60.0,60,695.154,535.248,-159.906,-22.979,,,1.0,,284;355;359;360;362;363,,,6,0,0.0,fresher,2020-07-15,2020-11-29,612.973911594203,481.94947971014494,-131.02442898550726,-20.922900000000002,129,,clifton_court_forebay,Clifton Court Forebay,closure_3,Closure 3 (provisional),response emerges 78 day(s) after the closure begins; ends exactly at reopening,78.0,0.0,False,True,False,False
combo_excl_288_357_362,"Combination: exclude [288, 357, 362]",284;355;358;359;360;363,288;357;362,6,fresher,episode,2018-10-07,2018-12-23,78.0,78,614.989,499.262,-115.727,-18.997,-111.267,255.99,1.0,1.0,284;355;358;359;360;363,,,6,0,1.0,fresher,2018-10-01,2019-01-13,643.666821904762,544.6692047619048,-98.99762000000001,-15.97213142857143,87,,clifton_court_forebay,Clifton Court Forebay,closure_1,Closure 1 (long closure),response emerges 6 day(s) after the closure begins; ends 21 day(s) before reopening,6.0,-21.0,False,True,True,False
combo_excl_288_357_362,"Combination: exclude [288, 357, 362]",284;355;358;359;360;363,288;357;362,6,no_qualifying_pattern,no_qualifying_pattern,,,,0,362.2819933333334,346.43621333333334,-15.84578,-4.157426666666667,-14.754333333333333,,,,,,284;355;358;359;360;363,0,0,,fresher,2019-11-26,2019-12-10,362.2819933333334,346.43621333333334,-15.84578,-4.157426666666667,0,"No sustained qualifying episode (7-day rolling, 50 uS/cm or 10%, >=60% station agreement, median-direction-consistent, >=7 qualifying days) overlaps this period under this station set. Raw (unqualified) period averages are reported above for transparency.",clifton_court_forebay,Clifton Court Forebay,closure_2,Closure 2 (short closure),not_applicable,,,,,,
combo_excl_288_357_362,"Combination: exclude [288, 357, 362]",284;355;358;359;360;363,288;357;362,6,fresher,persistent_condition,2020-10-01,2020-11-29,60.0,60,698.892,535.306,-163.586,-23.377,,,1.0,,284;355;358;359;360;363,,,6,0,0.0,fresher,2020-07-15,2020-11-29,615.2382971014493,481.7285260869565,-133.50976739130436,-21.229587681159423,129,,clifton_court_forebay,Clifton Court Forebay,closure_3,Closure 3 (provisional),response emerges 78 day(s) after the closure begins; ends exactly at reopening,78.0,0.0,False,True,False,False
combo_excl_288_357_363,"Combination: exclude [288, 357, 363]",284;355;358;359;360;362,288;357;363,6,fresher,episode,2018-10-07,2018-12-22,77.0,77,612.702,496.819,-115.883,-19.131,-116.687,255.99,1.0,1.0,284;355;358;359;360;362,,,6,0,1.0,fresher,2018-10-01,2019-01-13,644.7026219047619,546.50308,-98.19953809523811,-15.905618095238095,84,,clifton_court_forebay,Clifton Court Forebay,closure_1,Closure 1 (long closure),response emerges 6 day(s) after the closure begins; ends 22 day(s) before reopening,6.0,-22.0,False,True,True,False
combo_excl_288_357_363,"Combination: exclude [288, 357, 363]",284;355;358;359;360;362,288;357;363,6,no_qualifying_pattern,no_qualifying_pattern,,,,0,362.5282333333334,347.09421999999995,-15.434,-4.069873333333333,-14.754333333333333,,,,,,284;355;358;359;360;362,0,0,,fresher,2019-11-26,2019-12-10,362.5282333333334,347.09421999999995,-15.434,-4.069873333333333,0,"No sustained qualifying episode (7-day rolling, 50 uS/cm or 10%, >=60% station agreement, median-direction-consistent, >=7 qualifying days) overlaps this period under this station set. Raw (unqualified) period averages are reported above for transparency.",clifton_court_forebay,Clifton Court Forebay,closure_2,Closure 2 (short closure),not_applicable,,,,,,
combo_excl_288_357_363,"Combination: exclude [288, 357, 363]",284;355;358;359;360;362,288;357;363,6,fresher,persistent_condition,2020-10-01,2020-11-29,60.0,60,694.315,530.716,-163.599,-23.54,,,1.0,,284;355;358;359;360;362,,,6,0,0.0,fresher,2020-07-15,2020-11-29,608.7433217391305,475.22368260869564,-133.51963985507246,-21.512586231884057,130,,clifton_court_forebay,Clifton Court Forebay,closure_3,Closure 3 (provisional),response emerges 78 day(s) after the closure begins; ends exactly at reopening,78.0,0.0,False,True,False,False
combo_excl_288_358_362,"Combination: exclude [288, 358, 362]",284;355;357;359;360;363,288;358;362,6,fresher,episode,2018-10-07,2019-01-10,96.0,96,644.561,530.816,-113.745,-18.094,-118.15,255.99,1.0,1.0,284;355;357;359;360;363,,,6,0,0.0,fresher,2018-10-01,2019-01-13,648.9101447619049,540.1168085714286,-108.79333904761906,-17.292721904761905,96,,clifton_court_forebay,Clifton Court Forebay,closure_1,Closure 1 (long closure),response emerges 6 day(s) after the closure begins; ends 3 day(s) before reopening,6.0,-3.0,False,True,True,False
combo_excl_288_358_362,"Combination: exclude [288, 358, 362]",284;355;357;359;360;363,288;358;362,6,no_qualifying_pattern,no_qualifying_pattern,,,,0,344.95434666666665,326.1352266666667,-18.819106666666666,-5.124666666666667,-21.800333333333334,,,,,,284;355;357;359;360;363,0,0,,fresher,2019-11-26,2019-12-10,344.95434666666665,326.1352266666667,-18.819106666666666,-5.124666666666667,0,"No sustained qualifying episode (7-day rolling, 50 uS/cm or 10%, >=60% station agreement, median-direction-consistent, >=7 qualifying days) overlaps this period under this station set. Raw (unqualified) period averages are reported above for transparency.",clifton_court_forebay,Clifton Court Forebay,closure_2,Closure 2 (short closure),not_applicable,,,,,,
combo_excl_288_358_362,"Combination: exclude [288, 358, 362]",284;355;357;359;360;363,288;358;362,6,fresher,persistent_condition,2020-10-01,2020-11-29,60.0,60,714.395,537.217,-177.178,-24.763,,,1.0,,284;355;357;359;360;363,,,6,0,0.0,fresher,2020-07-15,2020-11-29,626.6758811594203,483.15399637681156,-143.52188478260868,-22.38141449275362,130,,clifton_court_forebay,Clifton Court Forebay,closure_3,Closure 3 (provisional),response emerges 78 day(s) after the closure begins; ends exactly at reopening,78.0,0.0,False,True,False,False
combo_excl_288_358_363,"Combination: exclude [288, 358, 363]",284;355;357;359;360;362,288;358;363,6,fresher,episode,2018-10-07,2019-01-09,95.0,95,644.625,531.068,-113.557,-18.134,-121.525,255.99,1.0,1.0,284;355;357;359;360;362,,,6,0,0.0,fresher,2018-10-01,2019-01-13,649.9459371428572,541.9506857142857,-107.99526,-17.221699047619047,95,,clifton_court_forebay,Clifton Court Forebay,closure_1,Closure 1 (long closure),response emerges 6 day(s) after the closure begins; ends 4 day(s) before reopening,6.0,-4.0,False,True,True,False
combo_excl_288_358_363,"Combination: exclude [288, 358, 363]",284;355;357;359;360;362,288;358;363,6,no_qualifying_pattern,no_qualifying_pattern,,,,0,345.20056,326.79322666666667,-18.407326666666666,-5.043213333333333,-21.800333333333334,,,,,,284;355;357;359;360;362,0,0,,fresher,2019-11-26,2019-12-10,345.20056,326.79322666666667,-18.407326666666666,-5.043213333333333,0,"No sustained qualifying episode (7-day rolling, 50 uS/cm or 10%, >=60% station agreement, median-direction-consistent, >=7 qualifying days) overlaps this period under this station set. Raw (unqualified) period averages are reported above for transparency.",clifton_court_forebay,Clifton Court Forebay,closure_2,Closure 2 (short closure),not_applicable,,,,,,
combo_excl_288_358_363,"Combination: exclude [288, 358, 363]",284;355;357;359;360;362,288;358;363,6,fresher,persistent_condition,2020-10-01,2020-11-29,60.0,60,709.818,532.627,-177.191,-24.928,,,1.0,,284;355;357;359;360;362,,,6,0,0.0,fresher,2020-07-15,2020-11-29,620.1809021739131,476.64915144927545,-143.5317463768116,-22.67366231884058,130,,clifton_court_forebay,Clifton Court Forebay,closure_3,Closure 3 (provisional),response emerges 78 day(s) after the closure begins; ends exactly at reopening,78.0,0.0,False,True,False,False
combo_excl_288_362_363,"Combination: exclude [288, 362, 363]",284;355;357;358;359;360,288;362;363,6,fresher,episode,2018-10-07,2019-01-10,96.0,96,642.331,526.367,-115.964,-18.509,-118.51,255.99,1.0,1.0,284;355;357;358;359;360,,,6,0,0.0,fresher,2018-10-01,2019-01-13,646.4657609523811,535.5673352380952,-110.89843142857141,-17.685519999999997,96,,clifton_court_forebay,Clifton Court Forebay,closure_1,Closure 1 (long closure),response emerges 6 day(s) after the closure begins; ends 3 day(s) before reopening,6.0,-3.0,False,True,True,False
combo_excl_288_362_363,"Combination: exclude [288, 362, 363]",284;355;357;358;359;360,288;362;363,6,no_qualifying_pattern,no_qualifying_pattern,,,,0,333.24566666666664,313.8214533333333,-19.424226666666662,-5.465573333333333,-21.800333333333334,,,,,,284;355;357;358;359;360,0,0,,fresher,2019-11-26,2019-12-10,333.24566666666664,313.8214533333333,-19.424226666666662,-5.465573333333333,0,"No sustained qualifying episode (7-day rolling, 50 uS/cm or 10%, >=60% station agreement, median-direction-consistent, >=7 qualifying days) overlaps this period under this station set. Raw (unqualified) period averages are reported above for transparency.",clifton_court_forebay,Clifton Court Forebay,closure_2,Closure 2 (short closure),not_applicable,,,,,,
combo_excl_288_362_363,"Combination: exclude [288, 362, 363]",284;355;357;358;359;360,288;362;363,6,fresher,persistent_condition,2020-10-01,2020-11-29,60.0,60,713.557,532.686,-180.871,-25.307,,,1.0,,284;355;357;358;359;360,,,6,0,0.0,fresher,2020-07-15,2020-11-29,622.4452891304348,476.4281992753624,-146.0170884057971,-22.96902463768116,130,,clifton_court_forebay,Clifton Court Forebay,closure_3,Closure 3 (provisional),response emerges 78 day(s) after the closure begins; ends exactly at reopening,78.0,0.0,False,True,False,False
combo_excl_355_357_358,"Combination: exclude [355, 357, 358]",284;288;359;360;362;363,355;357;358,6,fresher,episode,2018-10-07,2018-12-27,82.0,82,628.448,521.697,-106.751,-17.295,-103.014,202.42,1.0,1.0,284;288;359;360;362;363,,,6,0,1.0,fresher,2018-10-01,2019-01-13,655.1873942857144,560.5888266666666,-94.59856857142857,-15.074033333333334,90,,clifton_court_forebay,Clifton Court Forebay,closure_1,Closure 1 (long closure),response emerges 6 day(s) after the closure begins; ends 17 day(s) before reopening,6.0,-17.0,False,True,True,False
combo_excl_355_357_358,"Combination: exclude [355, 357, 358]",284;288;359;360;362;363,355;357;358,6,no_qualifying_pattern,no_qualifying_pattern,,,,0,385.67588666666666,375.06556000000006,-10.610333333333333,-2.631533333333333,-10.098,,,,,,284;288;359;360;362;363,0,0,,fresher,2019-11-26,2019-12-10,385.67588666666666,375.06556000000006,-10.610333333333333,-2.631533333333333,0,"No sustained qualifying episode (7-day rolling, 50 uS/cm or 10%, >=60% station agreement, median-direction-consistent, >=7 qualifying days) overlaps this period under this station set. Raw (unqualified) period averages are reported above for transparency.",clifton_court_forebay,Clifton Court Forebay,closure_2,Closure 2 (short closure),not_applicable,,,,,,
combo_excl_355_357_358,"Combination: exclude [355, 357, 358]",284;288;359;360;362;363,355;357;358,6,fresher,persistent_condition,2020-10-01,2020-11-29,60.0,60,697.224,541.154,-156.069,-22.365,,,1.0,,284;288;359;360;362;363,,,6,0,0.0,fresher,2020-07-15,2020-11-29,612.6733347826088,485.5650978260871,-127.10823405797102,-20.22780579710145,128,,clifton_court_forebay,Clifton Court Forebay,closure_3,Closure 3 (provisional),response emerges 78 day(s) after the closure begins; ends exactly at reopening,78.0,0.0,False,True,False,False
combo_excl_355_357_362,"Combination: exclude [355, 357, 362]",284;288;358;359;360;363,355;357;362,6,fresher,episode,2018-10-07,2019-01-09,95.0,95,644.852,542.511,-102.342,-16.344,-92.049,202.42,1.0,1.0,284;288;358;359;360;363,,,6,0,0.0,fresher,2018-10-01,2019-01-13,651.70722,554.2054733333334,-97.50174666666666,-15.536268571428572,95,,clifton_court_forebay,Clifton Court Forebay,closure_1,Closure 1 (long closure),response emerges 6 day(s) after the closure begins; ends 4 day(s) before reopening,6.0,-4.0,False,True,True,False
combo_excl_355_357_362,"Combination: exclude [355, 357, 362]",284;288;358;359;360;363,355;357;362,6,no_qualifying_pattern,no_qualifying_pattern,,,,0,373.72099333333335,362.09378000000004,-11.62722,-2.9653466666666666,-11.214333333333334,,,,,,284;288;358;359;360;363,0,0,,fresher,2019-11-26,2019-12-10,373.72099333333335,362.09378000000004,-11.62722,-2.9653466666666666,0,"No sustained qualifying episode (7-day rolling, 50 uS/cm or 10%, >=60% station agreement, median-direction-consistent, >=7 qualifying days) overlaps this period under this station set. Raw (unqualified) period averages are reported above for transparency.",clifton_court_forebay,Clifton Court Forebay,closure_2,Closure 2 (short closure),not_applicable,,,,,,
combo_excl_355_357_362,"Combination: exclude [355, 357, 362]",284;288;358;359;360;363,355;357;362,6,fresher,persistent_condition,2020-10-01,2020-11-29,60.0,60,700.962,541.213,-159.749,-22.766,,,1.0,,284;288;358;359;360;363,,,6,0,0.0,fresher,2020-07-15,2020-11-29,614.9377173913043,485.34414565217395,-129.59357318840577,-20.53778913043478,128,,clifton_court_forebay,Clifton Court Forebay,closure_3,Closure 3 (provisional),response emerges 78 day(s) after the closure begins; ends exactly at reopening,78.0,0.0,False,True,False,False
combo_excl_355_357_363,"Combination: exclude [355, 357, 363]",284;288;358;359;360;362,355;357;363,6,fresher,episode,2018-10-07,2018-12-26,81.0,81,624.983,514.902,-110.082,-17.91,-112.872,202.42,1.0,1.0,284;288;358;359;360;362,,,6,0,1.0,fresher,2018-10-01,2019-01-13,652.7430152380954,556.0393523809526,-96.7036638095238,-15.465625714285714,89,,clifton_court_forebay,Clifton Court Forebay,closure_1,Closure 1 (long closure),response emerges 6 day(s) after the closure begins; ends 18 day(s) before reopening,6.0,-18.0,False,True,True,False
combo_excl_355_357_363,"Combination: exclude [355, 357, 363]",284;288;358;359;360;362,355;357;363,6,no_qualifying_pattern,no_qualifying_pattern,,,,0,373.96721999999994,362.75178,-11.215440000000001,-2.8664199999999997,-9.622666666666667,,,,,,284;288;358;359;360;362,0,0,,fresher,2019-11-26,2019-12-10,373.96721999999994,362.75178,-11.215440000000001,-2.8664199999999997,0,"No sustained qualifying episode (7-day rolling, 50 uS/cm or 10%, >=60% station agreement, median-direction-consistent, >=7 qualifying days) overlaps this period under this station set. Raw (unqualified) period averages are reported above for transparency.",clifton_court_forebay,Clifton Court Forebay,closure_2,Closure 2 (short closure),not_applicable,,,,,,
combo_excl_355_357_363,"Combination: exclude [355, 357, 363]",284;288;358;359;360;362,355;357;363,6,fresher,persistent_condition,2020-10-01,2020-11-29,60.0,60,696.385,536.623,-159.762,-22.925,,,1.0,,284;288;358;359;360;362,,,6,0,0.0,fresher,2020-07-15,2020-11-29,608.4427413043478,478.83930289855084,-129.60344057971014,-20.800502173913042,129,,clifton_court_forebay,Clifton Court Forebay,closure_3,Closure 3 (provisional),response emerges 78 day(s) after the closure begins; ends exactly at reopening,78.0,0.0,False,True,False,False
combo_excl_355_358_362,"Combination: exclude [355, 358, 362]",284;288;357;359;360;363,355;358;362,6,fresher,episode,2018-10-07,2019-01-10,96.0,96,651.792,539.901,-111.89,-17.601,-107.547,205.5,1.0,1.0,284;288;357;359;360;363,,,6,0,0.0,fresher,2018-10-01,2019-01-13,656.9505399999998,549.6530752380952,-107.29746095238096,-16.853981904761905,96,,clifton_court_forebay,Clifton Court Forebay,closure_1,Closure 1 (long closure),response emerges 6 day(s) after the closure begins; ends 3 day(s) before reopening,6.0,-3.0,False,True,True,False
combo_excl_355_358_362,"Combination: exclude [355, 358, 362]",284;288;357;359;360;363,355;358;362,6,no_qualifying_pattern,no_qualifying_pattern,,,,0,356.3933466666667,341.7927866666667,-14.600553333333332,-3.8529066666666667,-15.067,,,,,,284;288;357;359;360;363,0,0,,fresher,2019-11-26,2019-12-10,356.3933466666667,341.7927866666667,-14.600553333333332,-3.8529066666666667,0,"No sustained qualifying episode (7-day rolling, 50 uS/cm or 10%, >=60% station agreement, median-direction-consistent, >=7 qualifying days) overlaps this period under this station set. Raw (unqualified) period averages are reported above for transparency.",clifton_court_forebay,Clifton Court Forebay,closure_2,Closure 2 (short closure),not_applicable,,,,,,
combo_excl_355_358_362,"Combination: exclude [355, 358, 362]",284;288;357;359;360;363,355;358;362,6,fresher,persistent_condition,2020-10-01,2020-11-29,60.0,60,716.465,543.124,-173.341,-24.163,,,1.0,,284;288;357;359;360;363,,,6,0,0.0,fresher,2020-07-15,2020-11-29,626.3753007246378,486.7696173913044,-139.60568985507248,-21.702409420289854,129,,clifton_court_forebay,Clifton Court Forebay,closure_3,Closure 3 (provisional),response emerges 78 day(s) after the closure begins; ends exactly at reopening,78.0,0.0,False,True,False,False
combo_excl_355_358_363,"Combination: exclude [355, 358, 363]",284;288;357;359;360;362,355;358;363,6,fresher,episode,2018-10-07,2019-01-10,96.0,96,652.847,541.811,-111.035,-17.518,-118.831,205.5,1.0,1.0,284;288;357;359;360;362,,,6,0,0.0,fresher,2018-10-01,2019-01-13,657.9863314285715,551.4869542857143,-106.4993819047619,-16.77916666666667,96,,clifton_court_forebay,Clifton Court Forebay,closure_1,Closure 1 (long closure),response emerges 6 day(s) after the closure begins; ends 3 day(s) before reopening,6.0,-3.0,False,True,True,False
combo_excl_355_358_363,"Combination: exclude [355, 358, 363]",284;288;357;359;360;362,355;358;363,6,no_qualifying_pattern,no_qualifying_pattern,,,,0,356.63956,342.45077999999995,-14.188780000000001,-3.7594,-13.475333333333333,,,,,,284;288;357;359;360;362,0,0,,fresher,2019-11-26,2019-12-10,356.63956,342.45077999999995,-14.188780000000001,-3.7594,0,"No sustained qualifying episode (7-day rolling, 50 uS/cm or 10%, >=60% station agreement, median-direction-consistent, >=7 qualifying days) overlaps this period under this station set. Raw (unqualified) period averages are reported above for transparency.",clifton_court_forebay,Clifton Court Forebay,closure_2,Closure 2 (short closure),not_applicable,,,,,,
combo_excl_355_358_363,"Combination: exclude [355, 358, 363]",284;288;357;359;360;362,355;358;363,6,fresher,persistent_condition,2020-10-01,2020-11-29,60.0,60,711.888,538.534,-173.354,-24.324,,,1.0,,284;288;357;359;360;362,,,6,0,0.0,fresher,2020-07-15,2020-11-29,619.8803217391304,480.2647717391304,-139.6155572463768,-21.97490652173913,129,,clifton_court_forebay,Clifton Court Forebay,closure_3,Closure 3 (provisional),response emerges 78 day(s) after the closure begins; ends exactly at reopening,78.0,0.0,False,True,False,False
combo_excl_355_362_363,"Combination: exclude [355, 362, 363]",284;288;357;358;359;360,355;362;363,6,fresher,episode,2018-10-07,2019-01-10,96.0,96,649.562,535.453,-114.109,-18.01,-110.793,205.5,1.0,1.0,284;288;357;358;359;360,,,6,0,0.0,fresher,2018-10-01,2019-01-13,654.5061580952382,545.103602857143,-109.40256,-17.241986666666666,96,,clifton_court_forebay,Clifton Court Forebay,closure_1,Closure 1 (long closure),response emerges 6 day(s) after the closure begins; ends 3 day(s) before reopening,6.0,-3.0,False,True,True,False
combo_excl_355_362_363,"Combination: exclude [355, 362, 363]",284;288;357;358;359;360,355;362;363,6,no_qualifying_pattern,no_qualifying_pattern,,,,0,344.68468000000007,329.4790066666666,-15.205666666666668,-4.139100000000001,-13.927000000000001,,,,,,284;288;357;358;359;360,0,0,,fresher,2019-11-26,2019-12-10,344.68468000000007,329.4790066666666,-15.205666666666668,-4.139100000000001,0,"No sustained qualifying episode (7-day rolling, 50 uS/cm or 10%, >=60% station agreement, median-direction-consistent, >=7 qualifying days) overlaps this period under this station set. Raw (unqualified) period averages are reported above for transparency.",clifton_court_forebay,Clifton Court Forebay,closure_2,Closure 2 (short closure),not_applicable,,,,,,
combo_excl_355_362_363,"Combination: exclude [355, 362, 363]",284;288;357;358;359;360,355;362;363,6,fresher,persistent_condition,2020-10-01,2020-11-29,60.0,60,715.627,538.593,-177.034,-24.705,,,1.0,,284;288;357;358;359;360,,,6,0,0.0,fresher,2020-07-15,2020-11-29,622.1447115942028,480.0438166666667,-142.10089420289856,-22.273668840579713,130,,clifton_court_forebay,Clifton Court Forebay,closure_3,Closure 3 (provisional),response emerges 78 day(s) after the closure begins; ends exactly at reopening,78.0,0.0,False,True,False,False
combo_excl_357_358_362,"Combination: exclude [357, 358, 362]",284;288;355;359;360;363,357;358;362,6,fresher,episode,2018-10-07,2019-01-11,97.0,97,658.896,542.388,-116.508,-18.129,-120.049,255.99,1.0,1.0,284;288;355;359;360;363,,,6,0,0.0,fresher,2018-10-01,2019-01-13,662.8086171428572,550.3530780952381,-112.45553714285714,-17.48457619047619,97,,clifton_court_forebay,Clifton Court Forebay,closure_1,Closure 1 (long closure),response emerges 6 day(s) after the closure begins; ends 2 day(s) before reopening,6.0,-2.0,False,True,True,False
combo_excl_357_358_362,"Combination: exclude [357, 358, 362]",284;288;355;359;360;363,357;358;362,6,no_qualifying_pattern,no_qualifying_pattern,,,,0,355.4620133333334,339.51198666666664,-15.950013333333333,-4.20556,-15.067,,,,,,284;288;355;359;360;363,0,0,,fresher,2019-11-26,2019-12-10,355.4620133333334,339.51198666666664,-15.950013333333333,-4.20556,0,"No sustained qualifying episode (7-day rolling, 50 uS/cm or 10%, >=60% station agreement, median-direction-consistent, >=7 qualifying days) overlaps this period under this station set. Raw (unqualified) period averages are reported above for transparency.",clifton_court_forebay,Clifton Court Forebay,closure_2,Closure 2 (short closure),not_applicable,,,,,,
combo_excl_357_358_362,"Combination: exclude [357, 358, 362]",284;288;355;359;360;363,357;358;362,6,fresher,persistent_condition,2020-10-01,2020-11-29,60.0,60,722.393,543.877,-178.516,-24.682,,,1.0,,284;288;355;359;360;363,,,6,0,0.0,fresher,2020-07-15,2020-11-29,633.7652753623189,488.03186014492763,-145.73341666666664,-22.418089855072463,129,,clifton_court_forebay,Clifton Court Forebay,closure_3,Closure 3 (provisional),response emerges 78 day(s) after the closure begins; ends exactly at reopening,78.0,0.0,False,True,False,False
combo_excl_357_358_363,"Combination: exclude [357, 358, 363]",284;288;355;359;360;362,357;358;363,6,fresher,episode,2018-10-07,2019-01-10,96.0,96,658.91,542.575,-116.336,-18.165,-131.865,255.99,1.0,1.0,284;288;355;359;360;362,,,6,0,0.0,fresher,2018-10-01,2019-01-13,663.8444104761904,552.1869533333333,-111.65745809523808,-17.410394285714286,96,,clifton_court_forebay,Clifton Court Forebay,closure_1,Closure 1 (long closure),response emerges 6 day(s) after the closure begins; ends 3 day(s) before reopening,6.0,-3.0,False,True,True,False
combo_excl_357_358_363,"Combination: exclude [357, 358, 363]",284;288;355;359;360;362,357;358;363,6,no_qualifying_pattern,no_qualifying_pattern,,,,0,355.70822000000004,340.1700000000001,-15.538213333333335,-4.115113333333333,-13.475333333333333,,,,,,284;288;355;359;360;362,0,0,,fresher,2019-11-26,2019-12-10,355.70822000000004,340.1700000000001,-15.538213333333335,-4.115113333333333,0,"No sustained qualifying episode (7-day rolling, 50 uS/cm or 10%, >=60% station agreement, median-direction-consistent, >=7 qualifying days) overlaps this period under this station set. Raw (unqualified) period averages are reported above for transparency.",clifton_court_forebay,Clifton Court Forebay,closure_2,Closure 2 (short closure),not_applicable,,,,,,
combo_excl_357_358_363,"Combination: exclude [357, 358, 363]",284;288;355;359;360;362,357;358;363,6,fresher,persistent_condition,2020-10-01,2020-11-29,60.0,60,717.816,539.287,-178.529,-24.845,,,1.0,,284;288;355;359;360;362,,,6,0,0.0,fresher,2020-07-15,2020-11-29,627.2703036231884,481.527018115942,-145.74328550724638,-22.69686304347826,130,,clifton_court_forebay,Clifton Court Forebay,closure_3,Closure 3 (provisional),response emerges 78 day(s) after the closure begins; ends exactly at reopening,78.0,0.0,False,True,False,False
combo_excl_357_362_363,"Combination: exclude [357, 362, 363]",284;288;355;358;359;360,357;362;363,6,fresher,episode,2018-10-07,2019-01-11,97.0,97,656.624,537.923,-118.701,-18.532,-123.343,255.99,1.0,1.0,284;288;355;358;359;360,,,6,0,0.0,fresher,2018-10-01,2019-01-13,660.364242857143,545.8036009523809,-114.56063047619044,-17.870341904761904,97,,clifton_court_forebay,Clifton Court Forebay,closure_1,Closure 1 (long closure),response emerges 6 day(s) after the closure begins; ends 2 day(s) before reopening,6.0,-2.0,False,True,True,False
combo_excl_357_362_363,"Combination: exclude [357, 362, 363]",284;288;355;358;359;360,357;362;363,6,no_qualifying_pattern,no_qualifying_pattern,,,,0,343.7533333333334,327.1982333333333,-16.555113333333335,-4.503220000000001,-13.927000000000001,,,,,,284;288;355;358;359;360,0,0,,fresher,2019-11-26,2019-12-10,343.7533333333334,327.1982333333333,-16.555113333333335,-4.503220000000001,0,"No sustained qualifying episode (7-day rolling, 50 uS/cm or 10%, >=60% station agreement, median-direction-consistent, >=7 qualifying days) overlaps this period under this station set. Raw (unqualified) period averages are reported above for transparency.",clifton_court_forebay,Clifton Court Forebay,closure_2,Closure 2 (short closure),not_applicable,,,,,,
combo_excl_357_362_363,"Combination: exclude [357, 362, 363]",284;288;355;358;359;360,357;362;363,6,fresher,persistent_condition,2020-10-01,2020-11-29,60.0,60,721.555,539.346,-182.209,-25.22,,,1.0,,284;288;355;358;359;360,,,6,0,0.0,fresher,2020-07-15,2020-11-29,629.5346818840579,481.3060666666667,-148.22862173913043,-22.99020579710145,130,,clifton_court_forebay,Clifton Court Forebay,closure_3,Closure 3 (provisional),response emerges 78 day(s) after the closure begins; ends exactly at reopening,78.0,0.0,False,True,False,False
group_C_excluded,"Exclude group_C block ([358, 362, 363])",284;288;355;357;359;360,358;362;363,6,fresher,episode,2018-10-07,2019-01-11,97.0,97,662.251,533.513,-128.738,-19.832,-135.935,255.99,1.0,1.0,284;288;355;357;359;360,,,6,0,0.0,fresher,2018-10-01,2019-01-13,665.6075542857144,541.2512047619048,-124.35634761904761,-19.13718761904762,97,,clifton_court_forebay,Clifton Court Forebay,closure_1,Closure 1 (long closure),response emerges 6 day(s) after the closure begins; ends 2 day(s) before reopening,6.0,-2.0,False,True,True,False
group_C_excluded,"Exclude group_C block ([358, 362, 363])",284;288;355;357;359;360,358;362;363,6,no_qualifying_pattern,no_qualifying_pattern,,,,0,326.4256733333334,306.8972266666667,-19.528446666666664,-5.52242,-20.292666666666666,,,,,,284;288;355;357;359;360,0,0,,fresher,2019-11-26,2019-12-10,326.4256733333334,306.8972266666667,-19.528446666666664,-5.52242,0,"No sustained qualifying episode (7-day rolling, 50 uS/cm or 10%, >=60% station agreement, median-direction-consistent, >=7 qualifying days) overlaps this period under this station set. Raw (unqualified) period averages are reported above for transparency.",clifton_court_forebay,Clifton Court Forebay,closure_2,Closure 2 (short closure),not_applicable,,,,,,
group_C_excluded,"Exclude group_C block ([358, 362, 363])",284;288;355;357;359;360,358;362;363,6,fresher,persistent_condition,2020-10-01,2020-11-29,60.0,60,737.058,541.257,-195.801,-26.524,,,1.0,,284;288;355;357;359;360,,,6,0,0.0,fresher,2020-07-15,2020-11-29,640.9722731884057,482.73153550724635,-158.24073913043478,-24.086492028985507,130,,clifton_court_forebay,Clifton Court Forebay,closure_3,Closure 3 (provisional),response emerges 78 day(s) after the closure begins; ends exactly at reopening,78.0,0.0,False,True,False,False
combo_excl_284_288_355_357,"Combination: exclude [284, 288, 355, 357]",358;359;360;362;363,284;288;355;357,5,fresher,episode,2018-10-07,2018-12-18,73.0,73,560.533,468.117,-92.416,-16.671,-91.618,179.0,1.0,1.0,358;359;360;362;363,,,5,0,0.0,fresher,2018-10-01,2019-01-13,602.8190476190476,529.4266476190477,-73.39240000000001,-12.972882857142858,73,,clifton_court_forebay,Clifton Court Forebay,closure_1,Closure 1 (long closure),response emerges 6 day(s) after the closure begins; ends 26 day(s) before reopening,6.0,-26.0,False,True,True,False
combo_excl_284_288_355_357,"Combination: exclude [284, 288, 355, 357]",358;359;360;362;363,284;288;355;357,5,no_qualifying_pattern,no_qualifying_pattern,,,,0,365.0710666666667,352.66093333333333,-12.410133333333334,-3.3381066666666666,-9.394000000000002,,,,,,358;359;360;362;363,0,0,,fresher,2019-11-26,2019-12-10,365.0710666666667,352.66093333333333,-12.410133333333334,-3.3381066666666666,0,"No sustained qualifying episode (7-day rolling, 50 uS/cm or 10%, >=60% station agreement, median-direction-consistent, >=7 qualifying days) overlaps this period under this station set. Raw (unqualified) period averages are reported above for transparency.",clifton_court_forebay,Clifton Court Forebay,closure_2,Closure 2 (short closure),not_applicable,,,,,,
combo_excl_284_288_355_357,"Combination: exclude [284, 288, 355, 357]",358;359;360;362;363,284;288;355;357,5,fresher,persistent_condition,2020-10-01,2020-11-29,60.0,60,644.118,511.788,-132.33,-20.527,,,1.0,,358;359;360;362;363,,,5,0,0.0,fresher,2020-07-15,2020-11-29,571.4025652173914,462.8157681159421,-108.58679710144926,-18.759732608695654,129,,clifton_court_forebay,Clifton Court Forebay,closure_3,Closure 3 (provisional),response emerges 78 day(s) after the closure begins; ends exactly at reopening,78.0,0.0,False,True,False,False
combo_excl_284_288_355_358,"Combination: exclude [284, 288, 355, 358]",357;359;360;362;363,284;288;355;358,5,fresher,episode,2018-10-07,2018-12-19,74.0,74,572.704,467.564,-105.139,-18.51,-118.476,205.5,1.0,1.0,357;359;360;362;363,,,5,0,0.0,fresher,2018-10-01,2019-01-13,609.1110285714285,523.9637714285714,-85.14725714285714,-14.706523809523809,74,,clifton_court_forebay,Clifton Court Forebay,closure_1,Closure 1 (long closure),response emerges 6 day(s) after the closure begins; ends 25 day(s) before reopening,6.0,-25.0,False,True,True,False
combo_excl_284_288_355_358,"Combination: exclude [284, 288, 355, 358]",357;359;360;362;363,284;288;355;358,5,no_qualifying_pattern,no_qualifying_pattern,,,,0,344.2778666666667,328.29973333333334,-15.978133333333334,-4.518806666666666,-20.114666666666665,,,,,,357;359;360;362;363,0,0,,fresher,2019-11-26,2019-12-10,344.2778666666667,328.29973333333334,-15.978133333333334,-4.518806666666666,0,"No sustained qualifying episode (7-day rolling, 50 uS/cm or 10%, >=60% station agreement, median-direction-consistent, >=7 qualifying days) overlaps this period under this station set. Raw (unqualified) period averages are reported above for transparency.",clifton_court_forebay,Clifton Court Forebay,closure_2,Closure 2 (short closure),not_applicable,,,,,,
combo_excl_284_288_355_358,"Combination: exclude [284, 288, 355, 358]",357;359;360;362;363,284;288;355;358,5,fresher,persistent_condition,2020-10-01,2020-11-29,60.0,60,662.722,514.082,-148.64,-22.399,,,1.0,,357;359;360;362;363,,,5,0,0.0,fresher,2020-07-15,2020-11-29,585.1276666666666,464.5263333333333,-120.60133333333333,-20.30331811594203,130,,clifton_court_forebay,Clifton Court Forebay,closure_3,Closure 3 (provisional),response emerges 78 day(s) after the closure begins; ends exactly at reopening,78.0,0.0,False,True,False,False
combo_excl_284_288_355_362,"Combination: exclude [284, 288, 355, 362]",357;358;359;360;363,284;288;355;362,5,fresher,episode,2018-10-07,2018-12-20,75.0,75,573.604,465.037,-108.568,-19.037,-115.229,205.5,1.0,1.0,357;358;359;360;363,,,5,0,0.0,fresher,2018-10-01,2019-01-13,604.934819047619,516.3037523809523,-88.63106666666667,-15.28570857142857,77,,clifton_court_forebay,Clifton Court Forebay,closure_1,Closure 1 (long closure),response emerges 6 day(s) after the closure begins; ends 24 day(s) before reopening,6.0,-24.0,False,True,True,False
combo_excl_284_288_355_362,"Combination: exclude [284, 288, 355, 362]",357;358;359;360;363,284;288;355;362,5,no_qualifying_pattern,no_qualifying_pattern,,,,0,329.93199999999996,312.73359999999997,-17.1984,-5.023886666666667,-20.114666666666665,,,,,,357;358;359;360;363,0,0,,fresher,2019-11-26,2019-12-10,329.93199999999996,312.73359999999997,-17.1984,-5.023886666666667,0,"No sustained qualifying episode (7-day rolling, 50 uS/cm or 10%, >=60% station agreement, median-direction-consistent, >=7 qualifying days) overlaps this period under this station set. Raw (unqualified) period averages are reported above for transparency.",clifton_court_forebay,Clifton Court Forebay,closure_2,Closure 2 (short closure),not_applicable,,,,,,
combo_excl_284_288_355_362,"Combination: exclude [284, 288, 355, 362]",357;358;359;360;363,284;288;355;362,5,fresher,persistent_condition,2020-10-01,2020-11-29,60.0,60,667.208,514.152,-153.057,-22.901,,,1.0,,357;358;359;360;363,,,5,0,0.0,fresher,2020-07-15,2020-11-29,587.8449275362319,464.2611884057971,-123.5837391304348,-20.68915652173913,130,,clifton_court_forebay,Clifton Court Forebay,closure_3,Closure 3 (provisional),response emerges 78 day(s) after the closure begins; ends exactly at reopening,78.0,0.0,False,True,False,False
combo_excl_284_288_355_363,"Combination: exclude [284, 288, 355, 363]",357;358;359;360;362,284;288;355;363,5,fresher,episode,2018-10-07,2018-12-19,74.0,74,570.923,462.329,-108.594,-19.19,-118.548,205.5,1.0,1.0,357;358;359;360;362,,,5,0,0.0,fresher,2018-10-01,2019-01-13,606.1777714285714,518.5044,-87.67337142857143,-15.211824761904763,74,,clifton_court_forebay,Clifton Court Forebay,closure_1,Closure 1 (long closure),response emerges 6 day(s) after the closure begins; ends 25 day(s) before reopening,6.0,-25.0,False,True,True,False
combo_excl_284_288_355_363,"Combination: exclude [284, 288, 355, 363]",357;358;359;360;362,284;288;355;363,5,no_qualifying_pattern,no_qualifying_pattern,,,,0,330.22746666666677,313.52320000000003,-16.70426666666667,-4.9364799999999995,-20.114666666666665,,,,,,357;358;359;360;362,0,0,,fresher,2019-11-26,2019-12-10,330.22746666666677,313.52320000000003,-16.70426666666667,-4.9364799999999995,0,"No sustained qualifying episode (7-day rolling, 50 uS/cm or 10%, >=60% station agreement, median-direction-consistent, >=7 qualifying days) overlaps this period under this station set. Raw (unqualified) period averages are reported above for transparency.",clifton_court_forebay,Clifton Court Forebay,closure_2,Closure 2 (short closure),not_applicable,,,,,,
combo_excl_284_288_355_363,"Combination: exclude [284, 288, 355, 363]",357;358;359;360;362,284;288;355;363,5,fresher,persistent_condition,2020-10-01,2020-11-29,60.0,60,661.716,508.644,-153.072,-23.105,,,1.0,,357;358;359;360;362,,,5,0,0.0,fresher,2020-07-15,2020-11-29,580.0509565217392,456.45537681159425,-123.59557971014492,-21.062660144927538,131,,clifton_court_forebay,Clifton Court Forebay,closure_3,Closure 3 (provisional),response emerges 78 day(s) after the closure begins; ends exactly at reopening,78.0,0.0,False,True,False,False
combo_excl_284_288_357_358,"Combination: exclude [284, 288, 357, 358]",355;359;360;362;363,284;288;357;358,5,fresher,episode,2018-10-07,2018-12-20,75.0,75,581.918,470.748,-111.17,-19.288,-118.622,255.99,1.0,1.0,355;359;360;362;363,,,5,0,0.0,fresher,2018-10-01,2019-01-13,616.1407238095238,524.8037714285714,-91.33695238095237,-15.55118095238095,78,,clifton_court_forebay,Clifton Court Forebay,closure_1,Closure 1 (long closure),response emerges 6 day(s) after the closure begins; ends 24 day(s) before reopening,6.0,-24.0,False,True,True,False
combo_excl_284_288_357_358,"Combination: exclude [284, 288, 357, 358]",355;359;360;362;363,284;288;357;358,5,no_qualifying_pattern,no_qualifying_pattern,,,,0,343.16026666666664,325.5628,-17.597466666666666,-4.9768,-20.114666666666665,,,,,,355;359;360;362;363,0,0,,fresher,2019-11-26,2019-12-10,343.16026666666664,325.5628,-17.597466666666666,-4.9768,0,"No sustained qualifying episode (7-day rolling, 50 uS/cm or 10%, >=60% station agreement, median-direction-consistent, >=7 qualifying days) overlaps this period under this station set. Raw (unqualified) period averages are reported above for transparency.",clifton_court_forebay,Clifton Court Forebay,closure_2,Closure 2 (short closure),not_applicable,,,,,,
combo_excl_284_288_357_358,"Combination: exclude [284, 288, 357, 358]",355;359;360;362;363,284;288;357;358,5,fresher,persistent_condition,2020-10-01,2020-11-29,60.0,60,669.836,514.986,-154.85,-23.089,,,1.0,,355;359;360;362;363,,,5,0,0.0,fresher,2020-07-15,2020-11-29,593.9956376811595,466.04102898550724,-127.95460869565218,-21.239646376811596,130,,clifton_court_forebay,Clifton Court Forebay,closure_3,Closure 3 (provisional),response emerges 78 day(s) after the closure begins; ends exactly at reopening,78.0,0.0,False,True,False,False
combo_excl_284_288_357_362,"Combination: exclude [284, 288, 357, 362]",355;358;359;360;363,284;288;357;362,5,fresher,episode,2018-10-07,2018-12-20,75.0,75,581.411,466.037,-115.374,-19.959,-116.205,255.99,1.0,1.0,355;358;359;360;363,,,5,0,0.0,fresher,2018-10-01,2019-01-13,611.9645142857142,517.1437523809524,-94.82076190476192,-16.125414285714285,81,,clifton_court_forebay,Clifton Court Forebay,closure_1,Closure 1 (long closure),response emerges 6 day(s) after the closure begins; ends 24 day(s) before reopening,6.0,-24.0,False,True,True,False
combo_excl_284_288_357_362,"Combination: exclude [284, 288, 357, 362]",355;358;359;360;363,284;288;357;362,5,no_qualifying_pattern,no_qualifying_pattern,,,,0,328.8144,309.99666666666667,-18.81773333333333,-5.4948,-20.114666666666665,,,,,,355;358;359;360;363,0,0,,fresher,2019-11-26,2019-12-10,328.8144,309.99666666666667,-18.81773333333333,-5.4948,0,"No sustained qualifying episode (7-day rolling, 50 uS/cm or 10%, >=60% station agreement, median-direction-consistent, >=7 qualifying days) overlaps this period under this station set. Raw (unqualified) period averages are reported above for transparency.",clifton_court_forebay,Clifton Court Forebay,closure_2,Closure 2 (short closure),not_applicable,,,,,,
combo_excl_284_288_357_362,"Combination: exclude [284, 288, 357, 362]",355;358;359;360;363,284;288;357;362,5,fresher,persistent_condition,2020-10-01,2020-11-29,60.0,60,674.322,515.056,-159.267,-23.582,,,1.0,,355;358;359;360;363,,,5,0,0.0,fresher,2020-07-15,2020-11-29,596.7128985507246,465.77588405797104,-130.93701449275363,-21.61670217391304,130,,clifton_court_forebay,Clifton Court Forebay,closure_3,Closure 3 (provisional),response emerges 78 day(s) after the closure begins; ends exactly at reopening,78.0,0.0,False,True,False,False
combo_excl_284_288_357_363,"Combination: exclude [284, 288, 357, 363]",355;358;359;360;362,284;288;357;363,5,fresher,episode,2018-10-07,2018-12-20,75.0,75,580.104,465.521,-114.583,-19.953,-119.366,255.99,1.0,1.0,355;358;359;360;362,,,5,0,0.0,fresher,2018-10-01,2019-01-13,613.2074666666666,519.3444000000001,-93.86306666666665,-16.052621904761907,78,,clifton_court_forebay,Clifton Court Forebay,closure_1,Closure 1 (long closure),response emerges 6 day(s) after the closure begins; ends 24 day(s) before reopening,6.0,-24.0,False,True,True,False
combo_excl_284_288_357_363,"Combination: exclude [284, 288, 357, 363]",355;358;359;360;362,284;288;357;363,5,no_qualifying_pattern,no_qualifying_pattern,,,,0,329.1098666666666,310.7862666666667,-18.323599999999995,-5.413986666666667,-20.114666666666665,,,,,,355;358;359;360;362,0,0,,fresher,2019-11-26,2019-12-10,329.1098666666666,310.7862666666667,-18.323599999999995,-5.413986666666667,0,"No sustained qualifying episode (7-day rolling, 50 uS/cm or 10%, >=60% station agreement, median-direction-consistent, >=7 qualifying days) overlaps this period under this station set. Raw (unqualified) period averages are reported above for transparency.",clifton_court_forebay,Clifton Court Forebay,closure_2,Closure 2 (short closure),not_applicable,,,,,,
combo_excl_284_288_357_363,"Combination: exclude [284, 288, 357, 363]",355;358;359;360;362,284;288;357;363,5,fresher,persistent_condition,2020-10-01,2020-11-29,60.0,60,668.83,509.548,-159.282,-23.79,,,1.0,,355;358;359;360;362,,,5,0,0.0,fresher,2020-07-15,2020-11-29,588.9189275362319,457.9700724637682,-130.94885507246377,-22.00011376811594,131,,clifton_court_forebay,Clifton Court Forebay,closure_3,Closure 3 (provisional),response emerges 78 day(s) after the closure begins; ends exactly at reopening,78.0,0.0,False,True,False,False
combo_excl_284_288_358_362,"Combination: exclude [284, 288, 358, 362]",355;357;359;360;363,284;288;358;362,5,fresher,episode,2018-10-07,2018-12-21,76.0,76,592.821,465.176,-127.645,-21.617,-130.337,255.99,1.0,1.0,355;357;359;360;363,,,5,0,1.0,fresher,2018-10-01,2019-01-13,618.2564952380952,511.68087619047617,-106.57561904761906,-17.774240952380953,87,,clifton_court_forebay,Clifton Court Forebay,closure_1,Closure 1 (long closure),response emerges 6 day(s) after the closure begins; ends 23 day(s) before reopening,6.0,-23.0,False,True,True,False
combo_excl_284_288_358_362,"Combination: exclude [284, 288, 358, 362]",355;357;359;360;363,284;288;358;362,5,fresher,episode,2019-12-09,2019-12-18,10.0,10,347.076,308.429,-38.647,-11.126,-37.989,71.72,1.0,1.0,355;357;359;360;363,,,5,0,0.0,fresher,2019-11-26,2019-12-10,308.02119999999996,285.6354666666667,-22.385733333333334,-6.887846666666666,2,,clifton_court_forebay,Clifton Court Forebay,closure_2,Closure 2 (short closure),response emerges 13 day(s) after the closure begins; persists 8 day(s) after reopening,13.0,8.0,False,True,False,True
combo_excl_284_288_358_362,"Combination: exclude [284, 288, 358, 362]",355;357;359;360;363,284;288;358;362,5,fresher,persistent_condition,2020-10-01,2020-11-29,60.0,60,692.926,517.349,-175.577,-25.29,,,1.0,,355;357;359;360;363,,,5,0,0.0,fresher,2020-07-15,2020-11-29,610.438,467.4864492753623,-142.95155072463768,-23.030002898550727,131,,clifton_court_forebay,Clifton Court Forebay,closure_3,Closure 3 (provisional),response emerges 78 day(s) after the closure begins; ends exactly at reopening,78.0,0.0,False,True,False,False
combo_excl_284_288_358_363,"Combination: exclude [284, 288, 358, 363]",355;357;359;360;362,284;288;358;363,5,fresher,episode,2018-10-07,2018-12-21,76.0,76,591.652,464.82,-126.833,-21.601,-132.55,255.99,1.0,1.0,355;357;359;360;362,,,5,0,1.0,fresher,2018-10-01,2019-01-13,619.4994476190476,513.8815238095237,-105.6179238095238,-17.69408,86,,clifton_court_forebay,Clifton Court Forebay,closure_1,Closure 1 (long closure),response emerges 6 day(s) after the closure begins; ends 23 day(s) before reopening,6.0,-23.0,False,True,True,False
combo_excl_284_288_358_363,"Combination: exclude [284, 288, 358, 363]",355;357;359;360;362,284;288;358;363,5,fresher,episode,2019-12-09,2019-12-17,9.0,9,337.939,298.877,-39.062,-11.551,-38.143,71.72,1.0,1.0,355;357;359;360;362,,,5,0,0.0,fresher,2019-11-26,2019-12-10,308.3166666666667,286.4250666666667,-21.8916,-6.823493333333333,2,,clifton_court_forebay,Clifton Court Forebay,closure_2,Closure 2 (short closure),response emerges 13 day(s) after the closure begins; persists 7 day(s) after reopening,13.0,7.0,False,True,False,True
combo_excl_284_288_358_363,"Combination: exclude [284, 288, 358, 363]",355;357;359;360;362,284;288;358;363,5,fresher,persistent_condition,2020-10-01,2020-11-29,60.0,60,687.434,511.841,-175.592,-25.5,,,1.0,,355;357;359;360;362,,,5,0,0.0,fresher,2020-07-15,2020-11-29,602.6440289855072,459.6806376811594,-142.96339130434782,-23.426857246376812,131,,clifton_court_forebay,Clifton Court Forebay,closure_3,Closure 3 (provisional),response emerges 78 day(s) after the closure begins; ends exactly at reopening,78.0,0.0,False,True,False,False
combo_excl_284_288_362_363,"Combination: exclude [284, 288, 362, 363]",355;357;358;359;360,284;288;362;363,5,fresher,episode,2018-10-07,2018-12-21,76.0,76,590.959,459.942,-131.017,-22.263,-130.594,255.99,1.0,1.0,355;357;358;359;360,,,5,0,1.0,fresher,2018-10-01,2019-01-13,615.3232380952381,506.2215047619047,-109.10173333333333,-18.269217142857144,87,,clifton_court_forebay,Clifton Court Forebay,closure_1,Closure 1 (long closure),response emerges 6 day(s) after the closure begins; ends 23 day(s) before reopening,6.0,-23.0,False,True,True,False
combo_excl_284_288_362_363,"Combination: exclude [284, 288, 362, 363]",355;357;358;359;360,284;288;362;363,5,fresher,episode,2019-12-08,2019-12-18,11.0,11,334.396,295.081,-39.315,-11.746,-37.463,71.72,1.0,1.0,355;357;358;359;360,,,5,0,0.0,fresher,2019-11-26,2019-12-10,293.9708,270.8589333333333,-23.11186666666667,-7.4461,3,,clifton_court_forebay,Clifton Court Forebay,closure_2,Closure 2 (short closure),response emerges 12 day(s) after the closure begins; persists 8 day(s) after reopening,12.0,8.0,False,True,False,True
combo_excl_284_288_362_363,"Combination: exclude [284, 288, 362, 363]",355;357;358;359;360,284;288;362;363,5,fresher,persistent_condition,2020-10-01,2020-11-29,60.0,60,691.92,511.911,-180.009,-25.963,,,1.0,,355;357;358;359;360,,,5,0,0.0,fresher,2020-07-15,2020-11-29,605.3612898550725,459.4154927536232,-145.94579710144924,-23.78607536231884,131,,clifton_court_forebay,Clifton Court Forebay,closure_3,Closure 3 (provisional),response emerges 78 day(s) after the closure begins; ends exactly at reopening,78.0,0.0,False,True,False,False
combo_excl_284_355_357_358,"Combination: exclude [284, 355, 357, 358]",288;359;360;362;363,284;355;357;358,5,fresher,episode,2018-10-07,2018-12-21,76.0,76,590.623,483.982,-106.641,-18.257,-110.778,202.42,1.0,1.0,288;359;360;362;363,,,5,0,0.0,fresher,2018-10-01,2019-01-13,625.7891999999999,536.2472952380953,-89.54190476190477,-15.007090476190477,80,,clifton_court_forebay,Clifton Court Forebay,closure_1,Closure 1 (long closure),response emerges 6 day(s) after the closure begins; ends 23 day(s) before reopening,6.0,-23.0,False,True,True,False
combo_excl_284_355_357_358,"Combination: exclude [284, 355, 357, 358]",288;359;360;362;363,284;355;357;358,5,no_qualifying_pattern,no_qualifying_pattern,,,,0,356.8870666666666,344.3518666666667,-12.535200000000001,-3.4069200000000004,-9.851333333333333,,,,,,288;359;360;362;363,0,0,,fresher,2019-11-26,2019-12-10,356.8870666666666,344.3518666666667,-12.535200000000001,-3.4069200000000004,0,"No sustained qualifying episode (7-day rolling, 50 uS/cm or 10%, >=60% station agreement, median-direction-consistent, >=7 qualifying days) overlaps this period under this station set. Raw (unqualified) period averages are reported above for transparency.",clifton_court_forebay,Clifton Court Forebay,closure_2,Closure 2 (short closure),not_applicable,,,,,,
combo_excl_284_355_357_358,"Combination: exclude [284, 355, 357, 358]",288;359;360;362;363,284;355;357;358,5,fresher,persistent_condition,2020-10-01,2020-11-29,60.0,60,672.32,522.074,-150.246,-22.325,,,1.0,,288;359;360;362;363,,,5,0,0.0,fresher,2020-07-15,2020-11-29,593.6349420289855,470.37976811594206,-123.25517391304348,-20.370864492753622,129,,clifton_court_forebay,Clifton Court Forebay,closure_3,Closure 3 (provisional),response emerges 78 day(s) after the closure begins; ends exactly at reopening,78.0,0.0,False,True,False,False
combo_excl_284_355_357_362,"Combination: exclude [284, 355, 357, 362]",288;358;359;360;363,284;355;357;362,5,fresher,episode,2018-10-07,2018-12-22,77.0,77,591.306,481.254,-110.052,-18.775,-109.544,202.42,1.0,1.0,288;358;359;360;363,,,5,0,0.0,fresher,2018-10-01,2019-01-13,621.6129904761905,528.5872761904762,-93.02571428571427,-15.580261904761905,82,,clifton_court_forebay,Clifton Court Forebay,closure_1,Closure 1 (long closure),response emerges 6 day(s) after the closure begins; ends 22 day(s) before reopening,6.0,-22.0,False,True,True,False
combo_excl_284_355_357_362,"Combination: exclude [284, 355, 357, 362]",288;358;359;360;363,284;355;357;362,5,no_qualifying_pattern,no_qualifying_pattern,,,,0,342.5412,328.7857333333333,-13.755466666666667,-3.864046666666666,-10.754666666666667,,,,,,288;358;359;360;363,0,0,,fresher,2019-11-26,2019-12-10,342.5412,328.7857333333333,-13.755466666666667,-3.864046666666666,0,"No sustained qualifying episode (7-day rolling, 50 uS/cm or 10%, >=60% station agreement, median-direction-consistent, >=7 qualifying days) overlaps this period under this station set. Raw (unqualified) period averages are reported above for transparency.",clifton_court_forebay,Clifton Court Forebay,closure_2,Closure 2 (short closure),not_applicable,,,,,,
combo_excl_284_355_357_362,"Combination: exclude [284, 355, 357, 362]",288;358;359;360;363,284;355;357;362,5,fresher,persistent_condition,2020-10-01,2020-11-29,60.0,60,676.806,522.144,-154.662,-22.822,,,1.0,,288;358;359;360;363,,,5,0,0.0,fresher,2020-07-15,2020-11-29,596.3522028985507,470.1146231884058,-126.23757971014496,-20.7530152173913,129,,clifton_court_forebay,Clifton Court Forebay,closure_3,Closure 3 (provisional),response emerges 78 day(s) after the closure begins; ends exactly at reopening,78.0,0.0,False,True,False,False
combo_excl_284_355_357_363,"Combination: exclude [284, 355, 357, 363]",288;358;359;360;362,284;355;357;363,5,fresher,episode,2018-10-07,2018-12-21,76.0,76,588.761,478.749,-110.012,-18.903,-113.271,202.42,1.0,1.0,288;358;359;360;362,,,5,0,0.0,fresher,2018-10-01,2019-01-13,622.8559428571428,530.7879238095238,-92.06801904761906,-15.500398095238095,80,,clifton_court_forebay,Clifton Court Forebay,closure_1,Closure 1 (long closure),response emerges 6 day(s) after the closure begins; ends 23 day(s) before reopening,6.0,-23.0,False,True,True,False
combo_excl_284_355_357_363,"Combination: exclude [284, 355, 357, 363]",288;358;359;360;362,284;355;357;363,5,no_qualifying_pattern,no_qualifying_pattern,,,,0,342.8366666666667,329.57533333333333,-13.261333333333333,-3.7576733333333334,-10.754666666666667,,,,,,288;358;359;360;362,0,0,,fresher,2019-11-26,2019-12-10,342.8366666666667,329.57533333333333,-13.261333333333333,-3.7576733333333334,0,"No sustained qualifying episode (7-day rolling, 50 uS/cm or 10%, >=60% station agreement, median-direction-consistent, >=7 qualifying days) overlaps this period under this station set. Raw (unqualified) period averages are reported above for transparency.",clifton_court_forebay,Clifton Court Forebay,closure_2,Closure 2 (short closure),not_applicable,,,,,,
combo_excl_284_355_357_363,"Combination: exclude [284, 355, 357, 363]",288;358;359;360;362,284;355;357;363,5,fresher,persistent_condition,2020-10-01,2020-11-29,60.0,60,671.314,516.636,-154.678,-23.022,,,1.0,,288;358;359;360;362,,,5,0,0.0,fresher,2020-07-15,2020-11-29,588.5582318840579,462.30881159420284,-126.24942028985507,-21.103946376811596,130,,clifton_court_forebay,Clifton Court Forebay,closure_3,Closure 3 (provisional),response emerges 78 day(s) after the closure begins; ends exactly at reopening,78.0,0.0,False,True,False,False
combo_excl_284_355_358_362,"Combination: exclude [284, 355, 358, 362]",288;357;359;360;363,284;355;358;362,5,fresher,episode,2018-10-07,2018-12-24,79.0,79,603.749,482.384,-121.365,-20.264,-121.464,205.5,1.0,1.0,288;357;359;360;363,,,5,0,1.0,fresher,2018-10-01,2019-01-13,627.9049714285715,523.1244,-104.78057142857142,-17.22454,92,,clifton_court_forebay,Clifton Court Forebay,closure_1,Closure 1 (long closure),response emerges 6 day(s) after the closure begins; ends 20 day(s) before reopening,6.0,-20.0,False,True,True,False
combo_excl_284_355_358_362,"Combination: exclude [284, 355, 358, 362]",288;357;359;360;363,284;355;358;362,5,no_qualifying_pattern,no_qualifying_pattern,,,,0,321.748,304.4245333333333,-17.323466666666665,-5.109006666666667,-17.099333333333334,,,,,,288;357;359;360;363,0,0,,fresher,2019-11-26,2019-12-10,321.748,304.4245333333333,-17.323466666666665,-5.109006666666667,0,"No sustained qualifying episode (7-day rolling, 50 uS/cm or 10%, >=60% station agreement, median-direction-consistent, >=7 qualifying days) overlaps this period under this station set. Raw (unqualified) period averages are reported above for transparency.",clifton_court_forebay,Clifton Court Forebay,closure_2,Closure 2 (short closure),not_applicable,,,,,,
combo_excl_284_355_358_362,"Combination: exclude [284, 355, 358, 362]",288;357;359;360;363,284;355;358;362,5,fresher,persistent_condition,2020-10-01,2020-11-29,60.0,60,695.41,524.437,-170.972,-24.546,,,1.0,,288;357;359;360;363,,,5,0,0.0,fresher,2020-07-15,2020-11-29,610.077304347826,471.825188405797,-138.252115942029,-22.18571304347826,130,,clifton_court_forebay,Clifton Court Forebay,closure_3,Closure 3 (provisional),response emerges 78 day(s) after the closure begins; ends exactly at reopening,78.0,0.0,False,True,False,False
combo_excl_284_355_358_363,"Combination: exclude [284, 355, 358, 363]",288;357;359;360;362,284;355;358;363,5,fresher,episode,2018-10-07,2018-12-23,78.0,78,601.539,480.116,-121.424,-20.396,-124.563,205.5,1.0,1.0,288;357;359;360;362,,,5,0,1.0,fresher,2018-10-01,2019-01-13,629.1479238095237,525.3250476190475,-103.8228761904762,-17.13800380952381,89,,clifton_court_forebay,Clifton Court Forebay,closure_1,Closure 1 (long closure),response emerges 6 day(s) after the closure begins; ends 21 day(s) before reopening,6.0,-21.0,False,True,True,False
combo_excl_284_355_358_363,"Combination: exclude [284, 355, 358, 363]",288;357;359;360;362,284;355;358;363,5,no_qualifying_pattern,no_qualifying_pattern,,,,0,322.0434666666667,305.21413333333334,-16.829333333333334,-5.016353333333333,-17.099333333333334,,,,,,288;357;359;360;362,0,0,,fresher,2019-11-26,2019-12-10,322.0434666666667,305.21413333333334,-16.829333333333334,-5.016353333333333,0,"No sustained qualifying episode (7-day rolling, 50 uS/cm or 10%, >=60% station agreement, median-direction-consistent, >=7 qualifying days) overlaps this period under this station set. Raw (unqualified) period averages are reported above for transparency.",clifton_court_forebay,Clifton Court Forebay,closure_2,Closure 2 (short closure),not_applicable,,,,,,
combo_excl_284_355_358_363,"Combination: exclude [284, 355, 358, 363]",288;357;359;360;362,284;355;358;363,5,fresher,persistent_condition,2020-10-01,2020-11-29,60.0,60,689.917,518.929,-170.988,-24.75,,,1.0,,288;357;359;360;362,,,5,0,0.0,fresher,2020-07-15,2020-11-29,602.2833333333333,464.0193768115942,-138.26395652173912,-22.551163768115945,130,,clifton_court_forebay,Clifton Court Forebay,closure_3,Closure 3 (provisional),response emerges 78 day(s) after the closure begins; ends exactly at reopening,78.0,0.0,False,True,False,False
combo_excl_284_355_362_363,"Combination: exclude [284, 355, 362, 363]",288;357;358;359;360,284;355;362;363,5,fresher,episode,2018-10-07,2018-12-24,79.0,79,601.684,477.077,-124.607,-20.877,-121.685,205.5,1.0,1.0,288;357;358;359;360,,,5,0,1.0,fresher,2018-10-01,2019-01-13,624.9717142857143,517.6650285714285,-107.3066857142857,-17.71183619047619,92,,clifton_court_forebay,Clifton Court Forebay,closure_1,Closure 1 (long closure),response emerges 6 day(s) after the closure begins; ends 20 day(s) before reopening,6.0,-20.0,False,True,True,False
combo_excl_284_355_362_363,"Combination: exclude [284, 355, 362, 363]",288;357;358;359;360,284;355;362;363,5,no_qualifying_pattern,no_qualifying_pattern,,,,0,307.6976000000001,289.648,-18.0496,-5.5592999999999995,-17.099333333333334,,,,,,288;357;358;359;360,0,0,,fresher,2019-11-26,2019-12-10,307.6976000000001,289.648,-18.0496,-5.5592999999999995,0,"No sustained qualifying episode (7-day rolling, 50 uS/cm or 10%, >=60% station agreement, median-direction-consistent, >=7 qualifying days) overlaps this period under this station set. Raw (unqualified) period averages are reported above for transparency.",clifton_court_forebay,Clifton Court Forebay,closure_2,Closure 2 (short closure),not_applicable,,,,,,
combo_excl_284_355_362_363,"Combination: exclude [284, 355, 362, 363]",288;357;358;359;360,284;355;362;363,5,fresher,persistent_condition,2020-10-01,2020-11-29,60.0,60,694.404,519.0,-175.404,-25.216,,,1.0,,288;357;358;359;360,,,5,0,0.0,fresher,2020-07-15,2020-11-29,605.0005942028985,463.754231884058,-141.24636231884057,-22.915703623188406,130,,clifton_court_forebay,Clifton Court Forebay,closure_3,Closure 3 (provisional),response emerges 78 day(s) after the closure begins; ends exactly at reopening,78.0,0.0,False,True,False,False
combo_excl_284_357_358_362,"Combination: exclude [284, 357, 358, 362]",288;355;359;360;363,284;357;358;362,5,fresher,episode,2018-10-07,2019-01-10,96.0,96,631.175,515.256,-115.919,-18.828,-111.622,255.99,1.0,1.0,288;355;359;360;363,,,5,0,0.0,fresher,2018-10-01,2019-01-13,634.9346666666667,523.9644000000001,-110.97026666666667,-18.00798761904762,96,,clifton_court_forebay,Clifton Court Forebay,closure_1,Closure 1 (long closure),response emerges 6 day(s) after the closure begins; ends 3 day(s) before reopening,6.0,-3.0,False,True,True,False
combo_excl_284_357_358_362,"Combination: exclude [284, 357, 358, 362]",288;355;359;360;363,284;357;358;362,5,no_qualifying_pattern,no_qualifying_pattern,,,,0,320.6304,301.6876,-18.9428,-5.583233333333334,-17.099333333333334,,,,,,288;355;359;360;363,0,0,,fresher,2019-11-26,2019-12-10,320.6304,301.6876,-18.9428,-5.583233333333334,0,"No sustained qualifying episode (7-day rolling, 50 uS/cm or 10%, >=60% station agreement, median-direction-consistent, >=7 qualifying days) overlaps this period under this station set. Raw (unqualified) period averages are reported above for transparency.",clifton_court_forebay,Clifton Court Forebay,closure_2,Closure 2 (short closure),not_applicable,,,,,,
combo_excl_284_357_358_362,"Combination: exclude [284, 357, 358, 362]",288;355;359;360;363,284;357;358;362,5,fresher,persistent_condition,2020-10-01,2020-11-29,60.0,60,702.523,525.341,-177.182,-25.183,,,1.0,,288;355;359;360;363,,,5,0,0.0,fresher,2020-07-15,2020-11-29,618.9452753623189,473.339884057971,-145.60539130434782,-23.058165942028985,130,,clifton_court_forebay,Clifton Court Forebay,closure_3,Closure 3 (provisional),response emerges 78 day(s) after the closure begins; ends exactly at reopening,78.0,0.0,False,True,False,False
combo_excl_284_357_358_363,"Combination: exclude [284, 357, 358, 363]",288;355;359;360;362,284;357;358;363,5,fresher,episode,2018-10-07,2019-01-10,96.0,96,632.441,517.548,-114.893,-18.733,-116.328,255.99,1.0,1.0,288;355;359;360;362,,,5,0,0.0,fresher,2018-10-01,2019-01-13,636.1776190476191,526.1650476190476,-110.01257142857145,-17.922306666666667,96,,clifton_court_forebay,Clifton Court Forebay,closure_1,Closure 1 (long closure),response emerges 6 day(s) after the closure begins; ends 3 day(s) before reopening,6.0,-3.0,False,True,True,False
combo_excl_284_357_358_363,"Combination: exclude [284, 357, 358, 363]",288;355;359;360;362,284;357;358;363,5,no_qualifying_pattern,no_qualifying_pattern,,,,0,320.92586666666665,302.4772000000001,-18.448666666666664,-5.4965666666666655,-17.099333333333334,,,,,,288;355;359;360;362,0,0,,fresher,2019-11-26,2019-12-10,320.92586666666665,302.4772000000001,-18.448666666666664,-5.4965666666666655,0,"No sustained qualifying episode (7-day rolling, 50 uS/cm or 10%, >=60% station agreement, median-direction-consistent, >=7 qualifying days) overlaps this period under this station set. Raw (unqualified) period averages are reported above for transparency.",clifton_court_forebay,Clifton Court Forebay,closure_2,Closure 2 (short closure),not_applicable,,,,,,
combo_excl_284_357_358_363,"Combination: exclude [284, 357, 358, 363]",288;355;359;360;362,284;357;358;363,5,fresher,persistent_condition,2020-10-01,2020-11-29,60.0,60,697.031,519.833,-177.198,-25.39,,,1.0,,288;355;359;360;362,,,5,0,0.0,fresher,2020-07-15,2020-11-29,611.1513043478261,465.53407246376815,-145.61723188405796,-23.43261231884058,130,,clifton_court_forebay,Clifton Court Forebay,closure_3,Closure 3 (provisional),response emerges 78 day(s) after the closure begins; ends exactly at reopening,78.0,0.0,False,True,False,False
combo_excl_284_357_362_363,"Combination: exclude [284, 357, 362, 363]",288;355;358;359;360,284;357;362;363,5,fresher,episode,2018-10-07,2019-01-10,96.0,96,628.499,509.918,-118.581,-19.339,-112.793,255.99,1.0,1.0,288;355;358;359;360,,,5,0,0.0,fresher,2018-10-01,2019-01-13,632.0014095238093,518.5050285714286,-113.49638095238096,-18.491749523809524,96,,clifton_court_forebay,Clifton Court Forebay,closure_1,Closure 1 (long closure),response emerges 6 day(s) after the closure begins; ends 3 day(s) before reopening,6.0,-3.0,False,True,True,False
combo_excl_284_357_362_363,"Combination: exclude [284, 357, 362, 363]",288;355;358;359;360,284;357;362;363,5,no_qualifying_pattern,no_qualifying_pattern,,,,0,306.58000000000004,286.91106666666667,-19.66893333333333,-6.054546666666667,-17.099333333333334,,,,,,288;355;358;359;360,0,0,,fresher,2019-11-26,2019-12-10,306.58000000000004,286.91106666666667,-19.66893333333333,-6.054546666666667,0,"No sustained qualifying episode (7-day rolling, 50 uS/cm or 10%, >=60% station agreement, median-direction-consistent, >=7 qualifying days) overlaps this period under this station set. Raw (unqualified) period averages are reported above for transparency.",clifton_court_forebay,Clifton Court Forebay,closure_2,Closure 2 (short closure),not_applicable,,,,,,
combo_excl_284_357_362_363,"Combination: exclude [284, 357, 362, 363]",288;355;358;359;360,284;357;362;363,5,fresher,persistent_condition,2020-10-01,2020-11-29,60.0,60,701.517,519.903,-181.614,-25.848,,,1.0,,288;355;358;359;360,,,5,0,0.0,fresher,2020-07-15,2020-11-29,613.8685652173913,465.26892753623196,-148.5996376811594,-23.789,131,,clifton_court_forebay,Clifton Court Forebay,closure_3,Closure 3 (provisional),response emerges 78 day(s) after the closure begins; ends exactly at reopening,78.0,0.0,False,True,False,False
combo_excl_284_358_362_363,"Combination: exclude [284, 358, 362, 363]",288;355;357;359;360,284;358;362;363,5,fresher,episode,2018-10-07,2019-01-11,97.0,97,636.054,506.159,-129.895,-20.815,-126.468,255.99,1.0,1.0,288;355;357;359;360,,,5,0,0.0,fresher,2018-10-01,2019-01-13,638.2933904761904,513.0421523809524,-125.2512380952381,-20.057114285714285,97,,clifton_court_forebay,Clifton Court Forebay,closure_1,Closure 1 (long closure),response emerges 6 day(s) after the closure begins; ends 2 day(s) before reopening,6.0,-2.0,False,True,True,False
combo_excl_284_358_362_363,"Combination: exclude [284, 358, 362, 363]",288;355;357;359;360,284;358;362;363,5,fresher,episode,2019-12-08,2019-12-19,12.0,12,343.415,301.041,-42.374,-12.317,-36.943,71.72,1.0,1.0,288;355;357;359;360,,,5,0,0.0,fresher,2019-11-26,2019-12-10,285.78679999999997,262.5498666666667,-23.236933333333337,-7.558286666666667,3,,clifton_court_forebay,Clifton Court Forebay,closure_2,Closure 2 (short closure),response emerges 12 day(s) after the closure begins; persists 9 day(s) after reopening,12.0,9.0,False,True,False,True
combo_excl_284_358_362_363,"Combination: exclude [284, 358, 362, 363]",288;355;357;359;360,284;358;362;363,5,fresher,persistent_condition,2020-10-01,2020-11-29,60.0,60,720.121,522.197,-197.924,-27.432,,,1.0,,288;355;357;359;360,,,5,0,0.0,fresher,2020-07-15,2020-11-29,627.5936666666668,466.97949275362316,-160.61417391304346,-25.118726086956524,131,,clifton_court_forebay,Clifton Court Forebay,closure_3,Closure 3 (provisional),response emerges 78 day(s) after the closure begins; ends exactly at reopening,78.0,0.0,False,True,False,False
combo_excl_288_355_357_358,"Combination: exclude [288, 355, 357, 358]",284;359;360;362;363,288;355;357;358,5,fresher,episode,2018-10-07,2018-12-21,76.0,76,607.391,506.956,-100.434,-16.744,-100.857,179.0,1.0,1.0,284;359;360;362;363,,,5,0,0.0,fresher,2018-10-01,2019-01-13,645.6298476190477,561.1659047619047,-84.46394285714285,-13.7719,76,,clifton_court_forebay,Clifton Court Forebay,closure_1,Closure 1 (long closure),response emerges 6 day(s) after the closure begins; ends 23 day(s) before reopening,6.0,-23.0,False,True,True,False
combo_excl_288_355_357_358,"Combination: exclude [288, 355, 357, 358]",284;359;360;362;363,288;355;357;358,5,no_qualifying_pattern,no_qualifying_pattern,,,,0,398.302,387.5734666666668,-10.728533333333335,-2.597586666666666,-7.161333333333333,,,,,,284;359;360;362;363,0,0,,fresher,2019-11-26,2019-12-10,398.302,387.5734666666668,-10.728533333333335,-2.597586666666666,0,"No sustained qualifying episode (7-day rolling, 50 uS/cm or 10%, >=60% station agreement, median-direction-consistent, >=7 qualifying days) overlaps this period under this station set. Raw (unqualified) period averages are reported above for transparency.",clifton_court_forebay,Clifton Court Forebay,closure_2,Closure 2 (short closure),not_applicable,,,,,,
combo_excl_288_355_357_358,"Combination: exclude [288, 355, 357, 358]",284;359;360;362;363,288;355;357;358,5,fresher,persistent_condition,2020-10-01,2020-11-29,60.0,60,681.643,537.882,-143.762,-21.071,,,1.0,,284;359;360;362;363,,,5,0,0.0,fresher,2020-07-15,2020-11-29,601.6615072463768,484.33459420289853,-117.32691304347827,-19.060573913043477,128,,clifton_court_forebay,Clifton Court Forebay,closure_3,Closure 3 (provisional),response emerges 78 day(s) after the closure begins; ends exactly at reopening,78.0,0.0,False,True,False,False
combo_excl_288_355_357_362,"Combination: exclude [288, 355, 357, 362]",284;358;359;360;363,288;355;357;362,5,fresher,episode,2018-10-07,2018-12-22,77.0,77,608.212,504.302,-103.91,-17.258,-104.094,179.0,1.0,1.0,284;358;359;360;363,,,5,0,0.0,fresher,2018-10-01,2019-01-13,641.4536380952379,553.5058857142857,-87.9477523809524,-14.326474285714283,80,,clifton_court_forebay,Clifton Court Forebay,closure_1,Closure 1 (long closure),response emerges 6 day(s) after the closure begins; ends 22 day(s) before reopening,6.0,-22.0,False,True,True,False
combo_excl_288_355_357_362,"Combination: exclude [288, 355, 357, 362]",284;358;359;360;363,288;355;357;362,5,no_qualifying_pattern,no_qualifying_pattern,,,,0,383.95613333333336,372.0073333333333,-11.9488,-2.989686666666666,-9.394000000000002,,,,,,284;358;359;360;363,0,0,,fresher,2019-11-26,2019-12-10,383.95613333333336,372.0073333333333,-11.9488,-2.989686666666666,0,"No sustained qualifying episode (7-day rolling, 50 uS/cm or 10%, >=60% station agreement, median-direction-consistent, >=7 qualifying days) overlaps this period under this station set. Raw (unqualified) period averages are reported above for transparency.",clifton_court_forebay,Clifton Court Forebay,closure_2,Closure 2 (short closure),not_applicable,,,,,,
combo_excl_288_355_357_362,"Combination: exclude [288, 355, 357, 362]",284;358;359;360;363,288;355;357;362,5,fresher,persistent_condition,2020-10-01,2020-11-29,60.0,60,686.13,537.952,-148.178,-21.571,,,1.0,,284;358;359;360;363,,,5,0,0.0,fresher,2020-07-15,2020-11-29,604.378768115942,484.06944927536233,-120.30931884057969,-19.44371956521739,128,,clifton_court_forebay,Clifton Court Forebay,closure_3,Closure 3 (provisional),response emerges 78 day(s) after the closure begins; ends exactly at reopening,78.0,0.0,False,True,False,False
combo_excl_288_355_357_363,"Combination: exclude [288, 355, 357, 363]",284;358;359;360;362,288;355;357;363,5,fresher,episode,2018-10-07,2018-12-21,76.0,76,605.529,501.723,-103.806,-17.368,-108.284,179.0,1.0,1.0,284;358;359;360;362,,,5,0,0.0,fresher,2018-10-01,2019-01-13,642.6965904761905,555.7065333333334,-86.99005714285714,-14.248001904761903,76,,clifton_court_forebay,Clifton Court Forebay,closure_1,Closure 1 (long closure),response emerges 6 day(s) after the closure begins; ends 23 day(s) before reopening,6.0,-23.0,False,True,True,False
combo_excl_288_355_357_363,"Combination: exclude [288, 355, 357, 363]",284;358;359;360;362,288;355;357;363,5,no_qualifying_pattern,no_qualifying_pattern,,,,0,384.25159999999994,372.79693333333336,-11.454666666666666,-2.874513333333333,-9.394000000000002,,,,,,284;358;359;360;362,0,0,,fresher,2019-11-26,2019-12-10,384.25159999999994,372.79693333333336,-11.454666666666666,-2.874513333333333,0,"No sustained qualifying episode (7-day rolling, 50 uS/cm or 10%, >=60% station agreement, median-direction-consistent, >=7 qualifying days) overlaps this period under this station set. Raw (unqualified) period averages are reported above for transparency.",clifton_court_forebay,Clifton Court Forebay,closure_2,Closure 2 (short closure),not_applicable,,,,,,
combo_excl_288_355_357_363,"Combination: exclude [288, 355, 357, 363]",284;358;359;360;362,288;355;357;363,5,fresher,persistent_condition,2020-10-01,2020-11-29,60.0,60,680.637,532.444,-148.193,-21.757,,,1.0,,284;358;359;360;362,,,5,0,0.0,fresher,2020-07-15,2020-11-29,596.5847971014492,476.2636376811594,-120.32115942028986,-19.754858695652175,129,,clifton_court_forebay,Clifton Court Forebay,closure_3,Closure 3 (provisional),response emerges 78 day(s) after the closure begins; ends exactly at reopening,78.0,0.0,False,True,False,False
combo_excl_288_355_358_362,"Combination: exclude [288, 355, 358, 362]",284;357;359;360;363,288;355;358;362,5,fresher,episode,2018-10-07,2018-12-24,79.0,79,620.919,505.561,-115.358,-18.753,-119.054,205.5,1.0,1.0,284;357;359;360;363,,,5,0,1.0,fresher,2018-10-01,2019-01-13,647.7456190476191,548.0430095238095,-99.70260952380951,-15.943749523809522,91,,clifton_court_forebay,Clifton Court Forebay,closure_1,Closure 1 (long closure),response emerges 6 day(s) after the closure begins; ends 20 day(s) before reopening,6.0,-20.0,False,True,True,False
combo_excl_288_355_358_362,"Combination: exclude [288, 355, 358, 362]",284;357;359;360;363,288;355;358;362,5,no_qualifying_pattern,no_qualifying_pattern,,,,0,363.16293333333334,347.6461333333334,-15.5168,-4.044666666666666,-20.114666666666665,,,,,,284;357;359;360;363,0,0,,fresher,2019-11-26,2019-12-10,363.16293333333334,347.6461333333334,-15.5168,-4.044666666666666,0,"No sustained qualifying episode (7-day rolling, 50 uS/cm or 10%, >=60% station agreement, median-direction-consistent, >=7 qualifying days) overlaps this period under this station set. Raw (unqualified) period averages are reported above for transparency.",clifton_court_forebay,Clifton Court Forebay,closure_2,Closure 2 (short closure),not_applicable,,,,,,
combo_excl_288_355_358_362,"Combination: exclude [288, 355, 358, 362]",284;357;359;360;363,288;355;358;362,5,fresher,persistent_condition,2020-10-01,2020-11-29,60.0,60,704.733,540.245,-164.488,-23.306,,,1.0,,284;357;359;360;363,,,5,0,0.0,fresher,2020-07-15,2020-11-29,618.1038695652175,485.7800144927536,-132.32385507246377,-20.884332608695654,129,,clifton_court_forebay,Clifton Court Forebay,closure_3,Closure 3 (provisional),response emerges 78 day(s) after the closure begins; ends exactly at reopening,78.0,0.0,False,True,False,False
combo_excl_288_355_358_363,"Combination: exclude [288, 355, 358, 363]",284;357;359;360;362,288;355;358;363,5,fresher,episode,2018-10-07,2018-12-23,78.0,78,618.581,503.233,-115.348,-18.868,-122.222,205.5,1.0,1.0,284;357;359;360;362,,,5,0,1.0,fresher,2018-10-01,2019-01-13,648.9885714285715,550.2436571428572,-98.74491428571427,-15.859548571428569,86,,clifton_court_forebay,Clifton Court Forebay,closure_1,Closure 1 (long closure),response emerges 6 day(s) after the closure begins; ends 21 day(s) before reopening,6.0,-21.0,False,True,True,False
combo_excl_288_355_358_363,"Combination: exclude [288, 355, 358, 363]",284;357;359;360;362,288;355;358;363,5,no_qualifying_pattern,no_qualifying_pattern,,,,0,363.4584000000001,348.43573333333336,-15.022666666666668,-3.9377999999999997,-20.114666666666665,,,,,,284;357;359;360;362,0,0,,fresher,2019-11-26,2019-12-10,363.4584000000001,348.43573333333336,-15.022666666666668,-3.9377999999999997,0,"No sustained qualifying episode (7-day rolling, 50 uS/cm or 10%, >=60% station agreement, median-direction-consistent, >=7 qualifying days) overlaps this period under this station set. Raw (unqualified) period averages are reported above for transparency.",clifton_court_forebay,Clifton Court Forebay,closure_2,Closure 2 (short closure),not_applicable,,,,,,
combo_excl_288_355_358_363,"Combination: exclude [288, 355, 358, 363]",284;357;359;360;362,288;355;358;363,5,fresher,persistent_condition,2020-10-01,2020-11-29,60.0,60,699.241,534.737,-164.504,-23.497,,,1.0,,284;357;359;360;362,,,5,0,0.0,fresher,2020-07-15,2020-11-29,610.3098985507247,477.97420289855074,-132.3356956521739,-21.210287681159418,130,,clifton_court_forebay,Clifton Court Forebay,closure_3,Closure 3 (provisional),response emerges 78 day(s) after the closure begins; ends exactly at reopening,78.0,0.0,False,True,False,False
combo_excl_288_355_362_363,"Combination: exclude [288, 355, 362, 363]",284;357;358;359;360,288;355;362;363,5,fresher,episode,2018-10-07,2018-12-24,79.0,79,618.854,500.253,-118.601,-19.346,-119.275,205.5,1.0,1.0,284;357;358;359;360,,,5,0,1.0,fresher,2018-10-01,2019-01-13,644.8123619047618,542.5836380952381,-102.2287238095238,-16.414219047619046,91,,clifton_court_forebay,Clifton Court Forebay,closure_1,Closure 1 (long closure),response emerges 6 day(s) after the closure begins; ends 20 day(s) before reopening,6.0,-20.0,False,True,True,False
combo_excl_288_355_362_363,"Combination: exclude [288, 355, 362, 363]",284;357;358;359;360,288;355;362;363,5,no_qualifying_pattern,no_qualifying_pattern,,,,0,349.11253333333326,332.8696,-16.242933333333333,-4.393786666666667,-20.114666666666665,,,,,,284;357;358;359;360,0,0,,fresher,2019-11-26,2019-12-10,349.11253333333326,332.8696,-16.242933333333333,-4.393786666666667,0,"No sustained qualifying episode (7-day rolling, 50 uS/cm or 10%, >=60% station agreement, median-direction-consistent, >=7 qualifying days) overlaps this period under this station set. Raw (unqualified) period averages are reported above for transparency.",clifton_court_forebay,Clifton Court Forebay,closure_2,Closure 2 (short closure),not_applicable,,,,,,
combo_excl_288_355_362_363,"Combination: exclude [288, 355, 362, 363]",284;357;358;359;360,288;355;362;363,5,fresher,persistent_condition,2020-10-01,2020-11-29,60.0,60,703.727,534.808,-168.92,-23.966,,,1.0,,284;357;358;359;360,,,5,0,0.0,fresher,2020-07-15,2020-11-29,613.0271594202899,477.70905797101454,-135.31810144927536,-21.57631086956522,130,,clifton_court_forebay,Clifton Court Forebay,closure_3,Closure 3 (provisional),response emerges 78 day(s) after the closure begins; ends exactly at reopening,78.0,0.0,False,True,False,False
combo_excl_288_357_358_362,"Combination: exclude [288, 357, 358, 362]",284;355;359;360;363,288;357;358;362,5,fresher,episode,2018-10-07,2019-01-10,96.0,96,649.879,539.236,-110.643,-17.487,-109.553,255.99,1.0,1.0,284;355;359;360;363,,,5,0,0.0,fresher,2018-10-01,2019-01-13,654.7753142857143,548.8830095238096,-105.89230476190475,-16.720559047619048,96,,clifton_court_forebay,Clifton Court Forebay,closure_1,Closure 1 (long closure),response emerges 6 day(s) after the closure begins; ends 3 day(s) before reopening,6.0,-3.0,False,True,True,False
combo_excl_288_357_358_362,"Combination: exclude [288, 357, 358, 362]",284;355;359;360;363,288;357;358;362,5,no_qualifying_pattern,no_qualifying_pattern,,,,0,362.04533333333336,344.9092,-17.136133333333337,-4.462326666666667,-20.114666666666665,,,,,,284;355;359;360;363,0,0,,fresher,2019-11-26,2019-12-10,362.04533333333336,344.9092,-17.136133333333337,-4.462326666666667,0,"No sustained qualifying episode (7-day rolling, 50 uS/cm or 10%, >=60% station agreement, median-direction-consistent, >=7 qualifying days) overlaps this period under this station set. Raw (unqualified) period averages are reported above for transparency.",clifton_court_forebay,Clifton Court Forebay,closure_2,Closure 2 (short closure),not_applicable,,,,,,
combo_excl_288_357_358_362,"Combination: exclude [288, 357, 358, 362]",284;355;359;360;363,288;357;358;362,5,fresher,persistent_condition,2020-10-01,2020-11-29,60.0,60,711.847,541.149,-170.698,-23.946,,,1.0,,284;355;359;360;363,,,5,0,0.0,fresher,2020-07-15,2020-11-29,626.9718405797101,487.29471014492754,-139.6771304347826,-21.763281884057974,129,,clifton_court_forebay,Clifton Court Forebay,closure_3,Closure 3 (provisional),response emerges 78 day(s) after the closure begins; ends exactly at reopening,78.0,0.0,False,True,False,False
combo_excl_288_357_358_363,"Combination: exclude [288, 357, 358, 363]",284;355;359;360;362,288;357;358;363,5,fresher,episode,2018-10-07,2019-01-09,95.0,95,650.044,539.788,-110.256,-17.509,-114.991,255.99,1.0,1.0,284;355;359;360;362,,,5,0,0.0,fresher,2018-10-01,2019-01-13,656.0182666666667,551.0836571428572,-104.93460952380953,-16.63730761904762,95,,clifton_court_forebay,Clifton Court Forebay,closure_1,Closure 1 (long closure),response emerges 6 day(s) after the closure begins; ends 4 day(s) before reopening,6.0,-4.0,False,True,True,False
combo_excl_288_357_358_363,"Combination: exclude [288, 357, 358, 363]",284;355;359;360;362,288;357;358;363,5,no_qualifying_pattern,no_qualifying_pattern,,,,0,362.34080000000006,345.6988,-16.642000000000003,-4.35996,-20.114666666666665,,,,,,284;355;359;360;362,0,0,,fresher,2019-11-26,2019-12-10,362.34080000000006,345.6988,-16.642000000000003,-4.35996,0,"No sustained qualifying episode (7-day rolling, 50 uS/cm or 10%, >=60% station agreement, median-direction-consistent, >=7 qualifying days) overlaps this period under this station set. Raw (unqualified) period averages are reported above for transparency.",clifton_court_forebay,Clifton Court Forebay,closure_2,Closure 2 (short closure),not_applicable,,,,,,
combo_excl_288_357_358_363,"Combination: exclude [288, 357, 358, 363]",284;355;359;360;362,288;357;358;363,5,fresher,persistent_condition,2020-10-01,2020-11-29,60.0,60,706.355,535.641,-170.714,-24.14,,,1.0,,284;355;359;360;362,,,5,0,0.0,fresher,2020-07-15,2020-11-29,619.1778695652174,479.48889855072457,-139.68897101449275,-22.09852826086956,130,,clifton_court_forebay,Clifton Court Forebay,closure_3,Closure 3 (provisional),response emerges 78 day(s) after the closure begins; ends exactly at reopening,78.0,0.0,False,True,False,False
combo_excl_288_357_362_363,"Combination: exclude [288, 357, 362, 363]",284;355;358;359;360,288;357;362;363,5,fresher,episode,2018-10-07,2019-01-10,96.0,96,647.203,533.898,-113.305,-17.98,-110.724,255.99,1.0,1.0,284;355;358;359;360,,,5,0,0.0,fresher,2018-10-01,2019-01-13,651.8420571428571,543.4236380952382,-108.41841904761905,-17.18773238095238,96,,clifton_court_forebay,Clifton Court Forebay,closure_1,Closure 1 (long closure),response emerges 6 day(s) after the closure begins; ends 3 day(s) before reopening,6.0,-3.0,False,True,True,False
combo_excl_288_357_362_363,"Combination: exclude [288, 357, 362, 363]",284;355;358;359;360,288;357;362;363,5,no_qualifying_pattern,no_qualifying_pattern,,,,0,347.9949333333334,330.1326666666667,-17.862266666666663,-4.827579999999999,-20.114666666666665,,,,,,284;355;358;359;360,0,0,,fresher,2019-11-26,2019-12-10,347.9949333333334,330.1326666666667,-17.862266666666663,-4.827579999999999,0,"No sustained qualifying episode (7-day rolling, 50 uS/cm or 10%, >=60% station agreement, median-direction-consistent, >=7 qualifying days) overlaps this period under this station set. Raw (unqualified) period averages are reported above for transparency.",clifton_court_forebay,Clifton Court Forebay,closure_2,Closure 2 (short closure),not_applicable,,,,,,
combo_excl_288_357_362_363,"Combination: exclude [288, 357, 362, 363]",284;355;358;359;360,288;357;362;363,5,fresher,persistent_condition,2020-10-01,2020-11-29,60.0,60,710.841,535.711,-175.13,-24.601,,,1.0,,284;355;358;359;360,,,5,0,0.0,fresher,2020-07-15,2020-11-29,621.8951304347826,479.2237536231884,-142.6713768115942,-22.456472463768115,130,,clifton_court_forebay,Clifton Court Forebay,closure_3,Closure 3 (provisional),response emerges 78 day(s) after the closure begins; ends exactly at reopening,78.0,0.0,False,True,False,False
combo_excl_288_358_362_363,"Combination: exclude [288, 358, 362, 363]",284;355;357;359;360,288;358;362;363,5,fresher,episode,2018-10-07,2019-01-10,96.0,96,654.131,528.706,-125.425,-19.57,-127.275,255.99,1.0,1.0,284;355;357;359;360,,,5,0,0.0,fresher,2018-10-01,2019-01-13,658.134038095238,537.9607619047619,-120.1732761904762,-18.728340000000003,96,,clifton_court_forebay,Clifton Court Forebay,closure_1,Closure 1 (long closure),response emerges 6 day(s) after the closure begins; ends 3 day(s) before reopening,6.0,-3.0,False,True,True,False
combo_excl_288_358_362_363,"Combination: exclude [288, 358, 362, 363]",284;355;357;359;360,288;358;362;363,5,no_qualifying_pattern,no_qualifying_pattern,,,,0,327.2017333333333,305.7714666666667,-21.430266666666665,-6.070593333333333,-23.486,,,,,,284;355;357;359;360,0,0,,fresher,2019-11-26,2019-12-10,327.2017333333333,305.7714666666667,-21.430266666666665,-6.070593333333333,0,"No sustained qualifying episode (7-day rolling, 50 uS/cm or 10%, >=60% station agreement, median-direction-consistent, >=7 qualifying days) overlaps this period under this station set. Raw (unqualified) period averages are reported above for transparency.",clifton_court_forebay,Clifton Court Forebay,closure_2,Closure 2 (short closure),not_applicable,,,,,,
combo_excl_288_358_362_363,"Combination: exclude [288, 358, 362, 363]",284;355;357;359;360,288;358;362;363,5,fresher,persistent_condition,2020-10-01,2020-11-29,60.0,60,729.445,538.005,-191.44,-26.197,,,1.0,,284;355;357;359;360,,,5,0,0.0,fresher,2020-07-15,2020-11-29,635.6202318840581,480.93431884057964,-154.68591304347825,-23.79463550724638,131,,clifton_court_forebay,Clifton Court Forebay,closure_3,Closure 3 (provisional),response emerges 78 day(s) after the closure begins; ends exactly at reopening,78.0,0.0,False,True,False,False
combo_excl_355_357_358_362,"Combination: exclude [355, 357, 358, 362]",284;288;359;360;363,355;357;358;362,5,fresher,episode,2018-10-07,2019-01-10,96.0,96,658.556,550.139,-108.417,-16.904,-95.14,202.42,1.0,1.0,284;288;359;360;363,,,5,0,0.0,fresher,2018-10-01,2019-01-13,664.4237904761906,560.3265333333334,-104.09725714285716,-16.200942857142856,96,,clifton_court_forebay,Clifton Court Forebay,closure_1,Closure 1 (long closure),response emerges 6 day(s) after the closure begins; ends 3 day(s) before reopening,6.0,-3.0,False,True,True,False
combo_excl_355_357_358_362,"Combination: exclude [355, 357, 358, 362]",284;288;359;360;363,355;357;358;362,5,no_qualifying_pattern,no_qualifying_pattern,,,,0,375.77213333333344,363.6982666666667,-12.073866666666667,-3.03708,-13.034666666666665,,,,,,284;288;359;360;363,0,0,,fresher,2019-11-26,2019-12-10,375.77213333333344,363.6982666666667,-12.073866666666667,-3.03708,0,"No sustained qualifying episode (7-day rolling, 50 uS/cm or 10%, >=60% station agreement, median-direction-consistent, >=7 qualifying days) overlaps this period under this station set. Raw (unqualified) period averages are reported above for transparency.",clifton_court_forebay,Clifton Court Forebay,closure_2,Closure 2 (short closure),not_applicable,,,,,,
combo_excl_355_357_358_362,"Combination: exclude [355, 357, 358, 362]",284;288;359;360;363,355;357;358;362,5,fresher,persistent_condition,2020-10-01,2020-11-29,60.0,60,714.331,548.237,-166.094,-23.225,,,1.0,,284;288;359;360;363,,,5,0,0.0,fresher,2020-07-15,2020-11-29,626.6111449275362,491.6334492753623,-134.9776956521739,-20.954236231884057,128,,clifton_court_forebay,Clifton Court Forebay,closure_3,Closure 3 (provisional),response emerges 78 day(s) after the closure begins; ends exactly at reopening,78.0,0.0,False,True,False,False
combo_excl_355_357_358_363,"Combination: exclude [355, 357, 358, 363]",284;288;359;360;362,355;357;358;363,5,fresher,episode,2018-10-07,2019-01-10,96.0,96,659.822,552.431,-107.391,-16.805,-117.205,202.42,1.0,1.0,284;288;359;360;362,,,5,0,0.0,fresher,2018-10-01,2019-01-13,665.6667428571428,562.5271809523811,-103.1395619047619,-16.11226666666667,96,,clifton_court_forebay,Clifton Court Forebay,closure_1,Closure 1 (long closure),response emerges 6 day(s) after the closure begins; ends 3 day(s) before reopening,6.0,-3.0,False,True,True,False
combo_excl_355_357_358_363,"Combination: exclude [355, 357, 358, 363]",284;288;359;360;362,355;357;358;363,5,no_qualifying_pattern,no_qualifying_pattern,,,,0,376.0676000000001,364.4878666666666,-11.579733333333335,-2.919213333333333,-9.851333333333333,,,,,,284;288;359;360;362,0,0,,fresher,2019-11-26,2019-12-10,376.0676000000001,364.4878666666666,-11.579733333333335,-2.919213333333333,0,"No sustained qualifying episode (7-day rolling, 50 uS/cm or 10%, >=60% station agreement, median-direction-consistent, >=7 qualifying days) overlaps this period under this station set. Raw (unqualified) period averages are reported above for transparency.",clifton_court_forebay,Clifton Court Forebay,closure_2,Closure 2 (short closure),not_applicable,,,,,,
combo_excl_355_357_358_363,"Combination: exclude [355, 357, 358, 363]",284;288;359;360;362,355;357;358;363,5,fresher,persistent_condition,2020-10-01,2020-11-29,60.0,60,708.839,542.729,-166.109,-23.413,,,1.0,,284;288;359;360;362,,,5,0,0.0,fresher,2020-07-15,2020-11-29,618.8171739130435,483.82763768115944,-134.98953623188407,-21.261760869565222,129,,clifton_court_forebay,Clifton Court Forebay,closure_3,Closure 3 (provisional),response emerges 78 day(s) after the closure begins; ends exactly at reopening,78.0,0.0,False,True,False,False
combo_excl_355_357_362_363,"Combination: exclude [355, 357, 362, 363]",284;288;358;359;360,355;357;362;363,5,fresher,episode,2018-10-07,2019-01-10,96.0,96,655.88,544.801,-111.079,-17.39,-102.081,202.42,1.0,1.0,284;288;358;359;360,,,5,0,0.0,fresher,2018-10-01,2019-01-13,661.4905333333332,554.8671619047618,-106.62337142857143,-16.661346666666667,96,,clifton_court_forebay,Clifton Court Forebay,closure_1,Closure 1 (long closure),response emerges 6 day(s) after the closure begins; ends 3 day(s) before reopening,6.0,-3.0,False,True,True,False
combo_excl_355_357_362_363,"Combination: exclude [355, 357, 362, 363]",284;288;358;359;360,355;357;362;363,5,no_qualifying_pattern,no_qualifying_pattern,,,,0,361.7217333333334,348.9217333333333,-12.8,-3.33278,-10.754666666666667,,,,,,284;288;358;359;360,0,0,,fresher,2019-11-26,2019-12-10,361.7217333333334,348.9217333333333,-12.8,-3.33278,0,"No sustained qualifying episode (7-day rolling, 50 uS/cm or 10%, >=60% station agreement, median-direction-consistent, >=7 qualifying days) overlaps this period under this station set. Raw (unqualified) period averages are reported above for transparency.",clifton_court_forebay,Clifton Court Forebay,closure_2,Closure 2 (short closure),not_applicable,,,,,,
combo_excl_355_357_362_363,"Combination: exclude [355, 357, 362, 363]",284;288;358;359;360,355;357;362;363,5,fresher,persistent_condition,2020-10-01,2020-11-29,60.0,60,713.325,542.8,-170.525,-23.878,,,1.0,,284;288;358;359;360,,,5,0,0.0,fresher,2020-07-15,2020-11-29,621.5344347826085,483.56249275362313,-137.97194202898552,-21.62465,129,,clifton_court_forebay,Clifton Court Forebay,closure_3,Closure 3 (provisional),response emerges 78 day(s) after the closure begins; ends exactly at reopening,78.0,0.0,False,True,False,False
combo_excl_355_358_362_363,"Combination: exclude [355, 358, 362, 363]",284;288;357;359;360,355;358;362;363,5,fresher,episode,2018-10-07,2019-01-11,97.0,97,663.793,541.308,-122.485,-18.853,-119.601,205.5,1.0,1.0,284;288;357;359;360,,,5,0,0.0,fresher,2018-10-01,2019-01-13,667.7825142857143,549.4042857142857,-118.37822857142856,-18.198235238095236,97,,clifton_court_forebay,Clifton Court Forebay,closure_1,Closure 1 (long closure),response emerges 6 day(s) after the closure begins; ends 2 day(s) before reopening,6.0,-2.0,False,True,True,False
combo_excl_355_358_362_363,"Combination: exclude [355, 358, 362, 363]",284;288;357;359;360,355;358;362;363,5,no_qualifying_pattern,no_qualifying_pattern,,,,0,340.92853333333335,324.5605333333333,-16.368000000000002,-4.44958,-17.099333333333334,,,,,,284;288;357;359;360,0,0,,fresher,2019-11-26,2019-12-10,340.92853333333335,324.5605333333333,-16.368000000000002,-4.44958,0,"No sustained qualifying episode (7-day rolling, 50 uS/cm or 10%, >=60% station agreement, median-direction-consistent, >=7 qualifying days) overlaps this period under this station set. Raw (unqualified) period averages are reported above for transparency.",clifton_court_forebay,Clifton Court Forebay,closure_2,Closure 2 (short closure),not_applicable,,,,,,
combo_excl_355_358_362_363,"Combination: exclude [355, 358, 362, 363]",284;288;357;359;360,355;358;362;363,5,fresher,persistent_condition,2020-10-01,2020-11-29,60.0,60,731.929,545.093,-186.836,-25.488,,,1.0,,284;288;357;359;360,,,5,0,0.0,fresher,2020-07-15,2020-11-29,635.259536231884,485.2730579710145,-149.98647826086955,-22.980742028985507,130,,clifton_court_forebay,Clifton Court Forebay,closure_3,Closure 3 (provisional),response emerges 78 day(s) after the closure begins; ends exactly at reopening,78.0,0.0,False,True,False,False
combo_excl_357_358_362_363,"Combination: exclude [357, 358, 362, 363]",284;288;355;359;360,357;358;362;363,5,fresher,episode,2018-10-07,2019-01-12,98.0,98,671.998,543.984,-128.013,-19.461,-144.233,255.99,1.0,1.0,284;288;355;359;360,,,5,0,0.0,fresher,2018-10-01,2019-01-13,674.8122095238094,550.2442857142858,-124.5679238095238,-18.92367904761905,98,,clifton_court_forebay,Clifton Court Forebay,closure_1,Closure 1 (long closure),response emerges 6 day(s) after the closure begins; ends 1 day(s) before reopening,6.0,-1.0,False,True,True,False
combo_excl_357_358_362_363,"Combination: exclude [357, 358, 362, 363]",284;288;355;359;360,357;358;362;363,5,no_qualifying_pattern,no_qualifying_pattern,,,,0,339.81093333333337,321.8236,-17.98733333333333,-4.886533333333333,-17.099333333333334,,,,,,284;288;355;359;360,0,0,,fresher,2019-11-26,2019-12-10,339.81093333333337,321.8236,-17.98733333333333,-4.886533333333333,0,"No sustained qualifying episode (7-day rolling, 50 uS/cm or 10%, >=60% station agreement, median-direction-consistent, >=7 qualifying days) overlaps this period under this station set. Raw (unqualified) period averages are reported above for transparency.",clifton_court_forebay,Clifton Court Forebay,closure_2,Closure 2 (short closure),not_applicable,,,,,,
combo_excl_357_358_362_363,"Combination: exclude [357, 358, 362, 363]",284;288;355;359;360,357;358;362;363,5,fresher,persistent_condition,2020-10-01,2020-11-29,60.0,60,739.042,545.997,-193.046,-26.085,,,1.0,,284;288;355;359;360,,,5,0,0.0,fresher,2020-07-15,2020-11-29,644.1275072463767,486.78775362318834,-157.3397536231884,-23.810751449275365,130,,clifton_court_forebay,Clifton Court Forebay,closure_3,Closure 3 (provisional),response emerges 78 day(s) after the closure begins; ends exactly at reopening,78.0,0.0,False,True,False,False
combo_excl_284_288_355_357_358,"Combination: exclude [284, 288, 355, 357, 358]",359;360;362;363,284;288;355;357;358,4,fresher,episode,2018-10-07,2018-12-18,73.0,73,564.482,469.802,-94.679,-16.957,-101.926,179.0,1.0,1.0,359;360;362;363,,,4,0,0.0,fresher,2018-10-01,2019-01-13,606.4927142857143,530.8832619047619,-75.60945238095239,-13.260243809523809,73,,clifton_court_forebay,Clifton Court Forebay,closure_1,Closure 1 (long closure),response emerges 6 day(s) after the closure begins; ends 26 day(s) before reopening,6.0,-26.0,False,True,True,False
combo_excl_284_288_355_357_358,"Combination: exclude [284, 288, 355, 357, 358]",359;360;362;363,284;288;355;357;358,4,no_qualifying_pattern,no_qualifying_pattern,,,,0,365.4725,352.30833333333334,-13.164166666666667,-3.535426666666667,-13.652666666666667,,,,,,359;360;362;363,0,0,,fresher,2019-11-26,2019-12-10,365.4725,352.30833333333334,-13.164166666666667,-3.535426666666667,0,"No sustained qualifying episode (7-day rolling, 50 uS/cm or 10%, >=60% station agreement, median-direction-consistent, >=7 qualifying days) overlaps this period under this station set. Raw (unqualified) period averages are reported above for transparency.",clifton_court_forebay,Clifton Court Forebay,closure_2,Closure 2 (short closure),not_applicable,,,,,,
combo_excl_284_288_355_357_358,"Combination: exclude [284, 288, 355, 357, 358]",359;360;362;363,284;288;355;357;358,4,fresher,persistent_condition,2020-10-01,2020-11-29,60.0,60,646.618,513.213,-133.406,-20.607,,,1.0,,359;360;362;363,,,4,0,0.0,fresher,2020-07-15,2020-11-29,575.110561594203,465.0453079710145,-110.06525362318841,-18.88492463768116,129,,clifton_court_forebay,Clifton Court Forebay,closure_3,Closure 3 (provisional),response emerges 78 day(s) after the closure begins; ends exactly at reopening,78.0,0.0,False,True,False,False
combo_excl_284_288_355_357_362,"Combination: exclude [284, 288, 355, 357, 362]",358;359;360;363,284;288;355;357;362,4,fresher,episode,2018-10-07,2018-12-19,74.0,74,565.628,466.29,-99.338,-17.685,-102.553,179.0,1.0,1.0,358;359;360;363,,,4,0,0.0,fresher,2018-10-01,2019-01-13,601.2724523809524,521.3082380952382,-79.96421428571429,-13.982693333333334,74,,clifton_court_forebay,Clifton Court Forebay,closure_1,Closure 1 (long closure),response emerges 6 day(s) after the closure begins; ends 25 day(s) before reopening,6.0,-25.0,False,True,True,False
combo_excl_284_288_355_357_362,"Combination: exclude [284, 288, 355, 357, 362]",358;359;360;363,284;288;355;357;362,4,no_qualifying_pattern,no_qualifying_pattern,,,,0,347.54016666666666,332.8506666666666,-14.6895,-4.107306666666666,-14.754333333333333,,,,,,358;359;360;363,0,0,,fresher,2019-11-26,2019-12-10,347.54016666666666,332.8506666666666,-14.6895,-4.107306666666666,0,"No sustained qualifying episode (7-day rolling, 50 uS/cm or 10%, >=60% station agreement, median-direction-consistent, >=7 qualifying days) overlaps this period under this station set. Raw (unqualified) period averages are reported above for transparency.",clifton_court_forebay,Clifton Court Forebay,closure_2,Closure 2 (short closure),not_applicable,,,,,,
combo_excl_284_288_355_357_362,"Combination: exclude [284, 288, 355, 357, 362]",358;359;360;363,284;288;355;357;362,4,fresher,persistent_condition,2020-10-01,2020-11-29,60.0,60,652.226,513.3,-138.926,-21.266,,,1.0,,358;359;360;363,,,4,0,0.0,fresher,2020-07-15,2020-11-29,578.5071376811593,464.71387681159416,-113.79326086956523,-19.38519347826087,129,,clifton_court_forebay,Clifton Court Forebay,closure_3,Closure 3 (provisional),response emerges 78 day(s) after the closure begins; ends exactly at reopening,78.0,0.0,False,True,False,False
combo_excl_284_288_355_357_363,"Combination: exclude [284, 288, 355, 357, 363]",358;359;360;362,284;288;355;357;363,4,fresher,episode,2018-10-07,2018-12-18,73.0,73,562.28,463.232,-99.048,-17.825,-102.95,179.0,1.0,1.0,358;359;360;362,,,4,0,0.0,fresher,2018-10-01,2019-01-13,602.8261428571428,524.0590476190476,-78.76709523809522,-13.896155238095238,73,,clifton_court_forebay,Clifton Court Forebay,closure_1,Closure 1 (long closure),response emerges 6 day(s) after the closure begins; ends 26 day(s) before reopening,6.0,-26.0,False,True,True,False
combo_excl_284_288_355_357_363,"Combination: exclude [284, 288, 355, 357, 363]",358;359;360;362,284;288;355;357;363,4,no_qualifying_pattern,no_qualifying_pattern,,,,0,347.90950000000004,333.8376666666667,-14.071833333333332,-3.9859733333333334,-14.754333333333333,,,,,,358;359;360;362,0,0,,fresher,2019-11-26,2019-12-10,347.90950000000004,333.8376666666667,-14.071833333333332,-3.9859733333333334,0,"No sustained qualifying episode (7-day rolling, 50 uS/cm or 10%, >=60% station agreement, median-direction-consistent, >=7 qualifying days) overlaps this period under this station set. Raw (unqualified) period averages are reported above for transparency.",clifton_court_forebay,Clifton Court Forebay,closure_2,Closure 2 (short closure),not_applicable,,,,,,
combo_excl_284_288_355_357_363,"Combination: exclude [284, 288, 355, 357, 363]",358;359;360;362,284;288;355;357;363,4,fresher,persistent_condition,2020-10-01,2020-11-29,60.0,60,645.361,506.416,-138.945,-21.513,,,1.0,,358;359;360;362,,,4,0,0.0,fresher,2020-07-15,2020-11-29,568.7646739130435,454.95661231884054,-113.8080615942029,-19.829973188405795,130,,clifton_court_forebay,Clifton Court Forebay,closure_3,Closure 3 (provisional),response emerges 78 day(s) after the closure begins; ends exactly at reopening,78.0,0.0,False,True,False,False
combo_excl_284_288_355_358_362,"Combination: exclude [284, 288, 355, 358, 362]",357;359;360;363,284;288;355;358;362,4,fresher,episode,2018-10-07,2018-12-20,75.0,75,579.956,464.784,-115.172,-19.941,-123.202,205.5,1.0,1.0,357;359;360;363,,,4,0,0.0,fresher,2018-10-01,2019-01-13,609.1374285714286,514.4796428571428,-94.65778571428571,-16.12230380952381,80,,clifton_court_forebay,Clifton Court Forebay,closure_1,Closure 1 (long closure),response emerges 6 day(s) after the closure begins; ends 24 day(s) before reopening,6.0,-24.0,False,True,True,False
combo_excl_284_288_355_358_362,"Combination: exclude [284, 288, 355, 358, 362]",357;359;360;363,284;288;355;358;362,4,no_qualifying_pattern,no_qualifying_pattern,,,,0,321.5486666666667,302.3991666666667,-19.1495,-5.702746666666667,-21.800333333333334,,,,,,357;359;360;363,0,0,,fresher,2019-11-26,2019-12-10,321.5486666666667,302.3991666666667,-19.1495,-5.702746666666667,0,"No sustained qualifying episode (7-day rolling, 50 uS/cm or 10%, >=60% station agreement, median-direction-consistent, >=7 qualifying days) overlaps this period under this station set. Raw (unqualified) period averages are reported above for transparency.",clifton_court_forebay,Clifton Court Forebay,closure_2,Closure 2 (short closure),not_applicable,,,,,,
combo_excl_284_288_355_358_362,"Combination: exclude [284, 288, 355, 358, 362]",357;359;360;363,284;288;355;358;362,4,fresher,persistent_condition,2020-10-01,2020-11-29,60.0,60,675.481,516.167,-159.314,-23.538,,,1.0,,357;359;360;363,,,4,0,0.0,fresher,2020-07-15,2020-11-29,595.6635144927536,466.8520833333333,-128.8114311594203,-21.260110869565217,130,,clifton_court_forebay,Clifton Court Forebay,closure_3,Closure 3 (provisional),response emerges 78 day(s) after the closure begins; ends exactly at reopening,78.0,0.0,False,True,False,False
combo_excl_284_288_355_358_363,"Combination: exclude [284, 288, 355, 358, 363]",357;359;360;362,284;288;355;358;363,4,fresher,episode,2018-10-07,2018-12-20,75.0,75,578.323,464.14,-114.183,-19.927,-125.585,205.5,1.0,1.0,357;359;360;362,,,4,0,0.0,fresher,2018-10-01,2019-01-13,610.691119047619,517.2304523809524,-93.46066666666667,-16.025680952380952,78,,clifton_court_forebay,Clifton Court Forebay,closure_1,Closure 1 (long closure),response emerges 6 day(s) after the closure begins; ends 24 day(s) before reopening,6.0,-24.0,False,True,True,False
combo_excl_284_288_355_358_363,"Combination: exclude [284, 288, 355, 358, 363]",357;359;360;362,284;288;355;358;363,4,no_qualifying_pattern,no_qualifying_pattern,,,,0,321.91799999999995,303.3861666666667,-18.531833333333335,-5.607200000000001,-21.800333333333334,,,,,,357;359;360;362,0,0,,fresher,2019-11-26,2019-12-10,321.91799999999995,303.3861666666667,-18.531833333333335,-5.607200000000001,0,"No sustained qualifying episode (7-day rolling, 50 uS/cm or 10%, >=60% station agreement, median-direction-consistent, >=7 qualifying days) overlaps this period under this station set. Raw (unqualified) period averages are reported above for transparency.",clifton_court_forebay,Clifton Court Forebay,closure_2,Closure 2 (short closure),not_applicable,,,,,,
combo_excl_284_288_355_358_363,"Combination: exclude [284, 288, 355, 358, 363]",357;359;360;362,284;288;355;358;363,4,fresher,persistent_condition,2020-10-01,2020-11-29,60.0,60,668.616,509.282,-159.333,-23.793,,,1.0,,357;359;360;362,,,4,0,0.0,fresher,2020-07-15,2020-11-29,585.9210507246378,457.0948188405797,-128.82623188405796,-21.729320289855075,131,,clifton_court_forebay,Clifton Court Forebay,closure_3,Closure 3 (provisional),response emerges 78 day(s) after the closure begins; ends exactly at reopening,78.0,0.0,False,True,False,False
combo_excl_284_288_355_362_363,"Combination: exclude [284, 288, 355, 362, 363]",357;358;359;360,284;288;355;362;363,4,fresher,episode,2018-10-07,2018-12-20,75.0,75,577.689,458.25,-119.438,-20.769,-123.652,205.5,1.0,1.0,357;358;359;360,,,4,0,0.0,fresher,2018-10-01,2019-01-13,605.4708571428571,507.65542857142856,-97.81542857142858,-16.74731142857143,80,,clifton_court_forebay,Clifton Court Forebay,closure_1,Closure 1 (long closure),response emerges 6 day(s) after the closure begins; ends 24 day(s) before reopening,6.0,-24.0,False,True,True,False
combo_excl_284_288_355_362_363,"Combination: exclude [284, 288, 355, 362, 363]",357;358;359;360,284;288;355;362;363,4,no_qualifying_pattern,no_qualifying_pattern,,,,0,303.98566666666665,283.92850000000004,-20.057166666666664,-6.315380000000001,-21.800333333333334,,,,,,357;358;359;360,0,0,,fresher,2019-11-26,2019-12-10,303.98566666666665,283.92850000000004,-20.057166666666664,-6.315380000000001,0,"No sustained qualifying episode (7-day rolling, 50 uS/cm or 10%, >=60% station agreement, median-direction-consistent, >=7 qualifying days) overlaps this period under this station set. Raw (unqualified) period averages are reported above for transparency.",clifton_court_forebay,Clifton Court Forebay,closure_2,Closure 2 (short closure),not_applicable,,,,,,
combo_excl_284_288_355_362_363,"Combination: exclude [284, 288, 355, 362, 363]",357;358;359;360,284;288;355;362;363,4,fresher,persistent_condition,2020-10-01,2020-11-29,60.0,60,674.223,509.37,-164.853,-24.399,,,1.0,,357;358;359;360,,,4,0,0.0,fresher,2020-07-15,2020-11-29,589.3176268115942,456.76338768115943,-132.55423913043478,-22.1992384057971,131,,clifton_court_forebay,Clifton Court Forebay,closure_3,Closure 3 (provisional),response emerges 78 day(s) after the closure begins; ends exactly at reopening,78.0,0.0,False,True,False,False
combo_excl_284_288_357_358_362,"Combination: exclude [284, 288, 357, 358, 362]",355;359;360;363,284;288;357;358;362,4,fresher,episode,2018-10-07,2018-12-21,76.0,76,590.833,468.102,-122.731,-20.884,-122.018,255.99,1.0,1.0,355;359;360;363,,,4,0,1.0,fresher,2018-10-01,2019-01-13,617.9245476190476,515.5296428571428,-102.39490476190474,-17.145341904761903,85,,clifton_court_forebay,Clifton Court Forebay,closure_1,Closure 1 (long closure),response emerges 6 day(s) after the closure begins; ends 23 day(s) before reopening,6.0,-23.0,False,True,True,False
combo_excl_284_288_357_358_362,"Combination: exclude [284, 288, 357, 358, 362]",355;359;360;363,284;288;357;358;362,4,no_qualifying_pattern,no_qualifying_pattern,,,,0,320.15166666666664,298.97800000000007,-21.173666666666666,-6.302460000000001,-21.800333333333334,,,,,,355;359;360;363,0,0,,fresher,2019-11-26,2019-12-10,320.15166666666664,298.97800000000007,-21.173666666666666,-6.302460000000001,0,"No sustained qualifying episode (7-day rolling, 50 uS/cm or 10%, >=60% station agreement, median-direction-consistent, >=7 qualifying days) overlaps this period under this station set. Raw (unqualified) period averages are reported above for transparency.",clifton_court_forebay,Clifton Court Forebay,closure_2,Closure 2 (short closure),not_applicable,,,,,,
combo_excl_284_288_357_358_362,"Combination: exclude [284, 288, 357, 358, 362]",355;359;360;363,284;288;357;358;362,4,fresher,persistent_condition,2020-10-01,2020-11-29,60.0,60,684.373,517.297,-167.076,-24.369,,,1.0,,355;359;360;363,,,4,0,0.0,fresher,2020-07-15,2020-11-29,606.7484782608697,468.7454528985507,-138.00302536231885,-22.388315942028985,130,,clifton_court_forebay,Clifton Court Forebay,closure_3,Closure 3 (provisional),response emerges 78 day(s) after the closure begins; ends exactly at reopening,78.0,0.0,False,True,False,False
combo_excl_284_288_357_358_363,"Combination: exclude [284, 288, 357, 358, 363]",355;359;360;362,284;288;357;358;363,4,fresher,episode,2018-10-07,2018-12-20,75.0,75,588.081,465.39,-122.691,-21.051,-127.359,255.99,1.0,1.0,355;359;360;362,,,4,0,1.0,fresher,2018-10-01,2019-01-13,619.4782380952381,518.2804523809523,-101.19778571428571,-17.050115238095238,82,,clifton_court_forebay,Clifton Court Forebay,closure_1,Closure 1 (long closure),response emerges 6 day(s) after the closure begins; ends 24 day(s) before reopening,6.0,-24.0,False,True,True,False
combo_excl_284_288_357_358_363,"Combination: exclude [284, 288, 357, 358, 363]",355;359;360;362,284;288;357;358;363,4,fresher,episode,2019-12-10,2019-12-17,8.0,8,344.076,307.075,-37.001,-10.752,-37.647,71.72,1.0,1.0,355;359;360;362,,,4,0,0.0,fresher,2019-11-26,2019-12-10,320.52099999999996,299.96500000000003,-20.555999999999997,-6.217173333333333,1,,clifton_court_forebay,Clifton Court Forebay,closure_2,Closure 2 (short closure),response emerges 14 day(s) after the closure begins; persists 7 day(s) after reopening,14.0,7.0,False,True,False,True
combo_excl_284_288_357_358_363,"Combination: exclude [284, 288, 357, 358, 363]",355;359;360;362,284;288;357;358;363,4,fresher,persistent_condition,2020-10-01,2020-11-29,60.0,60,677.508,510.412,-167.096,-24.629,,,1.0,,355;359;360;362,,,4,0,0.0,fresher,2020-07-15,2020-11-29,597.0060144927536,458.9881884057972,-138.01782608695652,-22.87203768115942,131,,clifton_court_forebay,Clifton Court Forebay,closure_3,Closure 3 (provisional),response emerges 78 day(s) after the closure begins; ends exactly at reopening,78.0,0.0,False,True,False,False
combo_excl_284_288_357_362_363,"Combination: exclude [284, 288, 357, 362, 363]",355;358;359;360,284;288;357;362;363,4,fresher,episode,2018-10-07,2018-12-21,76.0,76,588.506,461.56,-126.945,-21.693,-123.653,255.99,1.0,1.0,355;358;359;360,,,4,0,1.0,fresher,2018-10-01,2019-01-13,614.2579761904763,508.7054285714285,-105.55254761904762,-17.76452952380952,85,,clifton_court_forebay,Clifton Court Forebay,closure_1,Closure 1 (long closure),response emerges 6 day(s) after the closure begins; ends 23 day(s) before reopening,6.0,-23.0,False,True,True,False
combo_excl_284_288_357_362_363,"Combination: exclude [284, 288, 357, 362, 363]",355;358;359;360,284;288;357;362;363,4,fresher,episode,2019-12-09,2019-12-17,9.0,9,339.181,301.273,-37.908,-11.167,-37.174,71.72,1.0,1.0,355;358;359;360,,,4,0,0.0,fresher,2019-11-26,2019-12-10,302.58866666666665,280.5073333333333,-22.08133333333333,-6.948893333333334,2,,clifton_court_forebay,Clifton Court Forebay,closure_2,Closure 2 (short closure),response emerges 13 day(s) after the closure begins; persists 7 day(s) after reopening,13.0,7.0,False,True,False,True
combo_excl_284_288_357_362_363,"Combination: exclude [284, 288, 357, 362, 363]",355;358;359;360,284;288;357;362;363,4,fresher,persistent_condition,2020-10-01,2020-11-29,60.0,60,683.116,510.5,-172.616,-25.221,,,1.0,,355;358;359;360,,,4,0,0.0,fresher,2020-07-15,2020-11-29,600.4025905797101,458.6567572463768,-141.74583333333334,-23.32850072463768,131,,clifton_court_forebay,Clifton Court Forebay,closure_3,Closure 3 (provisional),response emerges 78 day(s) after the closure begins; ends exactly at reopening,78.0,0.0,False,True,False,False
combo_excl_284_288_358_362_363,"Combination: exclude [284, 288, 358, 362, 363]",355;357;359;360,284;288;358;362;363,4,fresher,episode,2018-10-07,2018-12-23,78.0,78,602.969,461.881,-141.088,-23.491,-137.014,255.99,1.0,1.0,355;357;359;360,,,4,0,1.0,fresher,2018-10-01,2019-01-13,622.1229523809524,501.87683333333337,-120.24611904761903,-19.77048380952381,93,,clifton_court_forebay,Clifton Court Forebay,closure_1,Closure 1 (long closure),response emerges 6 day(s) after the closure begins; ends 21 day(s) before reopening,6.0,-21.0,False,True,True,False
combo_excl_284_288_358_362_363,"Combination: exclude [284, 288, 358, 362, 363]",355;357;359;360,284;288;358;362;363,4,fresher,episode,2019-12-06,2019-12-19,14.0,14,321.169,278.019,-43.151,-13.392,-41.805,71.72,1.0,1.0,355;357;359;360,,,4,0,0.0,fresher,2019-11-26,2019-12-10,276.5971666666667,250.05583333333334,-26.541333333333334,-8.976833333333333,5,,clifton_court_forebay,Clifton Court Forebay,closure_2,Closure 2 (short closure),response emerges 10 day(s) after the closure begins; persists 9 day(s) after reopening,10.0,9.0,False,True,False,True
combo_excl_284_288_358_362_363,"Combination: exclude [284, 288, 358, 362, 363]",355;357;359;360,284;288;358;362;363,4,fresher,persistent_condition,2020-10-01,2020-11-29,60.0,60,706.37,513.366,-193.004,-27.258,,,1.0,,355;357;359;360,,,4,0,0.0,fresher,2020-07-15,2020-11-29,617.5589673913043,460.79496376811596,-156.76400362318842,-25.031878985507248,131,,clifton_court_forebay,Clifton Court Forebay,closure_3,Closure 3 (provisional),response emerges 78 day(s) after the closure begins; ends exactly at reopening,78.0,0.0,False,True,False,False
combo_excl_284_355_357_358_362,"Combination: exclude [284, 355, 357, 358, 362]",288;359;360;363,284;355;357;358;362,4,fresher,episode,2018-10-07,2018-12-24,79.0,79,603.862,488.086,-115.777,-19.356,-109.273,202.42,1.0,1.0,288;359;360;363,,,4,0,1.0,fresher,2018-10-01,2019-01-13,629.9851428571429,529.8340476190476,-100.15109523809524,-16.46257238095238,90,,clifton_court_forebay,Clifton Court Forebay,closure_1,Closure 1 (long closure),response emerges 6 day(s) after the closure begins; ends 20 day(s) before reopening,6.0,-20.0,False,True,True,False
combo_excl_284_355_357_358_362,"Combination: exclude [284, 355, 357, 358, 362]",288;359;360;363,284;355;357;358;362,4,no_qualifying_pattern,no_qualifying_pattern,,,,0,337.3101666666667,322.46433333333334,-14.845833333333333,-4.20388,-15.067,,,,,,288;359;360;363,0,0,,fresher,2019-11-26,2019-12-10,337.3101666666667,322.46433333333334,-14.845833333333333,-4.20388,0,"No sustained qualifying episode (7-day rolling, 50 uS/cm or 10%, >=60% station agreement, median-direction-consistent, >=7 qualifying days) overlaps this period under this station set. Raw (unqualified) period averages are reported above for transparency.",clifton_court_forebay,Clifton Court Forebay,closure_2,Closure 2 (short closure),not_applicable,,,,,,
combo_excl_284_355_357_358_362,"Combination: exclude [284, 355, 357, 358, 362]",288;359;360;363,284;355;357;358;362,4,fresher,persistent_condition,2020-10-01,2020-11-29,60.0,60,687.478,526.157,-161.321,-23.431,,,1.0,,288;359;360;363,,,4,0,0.0,fresher,2020-07-15,2020-11-29,606.2976086956522,474.1688768115942,-132.12873188405797,-21.333373188405798,129,,clifton_court_forebay,Clifton Court Forebay,closure_3,Closure 3 (provisional),response emerges 78 day(s) after the closure begins; ends exactly at reopening,78.0,0.0,False,True,False,False
combo_excl_284_355_357_358_363,"Combination: exclude [284, 355, 357, 358, 363]",288;359;360;362,284;355;357;358;363,4,fresher,episode,2018-10-07,2018-12-23,78.0,78,601.329,485.778,-115.551,-19.468,-121.408,202.42,1.0,1.0,288;359;360;362,,,4,0,1.0,fresher,2018-10-01,2019-01-13,631.5388333333333,532.5848571428572,-98.95397619047618,-16.35708952380952,86,,clifton_court_forebay,Clifton Court Forebay,closure_1,Closure 1 (long closure),response emerges 6 day(s) after the closure begins; ends 21 day(s) before reopening,6.0,-21.0,False,True,True,False
combo_excl_284_355_357_358_363,"Combination: exclude [284, 355, 357, 358, 363]",288;359;360;362,284;355;357;358;363,4,no_qualifying_pattern,no_qualifying_pattern,,,,0,337.6795,323.4513333333333,-14.228166666666668,-4.07674,-13.475333333333333,,,,,,288;359;360;362,0,0,,fresher,2019-11-26,2019-12-10,337.6795,323.4513333333333,-14.228166666666668,-4.07674,0,"No sustained qualifying episode (7-day rolling, 50 uS/cm or 10%, >=60% station agreement, median-direction-consistent, >=7 qualifying days) overlaps this period under this station set. Raw (unqualified) period averages are reported above for transparency.",clifton_court_forebay,Clifton Court Forebay,closure_2,Closure 2 (short closure),not_applicable,,,,,,
combo_excl_284_355_357_358_363,"Combination: exclude [284, 355, 357, 358, 363]",288;359;360;362,284;355;357;358;363,4,fresher,persistent_condition,2020-10-01,2020-11-29,60.0,60,680.612,519.272,-161.34,-23.68,,,1.0,,288;359;360;362,,,4,0,0.0,fresher,2020-07-15,2020-11-29,596.5551449275363,464.4116123188406,-132.14353260869564,-21.768438405797102,130,,clifton_court_forebay,Clifton Court Forebay,closure_3,Closure 3 (provisional),response emerges 78 day(s) after the closure begins; ends exactly at reopening,78.0,0.0,False,True,False,False
combo_excl_284_355_357_362_363,"Combination: exclude [284, 355, 357, 362, 363]",288;358;359;360,284;355;357;362;363,4,fresher,episode,2018-10-07,2018-12-24,79.0,79,601.281,481.451,-119.83,-20.121,-115.399,202.42,1.0,1.0,288;358;359;360,,,4,0,1.0,fresher,2018-10-01,2019-01-13,626.3185714285714,523.0098333333333,-103.30873809523811,-17.069801904761903,90,,clifton_court_forebay,Clifton Court Forebay,closure_1,Closure 1 (long closure),response emerges 6 day(s) after the closure begins; ends 20 day(s) before reopening,6.0,-20.0,False,True,True,False
combo_excl_284_355_357_362_363,"Combination: exclude [284, 355, 357, 362, 363]",288;358;359;360,284;355;357;362;363,4,no_qualifying_pattern,no_qualifying_pattern,,,,0,319.74716666666666,303.9936666666666,-15.7535,-4.697226666666666,-13.927000000000001,,,,,,288;358;359;360,0,0,,fresher,2019-11-26,2019-12-10,319.74716666666666,303.9936666666666,-15.7535,-4.697226666666666,0,"No sustained qualifying episode (7-day rolling, 50 uS/cm or 10%, >=60% station agreement, median-direction-consistent, >=7 qualifying days) overlaps this period under this station set. Raw (unqualified) period averages are reported above for transparency.",clifton_court_forebay,Clifton Court Forebay,closure_2,Closure 2 (short closure),not_applicable,,,,,,
combo_excl_284_355_357_362_363,"Combination: exclude [284, 355, 357, 362, 363]",288;358;359;360,284;355;357;362;363,4,fresher,persistent_condition,2020-10-01,2020-11-29,60.0,60,686.22,519.36,-166.86,-24.278,,,1.0,,288;358;359;360,,,4,0,0.0,fresher,2020-07-15,2020-11-29,599.9517210144927,464.08018115942025,-135.87153985507246,-22.233504347826084,130,,clifton_court_forebay,Clifton Court Forebay,closure_3,Closure 3 (provisional),response emerges 78 day(s) after the closure begins; ends exactly at reopening,78.0,0.0,False,True,False,False
combo_excl_284_355_358_362_363,"Combination: exclude [284, 355, 358, 362, 363]",288;357;359;360,284;355;358;362;363,4,fresher,episode,2018-10-07,2019-01-11,97.0,97,631.431,509.064,-122.367,-19.792,-116.7,205.5,1.0,1.0,288;357;359;360,,,4,0,0.0,fresher,2018-10-01,2019-01-13,634.1835476190475,516.1812380952382,-118.00230952380953,-19.06944761904762,97,,clifton_court_forebay,Clifton Court Forebay,closure_1,Closure 1 (long closure),response emerges 6 day(s) after the closure begins; ends 2 day(s) before reopening,6.0,-2.0,False,True,True,False
combo_excl_284_355_358_362_363,"Combination: exclude [284, 355, 358, 362, 363]",288;357;359;360,284;355;358;362;363,4,fresher,episode,2019-12-10,2019-12-18,9.0,9,353.407,314.105,-39.301,-11.105,-37.217,54.01,1.0,1.0,288;357;359;360,,,4,0,0.0,fresher,2019-11-26,2019-12-10,293.7556666666666,273.5421666666667,-20.2135,-6.440013333333334,1,,clifton_court_forebay,Clifton Court Forebay,closure_2,Closure 2 (short closure),response emerges 14 day(s) after the closure begins; persists 8 day(s) after reopening,14.0,8.0,False,True,False,True
combo_excl_284_355_358_362_363,"Combination: exclude [284, 355, 358, 362, 363]",288;357;359;360,284;355;358;362;363,4,fresher,persistent_condition,2020-10-01,2020-11-29,60.0,60,709.475,522.227,-187.248,-26.34,,,1.0,,288;357;359;360,,,4,0,0.0,fresher,2020-07-15,2020-11-29,617.108097826087,466.21838768115947,-150.88971014492756,-23.966652898550727,131,,clifton_court_forebay,Clifton Court Forebay,closure_3,Closure 3 (provisional),response emerges 78 day(s) after the closure begins; ends exactly at reopening,78.0,0.0,False,True,False,False
combo_excl_284_357_358_362_363,"Combination: exclude [284, 357, 358, 362, 363]",288;355;359;360,284;357;358;362;363,4,fresher,episode,2018-10-07,2019-01-11,97.0,97,640.462,510.192,-130.27,-20.744,-130.748,255.99,1.0,1.0,288;355;359;360,,,4,0,0.0,fresher,2018-10-01,2019-01-13,642.9706666666668,517.2312380952382,-125.73942857142856,-20.00435523809524,97,,clifton_court_forebay,Clifton Court Forebay,closure_1,Closure 1 (long closure),response emerges 6 day(s) after the closure begins; ends 2 day(s) before reopening,6.0,-2.0,False,True,True,False
combo_excl_284_357_358_362_363,"Combination: exclude [284, 357, 358, 362, 363]",288;355;359;360,284;357;358;362;363,4,fresher,episode,2019-12-08,2019-12-19,12.0,12,349.314,308.283,-41.031,-11.715,-36.329,71.72,1.0,1.0,288;355;359;360,,,4,0,0.0,fresher,2019-11-26,2019-12-10,292.35866666666664,270.121,-22.237666666666666,-7.080553333333333,3,,clifton_court_forebay,Clifton Court Forebay,closure_2,Closure 2 (short closure),response emerges 12 day(s) after the closure begins; persists 9 day(s) after reopening,12.0,9.0,False,True,False,True
combo_excl_284_357_358_362_363,"Combination: exclude [284, 357, 358, 362, 363]",288;355;359;360,284;357;358;362;363,4,fresher,persistent_condition,2020-10-01,2020-11-29,60.0,60,718.367,523.356,-195.011,-27.098,,,1.0,,288;355;359;360,,,4,0,0.0,fresher,2020-07-15,2020-11-29,628.193061594203,468.11175724637684,-160.0813043478261,-25.014250000000004,131,,clifton_court_forebay,Clifton Court Forebay,closure_3,Closure 3 (provisional),response emerges 78 day(s) after the closure begins; ends exactly at reopening,78.0,0.0,False,True,False,False
combo_excl_288_355_357_358_362,"Combination: exclude [288, 355, 357, 358, 362]",284;359;360;363,288;355;357;358;362,4,fresher,episode,2018-10-07,2018-12-24,79.0,79,625.325,517.056,-108.269,-17.508,-101.654,179.0,1.0,1.0,284;359;360;363,,,4,0,1.0,fresher,2018-10-01,2019-01-13,654.7859523809525,560.9823095238096,-93.80364285714285,-14.898430476190477,87,,clifton_court_forebay,Clifton Court Forebay,closure_1,Closure 1 (long closure),response emerges 6 day(s) after the closure begins; ends 20 day(s) before reopening,6.0,-20.0,False,True,True,False
combo_excl_288_355_357_358_362,"Combination: exclude [288, 355, 357, 358, 362]",284;359;360;363,288;355;357;358;362,4,no_qualifying_pattern,no_qualifying_pattern,,,,0,389.0788333333333,376.4913333333334,-12.5875,-3.085853333333333,-12.924333333333331,,,,,,284;359;360;363,0,0,,fresher,2019-11-26,2019-12-10,389.0788333333333,376.4913333333334,-12.5875,-3.085853333333333,0,"No sustained qualifying episode (7-day rolling, 50 uS/cm or 10%, >=60% station agreement, median-direction-consistent, >=7 qualifying days) overlaps this period under this station set. Raw (unqualified) period averages are reported above for transparency.",clifton_court_forebay,Clifton Court Forebay,closure_2,Closure 2 (short closure),not_applicable,,,,,,
combo_excl_288_355_357_358_362,"Combination: exclude [288, 355, 357, 358, 362]",284;359;360;363,288;355;357;358;362,4,fresher,persistent_condition,2020-10-01,2020-11-29,60.0,60,699.132,545.917,-153.215,-21.885,,,1.0,,284;359;360;363,,,4,0,0.0,fresher,2020-07-15,2020-11-29,616.3308152173914,491.61240942028996,-124.71840579710144,-19.726221014492754,128,,clifton_court_forebay,Clifton Court Forebay,closure_3,Closure 3 (provisional),response emerges 78 day(s) after the closure begins; ends exactly at reopening,78.0,0.0,False,True,False,False
combo_excl_288_355_357_358_363,"Combination: exclude [288, 355, 357, 358, 363]",284;359;360;362,288;355;357;358;363,4,fresher,episode,2018-10-07,2018-12-23,78.0,78,622.632,514.675,-107.957,-17.599,-104.163,179.0,1.0,1.0,284;359;360;362,,,4,0,0.0,fresher,2018-10-01,2019-01-13,656.3396428571427,563.7331190476191,-92.60652380952381,-14.796018095238097,83,,clifton_court_forebay,Clifton Court Forebay,closure_1,Closure 1 (long closure),response emerges 6 day(s) after the closure begins; ends 21 day(s) before reopening,6.0,-21.0,False,True,True,False
combo_excl_288_355_357_358_363,"Combination: exclude [288, 355, 357, 358, 363]",284;359;360;362,288;355;357;358;363,4,no_qualifying_pattern,no_qualifying_pattern,,,,0,389.4481666666667,377.47833333333335,-11.969833333333332,-2.9442999999999997,-11.464333333333334,,,,,,284;359;360;362,0,0,,fresher,2019-11-26,2019-12-10,389.4481666666667,377.47833333333335,-11.969833333333332,-2.9442999999999997,0,"No sustained qualifying episode (7-day rolling, 50 uS/cm or 10%, >=60% station agreement, median-direction-consistent, >=7 qualifying days) overlaps this period under this station set. Raw (unqualified) period averages are reported above for transparency.",clifton_court_forebay,Clifton Court Forebay,closure_2,Closure 2 (short closure),not_applicable,,,,,,
combo_excl_288_355_357_358_363,"Combination: exclude [288, 355, 357, 358, 363]",284;359;360;362,288;355;357;358;363,4,fresher,persistent_condition,2020-10-01,2020-11-29,60.0,60,692.267,539.032,-153.235,-22.114,,,1.0,,284;359;360;362,,,4,0,0.0,fresher,2020-07-15,2020-11-29,606.5883514492753,481.8551449275363,-124.73320652173915,-20.102235507246377,129,,clifton_court_forebay,Clifton Court Forebay,closure_3,Closure 3 (provisional),response emerges 78 day(s) after the closure begins; ends exactly at reopening,78.0,0.0,False,True,False,False
combo_excl_288_355_357_362_363,"Combination: exclude [288, 355, 357, 362, 363]",284;358;359;360,288;355;357;362;363,4,fresher,episode,2018-10-07,2018-12-24,79.0,79,622.744,510.422,-112.322,-18.242,-111.105,179.0,1.0,1.0,284;358;359;360,,,4,0,1.0,fresher,2018-10-01,2019-01-13,651.119380952381,554.1580952380953,-96.96128571428571,-15.479779999999998,87,,clifton_court_forebay,Clifton Court Forebay,closure_1,Closure 1 (long closure),response emerges 6 day(s) after the closure begins; ends 20 day(s) before reopening,6.0,-20.0,False,True,True,False
combo_excl_288_355_357_362_363,"Combination: exclude [288, 355, 357, 362, 363]",284;358;359;360,288;355;357;362;363,4,no_qualifying_pattern,no_qualifying_pattern,,,,0,371.51583333333326,358.0206666666666,-13.49516666666667,-3.451193333333334,-14.754333333333333,,,,,,284;358;359;360,0,0,,fresher,2019-11-26,2019-12-10,371.51583333333326,358.0206666666666,-13.49516666666667,-3.451193333333334,0,"No sustained qualifying episode (7-day rolling, 50 uS/cm or 10%, >=60% station agreement, median-direction-consistent, >=7 qualifying days) overlaps this period under this station set. Raw (unqualified) period averages are reported above for transparency.",clifton_court_forebay,Clifton Court Forebay,closure_2,Closure 2 (short closure),not_applicable,,,,,,
combo_excl_288_355_357_362_363,"Combination: exclude [288, 355, 357, 362, 363]",284;358;359;360,288;355;357;362;363,4,fresher,persistent_condition,2020-10-01,2020-11-29,60.0,60,697.875,539.12,-158.755,-22.717,,,1.0,,284;358;359;360,,,4,0,0.0,fresher,2020-07-15,2020-11-29,609.9849275362319,481.5237137681159,-128.46121376811593,-20.569562318840582,129,,clifton_court_forebay,Clifton Court Forebay,closure_3,Closure 3 (provisional),response emerges 78 day(s) after the closure begins; ends exactly at reopening,78.0,0.0,False,True,False,False
combo_excl_288_355_358_362_363,"Combination: exclude [288, 355, 358, 362, 363]",284;357;359;360,288;355;358;362;363,4,fresher,episode,2018-10-07,2019-01-10,96.0,96,654.076,537.559,-116.517,-18.225,-116.456,205.5,1.0,1.0,284;357;359;360,,,4,0,0.0,fresher,2018-10-01,2019-01-13,658.9843571428571,547.3294999999999,-111.65485714285713,-17.439282857142857,96,,clifton_court_forebay,Clifton Court Forebay,closure_1,Closure 1 (long closure),response emerges 6 day(s) after the closure begins; ends 3 day(s) before reopening,6.0,-3.0,False,True,True,False
combo_excl_288_355_358_362_363,"Combination: exclude [288, 355, 358, 362, 363]",284;357;359;360,288;355;358;362;363,4,no_qualifying_pattern,no_qualifying_pattern,,,,0,345.52433333333335,327.56916666666655,-17.955166666666667,-4.845933333333333,-21.800333333333334,,,,,,284;357;359;360,0,0,,fresher,2019-11-26,2019-12-10,345.52433333333335,327.56916666666655,-17.955166666666667,-4.845933333333333,0,"No sustained qualifying episode (7-day rolling, 50 uS/cm or 10%, >=60% station agreement, median-direction-consistent, >=7 qualifying days) overlaps this period under this station set. Raw (unqualified) period averages are reported above for transparency.",clifton_court_forebay,Clifton Court Forebay,closure_2,Closure 2 (short closure),not_applicable,,,,,,
combo_excl_288_355_358_362_363,"Combination: exclude [288, 355, 358, 362, 363]",284;357;359;360,288;355;358;362;363,4,fresher,persistent_condition,2020-10-01,2020-11-29,60.0,60,721.13,541.987,-179.143,-24.796,,,1.0,,284;357;359;360,,,4,0,0.0,fresher,2020-07-15,2020-11-29,627.1413043478261,483.66192028985506,-143.479384057971,-22.31538913043478,130,,clifton_court_forebay,Clifton Court Forebay,closure_3,Closure 3 (provisional),response emerges 78 day(s) after the closure begins; ends exactly at reopening,78.0,0.0,False,True,False,False
combo_excl_288_357_358_362_363,"Combination: exclude [288, 357, 358, 362, 363]",284;355;359;360,288;357;358;362;363,4,fresher,episode,2018-10-07,2019-01-11,97.0,97,664.115,540.414,-123.701,-19.045,-131.55,255.99,1.0,1.0,284;355;359;360,,,4,0,0.0,fresher,2018-10-01,2019-01-13,667.7714761904763,548.3795,-119.3919761904762,-18.365604761904763,97,,clifton_court_forebay,Clifton Court Forebay,closure_1,Closure 1 (long closure),response emerges 6 day(s) after the closure begins; ends 2 day(s) before reopening,6.0,-2.0,False,True,True,False
combo_excl_288_357_358_362_363,"Combination: exclude [288, 357, 358, 362, 363]",284;355;359;360,288;357;358;362;363,4,no_qualifying_pattern,no_qualifying_pattern,,,,0,344.1273333333333,324.14799999999997,-19.979333333333336,-5.387166666666666,-21.800333333333334,,,,,,284;355;359;360,0,0,,fresher,2019-11-26,2019-12-10,344.1273333333333,324.14799999999997,-19.979333333333336,-5.387166666666666,0,"No sustained qualifying episode (7-day rolling, 50 uS/cm or 10%, >=60% station agreement, median-direction-consistent, >=7 qualifying days) overlaps this period under this station set. Raw (unqualified) period averages are reported above for transparency.",clifton_court_forebay,Clifton Court Forebay,closure_2,Closure 2 (short closure),not_applicable,,,,,,
combo_excl_288_357_358_362_363,"Combination: exclude [288, 357, 358, 362, 363]",284;355;359;360,288;357;358;362;363,4,fresher,persistent_condition,2020-10-01,2020-11-29,60.0,60,730.022,543.116,-186.905,-25.56,,,1.0,,284;355;359;360,,,4,0,0.0,fresher,2020-07-15,2020-11-29,638.2262681159419,485.5552898550725,-152.67097826086956,-23.3736463768116,130,,clifton_court_forebay,Clifton Court Forebay,closure_3,Closure 3 (provisional),response emerges 78 day(s) after the closure begins; ends exactly at reopening,78.0,0.0,False,True,False,False
combo_excl_355_357_358_362_363,"Combination: exclude [355, 357, 358, 362, 363]",284;288;359;360,355;357;358;362;363,4,fresher,episode,2018-10-07,2019-01-12,98.0,98,676.314,556.021,-120.292,-18.206,-127.425,202.42,1.0,1.0,284;288;359;360,,,4,0,0.0,fresher,2018-10-01,2019-01-13,679.8320714285713,562.6839047619047,-117.1481666666667,-17.712695238095236,98,,clifton_court_forebay,Clifton Court Forebay,closure_1,Closure 1 (long closure),response emerges 6 day(s) after the closure begins; ends 1 day(s) before reopening,6.0,-1.0,False,True,True,False
combo_excl_355_357_358_362_363,"Combination: exclude [355, 357, 358, 362, 363]",284;288;359;360,355;357;358;362;363,4,no_qualifying_pattern,no_qualifying_pattern,,,,0,361.28583333333336,347.6343333333333,-13.6515,-3.50674,-15.067,,,,,,284;288;359;360,0,0,,fresher,2019-11-26,2019-12-10,361.28583333333336,347.6343333333333,-13.6515,-3.50674,0,"No sustained qualifying episode (7-day rolling, 50 uS/cm or 10%, >=60% station agreement, median-direction-consistent, >=7 qualifying days) overlaps this period under this station set. Raw (unqualified) period averages are reported above for transparency.",clifton_court_forebay,Clifton Court Forebay,closure_2,Closure 2 (short closure),not_applicable,,,,,,
combo_excl_355_357_358_362_363,"Combination: exclude [355, 357, 358, 362, 363]",284;288;359;360,355;357;358;362;363,4,fresher,persistent_condition,2020-10-01,2020-11-29,60.0,60,733.126,551.977,-181.15,-24.677,,,1.0,,284;288;359;360,,,4,0,0.0,fresher,2020-07-15,2020-11-29,637.7753985507246,490.97871376811594,-146.79668478260868,-22.366562318840582,129,,clifton_court_forebay,Clifton Court Forebay,closure_3,Closure 3 (provisional),response emerges 78 day(s) after the closure begins; ends exactly at reopening,78.0,0.0,False,True,False,False
combo_excl_284_288_355_357_358_362,"Combination: exclude [284, 288, 355, 357, 358, 362]",359;360;363,284;288;355;357;358;362,3,fresher,episode,2018-10-07,2018-12-19,74.0,74,572.025,467.175,-104.849,-18.429,-116.475,179.0,1.0,1.0,359;360;363,,,3,0,0.0,fresher,2018-10-01,2019-01-13,605.6551428571428,520.5442542857143,-85.11088857142859,-14.690259999999999,74,,clifton_court_forebay,Clifton Court Forebay,closure_1,Closure 1 (long closure),response emerges 6 day(s) after the closure begins; ends 25 day(s) before reopening,6.0,-25.0,False,True,True,False
combo_excl_284_288_355_357_358_362,"Combination: exclude [284, 288, 355, 357, 358, 362]",359;360;363,284;288;355;357;358;362,3,no_qualifying_pattern,no_qualifying_pattern,,,,0,342.23177333333336,325.7771133333333,-16.45466,-4.6479800000000004,-20.114666666666665,,,,,,359;360;363,0,0,,fresher,2019-11-26,2019-12-10,342.23177333333336,325.7771133333333,-16.45466,-4.6479800000000004,0,"No sustained qualifying episode (7-day rolling, 50 uS/cm or 10%, >=60% station agreement, median-direction-consistent, >=7 qualifying days) overlaps this period under this station set. Raw (unqualified) period averages are reported above for transparency.",clifton_court_forebay,Clifton Court Forebay,closure_2,Closure 2 (short closure),not_applicable,,,,,,
combo_excl_284_288_355_357_358_362,"Combination: exclude [284, 288, 355, 357, 358, 362]",359;360;363,284;288;355;357;358;362,3,fresher,persistent_condition,2020-10-01,2020-11-29,60.0,60,658.262,515.703,-142.559,-21.613,,,1.0,,359;360;363,,,3,0,0.0,fresher,2020-07-15,2020-11-29,585.8193231884059,468.3192963768116,-117.50002318840579,-19.75025072463768,129,,clifton_court_forebay,Clifton Court Forebay,closure_3,Closure 3 (provisional),response emerges 78 day(s) after the closure begins; ends exactly at reopening,78.0,0.0,False,True,False,False
combo_excl_284_288_355_357_358_363,"Combination: exclude [284, 288, 355, 357, 358, 363]",359;360;362,284;288;355;357;358;363,3,fresher,episode,2018-10-07,2018-12-19,74.0,74,569.588,466.015,-103.574,-18.425,-119.705,179.0,1.0,1.0,359;360;362,,,3,0,0.0,fresher,2018-10-01,2019-01-13,607.7267304761905,524.211999047619,-83.51472761904762,-14.570638095238094,74,,clifton_court_forebay,Clifton Court Forebay,closure_1,Closure 1 (long closure),response emerges 6 day(s) after the closure begins; ends 25 day(s) before reopening,6.0,-25.0,False,True,True,False
combo_excl_284_288_355_357_358_363,"Combination: exclude [284, 288, 355, 357, 358, 363]",359;360;362,284;288;355;357;358;363,3,no_qualifying_pattern,no_qualifying_pattern,,,,0,342.72422666666665,327.09312000000006,-15.6311,-4.503533333333334,-20.114666666666665,,,,,,359;360;362,0,0,,fresher,2019-11-26,2019-12-10,342.72422666666665,327.09312000000006,-15.6311,-4.503533333333334,0,"No sustained qualifying episode (7-day rolling, 50 uS/cm or 10%, >=60% station agreement, median-direction-consistent, >=7 qualifying days) overlaps this period under this station set. Raw (unqualified) period averages are reported above for transparency.",clifton_court_forebay,Clifton Court Forebay,closure_2,Closure 2 (short closure),not_applicable,,,,,,
combo_excl_284_288_355_357_358_363,"Combination: exclude [284, 288, 355, 357, 358, 363]",359;360;362,284;288;355;357;358;363,3,fresher,persistent_condition,2020-10-01,2020-11-29,60.0,60,649.108,506.524,-142.585,-21.939,,,1.0,,359;360;362,,,3,0,0.0,fresher,2020-07-15,2020-11-29,572.8293760869565,455.3096086956521,-117.5197565217391,-20.339746376811597,130,,clifton_court_forebay,Clifton Court Forebay,closure_3,Closure 3 (provisional),response emerges 78 day(s) after the closure begins; ends exactly at reopening,78.0,0.0,False,True,False,False
combo_excl_284_288_355_357_362_363,"Combination: exclude [284, 288, 355, 357, 362, 363]",358;359;360,284;288;355;357;362;363,3,fresher,episode,2018-10-07,2018-12-19,74.0,74,569.057,458.45,-110.607,-19.555,-116.611,179.0,1.0,1.0,358;359;360,,,3,0,0.0,fresher,2018-10-01,2019-01-13,600.766379047619,511.4453009523809,-89.32107904761904,-15.527506666666666,74,,clifton_court_forebay,Clifton Court Forebay,closure_1,Closure 1 (long closure),response emerges 6 day(s) after the closure begins; ends 25 day(s) before reopening,6.0,-25.0,False,True,True,False
combo_excl_284_288_355_357_362_363,"Combination: exclude [284, 288, 355, 357, 362, 363]",358;359;360,284;288;355;357;362;363,3,no_qualifying_pattern,no_qualifying_pattern,,,,0,318.81444666666664,301.14955333333336,-17.664886666666668,-5.354286666666667,-20.114666666666665,,,,,,358;359;360,0,0,,fresher,2019-11-26,2019-12-10,318.81444666666664,301.14955333333336,-17.664886666666668,-5.354286666666667,0,"No sustained qualifying episode (7-day rolling, 50 uS/cm or 10%, >=60% station agreement, median-direction-consistent, >=7 qualifying days) overlaps this period under this station set. Raw (unqualified) period averages are reported above for transparency.",clifton_court_forebay,Clifton Court Forebay,closure_2,Closure 2 (short closure),not_applicable,,,,,,
combo_excl_284_288_355_357_362_363,"Combination: exclude [284, 288, 355, 357, 362, 363]",358;359;360,284;288;355;357;362;363,3,fresher,persistent_condition,2020-10-01,2020-11-29,60.0,60,656.586,506.641,-149.945,-22.79,,,1.0,,358;359;360,,,3,0,0.0,fresher,2020-07-15,2020-11-29,577.3581376811595,454.86770507246376,-122.4904347826087,-20.99191304347826,131,,clifton_court_forebay,Clifton Court Forebay,closure_3,Closure 3 (provisional),response emerges 78 day(s) after the closure begins; ends exactly at reopening,78.0,0.0,False,True,False,False
combo_excl_284_288_355_358_362_363,"Combination: exclude [284, 288, 355, 358, 362, 363]",357;359;360,284;288;355;358;362;363,3,fresher,episode,2018-10-07,2018-12-21,76.0,76,588.367,457.543,-130.824,-22.301,-130.586,205.5,1.0,1.0,357;359;360,,,3,0,1.0,fresher,2018-10-01,2019-01-13,611.2530171428572,502.34050761904757,-108.91250857142857,-18.308154285714284,86,,clifton_court_forebay,Clifton Court Forebay,closure_1,Closure 1 (long closure),response emerges 6 day(s) after the closure begins; ends 23 day(s) before reopening,6.0,-23.0,False,True,True,False
combo_excl_284_288_355_358_362_363,"Combination: exclude [284, 288, 355, 358, 362, 363]",357;359;360,284;288;355;358;362;363,3,fresher,episode,2019-12-07,2019-12-18,12.0,12,324.255,284.983,-39.272,-12.085,-36.552,54.01,1.0,1.0,357;359;360,,,3,0,0.0,fresher,2019-11-26,2019-12-10,284.1591133333333,260.54755333333327,-23.611553333333333,-7.858266666666667,4,,clifton_court_forebay,Clifton Court Forebay,closure_2,Closure 2 (short closure),response emerges 11 day(s) after the closure begins; persists 8 day(s) after reopening,11.0,8.0,False,True,False,True
combo_excl_284_288_355_358_362_363,"Combination: exclude [284, 288, 355, 358, 362, 363]",357;359;360,284;288;355;358;362;363,3,fresher,persistent_condition,2020-10-01,2020-11-29,60.0,60,687.592,510.463,-177.129,-25.69,,,1.0,,357;359;360,,,3,0,0.0,fresher,2020-07-15,2020-11-29,600.2333094202899,457.71864347826084,-142.5146565217391,-23.41769347826087,131,,clifton_court_forebay,Clifton Court Forebay,closure_3,Closure 3 (provisional),response emerges 78 day(s) after the closure begins; ends exactly at reopening,78.0,0.0,False,True,False,False
combo_excl_284_288_357_358_362_363,"Combination: exclude [284, 288, 357, 358, 362, 363]",355;359;360,284;288;357;358;362;363,3,fresher,episode,2018-10-07,2018-12-22,77.0,77,602.225,461.243,-140.982,-23.502,-130.84,255.99,1.0,1.0,355;359;360,,,3,0,1.0,fresher,2018-10-01,2019-01-13,622.9691771428571,503.74050761904766,-119.22866666666667,-19.606703809523808,92,,clifton_court_forebay,Clifton Court Forebay,closure_1,Closure 1 (long closure),response emerges 6 day(s) after the closure begins; ends 22 day(s) before reopening,6.0,-22.0,False,True,True,False
combo_excl_284_288_357_358_362_363,"Combination: exclude [284, 288, 357, 358, 362, 363]",355;359;360,284;288;357;358;362;363,3,fresher,episode,2019-12-07,2019-12-19,13.0,13,327.957,284.389,-43.568,-13.278,-36.338,71.72,1.0,1.0,355;359;360,,,3,0,0.0,fresher,2019-11-26,2019-12-10,282.29643999999996,255.98600666666667,-26.310426666666668,-8.750186666666666,4,,clifton_court_forebay,Clifton Court Forebay,closure_2,Closure 2 (short closure),response emerges 11 day(s) after the closure begins; persists 9 day(s) after reopening,11.0,9.0,False,True,False,True
combo_excl_284_288_357_358_362_363,"Combination: exclude [284, 288, 357, 358, 362, 363]",355;359;360,284;288;357;358;362;363,3,fresher,persistent_condition,2020-10-01,2020-11-29,60.0,60,699.448,511.969,-187.479,-26.741,,,1.0,,355;359;360,,,3,0,0.0,fresher,2020-07-15,2020-11-29,615.0132601449275,460.24314347826083,-154.77011956521739,-24.857507971014495,131,,clifton_court_forebay,Clifton Court Forebay,closure_3,Closure 3 (provisional),response emerges 78 day(s) after the closure begins; ends exactly at reopening,78.0,0.0,False,True,False,False
combo_excl_284_355_357_358_362_363,"Combination: exclude [284, 355, 357, 358, 362, 363]",288;359;360,284;355;357;358;362;363,3,fresher,episode,2018-10-07,2019-01-11,97.0,97,635.769,515.41,-120.359,-19.36,-109.227,202.42,1.0,1.0,288;359;360,,,3,0,0.0,fresher,2018-10-01,2019-01-13,639.0499695238094,522.8130504761905,-116.23692095238096,-18.673765714285715,97,,clifton_court_forebay,Clifton Court Forebay,closure_1,Closure 1 (long closure),response emerges 6 day(s) after the closure begins; ends 2 day(s) before reopening,6.0,-2.0,False,True,True,False
combo_excl_284_355_357_358_362_363,"Combination: exclude [284, 355, 357, 358, 362, 363]",288;359;360,284;355;357;358;362;363,3,no_qualifying_pattern,no_qualifying_pattern,,,,0,305.17444666666665,287.3011133333333,-17.873333333333335,-5.503373333333333,-17.099333333333334,,,,,,288;359;360,0,0,,fresher,2019-11-26,2019-12-10,305.17444666666665,287.3011133333333,-17.873333333333335,-5.503373333333333,0,"No sustained qualifying episode (7-day rolling, 50 uS/cm or 10%, >=60% station agreement, median-direction-consistent, >=7 qualifying days) overlaps this period under this station set. Raw (unqualified) period averages are reported above for transparency.",clifton_court_forebay,Clifton Court Forebay,closure_2,Closure 2 (short closure),not_applicable,,,,,,
combo_excl_284_355_357_358_362_363,"Combination: exclude [284, 355, 357, 358, 362, 363]",288;359;360,284;355;357;358;362;363,3,fresher,persistent_condition,2020-10-01,2020-11-29,60.0,60,703.588,523.783,-179.805,-25.507,,,1.0,,288;359;360,,,3,0,0.0,fresher,2020-07-15,2020-11-29,614.4121036231885,467.4743753623189,-146.9377239130435,-23.435494202898553,130,,clifton_court_forebay,Clifton Court Forebay,closure_3,Closure 3 (provisional),response emerges 78 day(s) after the closure begins; ends exactly at reopening,78.0,0.0,False,True,False,False
combo_excl_288_355_357_358_362_363,"Combination: exclude [288, 355, 357, 358, 362, 363]",284;359;360,288;355;357;358;362;363,3,fresher,episode,2018-10-07,2019-01-10,96.0,96,666.111,553.84,-112.271,-17.276,-107.907,179.0,1.0,1.0,284;359;360,,,3,0,0.0,fresher,2018-10-01,2019-01-13,672.1177123809523,564.3440685714286,-107.77365238095238,-16.55205142857143,96,,clifton_court_forebay,Clifton Court Forebay,closure_1,Closure 1 (long closure),response emerges 6 day(s) after the closure begins; ends 3 day(s) before reopening,6.0,-3.0,False,True,True,False
combo_excl_288_355_357_358_362_363,"Combination: exclude [288, 355, 357, 358, 362, 363]",284;359;360,288;355;357;358;362;363,3,no_qualifying_pattern,no_qualifying_pattern,,,,0,374.1993466666666,359.3371133333334,-14.862213333333333,-3.7190800000000004,-20.114666666666665,,,,,,284;359;360,0,0,,fresher,2019-11-26,2019-12-10,374.1993466666666,359.3371133333334,-14.862213333333333,-3.7190800000000004,0,"No sustained qualifying episode (7-day rolling, 50 uS/cm or 10%, >=60% station agreement, median-direction-consistent, >=7 qualifying days) overlaps this period under this station set. Raw (unqualified) period averages are reported above for transparency.",clifton_court_forebay,Clifton Court Forebay,closure_2,Closure 2 (short closure),not_applicable,,,,,,
combo_excl_288_355_357_358_362_363,"Combination: exclude [288, 355, 357, 358, 362, 363]",284;359;360,288;355;357;358;362;363,3,fresher,persistent_condition,2020-10-01,2020-11-29,60.0,60,719.127,550.129,-168.998,-23.46,,,1.0,,284;359;360,,,3,0,0.0,fresher,2020-07-15,2020-11-29,627.7897130434783,490.73241594202904,-137.05729492753622,-21.261085507246374,129,,clifton_court_forebay,Clifton Court Forebay,closure_3,Closure 3 (provisional),response emerges 78 day(s) after the closure begins; ends exactly at reopening,78.0,0.0,False,True,False,False
all_groups_excluded_core_only,"Exclude all sensitivity groups (core-only, 2 stations)",359;360,284;288;355;357;358;362;363,2,fresher,episode,2018-10-07,2018-12-20,75.0,75,581.245,457.655,-123.59,-21.351,-123.59,179.0,1.0,1.0,359;360,,,2,0,1.0,fresher,2018-10-01,2019-01-13,607.087380952381,505.36785714285713,-101.71952380952378,-17.30384857142857,82,,clifton_court_forebay,Clifton Court Forebay,closure_1,Closure 1 (long closure),response emerges 6 day(s) after the closure begins; ends 24 day(s) before reopening,6.0,-24.0,False,True,True,False
all_groups_excluded_core_only,"Exclude all sensitivity groups (core-only, 2 stations)",359;360,284;288;355;357;358;362;363,2,fresher,episode,2019-12-09,2019-12-17,9.0,9,333.161,296.447,-36.713,-11.011,-36.713,41.41,1.0,1.0,359;360,,,2,0,0.0,fresher,2019-11-26,2019-12-10,296.489,274.6886666666667,-21.800333333333334,-7.020813333333335,2,,clifton_court_forebay,Clifton Court Forebay,closure_2,Closure 2 (short closure),response emerges 13 day(s) after the closure begins; persists 7 day(s) after reopening,13.0,7.0,False,True,False,True
all_groups_excluded_core_only,"Exclude all sensitivity groups (core-only, 2 stations)",359;360,284;288;355;357;358;362;363,2,fresher,persistent_condition,2020-10-01,2020-11-29,60.0,60,667.819,506.915,-160.904,-24.02,,,1.0,,359;360,,,2,0,0.0,fresher,2020-07-15,2020-11-29,587.7519202898551,455.3527536231884,-132.39916666666667,-22.28561014492754,131,,clifton_court_forebay,Clifton Court Forebay,closure_3,Closure 3 (provisional),response emerges 78 day(s) after the closure begins; ends exactly at reopening,78.0,0.0,False,True,False,False
